EMPRESA,NOME COMERCIAL,SUBSTÂNCIA ACTIVA,DOSAGEM,FORMA,APRESENTAÇÃO
"GENERICS & SPECIALITIES, Lda",CANDIGEN CREME,Clotrimazol,1%,Creme tópico,Bisnaga de 20g
"GENERICS & SPECIALITIES, Lda",DERMOSONE CREAM,"Betametasona, dipropionato",0%,Creme,Bisnaga de 30g
"GENERICS & SPECIALITIES, Lda",WHITFIELD´S OINTMENT,Ácido Salicílico + Ácido Benzóico,30mg + 60mg,Pomada,"TUBO 25 GRS, 100g"
"GENERICS & SPECIALITIES, Lda",NETRAVIR® EYE OINTMENT,Aciclovir,3% w/w,Pomada Oftálmica,Bisnaga de Alumínio de 4.5g
"GENERICS & SPECIALITIES, Lda",KLORAXIN EYE OINTMENT,Cloranfenicol,1%,Pomada Oftálmica,Bisnaga de 5g
"GENERICS & SPECIALITIES, Lda",FUNGIGEN® CREAM,"Miconazol, nitrato",2% (20mg),Creme,Bisnaga de 15g
"GENERICS & SPECIALITIES, Lda",PYLOOCAIN ® OINTMENT,"Betametasona,valerato + Fenilefrina, cloridrato + Lidocaína, cloridrato",0.5mg + 1mg + 25mg,Pomada anti-hemorroidal,TUBO DE 30G
"GENERICS & SPECIALITIES, Lda",TETRACICLINA,"Tetraciclina, Hidrocloreto",1%w/w,Pomada Oftálmica,Bisnaga de 5g
AFRI FARMÁCIA LDA,LOGICAN 200,Fluconazol,200mg,Cápsulas,4 blister de 10 cápsulas
AFRI FARMÁCIA LDA,LOGICAN 150,Fluconazol,150mg,Cápsulas,4 blister de 10 cápsulas
AFRI FARMÁCIA LDA,DICLOMOL GEL,Diclofenac,1.16%w/w,Gel,Bisnaga de 20g
AFRI FARMÁCIA LDA,RL (Lactato de Ringer),cloreto de sódio+sódio+K+Kcl+Cl+Cacl+Ca+lactato Na+glactato,"(0,32 g + 0.6 g + 0,040 g + 0.027 g)/100 ml",Solução injectável,Balões de 1000 ML e  Balões de 500 ML
AFRI FARMÁCIA LDA,DICLOMOL SR,Diclofenac,100mg,Cápsula de libertação prolongada,BLISTER  10X10 COMPRIMIDOS LIBERTAÇÃO PROLONGADA
AFRI FARMÁCIA LDA,DICLOMOL Injectável,Diclofenac,25mg/3ml,Solução Injectável,10 AMPOLAS DE 3ML
AFRI FARMÁCIA LDA,AMINOPHYLLINE,Aminofilina,100mg,Comprimidos,10 blister de 10 comprimidos
AFRI FARMÁCIA LDA,ELYVATE CREME,"Betametasona, valerato",0.001,Creme,Bisnaga de 15g
AFRI FARMÁCIA LDA,ELYVATE  POMADA,"Betametasona, valerato",0.001,Pomada,Bisnaga de 15g
AFRI FARMÁCIA LDA,"VARIACE 2,5",Ramipril,2.5mg,Cápsulas,CAIXA COM BLISTERS (3X10) )capsulas
AFRI FARMÁCIA LDA,VARIACE,Ramipril,5mg,Cápsulas,CAIXA COM BLISTERS (3X10) )capsulas
AFRI FARMÁCIA LDA,SHELADOL,Paracetamol,120mg/5ml,Suspensão Oral,Frasco de 100ml
AFRI FARMÁCIA LDA,MEGAVIT,Vit. A + Vit. D3 + Vit. B1 + Vit. B2 + Vit. B6 + Vit B12 + Vit. C + D-Pantenol + Nicotinamida,5000IU + 400IU + 3mg + 0.856mg + 2mg + 5mcg + 10mg + 5mg + 20mg,Xarope,Frasco de 100ml
AFRI FARMÁCIA LDA,SULPHADAR,Sulfadoxina + Pirimetamina,500mg + 25mg,Comprimidos,EMBALAGEM 30x3 COMP
AFRI FARMÁCIA LDA,PRAZIQUANTEL,Praziquantel,600mg,Comprimidos,BLISTER 10X10 COMP
"GENERICS & SPECIALITIES, Lda",GEN- C,Ácido Ascórbico (Vit. C) + Ascorbato de sódio,200mg +338mg,Comprimido Mastigável,5 Blister X 10 Comprimidos
AFRI FARMÁCIA LDA,UCETAXIME 1000,Cefotaxima,1000mg,Injectável,5 CAIXAS COM 1 FRASCO DE VIDRO
AFRI FARMÁCIA LDA,TRESIVAC,VÍRUS do sarampo+VIRUS da parotite+VÍRUS da rubéola,1000 CCID50 + 5000 CCID50 + 100 CCID50,Pó para Injectável,FRASCO DE  1 DOSE + AMPOLA C/ DILUENTE
AFRI FARMÁCIA LDA,Tetanus Toxoid Vaccine Adsorbed (VAT),Vacina de Tetano,≥ 5LF  (≥ 40UI)/ 0.5ml (1 dose),Suspensão Injectável,50 Frascos de 5ml (10doses) e 25 frascos de 10ml   (20doses)
AFRI FARMÁCIA LDA,SII RABIVAX,ANTÍGENO DA RAIVA,»2.5IU,Suspensão injectável,Frasco de 10 ml com 1 dose
AFRI FARMÁCIA LDA,KOFLYN,Cloreto de amónia+clorfeniramina maleato+citrato de Na+mentol,"100mg+2,2mg+40mg+1,1mg",Xarope,Frasco de 100ml
AFRI FARMÁCIA LDA,MUCOLYN PEDIÁTRICO,Dextrometofano + Clorfeniramina + Pseudoefedrina + amónia,5mg + 2mg + 10mg + 50mg,Xarope,Frasco de 100ml
AFRI FARMÁCIA LDA,MERIQUINE,"Cloroquina, fosfato",250mg,Comprimidos,10 blister de 10 comprimidos
AFRI FARMÁCIA LDA,MALAGO,AMODIAQUINA HCL,200mg,Comprimidos,EMBALAGEM DE 150 COMP
AFRI FARMÁCIA LDA,FORMET,Metformina,500mg,Comprimidos,EMBALAGEM 100 COMP (10X10)
AFRI FARMÁCIA LDA,FERIX FOLIQUE,SULFATO FERROSO + ÁCIDO FÓLICO,200mg+0.25mg,Comprimidos,EMBALAGEM 100 COMP
AFRI FARMÁCIA LDA,MULTONE FORTE,MULTIVITAMINAS,2000IU+200IU+0.5mg+0.1mg+0.1mg+0.1mg+5mg,Comprimidos,CAIXA 100 COMP COM 10 BLISTERS DE 10
AFRI FARMÁCIA LDA,BIOSCINE,BROMETO DE BUTIL HISCINA (Butilescopulamina),100mg,Comprimidos,EMBALAGEM 100 COMP(2x50)
AFRI FARMÁCIA LDA,AMYN-125,"Amoxicilina, Trihidrato",125mg/5ml,Suspensão Oral,Frasco de 100 ml
AFRI FARMÁCIA LDA,AMYN 250,"Amoxicilina, Trihidrato",250mg/5ml,Suspensão Oral,FR 100ML
AFRI FARMÁCIA LDA,UMETAC-150,Ranitidina,150mg,Comprimidos,EMBALAGEM 100 COMP Blisters (10x10)
AFRI FARMÁCIA LDA,PARALGET,Paracetamol,500mg,Comprimidos,CAIXAS 100 COMP(10x10)
AFRI FARMÁCIA LDA,ERYKO-500,Eritromicina,500mg,Comprimidos Revestidos,BLISTER 10X10
AFRI FARMÁCIA LDA,BREN-400,Ibuprofeno,400mg,Comprimidos,10 blister de 10 comprimidos
AFRI FARMÁCIA LDA,BREN-200,Ibuprofeno,200mg,Comprimidos,EMBALAGEM DE 100 COMP(10x10)
AFRI FARMÁCIA LDA,DIFISAL,Diclofenac,50mg,Comprimidos,10 blister de 10 comprimidos
AFRI FARMÁCIA LDA,NUBEND-400,Albendazol,400mg,Comprimidos,STRIP 1 COMP E EMBALAGEM DE 20 COMP
AFRI FARMÁCIA LDA,AZ-1,Azitromicina,250mg,Cápsulas,5 BLISTER X 6 CAPS
AFRI FARMÁCIA LDA,KETOTIF,KETOTIFENO,1 MG,Comprimidos,CXS 100 COMP(10x10)
AFRI FARMÁCIA LDA,TRIM-480,Sulfametoxazol + Trimetoprim,400mg + 80mg,Comprimidos,EMBALAGEM DE 100 COMP(10x10)
AFRI FARMÁCIA LDA,AMYN-500,"Amoxicilina, Trihidrato",500mg,Cápsulas,10 blister de 10 cápsulas
AFRI FARMÁCIA LDA,SHELADOL,Paracetamol,500mg,Comprimidos,embalagem de 100 comprimidos
AFRI FARMÁCIA LDA,MUCOLYN,"Clorfeniramina, Maleato + Dextrometorfano , Hidrobromide + Amonio,Cloridre + Pseudoefedrina",2mg/5ml + 5mg/5ml + 50mg/5ml + 10mg/5ml,Xarope,FRASCO DE 100 ML
AFRI FARMÁCIA LDA,MERIGENTA ® COLÍRIO/ GOTAS AURICULARES,"Gentamicina, sulfato",0%,Colírio/ Gotas auriculares,Frascos de 10ml e 5ml
AFRI FARMÁCIA LDA,GASTRALGINE,Hidróxido de alumínio + Hidróxido de magnésio + dimeticone,(200+200+25)mg / 5ml,Suspensão Oral,Frasco de 200ml
AFRI FARMÁCIA LDA,FERROUS SULPHATE TABLETS BP,SULFATO FERROSO,200mg,Comprimidos,EMBALAGEM 100 COMP(10x10)
AFRI FARMÁCIA LDA,CHLORANPHENICOL,Cloranfenicol,5mg/ml,Colírio,Frasco de 5ml e de 10ml
"GENERICS & SPECIALITIES, Lda",DICLOGEN 50,Diclofenac,50mg,Comprimidos Revestidos,CAIXA C/ 10 X10 COMP
"GENERICS & SPECIALITIES, Lda",DICLOGEN 25,Diclofenac,25mg,Comprimidos Revestidos,CX 10 X10 COMP
AFRI FARMÁCIA LDA,D 5,GLUCOSE anidra,5g/100ml OU 50g/1000ml,Solução Injectável,Frascos de 500ml E 1000ml
AFRI FARMÁCIA LDA,P-ZONE,Prednisolona,5mg,Comprimidos,EMBALAGEM DE 100 (2x5x10) COMPRIMIDOS
AFRI FARMÁCIA LDA,M1 INJECTION,"Tiamina, Hidrocloreto",100mg/2ml,Solução Injectável,100 ampolas de 2ml
AFRI FARMÁCIA LDA,M 12 INJECTION,Cianocobalamina (Vit.B12),1000mcg/2ml,Solução Injectável,Ampola de 2ml
AFRI FARMÁCIA LDA,FERYCAL-12,Tiamina + Riboflavina + Piridoxina + Cianocabalamina + Ácido Fólico + D-Pantenol + Nicotinamida + Ferro + Zinco + Cobre + Manganês + cloridrato de Lisina,25mg + 1mg + 1mg + 5mg + 50mg + 2mg + 10mg + 10mg + 3mg + 0.20mg + 0.25mg + 20mg,Xarope,Frasco de 200ml
AFRI FARMÁCIA LDA,BUTAMOL,"Salbutamol, Sulfato",2mg/5ml,Xarope,FRASCO  DE 60/100/200ML
AFRI FARMÁCIA LDA,DICLOPAR,Paracetamol + Diclofenac,500mg + 50mg,Comprimidos,10 blister de 10 comprimidos
AFRI FARMÁCIA LDA,COLDRIL CAPSULES,"Paracetamol + pseudoefedrina, cloridrato + clorfeniramina, maleato",500mg + 30mg + 2mg,Cápsulas,12 EMBALAGENS  DE 20 CÁPS(12x20)
AFRI FARMÁCIA LDA,COLDRIL,"Paracetamol + pseudoefedrina, cloridrato + clorfeniramina, maleato",120/5ml + 10mg/5ml +1mg/5ml,Xarope,Frascos de 100ml
"GENERICS & SPECIALITIES, Lda",BRUGEN 400,Ibuprofeno,400mg,Drageias,10 CARTEIRAS DE  10 DRAGEIAS
"GENERICS & SPECIALITIES, Lda",BRUGEN 200,Ibuprofeno,200mg,Drageias,10 CARTEIRAS DE  10 DRAGEIAS
AFRI FARMÁCIA LDA,TRIBEX FORTE,Tiamina (Vit. B1) + Piridoxina (Vit. B6) + Cianocobalamina (Vit. B12),100mg + 100mg + 1000mcg,Solução injectavel,EMBALAGEM  5 AMPOLAS DE 3ML
AFRI FARMÁCIA LDA,RELAX,Bisacodil,5mg,Comprimidos,EMBALAGEM 100 COMP(2x5x10)
AFRI FARMÁCIA LDA,SHETRIM,Trimetoprim + Sulfametoxazol,200mg/5ml + 40mg/5ml,Suspensão Oral,Frasco 100 ML
AFRI FARMÁCIA LDA,KODOXY,Doxiciclina,100mg,Cápsulas,EMBALAGEM 100 CÁPS(10x10)
AFRI FARMÁCIA LDA,ERYKO-250,"Eritromicina, etil succinato",250mg/5ml,Suspensão Oral,FRASCO DE  100 ML
"GENERICS & SPECIALITIES, Lda",EFAVIRENZ,Efavirenz,600mg,Comprimidos,EMBALAGEM 30 COMP
AFRI FARMÁCIA LDA,BECOSHEL,"Tiamina, cloridrato (Vit. B1) + Riboflavina (Vit. B2) + Piridoxina (Vit B6) + Nicotinamida (vit. B3)",5mg + 2mg + 2mg + 20mg,Xarope,FRASCO DE  100 ML
AFRI FARMÁCIA LDA,UCETAMOL,Paracetamol,500mg,Comprimidos,EMBALAGEM 100 COMP Blisters (10x10)
AFRI FARMÁCIA LDA,STABETA-40,PROPRANOLOL,40mg,Comprimidos,EMBALAGEM DE 100 COMPRIMIDOS
AFRI FARMÁCIA LDA,DIALIN 5,Glibenclamida,5mg,Comprimidos Revestidos,EMBALAGEM 100 COMP(10x10)
"GENERICS & SPECIALITIES, Lda",SALGEN S,"Salbutamol, Sulfato",2mg/5ml,Xarope,Frasco de 100ml
"GENERICS & SPECIALITIES, Lda",HISTAGEN,"Clorfeniramina, maleato",4mg,Comprimidos,"Frasco de 1000 comp., e 10 x10"
"GENERICS & SPECIALITIES, Lda",Cotrigen-S,Sulfametoxazol + Trimetoprim,200mg/5ml + 40mg/5ml,Suspensão Oral,Frasco de 100ml
AFRI FARMÁCIA LDA,S-CLAR 500,CLARITROMICINA,500mg,Comprimidos Revestidos,10 blister de 10 e 1 blister de 10 comprimidos
AFRI FARMÁCIA LDA,S-CLAR 250,CLARITROMICINA,250mg,Comprimidos Revestidos,10 blister de 10 e 1 blister de 10 comprimidos
AFRI FARMÁCIA LDA,P ZONE EYE DROPS,Prednisolona,1%,Colírio,1 Frasco de 5ml
AFRI FARMÁCIA LDA,MULTONE SYRUP,VIT A + VIT D3 +VIT B1 + RIBOFLAVINA + VIT B6 + NICOTINAMIDA + VIT C + VITB12,"3000 UI+400 UI+1,5 MG+1,2 MG+1 MG+10 MG+50 MG+3,0MCG",Xarope,Frascos 100ml
AFRI FARMÁCIA LDA,MERIGENTA INJECTÁVEL,"Gentamicina, sulfato",80mg/2ml,Solução Injectável,10 Ampolas de 2ml
AFRI FARMÁCIA LDA,GASIDONE,"Domperidona, maleato",10mg,Comprimidos,EMBALAGEM 100 COMP(10x10)
AFRI FARMÁCIA LDA,STALMIN 500,Metformina,500mg,Comprimidos,Embalagem de 100 Comprimidos
AFRI FARMÁCIA LDA,PROMETHAZINE HYDROCHLORIDE TABLETS,"Prometazina, Hidrocloreto",10mg,Comprimidos Revestidos,CARTEIRAS COM 100 COMP(2x5x10)
AFRI FARMÁCIA LDA,ORACIP,"CIPROFLOXACINA,hidrocloreto",0%,Colírio e Gotas auriculares,FRASCO    5ML
AFRI FARMÁCIA LDA,FUNGINIL-K,Ketoconazol,200mg,Comprimidos,EMBALAGEM 100 COMP(10x10)
AFRI FARMÁCIA LDA,ENSTAL 20,"Enalapril, maleato",20mg,Comprimidos,EMBALAGEM 100 COMP(10x10)
AFRI FARMÁCIA LDA,ENSTAL 10,"Enalapril, maleato",10mg,Comprimidos,10 blister de 10 comprimidos
AFRI FARMÁCIA LDA,DEPISTA-25,Imipramina,25mg,Comprimidos,EMBALAGEM 100 COMP (10x10)
AFRI FARMÁCIA LDA,AMITRILON-25,"AMITRIPTILINA, cloridrato",25mg,Comprimidos Revestidos,EMBALAGEM 100 COMP (10x10)
AFRI FARMÁCIA LDA,FUNGISTAT CREAM,"Miconazol, nitrato",2%,Creme,TUBO 15 GRS
AFRI FARMÁCIA LDA,ELYSTAMINE CREAM,"MEPIRAMINA,maleato",2%,Creme,TUBO 15 GRS
AFRI FARMÁCIA LDA,ELYCORT,"Hidrocortisona, acetato",1%,Creme,TUBO 15g
AFRI FARMÁCIA LDA,CANDISTAT creme,CLOTRIMAZOL,1%,Creme tópico,TUBO15g
AFRI FARMÁCIA LDA,CANDISTAT,CLOTRIMAZOL,100mg/1000mg,Comprimidos vaginais,CXS 6 COMP VAG
AFRI FARMÁCIA LDA,URGENDOL 50,"Tramadol, Cloridrato",50mg/ml,Solução Injectável,AMPOLA 2 ML
AFRI FARMÁCIA LDA,URGENDOL 100,"Tramadol, Cloridrato",100mg/ml,Solução Injectável,AMPOLA 1 ML
AFRI FARMÁCIA LDA,URGENDOL,"Tramadol, Cloridrato",50mg,Cápsulas,BLISTER  de 10 Cápsulas
AFRI FARMÁCIA LDA,MOVILON 25,Indometacina,25mg,Cápsulas,EMBALAGEM 100 CÁPS(10x10)
AFRI FARMÁCIA LDA,FUNGISTIN,Nistatina,100.000UI,Comprimidos vaginais,EMBALAGEM 15 COMP VAGINAIS
AFRI FARMÁCIA LDA,EUCHLOR-250,Cloranfenicol,250mg,Cápsulas,CXS 100 CÁPS(10x10) e frasco de 1000
AFRI FARMÁCIA LDA,CHLORPHENIRAMINE,"Clorfeniramina, maleato",4mg,Comprimidos,10 blister de 10 comprimidos
AFRI FARMÁCIA LDA,ELYTETRA,Hirocloreto de Tetraciclina,3% (30mg/g),Pomada,Bisnaga de 15g
AFRI FARMÁCIA LDA,NAUM PAIM BALM,Mentol + Cânfora + Metilsalicilato + Óleo de Terpentina + Óleo de Eucalipto + Óleo de cravo-da-índia,4.5% + 5% + 10% + 2% + 5% + 1%,Pomada,Bisnaga de 20G
AFRI FARMÁCIA LDA,DIPARA,Paracetamol + Diclofenac,500mg + 50mg,Comprimidos,EMBALAGEM 100 COMP Blisters (10x10)
AFRI FARMÁCIA LDA,LYFE - Sais de Rehidratação Oral,Glicose + cloreto de sódio + citrato de sódio + Cloreto de Potássio,13.5g + 2.6g + 2.9g + 1.5g,Pó para Solução Oral,50 saquetas de pó para preparação de 1000ml  Solução e 50 saquetas de pó para preparação de 500ml  Solução
"GENERICS & SPECIALITIES, Lda",CEDOR,Paracetamol,500mg,Comprimidos,Embalagens 10X10 e 50x10
"GENERICS & SPECIALITIES, Lda",G-ZOLE,Albendazol,400mg,Comprimidos,embalagem de 1 comprimido
"GENERICS & SPECIALITIES, Lda",GENSPRIN,Ácido Acetilsalicílico,500mg,Comprimidos,Embalagens 10X10
"GENERICS & SPECIALITIES, Lda",GENLYTE,Dextrose + Cloreto de Sódio + Cloreto de Potássio + Citrato de Sódio (Sais de rehidratação oral),"13,500mg + 2,600mg + 1,500mg + 2,900mg",Pó para Solução Oral,Saqueta de 21g
"GENERICS & SPECIALITIES, Lda",ANOMEX,"Hidrocortisona, Acetato + Lidocaína + Alantoína + óxido de zinco","0,25%w/w+3%w/w+5%w/w+5%w/w",Supositório,Blister de 5 supositórios
"GENERICS & SPECIALITIES, Lda",IBUGEN,Paracetamol+Ibuprofeno+Cafeina,325mg+200mg+40mg,Comprimidos,Embalagens 10X10 e de 1 x 10
"GENERICS & SPECIALITIES, Lda",GENTOSSE,Hidrobrometo de dextrometorfano + Bromexina + Cloreto de amónio,10mg + 8mg + 100mg,Xarope,Frasco de 100ml
AFRI FARMÁCIA LDA,UMITOL-200,Carbamazepina,200mg,Comprimidos,EMBALAGEM 100 COMP (10x10)
AFRI FARMÁCIA LDA,SPIROLON-25,Espironolactona,25mg,comprimidos revestidos,embalagem de 100 Comprimidos e de 5 x10´s
AFRI FARMÁCIA LDA,ALOPRON 100,Alopurinol,100mg,Comprimidos,EMBALAGEM DE 100 COMP(10x10)
AFRI FARMÁCIA LDA,UMETAC-300,Ranitidina,300mg,Comprimidos Revestidos,EMBALAGEM 100 COMP Blisters (10x10)
AFRI FARMÁCIA LDA,SALBUTAMOL,"Salbutamol, Sulfato",2mg,Comprimidos,EMBALAGEM 100 COMP(2x5x10)
AFRI FARMÁCIA LDA,MEBENDAZOL,Mebendazol,100mg,Comprimidos,EMBALAGEM 100 COMP Blisters (10x10)
AFRI FARMÁCIA LDA,CLAVOMID 625,Amoxicilina + Ácido Clavulânico,500mg + 125mg,Comprimidos,1 Blister de 20 comp e 2 x 10´s
AFRI FARMÁCIA LDA,CLAVOMID 375,Amoxicilina + Ácido Clavulânico,375mg,Comprimidos,1 Blister de 20 comp e 2 x 10´s
AFRI FARMÁCIA LDA,CIMET-400,Cimetidina,400mg,Comprimidos,EMBALAGEM 100 COMP Blisters (10x10)
AFRI FARMÁCIA LDA,CIMET-200,Cimetidina,200mg,Comprimidos,EMBALAGEM 100 COMP Blisters (10x10)
AFRI FARMÁCIA LDA,SALBUTAMOL,"Salbutamol, Sulfato",4mg,Comprimidos,EMBALAGEM 100 COMP(2x5x10)
"GENERICS & SPECIALITIES, Lda",RINGER LACTATE SOLUTION FOR INJECTION,Lactato de Sódio Composto Bp,0.240g + 0.115g + 0.600g,Solução Injectável,Frasco de 500ml
"GENERICS & SPECIALITIES, Lda",HYGEN,Hidroclorotiazida,50mg,Comprimidos,"Embalagem 10X10, 500"
"GENERICS & SPECIALITIES, Lda",AMILOGEN,"Amilorido, Hidrocloreto",5mg,Comprimidos,Embalagem 10X10 de 500 e 1000 cáps
AFRI FARMÁCIA LDA,UMERAN-75,Diclofenac sódico,75mg/3ml,Injectável,100 Ampolas (10x10)
AFRI FARMÁCIA LDA,CYCLOVAX-400,Aciclovir,400mg,Comprimidos,EMBALAGEM DE 100 COMP(10x10) e de 1 x 10
AFRI FARMÁCIA LDA,CYCLOVAX-200,Aciclovir,200mg,Comprimido,EMBALAGEM DE 100 COMP(10x10) e de 3 x 10
"GENERICS & SPECIALITIES, Lda",MODUGEN,Amilorido Hidrocloreto + Hidroclortiazida,5mg+50mg,Comprimidos,Embalagem 10X10 de 500 e 1000 cáps
"GENERICS & SPECIALITIES, Lda",EFAVIRENZ 600,Efavirenz,600mg,Comprimidos Revestidos,Frasco de 30 comprimidos
"GENERICS & SPECIALITIES, Lda",GENDOX,Doxiciclina,100mg,Cápsulas,Embalagem 10X10
AFRI FARMÁCIA LDA,LOKIT,Omeprazol,20mg,Cápsulas,EMBALAGEM 100 CÁPS(10x10)
AFRI FARMÁCIA LDA,CIAVITA,Tiamina (Vit. B1) + Riboflavina (Vit. B2) + Nicotinamida,"1,2mg + 1,2mg + 17,25mg",Comprimidos,EMBALAGEM 100 COMP
"GENERICS & SPECIALITIES, Lda",GENDOL S,Paracetamol,125mg/5ml,Suspensão Oral,"Embalagem contendo frasco ambar, PET de 100ml"
"GENERICS & SPECIALITIES, Lda",SPASGEN,"Butilescopolamina,Brometo BP 10mg",10mg,Comprimido revestido,"embalagens de 500 e de 1000 comprimidos, 10x2 comprimidos, 10x10 comprimidos"
"GENERICS & SPECIALITIES, Lda",CLAVUGEN-625,Amoxicilina + Clavulanato de Potássio,500mg + 125mg,Comprimidos,2x10 blisters
AFRI FARMÁCIA LDA,ERGAGIN,"Metilergometrina, maleato",0.2mg/ml,Solução Injectável,10 ampolas de 1ml
"GENERICS & SPECIALITIES, Lda",GENSONE,Prednisolona,5mg,Comprimidos,embalagem de 10X10
"GENERICS & SPECIALITIES, Lda",CIPROGEN,Ciprofloxacina,500mg,Comprimidos Revestidos,Blisters de 10x10
"GENERICS & SPECIALITIES, Lda",CLAVUGEN-156.25MG DRY SYRUP,Amoxicilina + Clavulato de Potássio,125mg/5ml + 31.25mg/5ml,Pó para Suspensão Oral,
AFRI FARMÁCIA LDA,MUCO ASTHALIN,Salbutamol + Bromexina + Mentol,2mg/5ml + 4mg/5ml + 1mg / 5ml,Xarope,Frasco de 100ml
"GENERICS & SPECIALITIES, Lda",KONTRAC -200,Misoprostol,200mcg,Comprimidos,1 blister de 2 comprimidos e 10x10
"GENERICS & SPECIALITIES, Lda",FOURTS B CÁPSULES,"Tiamina ,Nitrato + Riboflamina + Piridoxina, Hidrocloreto +Nicotinamida+ácido ascórbico+Monohidrato de sulfato de zinco+ Cloreto de crómio+ Selenite de Sódio+ Colec alciferol+Acetil  cesteina+Glicina+ácido glutâmico+ ácido Fólico",12.5mg + 11.5mg + 3.45mg + 54mg + 84.75mg + 55mg + 1.025mg + 0.22mg + 0.24mg + 0.02mg + 25.62mg + 25mg + 27mg + 1.30mg,Cápsulas,embalagem de 3X10
AFRI FARMÁCIA LDA,OVA - MIT,Clomifene,50mg,Comprimidos,1blister de 10 comprimidos
AFRI FARMÁCIA LDA,NIFELAT R,Nifedipina,20mg,Comprimidos,10 x10 comp
AFRI FARMÁCIA LDA,MILOREX,"Amilorido, hidrocloreto anidro + Hidroclortiazida",5mg + 50mg,Comprimidos,3 x 10
AFRI FARMÁCIA LDA,METHYLDOPA-250,Metildopa,250mg,Comprimidos,10 x 10
AFRI FARMÁCIA LDA,KETROZOL-200,Ketoconazol,200mg,Comprimidos,10 x10 comp
"GENERICS & SPECIALITIES, Lda",KETOCONAZOLE TABLETS USP 200MG,Ketoconazol,200mg,Comprimidos,10 blister de 10 comprimidos
AFRI FARMÁCIA LDA,CYCLOVAX CREAM,Aciclovir,0%,Creme,Bisnaga de 10g
"GENERICS & SPECIALITIES, Lda",CLOGEN,Clotrimazol,100mg,Comprimidos vaginais,
"GENERICS & SPECIALITIES, Lda",HISTAGEN-S,"Clorfeniramina, maleato",2mg,Xarope,Frasco de 100ml
AFRI FARMÁCIA LDA,GLYFORMIN 500,"Metformina, hidrocloreto",500mg,Comprimidos,"blisters de 10x10,"
"GENERICS & SPECIALITIES, Lda",FLUCOGEN,Fluconazol,150mg,Cápsulas,1 blister de 1 cápsula
AFRI FARMÁCIA LDA,DAY- BY -DAY,Vitamina A + Tiamina (Vitamiba B1 +  Riboflavina (vitamina B2) + Piridoxina (vitamina B6) + Cianocobalamina (vitamina B12) + Vitamina D3 + Biotina (vitamina H) + Pantotenato de Cálcio + Dióxido de Selênio + Fosfato de cálcio dibásico + Sulfato de potássio,2000UI + 1mg +1mg + 1.34mg + 1mcg + 200UI + 3mcg + 1mg + 50mcg + 1mg + 75mg +1mg,Comprimidos,3 blister de 10 comp
AFRI FARMÁCIA LDA,LAMIVUDINA + ZIDOVUDINA + NEVIRAPINA,Lamivudina + Zidovudina + Nevirapina,150mg + 300mg + 200mg,Comprimidos,Frasco de 60
"GENERICS & SPECIALITIES, Lda",FRUSEGEN,Furosemida,40mg,Comprimidos,embalagem de 10X10
"GENERICS & SPECIALITIES, Lda",METROGEN S,Metronidazol,200mg/5ml,Suspensão Oral,embalagem de 10X10
"GENERICS & SPECIALITIES, Lda",CONLAX-5,Bisacodil,5mg,Supositório,Bliste de 5 supositórios
"GENERICS & SPECIALITIES, Lda",CONLAX-10,Bisacodil,10mg,Supositório,
"GENERICS & SPECIALITIES, Lda",PARACIDO,Hidróxido de Alumínio + Hidróxido de Magnésio + Emulsão de Simeticone,250mg+250mg+50mg/5ml,Suspensão Oral,frasco de 200ml
"GENERICS & SPECIALITIES, Lda",LUMBRIX,Mebendazol,100mg,Comprimidos,20 blister de 6 comprimidos
"GENERICS & SPECIALITIES, Lda",GEN-Q,"Quinina, Sulfato",300mg,Comprimidos Revestidos,1000 comprimidos
"GENERICS & SPECIALITIES, Lda",GENPRAZOL,Omeprazol,20mg,Cápsulas,
AFRI FARMÁCIA LDA,LAMIVUDINA + ZIDOVUDINA,Lamivudina + Zidovudina,150mg + 300mg,Comprimidos,"1x10, e de 60"
AFRI FARMÁCIA LDA,UMIFLUVIN,Griseofulvina,500mg,Comprimidos,embalagem de 10 x 10
AFRI FARMÁCIA LDA,CIPROFLOXACIN TABLETS USP 500mg,Ciprofloxacina,500mg,Comprimidos Revestidos,1 blister de 10 comp e de 10 x 10 comprimidos
AFRI FARMÁCIA LDA,UCILLIN-500,Ampicilina Anidra,500mg,Injectável,Embalagem de 10 e 50 ampolas
"GENERICS & SPECIALITIES, Lda",PARALOGO,Paracetamol + Diclofenac,500mg + 50mg,Comprimidos,embalagem de 10X10
"GENERICS & SPECIALITIES, Lda",METROGEN,Metronidazol,250mg,Comprimidos,10X10
AFRI FARMÁCIA LDA,DANAZOL,Danazol,200mg,Comprimidos,3 blister de 10 comp
"GENERICS & SPECIALITIES, Lda",CLOGEN-S,Clotrimazol,1% w/v,Solução tópica,Frasco de 15ml
"GENERICS & SPECIALITIES, Lda",AZITAB - 500,"Azitromicina, Dihidrato",500mg,Comprimidos Revestidos,Embalagem de 1x3
"GENERICS & SPECIALITIES, Lda",ZEET EXPECTORANT,"Difenidramina, hidrocloreto + Bromexina, hidrocloreto + Guaifenesina + Cloreto de Amónio + Levomentol",8mg + 4mg + 50mg + 100mg + 1mg,Xarope,Frascos de 100ml
AFRI FARMÁCIA LDA,MEBENDAZOL,Mebendazol,100mg/5ml,Suspensão Oral,Frasco de 30ml
AFRI FARMÁCIA LDA,AMILORIDE,"Amilorido, Hidrocloreto",5mg,Comprimidos,Embalagens de 100 comp (10x10)
AFRI FARMÁCIA LDA,ALBENDAZOL,Albendazol,200mg/5ml,Suspensão Oral,Frasco de 20ml
AFRI FARMÁCIA LDA,TROZ - 250,Metronidazol,250mg,Comprimidos,Embalagens de 100 comp (10x10)
"GENERICS & SPECIALITIES, Lda",SALGEN 4,"Salbutamol, Sulfato",4mg,Comprimidos,"Embalagem de 10, 100 blister de 10 comp e frascos de 100/1000 comp"
"GENERICS & SPECIALITIES, Lda",GLYCERIN SUPPOSITORIES,Glicerina,1g,Supositório,Embalagem de 5 supositorios
"GENERICS & SPECIALITIES, Lda",GLYCERIN SUPPOSITORIES,Glicerina,2g,Supositório,Embalagem de 5 supositorios
"GENERICS & SPECIALITIES, Lda",GENVITA TABLES,Vit.B1+Vit.B2+Vit.b6+Vit.B12+Nicotinamida+Ácido Fólico,1mg+1mg+1mg+1mcg+15mg+0.5mg,Comprimidos revestidos,Embalagens de 3x10 e 10x10
"GENERICS & SPECIALITIES, Lda",GENPRIL - 20,"Enalapril, maleato",20mg,Comprimidos,Embalagens de 100 comp (10x10)
AFRI FARMÁCIA LDA,VELORIN 50,Atenolol,50mg,Comprimidos,Embalagem de 10 blister de 10 comp
AFRI FARMÁCIA LDA,VELORIN 100,Atenolol,100mg,Comprimidos,Embalagem de 10 blister de 10 comp
AFRI FARMÁCIA LDA,QUININE SULPHATE,"Quinina, Sulfato",300mg,Comprimidos,"Embalagem de 1 blister de 10 comp, 10x10"
AFRI FARMÁCIA LDA,EMFORAL 40,"Propanol, Hidrocloreto",40mg,Comprimidos,Embalagem de 5 blister de 10 comp
AFRI FARMÁCIA LDA,ZIMAT,"Cetirizina, Hidrocloreto",10mg,Comprimidos,10x10
AFRI FARMÁCIA LDA,UMOXAZOLE-480,Sulfametoxazol + Trimetoprim,400mg + 80mg,Comprimidos,10x10
AFRI FARMÁCIA LDA,UCLOX-500,Cloxacilina,500mg,Cápsulas,10x10
AFRI FARMÁCIA LDA,KANAMYCIN ACID SULPHATE FOR INJECTION  2.0g,"Kanamicina, Sulfato",2g,Injectável,1x25
"GENERICS & SPECIALITIES, Lda",DICLOFEN Plus,Paracetamol + Diclofenac,500mg + 50mg,Comprimidos,Embalagem contendo 10 carteirasx10 comp
"GENERICS & SPECIALITIES, Lda",REDIN PN LIQUID,Citrato de amonio ferico+Proteina hidrolisada+Pentahidrato de lactato de calcio + Cianocobalamina+Acido folico+Heptahidrato de sulfato de zinco+Sulfato de magnesio+Pentahidrato de sulfato de cobre,230mg+50mg+100mg+2.5mg+0.5mg+35mg+25mg+0.25mg+25mg,Solução Oral,Frasco de 200ml
"GENERICS & SPECIALITIES, Lda",FUSIFEN CREAM,Ácido FusÍdico,2% w/w,Creme,Bisnaga de 15g
"GENERICS & SPECIALITIES, Lda",AMBCET SYRUP,Ambroxol + Cetirizina,30mg/5ml + 5mg/5ml,Xarope,Frasco de 60ml
"GENERICS & SPECIALITIES, Lda",ZEDEX COUGH SYRUP,Bromexina + Dextrometorfano + Cloreto de Amónio + Mentol,8mg+10mg+100mg+5mg,Xarope,Frasco de100ml
"GENERICS & SPECIALITIES, Lda",BRO-ZEDEX COUGH SYRUP,Terbutalina Sulfato + Bromexina HCL+ Guaifenesina + Mentol,2.5mg+8mg+100mg+5mg,Xarope,Frasco de100ml
"GENERICS & SPECIALITIES, Lda",DICLOFENAC GEL,Diclofenac Dietilamina,1.16%w/w,Gel,Bisnaga de 20g
"GENERICS & SPECIALITIES, Lda",DERMOSONE S OINTMENT,Dipropionato de Betametasona + Acido Salicílico,"0,5mg/g+30mg/g",Pomada,Bisnaga de 10g e 15g e 30g
"GENERICS & SPECIALITIES, Lda",CANDIGEN BG CREAM,"Betametasona, dipropionato + Gentamicina, sulfato + Clotrimazol","0,05%w/w + 0,1%w/w + 1%w/w",Creme tópico,Bisnaga de 10g e 30g
"GENERICS & SPECIALITIES, Lda",CALADIN LOTION,Calamina,150mg,Loção tópica,Frasco de 60ml
"GENERICS & SPECIALITIES, Lda",BENZOSCAB APPLICATION,Benzoato de Benzilo,250mg,Emulsão Cutânea,Frasco de 100ml
"GENERICS & SPECIALITIES, Lda",VIRUCID 400,Aciclovir,400mg,Comprimido,Embalagem contendo 3 blister de 10 comp
"GENERICS & SPECIALITIES, Lda",VIRUCID 200,Aciclovir,200mg,Comprimido,Embalagem contendo 3 blister de 10 comp
"GENERICS & SPECIALITIES, Lda",OROMUCORAL GEL,"Miconazol, nitrato",2%,Gel,Bisnaga de 40g
"GENERICS & SPECIALITIES, Lda",VALPIN CR 200,Valproato de Sódio + Ácido Valpróico,96mg + 96mg,Comprimidos,Embalagens contendo 10 blisters de 10 comp
"GENERICS & SPECIALITIES, Lda",STERILISED WATER FOR INJECTIONS 10ML BP,Água para injecção,10ml,Líquido Inj,Frasco de 10ml
"GENERICS & SPECIALITIES, Lda",SANTRO 100,Citrato de Sildenafil,100mg,Comprimidos,Embalagens contendo blister de 4 comp
"GENERICS & SPECIALITIES, Lda",NYGEN V,Nistatina,100.000 UI,Comprimidos vaginais,Embalagens contendo blister de1 4 comp
"GENERICS & SPECIALITIES, Lda",DOMIGEN,"Domperidona, maleato",10mg,Comprimidos,Embalagens contendo 10 blisters de 10 comprimidos
"GENERICS & SPECIALITIES, Lda",CLOTRILIN,Clotrimazol,100mg,Comprimidos vaginais,Embalagens contendo blister de 6 comp
"GENERICS & SPECIALITIES, Lda",METROGEL,Metronidazol,1%w/w,Gel,Bisnaga de 30g
"GENERICS & SPECIALITIES, Lda",CLOGEN ORAL,Clotrimazol,1% w/v,Gotas orais,Frasco de 15ml
"GENERICS & SPECIALITIES, Lda",CLOBIGEN,Propionato de Clobetasol,0.05% w/w,Creme,Bisnaga de 15g
AFRI FARMÁCIA LDA,TIMOLOL,Timolol,0.25%m/v,Solução Oftálmica,Frasco de 5ml
AFRI FARMÁCIA LDA,NALIDIXIC ACID TABLETS,Ácido Nalidíxico,500mg,Comprimidos,frasco de 100 comprimidos
"GENERICS & SPECIALITIES, Lda",L-GENTA,"Gentamicina, Sulfato",0.1%w/w,Creme,Bisnagas de 15g
"GENERICS & SPECIALITIES, Lda",GLUCOSE INTRAVENOUS INFUSION BP,Glicose,0.05 (5%),Injectável,Frasco de 500ml
"GENERICS & SPECIALITIES, Lda",CIPROFLOXACINA INJECTAVEL,"Ciprofloxacina, Hidrocloreto",200mg/100ml,Injectável,Frasco de 100ml
"GENERICS & SPECIALITIES, Lda",AMPICILINA SODICA PARA INJECÇÃO,Ampicilina Sodica,0.5g,Injectável,Frasco de 5ml
"GENERICS & SPECIALITIES, Lda",AMPICILINA SODICA PARA INJECÇÃO,Ampicilina Sodica,1.0g,Injectável,Frasco de 5ml
"GENERICS & SPECIALITIES, Lda",PENTOVAS,Pentoxifilina,400mg,Comprimidos,Embalagens contedo 10 de 10 comp
"GENERICS & SPECIALITIES, Lda",VIVIAN,Diclofenac Sódico,25mg/ml,Solução Injectável,Embalagens contendo 10 blister de 10 ampolas de 3ml cada
"GENERICS & SPECIALITIES, Lda",VITAMINA B COMPLEXO INJECTAVEL,Vitamina B1 + Vit.B2-5 Fosfato + Vit.b6 + Nicotinamida + Dexpantenol,10mg+1.5mg+1mg+50mg+4mg,Solução Injectável,Frasco de 10ml
"GENERICS & SPECIALITIES, Lda",SPASLIN-H,Hioscina Butilbrometo,10mg/ml,Solução Injectável,Embalagens contendo 10 blister de 14 ampolas de 2ml
"GENERICS & SPECIALITIES, Lda",RINATADIN,"Ranitidina, Hidrocloreto",150mg,Comprimidos,Embalagens contendo 10 blisters de 10 comp
"GENERICS & SPECIALITIES, Lda",L-GENTA,Gentamicina,0.3%w/v,Gotas Oftálmicas,Frasco de 10ml
"GENERICS & SPECIALITIES, Lda",DIASIX,Furosemida,10mg/ml,Solução Injectável,Embalagens contendo 1 blister de 14 ampolas de 2ml cada
"GENERICS & SPECIALITIES, Lda",CIPROGEN O,"Ciprofloxacina, Cloridrato",0.3%w/v,Gotas Oftálmicas,Frasco de 10ml
"GENERICS & SPECIALITIES, Lda",CLORETO DE SÓDIO,Cloreto de Sódio,0.9% w/v,Solução para Infusão Intravenosa,"Embalagem contendo 12 frascos de 500ml, 1000ml"
"GENERICS & SPECIALITIES, Lda",METRONIDAZOL INFUSÃO INTRAVENOSA,Metronidazol,0.5% w/v,Infusão Intravenosa,96 frascos de 100ml
"GENERICS & SPECIALITIES, Lda",MANITOL INFUSÃO INTRAVENOSA,Manitol,20% w/v,Infusão Intravenosa,96 frascos de 100ml
"GENERICS & SPECIALITIES, Lda",COMPOSTO LACTATO DE SÓDIO INFUSÃO INTRAVENOSA,Lactato de sódio+Cloreto de sódio+Cloreto de potássio+Cloreto de cálcio,0.32%w/v+0.6%w/v+0.04%w/v+0.027%w/v,Infusão Intravenosa,12 frascos de 1000ml
"GENERICS & SPECIALITIES, Lda",BENZYLPENICILLIN SODIUM FOR INJECTION,Benzilpenicilina Sódica,10 Mega,Pó para Injectável,Embalagem de 50 frascos de 25ml
"GENERICS & SPECIALITIES, Lda",GENCITRIN,"Cetirizina, cloridrato",10mg,Comprimidos Revestidos,Embalagem de 20x10
AFRI FARMÁCIA LDA,Funginil-K,Ketoconazol,20mg,Creme,Bisnaga de 1x20g
"GENERICS & SPECIALITIES, Lda",PARACETAMOL INFUSÃO,Paracetamol,10mg/ml,Injectável,Frascos de 100ml
"GENERICS & SPECIALITIES, Lda",GLUCOSE INTRAVENOUS INFUSION BP (10% W/V),Glicose,10%,Injectável,"Frascos de 500ml, 1000ml e de 250m"
"GENERICS & SPECIALITIES, Lda",GELXIM TABLETS,Cefixima,200mg,Comprimidos,"1 blister de 10 comp,10x10"
"GENERICS & SPECIALITIES, Lda",CFD 500,Cefadroxil,500mg,Cápsulas,10 blisters de 10 caps
"GENERICS & SPECIALITIES, Lda",NOZAAR - 50,Losartan Potássico,50mg,Comprimidos,Embalagem de 10 blisters de 10 comp
"GENERICS & SPECIALITIES, Lda",GLAZIDE,Gliclazida,80mg,Comprimidos,10 blisters de 10 comp
"GENERICS & SPECIALITIES, Lda",AMIDILE - G TABLETS,"Amlodipina, besilato",5mg,Comprimidos,Embalagem de 10 blisters de 10 comp
AFRI FARMÁCIA LDA,PYRISTAL-25,Piridoxina Hidrocloreto,25mg,Comprimidos,Blisters de 2x5x10 Comprimidos
AFRI FARMÁCIA LDA,PYRISTAL-50,Piridoxina Hidrocloreto,50mg,Comprimidos,10 blisters de 10 comprimidos
AFRI FARMÁCIA LDA,METRONIDAZOLE INJECTION USP 0.5% W/V,Metronidazol,0.5%w/v,Solução Injectável,Frasco de 100ml
AFRI FARMÁCIA LDA,FRUSELION,Furosemida,40mg,Comprimidos,Embalagem de 10 blisters de 10 comp
AFRI FARMÁCIA LDA,CIPROFLOXACIN INJECTION USP,Ciprofloxacina,"0,2g/100ml",Solução Injectável,Frasco de 100ml
"GENERICS & SPECIALITIES, Lda",DERM KETA CREAM,Ketaconazol,2%,creme,Bisnaga de 10g
"GENERICS & SPECIALITIES, Lda",LOGOUT,Alopurinol,100mg,Comprimidos,Frasco de 1000 e embalagem de 10 blister de 10 comp
"GENERICS & SPECIALITIES, Lda",GOUTNIL,Colchicina,"0,5mg",Comprimidos,Caixa de 2 blisters de 10 comp
"GENERICS & SPECIALITIES, Lda",CANINIL,Clotrimazol,100mg,Comprimidos,1 blister de 6 comp
"GENERICS & SPECIALITIES, Lda",BROM,"Bromocriptina, mesilato","2,5mg",Comprimidos,"Frasco de 1000, embalagem de 10 blister de 10 comp e uma tira de 10 Comprimidos (1x10)"
"GENERICS & SPECIALITIES, Lda",TETGLOB,Imunoglobulina Humana Anti-Tétano BP,250UI,Pó para Injecção,Frasco de 2ml
"GENERICS & SPECIALITIES, Lda",RHOCLONE,Imunoglobulina Anti Rho (D) Monoclonal,300mcg,Pó para Injecção,Frasco de 2ml
"GENERICS & SPECIALITIES, Lda",PRAZIQUANTEL,Praziquantel,600mg,Comprimidos,Frascos de 1000 comp
"GENERICS & SPECIALITIES, Lda",GALCORT,Hidrocortisona Succinato Sódico,100mg,Pó para Injecção,Frascos de 2ml
"GENERICS & SPECIALITIES, Lda","CLAVUGEN 312,5",Amoxicilina + Clavulanato de Potássio,250mg/5ml + 62.5mg/5ml,Pó para Suspensão Oral,Frascos de 100ml
"GENERICS & SPECIALITIES, Lda",BRUGEN S,Ibuprofeno,100mg/5ml,Suspensão oral,Frasco de 100ml
"GENERICS & SPECIALITIES, Lda",ASNA ANTI VENOM C (Snake Venom Antiserum African),Bitis gabonica + Bitis arietans + Bitis nasicornis + Dendroaspis jamesonii + Dendroaspis polylepis + Dendroaspis angusticeps + Naja nivea + Naja nigricollis + Naja haje + Naja melanoleuca + Echis carinatus,25 + 25 + 20 + 25 + 25 + 25 + 25 + 20 + 25 + 20 + 25,Injectável,Frascos de 10ml
AFRI FARMÁCIA LDA,ARTESUN,Artesunato,60mg,Pó para Injecção,1 ampola de artesunato e 1 ampola de solvente e 1x3
AFRI FARMÁCIA LDA,BCG VACCINE (Freeze Dried),Bacillus Calmette Estirpe Guerin,2X105 e 8X105 C.F U/0.1ml,Pó liofilizado para injectável,Ampolas de 1ml de 0.05ml (20 doses) + diluente e ampolas de 0.1ml (10 dose)s
"GENERICS & SPECIALITIES, Lda",DOXORUBICIN HYDROCHLORIDE FOR INJECTION,Doxorubicina Hidrocloreto,10mg,Pó para Injecção,Frascos de 25ml
"GENERICS & SPECIALITIES, Lda",DOXORUBICIN HYDROCHLORIDE FOR INJECTION,Doxorubicina Hidrocloreto,50mg,Pó para Injecção,Frascos de 25ml
AFRI FARMÁCIA LDA,STALGIN,Hidróxido de Alumínio,500mg,Comprimidos,10 blister de 10 comp
AFRI FARMÁCIA LDA,STALCHLORE,Cloranfenicol,"0,5% w/V",gotas auriculares,Frasco de 10ml
AFRI FARMÁCIA LDA,PRAZISTAL 600,Praziquantel,600mg,Comprimidos,10 blister de 10 comp
AFRI FARMÁCIA LDA,NIFESTA 30,Nifedipina,30mg,Comprimidos,10 blister de 10 comp e 1x28 comprimidos
AFRI FARMÁCIA LDA,NIFESTA 20,Nifedipina,20mg,Comprimidos,10 blister de 10 comp
AFRI FARMÁCIA LDA,NIFESTA 10,Nifedipina,10mg,Comprimidos,3 blister de 10 comp
AFRI FARMÁCIA LDA,NALISTAL,Ácido Nalidíxico,500mg,Comprimidos,10 blister de 10 comp
AFRI FARMÁCIA LDA,METOCLAM,"Metoclopramida, Hidrocloreto",10mg,Comprimidos,10 blister de 10 comp
AFRI FARMÁCIA LDA,CLAREM 500,Claritromicina,500mg,Comprimidos,Embalagem de 14 Comprimidos
AFRI FARMÁCIA LDA,ACYTAL - 400,Aciclovir,400mg,Comprimido,10x10
AFRI FARMÁCIA LDA,ACYTAL - 200,Aciclovir,200mg,Comprimido,10x10
"GENERICS & SPECIALITIES, Lda",DIABETNIL,Glibenclamida,5mg,Comprimidos,30 blisters x 10 comp e frascos de 500 comp
AFRI FARMÁCIA LDA,VITACEE 500,Ácido Ascórbico,500mg,Comprimidos mastigáveis,10 blisters de 10 comp
AFRI FARMÁCIA LDA,VITACEE 100,Ácido Ascórbico,100mg,Comprimidos,10 blisters de 10 comp
"GENERICS & SPECIALITIES, Lda",TRIAXEN,Ceftriaxona,1000mg,Pó para Injecção IM/IV,frasco de 10ml
"GENERICS & SPECIALITIES, Lda",INGAZOLE 150,Fluconazol,150mg,Comprimidos Revestidos,Blister de 10 comp.
"GENERICS & SPECIALITIES, Lda",NEVIRAPINA USP,Nevirapina,50mg/5ml,Suspensão  Oral,Frasco de 240ml
AFRI FARMÁCIA LDA,STALOZINE,"Tioridazina, Cloridrato",100mg,Comprimidos,Emb. Blister de 1x 10 comp e frascos de 100comp.
AFRI FARMÁCIA LDA,SPIROSTAL,Espirolactona,25mg,Comprimidos,Emb. com 10 x 10 e frascos de 500 comprimidos
AFRI FARMÁCIA LDA,BECOSTAL,Vit B1+B2+B3+B6+ Pantotenato de cal+niamicina,5mg+5mg+2mg+5mg+50mg,Comprimidos,Emb. Frascos de 1000 comp.
AFRI FARMÁCIA LDA,TETRACYCLINE CAPSULES,"Tetraciclina, Cloridrato",500mg,Cápsulas,10 Blister de 10 capsulas e frascos de 1000 cápsulas
AFRI FARMÁCIA LDA,PHENSTAL,"Prometazina, Cloridrato",10mg,Comprimidos,Emb. Blister de 10x 10 comp e frascos de 100comp.
AFRI FARMÁCIA LDA,PARACOL,Paracetamol,120mg/5ml,Suspensão Oral,Emb. Frascos de  100ml
AFRI FARMÁCIA LDA,HYOSCINE BUTYLBROMIDE,Brometo butil hioscina,10mg,Comprimidos,Emb. com 10 x 10 e frascos de 1000 comprimidos
AFRI FARMÁCIA LDA,ERYTHROMYCIN ETHYLSUCCINATE FOR ORAL SUSPENSION,"Eritromicina, etil succinato",250mg/5ml,Suspensão Oral,Emb. Frascos de  140ml
AFRI FARMÁCIA LDA,ERGAGIN,"Metilergometrina, maleato",0.125mg,Comprimidos,Emb. Blister de 10x 10 comp
AFRI FARMÁCIA LDA,COTRIMOXAZOL PARA SUSPENSÃO ORAL BP 240mg/5ml,Trimetoprim e Sulfametoxazol,40mg+200mg/5ml,Suspensão Oral,Frascos de  100ml
AFRI FARMÁCIA LDA,TRAMALLION 50,"Tramadol, cloridrato",50mg/ml,Solução injectável,Emb. com 5ampolas de 1ml/50mg
AFRI FARMÁCIA LDA,TRAMALLION 100,"Tramadol, cloridrato",100mg,Solução injectável,Emb. com 5ampolas de 1ml/50mg
AFRI FARMÁCIA LDA,TRAMALLION,"Tramadol, cloridrato",50mg,Cápsulas,Blisters de 10 Cápsulas e Frascos de 100
AFRI FARMÁCIA LDA,SOMECID,Omeprazol,20mg,Cápsulas,Emb. Blister de 10x 10 cap e frascos de 500cáp.
AFRI FARMÁCIA LDA,SALBUTAMOL ORAL SOLUTION,"Salbutamol, Sulfato",2mg/5ml,Suspensão  Oral,Emb. Frascos de  100ml
AFRI FARMÁCIA LDA,PHENOXYMETILPENICILIN FOR ORAL SOLUTION 250,Fenoximetilpenicilina,250mg/5ml,Suspensão  Oral,Emb. Frascos de 60 e 100ml
AFRI FARMÁCIA LDA,PHENOXYMETILPENICILIN FOR ORAL SOLUTION 125,Fenoximetilpenicilina,125mg/5ml,Suspensão  Oral,Emb. Frascos de 60 e 100ml
AFRI FARMÁCIA LDA,BIOSCINE 20,Brometo de Butil Hioscina,20mg/ml,Solução Injectável,Embalagem com 10 ampolas de 1ml
AFRI FARMÁCIA LDA,PROMETHAZINE HYDROCHLORIDE INJECTION BP,"Prometazina, Hidrocloreto",25mg/ml,Solução injectável,Emb.caixa com 100ampolas de 2ml
AFRI FARMÁCIA LDA,PHENOXYMETHYLPENICILIN TABLETS BP 500,Fenoximetilpenicilina Potássica,500mg,Comprimidos,Emb. Blister de 10x 10 comp e frascos de 500 e  100comp.
AFRI FARMÁCIA LDA,PHENOXYMETHYLPENICILIN TABLETS BP 250,Fenoximetilpenicilina Potássica,250mg,Comprimidos,Emb. Blister de 10x 10 comp e frascos de 500 e  100comp.
AFRI FARMÁCIA LDA,LAXFREE INJECTION,Furosemida,20mg/2ml,Solução Injectável,Embalagem contendo 100 ampolas de 2ml
AFRI FARMÁCIA LDA,AMOCOL 250,"Amoxicilina,Trihidrato",250mg/5ml,Suspensão Oral,Emb. Frascos de 60 e 100ml
"GENERICS & SPECIALITIES, Lda",EFAVIRENZ capsulas,Efavirenz,50mg,Cápsulas,Emb. Frasco de 90 cap.
AFRI FARMÁCIA LDA,EFAVIRENZ,Efavirenz,600mg,Comprimidos,Embalagem de 30 comprimidos
AFRI FARMÁCIA LDA,VACINA MENINGOCÓCICA CONJUGADA MenAfriVac,"Meningocócica polissacarídicaa, toxóide tetânico (transportadora de proteina9","10mcg, 10 a 33mcg",Pó liofilizado  (para injecçôes),frasco de 10 doses + diluentes
AFRI FARMÁCIA LDA,"VACINA CONJUGADA ADSORVIDA CONTRA DIFTERIA, TÉTANO, COQUELUCHE, HEPATITE B E HAEMOPHILUS INFLUENZA TIPO B","Toxóide Difténico, Toxóide tetânico, B. Vacina Pertussis, HBsAg (rDNA), Polissacarídeo Capsular Purificado Hib (PRP) conjugado","≤2.5Lf (≥30 IU), ≥2.5 Lf (≥40IU), ≤16 ou (≥4IU), ≥ 10µg",suspensâo injectável,"único frasco ou ampolas (1x 0,5ml); 2 frascos de dose ( 2 x 0,5ml); dez frascos de dose (10 x 0,5ml)"
AFRI FARMÁCIA LDA,UMERAN 50,Diclofenac Sódico,50mg,Comprimidos,10 blisters de 10 comprimidos
AFRI FARMÁCIA LDA,UMERAN 25,Diclofenac Sódico,25mg,Comprimidos,10 blisters de 10 comprimidos
AFRI FARMÁCIA LDA,ERYTHROMYCIN STEARATE TABLETS,"Eritromicina, Estearato",500mg,Comprimidos,10x10 e Frasco de 1000 comprimidos
AFRI FARMÁCIA LDA,COTRIMOXAZOL 480 BP,Sulfametoxazol + Trimetoprim,400mg+80mg,Comprimidos,"Frasco de 1000 comprimidos, Blister de 10 e 100 comprimidos"
AFRI FARMÁCIA LDA,PYRAZINAMIDE,Pirazinamida,400mg,Comprimidos,1000 comprimidos
AFRI FARMÁCIA LDA,LEVOFLOXACIN 250,Levofloxacina Anídrica,250mg,Comprimidos revestidos,20 x 5 comprimidos
AFRI FARMÁCIA LDA,ETHAMBUTOL,"Etambutol, Hidrocloreto",400mg,Comprimidos,Frasco de 1000 e 24x28 comprimidos
AFRI FARMÁCIA LDA,ISONIAZIDA,Isoniazida,100mg,Comprimidos,24x28 e 10 x 10  comprimidos
AFRI FARMÁCIA LDA,ISONIAZIDA,Isoniazida,300mg,Comprimidos,24x28 e  10 x 10 comprimidos
AFRI FARMÁCIA LDA,CLARIMIN 500,Claritromicina,500mg,Comprimidos Revestidos,10x1x10 comprimidos
AFRI FARMÁCIA LDA,CLARIMIN 250,Claritromicina,250mg,Comprimidos revestidos,Embalagem contendo blisters Alu/PVC de 10x1x10 comprimidos
AFRI FARMÁCIA LDA,ATENOLOL 100,Atenolol,100mg,Comprimidos,Frasco de 100 comprimidos
"GENERICS & SPECIALITIES, Lda",SALIN GOTAS NASAIS SALINAS,Cloreto de Sódio,"0,65% w/v",gotas nasais,frasco de 15ml
"GENERICS & SPECIALITIES, Lda",CO - PILL,Levonorgestrel,1.5mg,Comprimidos,blister de 1 comprimido
"GENERICS & SPECIALITIES, Lda",MYOKINASE,estreptoquinase recombinante,1.500.000 UI,Pó para ser reconstituido numa soluçao antes de infusâo,frasco 6R claro blow back lyo
"GENERICS & SPECIALITIES, Lda",STERON TABLETS,Noretisterona,5mg,Comprimidos,embalagem de 10 carteiras x 10 comprimidos; 1 blister Alu-PVC de 21 comprimidos
"GENERICS & SPECIALITIES, Lda",NITRO,Nitrufurantoína,100mg,Comprimidos,10 blister x 10 comp
"GENERICS & SPECIALITIES, Lda",LOPNOL-300,Alopurinol,300mg,Comprimidos,10 Blisters x 10 comprimidos
"GENERICS & SPECIALITIES, Lda",LOPNOL-100,Alopurinol,100mg,Comprimidos,10 Blisters x 10 comprimidos
"GENERICS & SPECIALITIES, Lda",ACNEGEL-B,"Clindamicina, fosfato + peróxido de benzoil hidratado",1% w/w + 5% w/w,gel,bisnaga de 15g
AFRI FARMÁCIA LDA,LAMIVUDINA + ZIDOVUDINA,Lamivudina + Zidovudina,150mg + 300mg,Comprimidos,embalagem de 60 comprimidos
AFRI FARMÁCIA LDA,EFAVIRENZ 600MG COMPRIMIDOS,Efavirenz,600mg,Comprimidos,embalagem de 30 comprimidos
"GENERICS & SPECIALITIES, Lda",INSUGEN - R (REGULAR),Insulina humana Ph.Eur (insulina de origem do ADN humano recombinante,100UI/5ml,Injectável,frasco de 10ml
"GENERICS & SPECIALITIES, Lda",INSUGEN - N (NPH),Insulina humana Ph.Eur (insulina de origem do ADN humano recombinante,100UI/5ml,Injectável,frasco de 10ml
"GENERICS & SPECIALITIES, Lda",INSUGEN - 30/70 (BIFASICO),Insulina humana Ph.Eur (insulina de origem do ADN humano recombinante,100UI/5ml,Injectável,frasco de 10ml
AFRI FARMÁCIA LDA,NEVIRAPINA,Nevirapina,200mg,Comprimidos,Frasco de 60 comprimidos
AFRI FARMÁCIA LDA,SIVATIN - 20,Sinvastatina,20mg,Comprimidos,Frasco de 100 comprimidos
AFRI FARMÁCIA LDA,SALBUTAMOL NEBULISER SOLUTION,"Salbutamol, Sulfato",5mg/ml,solução nebulizador,frasco de 20ml
AFRI FARMÁCIA LDA,LIDOCAINA 2%,"Lidocaína, Hidrocloreto",20mg/ml,Solução Injectável,10 x 10 ampolas de 2ml
"GENERICS & SPECIALITIES, Lda",DAZOL - 200,Danazol,200mg,Cápsulas,1 blister x 10 cápsulas
AFRI FARMÁCIA LDA,AMOXICILLIN CAPSULAS,"Amoxicilina,Trihidrato",500mg,Cápsulas,frasco HDPE contendo 1000 cápsulas 10 x 10
AFRI FARMÁCIA LDA,AMOCOL 125,"Amoxicilina,Trihidrato",125mg/5ml,Suspensão Oral,Frasco de 100ml e frasco de 60ml
"GENERICS & SPECIALITIES, Lda",METRONIDAZOL,Metronidazol,200mg/5ml,Suspensâo oral,Frasco de 60ml com tampa de 10ml para medição
"GENERICS & SPECIALITIES, Lda",VIVIAN GEL BP,"Diclofenac, dietilamina + salicilato de metilo + mentol + óleo de linhaça","1,16% + 10,00% + 5,00% + 3,00%",Gel,embalagem de 30g
"GENERICS & SPECIALITIES, Lda",STROM 50,"Tramadol, cloridrato",50mg,Cápsulas,Embalagem contendo blisters de 10 x10 Cápsulas
"GENERICS & SPECIALITIES, Lda",AMINOGEN,Aminofilina,100mg,Comprimidos,embalagem de 10 x 10
"GENERICS & SPECIALITIES, Lda",K- FUROX,cefuroxima,750mg,Pó para Injecção,frasco de 10ml
"GENERICS & SPECIALITIES, Lda",K- FUROX,cefuroxima,1.5g,Pó para Injecção,frasco de 20ml
AFRI FARMÁCIA LDA,VALSTAL - 200,Valproato de Sódio,200mg,Comprimidos,10 blister de 10 comprimidos
AFRI FARMÁCIA LDA,ISOSORBIDE DINITRATE,Dinitrato de isossorbido,40mg,Comprimidos,embalagem de 100 comprimidos
AFRI FARMÁCIA LDA,IRON DEXTRAIN INJECTION,Hidroxido de ferro + Dextrano,5%m/v + 20%m/v,injectável,10 ampola de 2ml
"GENERICS & SPECIALITIES, Lda",OTO - 4 EAR DROPS,"Beclometasona, dipropionato + Clotrimazol + Lidocaina, hidrocloreto + Ofloxacina","0,025%w/v + 1%w/v + 2%w/v + 0,3%w/v",gotas auriculares,Frasco conta gotas de 10ml
"GENERICS & SPECIALITIES, Lda",FESATE,Sulfato ferroso,200mg,Comprimidos,Frasco HDPE de 100 comprimidos
AFRI FARMÁCIA LDA,RIFAMPICINA + ISONIAZIDA + PIRAZINAMIDA + HIDROCLORETO DE ETAMBUTOL USP,"Rifampicina + Isoniazida + Pirazinamida + Etambutol,  hidrocloreto",150mg + 75mg + 400mg + 275mg,Comprimidos revestidos,Blister Alu/PVC/PVDC de 24 carteiras de 28 comprimidos volume de 1000 Comprimidos
AFRI FARMÁCIA LDA,RIFAMPICINA & ISONIAZIDA,Rifampicina + Isoniazida,150mg + 75mg,Comprimidos,24 carteiras de 28 Comprimidos
AFRI FARMÁCIA LDA,CYCLOSERINA USP 250MG,cicloserina,250mg,Cápsulas de gelatina dura,25 carteiras de10 cápsulas
"GENERICS & SPECIALITIES, Lda",ECERIDOL,Haloperidol,5mg,Comprimidos,frasco de 500 comp
"GENERICS & SPECIALITIES, Lda",AMIZOLE,"Amitriptilina, hidrocloreto",25mg,Comprimidos,frasco de 500 comp
"GENERICS & SPECIALITIES, Lda",ÁCIDO FÓLICO,Ácido Fólico,5mg,Comprimidos,Embalagem de 10 x 10 comp
"GENERICS & SPECIALITIES, Lda",TRAMAGEN,"Tramadol, cloridrato",50mg/ml,injectavél,5 ampolas de 2ml
"GENERICS & SPECIALITIES, Lda",RANIGEN,"Ranitidina, cloridrato",25mg,Solução Injectável,5 ampolas de 2ml
"GENERICS & SPECIALITIES, Lda",AMINOGEN,Aminofilina,25mg/ml,injectavél,10 ampolas de 10ml
"GENERICS & SPECIALITIES, Lda",ALLPHENICOL,Cloranfenicol,1g,Injectável,Embalagem de 50 frascos
"GENERICS & SPECIALITIES, Lda",ERYTHROGEN 250,Eritromicina,250mg/5ml,Po para suspensao,frasco de 100ml
"GENERICS & SPECIALITIES, Lda",ERYTHROGEN 125,Eritromicina,125mg/5ml,Po para suspensao,frasco de 100ml
"GENERICS & SPECIALITIES, Lda",CEFARIX 125 DS,Cefalexina,125mg,Suspensão Oral,10 Frascos de 100ml
"GENERICS & SPECIALITIES, Lda",FETON Syrup,Hidróxido de ferro (III)+ Ácido fólico,"50mg + 0,5mg",Xarope,Frasco de 150ml
"GENERICS & SPECIALITIES, Lda",GENVIR - 200,Aciclovir,200mg,Comprimido,10 blister de 10 comprimidos
"GENERICS & SPECIALITIES, Lda",APEDINE,"Ciproheptadina, hidrocloreto",2mg/5ml,Xarope,frasco de 100ml
"GENERICS & SPECIALITIES, Lda",NORGEN,Norfloxacina,400g,Comprimidos,10 blister de 10 comprimidos
AFRI FARMÁCIA LDA,LOSAGEN 50,Losartan Potássico,50mg,Comprimidos revestidos,3 blister de 10 comprimidos
AFRI FARMÁCIA LDA,LOSAGEN 100,Losartan Potássico,100mg,Comprimidos revestidos,4 blister de 10 comprimidos
"GENERICS & SPECIALITIES, Lda",PROPRANOLOL TABLES BP,Propranolol,40mg,Comprimidos,10blister de 10 comprimidos
"GENERICS & SPECIALITIES, Lda",LEVORIN,Leucovorina cálcio,15mg,Comprimidos revestidos,embalagem de 30comprimidos
"GENERICS & SPECIALITIES, Lda",GENVIR 400,Aciclovir,400mg,Comprimido,10 blister de 10 comprimidos
"GENERICS & SPECIALITIES, Lda",FLUCOMOL,"Paracetamol + Dextrometorfano, hidrocloreto + Clorfeniramina, maleato + Fenilefrina, Hidrocloreto",500mg + 15mg + 2mg + 10mg,cápsulas,10 blister de 10 cápsulas
"GENERICS & SPECIALITIES, Lda",ENALAPRIL MALEATE,"Enalapril, maleato",10mg,Comprimido,Embalagem contendo 10x10 comprimidos
AFRI FARMÁCIA LDA,TAMY 0.4,Tansulosina,0.4mg,Cápsula dura de gelatina,2 blister de 15 cápsulas
"GENERICS & SPECIALITIES, Lda",GZOLE - S,Albendazol,200mg/5ml,Suspensâo oral,frasco de 10ml
"GENERICS & SPECIALITIES, Lda",METACAIN 2% jelly,"Lidocaína, Hidrocloreto",20mg,Gel,bisnaga de 30g
AFRI FARMÁCIA LDA,ANATERO,Anastrozol,1mg,Comprimidos revestidos,Frasco de 30 comprimidos
AFRI FARMÁCIA LDA,LETERO,Letrozol,2.5mg,Comprimidos Revestidos,Frasco de 30 comprimidos
"GENERICS & SPECIALITIES, Lda",OMEPRAZOL Pó  liofilizado para infusão I.V.,Omeprazol,40mg,pó para injecção,Frasco de 10ml
AFRI FARMÁCIA LDA,SULFAMETOXAZOL + TRIMETOPRIM,Sulfametoxazol + Trimetoprim,400mg+80mg,Comprimidos,Frasco de 1000 comprimidos
AFRI FARMÁCIA LDA,SODIUM CHLORIDE Injection,Cloreto de Sódio,45mg/5ml,Solução injectável,Embalagem de 5 x 240 ampolas
AFRI FARMÁCIA LDA,PARACETAMOL,Paracetamol,500mg,Comprimidos,Frasco de 1000 comprimidos
AFRI FARMÁCIA LDA,METRONIDAZOL,Metronizadol,250mg,Comprimidos,Frasco de 1000 comprimidos 10x10
AFRI FARMÁCIA LDA,IBUPROFENO 200,Ibuprofeno,200mg,Comprimidos,Frascos de 100 comprimidos
AFRI FARMÁCIA LDA,ACETYSALICYLIC ACID TABLETS,Ácido Acetilsalicílico,500mg,Comprimidos,Frasco de 1000 comprimidos
AFRI FARMÁCIA LDA,PANTIN 20,Pantoprazol sódico,20mg,Comprimidos revestidos,10 blister de 10 comprimidos e 3x10
"GENERICS & SPECIALITIES, Lda",SILVADEX CREAM,Sulfadiazina de Prata,10mg,Creme tópico,Boiao de 500mg
"GENERICS & SPECIALITIES, Lda",RUBIGEL,Óleo de Linhança + Diclofenac dietil de Amónio + Mentol + Salicilato de metil,30mg + 12.18mg + 50mg + 100mg,Gel Tópico,Bisnaga de 30g
AFRI FARMÁCIA LDA,TRAMAGESIC 100,"Tramadol, Hidrocloreto",100mg/2ml,Injectável,Ampola de 2ml
AFRI FARMÁCIA LDA,TRUSTIVA,Efavirenz + Emtricitabina + Tenofovir disoproxil fumarato,600mg + 200mg + 300mg,Comprimidos Revestidos,frasco de 30 comprimidos
AFRI FARMÁCIA LDA,BICATERO 50,Bicalutamida,50mg,Comprimidos Revestidos,Frasco de 30 comprimidos
AFRI FARMÁCIA LDA,BICATERO 150,Bicalutamida,150mg,Comprimidos Revestidos,Frasco de 30 comprimidos
AFRI FARMÁCIA LDA,PARACOL,Paracetamol,500mg,Comprimidos,Frasco de 1000 comprimidos e caixa de 100x10
AFRI FARMÁCIA LDA,ALBENDAZOL,Albendazol,200mg,Comprimidos,Frasco de 25 comprimidos
AFRI FARMÁCIA LDA,ATENOLOL,Atenolol,100mg,Comprimidos,Frasco de 1000 comprimidos
AFRI FARMÁCIA LDA,ASCORBIC ÁCIDO,Ácido ascórbico,100mg,Comprimidos,"Frasco de 1000 comprimidos, 10x 10"
AFRI FARMÁCIA LDA,BUPIVACAINA HIDROCLORIDO,"Bupivacaína, hidrocloreto",5mg/ml,Solução Injectável,frasco de 20ml
AFRI FARMÁCIA LDA,"EFAVIRENZ, LAMIVUDINE AND TENOFOVIR DISOPROXIL FUMARATE TABLETS",Efavirenz + Lamivudina + Tenofovir disoproxil fumarato,600mg + 300mg + 300mg,Comprimidos,frasco de 30 comprimidos
AFRI FARMÁCIA LDA,HYOSCINE BUTYLBROMIDE,Hioscine Butilbromido,20mg/ml,Injectável,ampola de 1ml
AFRI FARMÁCIA LDA,CARBAMAZEPINE,Carbamazepina,200mg,Comprimidos,"Frasco de 1000 comprimidos, 10x10"
AFRI FARMÁCIA LDA,MONAST 5,Montelucaste de Sódio,5mg,Comprimidos mastigaveis,embalagem de 3x10
AFRI FARMÁCIA LDA,MONAST 10,Montelucaste de Sódio,10mg,comprimidos,embalagem de 3 blistersx 10 comprimidos
AFRI FARMÁCIA LDA,THIOPENTAL,Tiopental,1g,pó estéril para injecçâo,frasco de 20ml
AFRI FARMÁCIA LDA,SODIUM CHLORIDE 20%,Cloreto de Sódio,200mg/ml,Solução injectável,Ampola de 20ml
AFRI FARMÁCIA LDA,RIFAMPICINA + ISONIAZIDA + PIRAZINAMIDA,Rifampicina + Isoniazida + pirazinamida,30mg + 60mg + 150mg,Comprimidos dispersível,3 blister de 28 comprimidos
AFRI FARMÁCIA LDA,MONOPAS 4G,Aminosalicilato Sódico,600mg/g,Grânulos,30 saquetas
AFRI FARMÁCIA LDA,KAPOCIN,Capreomicina,1000mg,Injectável,Frasco de10 ml
AFRI FARMÁCIA LDA,TENOF,Tenofovir Disoproxil Fumarato,300mg,Comprimidos,Frasco de 30 comprimidos
AFRI FARMÁCIA LDA,GLUMAC®,Arteméter + Lumefantrina,20mg + 120mg,Comprimidos,"embalagem com 6, 12, 18 e 24 comprimidos"
AFRI FARMÁCIA LDA,ASAQ GPSC,Artesunato + Amodiaquina,100mg + 270mg,Comprimidos,embalagem de 6 comprimidos
AFRI FARMÁCIA LDA,ASAQ GPSC,Artesunato + Amodiaquina,50mg + 135mg,Comprimidos,embalagem de 3 comprimidos
AFRI FARMÁCIA LDA,ASAQ GPSC,Artesunato + Amodiaquina,"25mg + 67,5mg",Comprimidos,embalagem de 3 comprimidos
AFRI FARMÁCIA LDA,ZIDOVUDINA TABLETS,Zidovudina,300mg,Comprimidos,Embalagem de 60 comprimidos
AFRI FARMÁCIA LDA,G - COSPE,Sulfadoxina + Pirimetamina,500mg + 25mg,Comprimidos,"Blister de 3 comprimidos, embalagem de 100 comprimidos e frasco de 1000 comprimidos"
AFRI FARMÁCIA LDA,GEMTERO 1g,"Gemcitabina, hidrocloreto",1g,Pó para solução injectável,frasco de 1g
AFRI FARMÁCIA LDA,GEMTERO,"Gemcitabina, hidrocloreto",200mg,Pó para solução injectável,frasco de 200mg
AFRI FARMÁCIA LDA,GEMCITAPAR,"Gemcitabina, hidrocloreto",200mg,Injectável,Frasco de 50ml
AFRI FARMÁCIA LDA,STREPTOMYCIN,"Estreptomicina, Sulfato",1g,Injectável,Embalagem de 50 ampolas de 10ml
AFRI FARMÁCIA LDA,PACLIPAR -100,Paclitaxel,100mg/16.7ml,Injectável,Frasco de 50ml
AFRI FARMÁCIA LDA,MEASLES VACCINE live Attenuated (Freeze-Dried),Virus do sarampo,1000 CCID50,Injecção liofilizada,Frasco de 10 doses de 5ml
AFRI FARMÁCIA LDA,MEASLES AND RUBELLA VACCINE live Attenuated (Freeze-Dried),Virus do sarampo + virus da Rubéola,1000 CCID50 + 1000 CCID50,Injecção liofilizada,Frasco de 10 doses de 5ml
AFRI FARMÁCIA LDA,LAMIVUDINE TABLETS,Lamivudina,150mg,Comprimidos,embalagem de 60comprimidos
AFRI FARMÁCIA LDA,REPOITIN 4000,Eritropoetina Humana Recombinante (rHuEPO),4000IU/1.0ml,Solução injectavel,Embalagem de 1 ampola e embalagem de 10 ampolas
AFRI FARMÁCIA LDA,REPOITIN 2000,Eritropoetina Humana Recombinante (rHuEPO),2000IU/0.5ml,Solução injectavel,Embalagem de 1 ampola e embalagem de 10 ampolas
AFRI FARMÁCIA LDA,ESTAVUDINE,Estavudina,30mg,comprimidos,frasco de 60 cápsulas
"GENERICS & SPECIALITIES, Lda",LABOCAINE GEL,"Lidocaína, Hidrocloreto",20mg/g,Gel,bisnaga de 15g
"GENERICS & SPECIALITIES, Lda",IBULAB - 200,Ibuprofeno,200mg,comprimidos revestidos,frasco de 1000 comprimidos
"GENERICS & SPECIALITIES, Lda",BISCOLAB- 5,Bisacodil,5mg,Comprimidos revestidos,Frasco de 100 comprimidos
AFRI FARMÁCIA LDA,LOPINAVIR & RITONAVIR,Lopinavir + Ritonavir,200mg + 50mg,Comprimidos,Frasco de 120 comprimidos
AFRI FARMÁCIA LDA,"EFAVIRENZ, EMTRICITABINE & TENOFOVIR DISOPROXIL FUMARATO",Efavirenz + Emtricitabina + Tenofovir disoproxil fumarato,600mg + 200mg + 300mg,Comprimidos,Frasco de 30 comprimidos
"GENERICS & SPECIALITIES, Lda",VIBLE (Complexo B),"Tiamina, hidrocloreto (Vit B1) + Riboflavina (Vit B2) + Piridoxina (vit B6) + Nicotinamida + Acido fólico + Cianocobalamina ( vit B13)",1mg + 1mg + 1mg + 15mg + 500mg + 15mg,comprimidos revestidos,Frasco de 1000 comprimidos
"GENERICS & SPECIALITIES, Lda",LACHLOR ORAL SUSPENSION,"Cloranfenicol, palmitato",250mg/5ml,Suspensão oral,frasco de 100ml
"GENERICS & SPECIALITIES, Lda",LABOZINE - 50,Hidralazina,50mg,Comprimidos revestidos,Frasco de 1000 comprimidos
"GENERICS & SPECIALITIES, Lda",LABMET - 10,"Metoclopramida, hidrocloreto",10mg,Comprimidos revestidos,Frasco de 1000 comprimidos
AFRI FARMÁCIA LDA,KABIMOL,Paracetamol,1%w/v,Injectável,frasco de 100ml
"GENERICS & SPECIALITIES, Lda",GLISEN MF2,"Glimepirida + Metformina, Hidrocloreto",2mg + 500mg,Comprimidos,3 Blister de 10 comprimidos
"GENERICS & SPECIALITIES, Lda",GLISEN MF1,"Glimepirida + Metformina, Hidrocloreto",1mg + 500mg,Comprimidos,Blister de 10 comprimidos
"GENERICS & SPECIALITIES, Lda",AXOGURD 75,Pregabalina,75mg,Cápsulas,3 blister de 10 cápsulas
"GENERICS & SPECIALITIES, Lda",AXOGURD 300,Pregabalina,300mg,Cápsulas,3 blister de 10 cápsulas
"GENERICS & SPECIALITIES, Lda",AXOGURD 150,Pregabalina,150mg,Cápsulas,3 blister de 10 cápsulas
AFRI FARMÁCIA LDA,LIDOCAINE 2%,"Lidocaína, hidrocloreto",2%,Gel,Bisnaga de 20g
AFRI FARMÁCIA LDA,FLUCONAZOLE,Fluconazol,200mg,Comprimidos,Frasco de 100 comprimidos
AFRI FARMÁCIA LDA,SILVER SULFADIAZINE CREAM USP,Sulfadiazina de Prata,1%,Creme,bisnaga de 15g
AFRI FARMÁCIA LDA,MOXIMAC,Moxifloxacina,400mg,Comprimidos revestidos,1blister de 5 comprimidos
AFRI FARMÁCIA LDA,MANNITOL INTRAVENOUS INFUSION,Manitol,0.2,Infusão Intravenosa,Frasco de 500ml
AFRI FARMÁCIA LDA,LUMITER,Arteméter + Lumefantrina,20mg +120mg,Comprimidos,"Embalagem de 24, 1x6, 2x6, 4x6, 30x6, 1x8, 1x12, 1x18, 1x24, 2x8, 3x8, 30x12, 30x18, 30x24comprimidos"
AFRI FARMÁCIA LDA,GLUCOSE INTRAVENOUS INFUSION B.P,Glicose,300g/l,Injectável,frasco de 500ml
"GENERICS & SPECIALITIES, Lda",MORAL 5,Montelucaste sódico,5mg,Comprimidos mastigáveis,3 blister de 10 comprimidos
"GENERICS & SPECIALITIES, Lda",MORAL 4,Montelucaste sódico,4mg,Comprimidos mastigáveis,3 blister de 10 comprimidos
"GENERICS & SPECIALITIES, Lda",MORAL 10,Montelucaste sódico,10mg,Comprimidos revestidos,3 blister de 10 comprimidos
AFRI FARMÁCIA LDA,PREDNISOLONE TABLETS,Prednisolona,20mg,Comprimidos,Frasco de 100 comprimidos
AFRI FARMÁCIA LDA,LEVOMAC 500,Levofloxacina,500mg,Comprimidos revestidos,1 blister de 5 comprimidos
AFRI FARMÁCIA LDA,GABAPENTIN CAPSULES,Gabapentina,300mg,Cápsulas,Frasco de 100 Cápsulas
AFRI FARMÁCIA LDA,DIGOXIN TABLETS,Digoxina,0.25mg,Comprimidos nao revestidos,Embalagem em frasco de 100 comprimidos
AFRI FARMÁCIA LDA,AMLODIPINE TABLETS,"Amlodipina, besilato",10mg,Comprimidos,Frasco de 100 comprimidos e 10 blister de 10 comprimidos
"GENERICS & SPECIALITIES, Lda",VIBEL TONE,"tiamina, hidrocloreto (Vit B1) + Riboflavina (Vit B2) + Piridoxina Hcl (vit B6) + Cianocobalamina ( vit B13) +Nicotinamida +carmosina",1.5mg + 2.0mg + 1mg + 1mcg + 15mg +,xarope,Embalagem com frasco PET de cor ambar de 100ml
"GENERICS & SPECIALITIES, Lda",LABOCALAMINE LOTION,Calamina,0.2% w/v,Locao,Embalagem com 1 frasco de cor ambar de 200ml
"GENERICS & SPECIALITIES, Lda",KANALAB 1g,"Kanamicina, sulfato",1g/3ml,Solucao injectavel,Embalagem em ampolas com 1g/3ml
"GENERICS & SPECIALITIES, Lda",HYOCIN-10 TABLETS,Butilbrometo de hioscina,10mg,Comprimidos,Embalagem em frasco PEAD de 1000 comprimidos
"GENERICS & SPECIALITIES, Lda",DIXILABOS,Acido nalidixico,300mg/5ml,Suspensao oral,Embalagem em frasco PET ambar de 100ml
"GENERICS & SPECIALITIES, Lda",CHLORANPHENICOL EAR DROPS,Cloranfenicol,50mg/ml,Gotas auriculares,Embalagem em frasco plastico de 10ml
"GENERICS & SPECIALITIES, Lda",CANDILAB,Clotrimazol,1%,Creme tópico,Embalagem com 1 bisnaga de 30g
"GENERICS & SPECIALITIES, Lda",BETALAB-S,"Betametasona, diproprionato + Ácido Salicílico",0.05% + 3%,Pomada,Embalagem com 1 bisnaga de 30g
"GENERICS & SPECIALITIES, Lda",ACILAB - 400,Aciclovir,400mg,Comprimidos Revestidos,Embalagem em frasco PEAD de 500 comprimidos
AFRI FARMÁCIA LDA,SODIUM CHLORIDE INTRAVENOUS INFUSION BP 0.9% W/V,Cloreto de Sódio,0.9% W/V,Infusão Intravenosa,Frasco de polietileno de 500ml
AFRI FARMÁCIA LDA,PYRIDOXINE,"Piridoxina, Cloridrato",50mg,comprimidos revestidos,Frasco de 100 comprimidos
AFRI FARMÁCIA LDA,CLONAZEPAM TABLETS,Clonazepam,2mg,Comprimidos,Frasco de 100 comprimidos
AFRI FARMÁCIA LDA,AMITRIPTYLINE HYDROCHLORIDE TABLETS USP 25mg,"Amitriptilina, Cloridrato",25mg,comprimidos revestidos por pelicula,Frasco de 100 comprimidos
AFRI FARMÁCIA LDA,SODIUM CHLORIDE INTRAVENOUS INFUSION BP 0.45% W/V,Cloreto de Sódio,0.45% W/V,Solução injectável,Frasco de polietileno de 500ml
AFRI FARMÁCIA LDA,SINVASTATIN TABLETS BP,Sinvastatina,20mg,Comprimidos,Frasco de 100 comprimidos e 10 blister de 10 comprimidos
AFRI FARMÁCIA LDA,KANAMAC 1000,"Kanamicina, Sulfato",1000mg,Po para injeccao,Frasco de vidro tipo III de 10ml
AFRI FARMÁCIA LDA,GLICLAZIDE TABLETS BP,Gliclazida,80mg,Comprimidos,Frasco de 100 comprimidos
AFRI FARMÁCIA LDA,CARBIMAZOLE TABLETS BP,Carbimazol,5mg,Comprimidos,Frasco de 100 comprimidos e 10 blister de 10 comprimidos
"GENERICS & SPECIALITIES, Lda",EFAVIRENZ + LAMIVUDINE + TEENOFOVIR DISPROXIL FUMARATE,Efavirenz + Lamivudine + Tenofovir disoproxil fumarato,600mg + 300mg + 300mg,Comprimidos,Frasco de 30 comprimidos
AFRI FARMÁCIA LDA,SPIRONOLACTONE TABLETS BP,Espironolactona,25mg,Comprimidos,Frasco de 100 comprimidos
AFRI FARMÁCIA LDA,NIFEDIPINE EXTENDED RELEASE,Nifedipina,30mg,Comprimidos,Frasco de 100 comprimidos
AFRI FARMÁCIA LDA,AMIODARONA HCL,"Amiodarona, cloridrato",200mg,comprimidos,Frasco de 100 comprimidos
AFRI FARMÁCIA LDA,ACICLOVIR TABLETS BP 400MG (DISPERSIBLE),Aciclovir,400mg,Comprimido,Frasco de 100 comprimidos
AFRI FARMÁCIA LDA,PROMETAZINE HYDROCHLORIDE,"Prometazina, cloridrato",25mg,Comprimidos,Frasco de 100 comprimidos
AFRI FARMÁCIA LDA,PRESARTAN H 50,Losartan PotássiCo + Hidroclorotiazida,50mg + 12.5mg,Comprimidos revestidos,2 blister de 14 comprimidos
AFRI FARMÁCIA LDA,PHENYTOIN SODIUM,Fenitoína Sódica,100mg,Comprimidos revestidos,Frasco de 100 comprimidos
AFRI FARMÁCIA LDA,LIZOMAC,Linezolida,600mg,Comprimidos revestidos,6 blister de 10 comprimidos
AFRI FARMÁCIA LDA,LEVOMAC 750,Levofloxacina,750mg,Comprimidos revestidos,10 blister de 10 comprimidos
AFRI FARMÁCIA LDA,CHLORPROMAZINE,"Clorpromazina, cloridrato",100mg,Comprimidos revestidos,Frasco de 100 comprimidos
AFRI FARMÁCIA LDA,THEOCLAV - 625,Amoxicilina + Ácido Clavulânico,500mg + 125mg,comprimidos revestidos,2 blister de 10 comprimidos
AFRI FARMÁCIA LDA,THEOCLAV - 375,Amoxicilina + Ácido Clavulânico,250mg + 125mg,comprimidos revestidos,2 blister de 10 comprimidos
AFRI FARMÁCIA LDA,THEOCLAV - 228.5,Amoxicilina + Ácido Clavulânico,200mg + 22.8mg,Pó para suspensão oral,Frasco de 100ml
AFRI FARMÁCIA LDA,THEOCLAV - 156.25,Amoxicilina + Ácido Clavulânico,125mg + 31.25mg,Pó para suspensão oral,Frasco de 100ml
AFRI FARMÁCIA LDA,THEOCLAV - 1000,Amoxicilina + Ácido Clavulânico,875mg + 125mg,comprimidos revestidos,2 blister de 10 comprimidos
AFRI FARMÁCIA LDA,ARTESUN®,Artesunato,30mg,Pó para injecção,Embalagem contendo 1 frasco com 1 ampola  de 2ml de Bicarbonato de sódio e 1 ampola de 10ml de cloreto de sódio
AFRI FARMÁCIA LDA,ARTESUN®,Artesunato,120mg,Pó para injecção,Embalagem contendo 1 frasco com 1 ampola  de 2ml de Bicarbonato de sódio e 1 ampola de 10ml de cloreto de sódio
"GENERICS & SPECIALITIES, Lda",TELLZY H,Telmisartan + Hidroclorotiazida,40mg + 12.5mg,Comprimidos,3 blister de 10 comprimidos
"GENERICS & SPECIALITIES, Lda",TELLZY 80,Telmisartan,80mg,Comprimidos,3 blister de 10 comprimidos
"GENERICS & SPECIALITIES, Lda",TELLZY 40,Telmisartan,40mg,Comprimidos,3 blister de 10 comprimidos
"GENERICS & SPECIALITIES, Lda",T3 MYCIN GEL,Clindamicina,1%w/w,Gel,Bisnaga de 25g
"GENERICS & SPECIALITIES, Lda",ROSAVE 20,Rosuvastatina Cálcica,20mg,Comprimidos,3 blister de 10 comprimidos
"GENERICS & SPECIALITIES, Lda",ROSAVE 10,Rosuvastatina Cálcica,10mg,Comprimidos,3 blister de 10 comprimidos
"GENERICS & SPECIALITIES, Lda",MOXOFT 400,Moxifloxacina,400mg,comprimidos,Comprimidos revestidos
"GENERICS & SPECIALITIES, Lda",H- CORT CREAM,Hidrocortisona,1%w/w,Creme,bisnaga de 15g
"GENERICS & SPECIALITIES, Lda",GLISEN 2,Glimepirida,2mg,Comprimidos,3 blister de 10 comprimidos
"GENERICS & SPECIALITIES, Lda",FOBANCORT CREAM,Àcido Fusidico + Diproprionato de Betametasona,2%w/w + 0.064%w/w,Creme,bisnaga de 5g e de 15g
AFRI FARMÁCIA LDA,TENOFOVIR DISOPROXIL FUMARATO+ LAMIVUDINA,Tenofovir disopropil fumarato + Lamivudina,300mg + 300mg,Comprimidos revestidos,Frasco de 30 comprimidos
AFRI FARMÁCIA LDA,MERIGENTA,"Gentamicina, sulfato",20mg/2ml,Injectável,50 ampolas de 2ml
AFRI FARMÁCIA LDA,AZIMER PLUS,Azitromicina,200mg/5ml,suspensão oral,Frasco de 15ml
AFRI FARMÁCIA LDA,RENOL 50,Atenolol,50mg,comprimidos,Frasco 100 comprimidos
AFRI FARMÁCIA LDA,DOLAC 50,Diclofenac,50mg,comprimidos,Frasco 500 comprimidos
AFRI FARMÁCIA LDA,T - STAT,Ácido tranexâmico,500mg/5ml,injectável,25 ampolas de 5ml
AFRI FARMÁCIA LDA,LOPINAVIR & RITONAVIR,Lopinavir + Ritonavir,200mg + 50mg,Comprimidos,Frasco de 120 comprimidos
AFRI FARMÁCIA LDA,CLARITHROMYCIN,Claritromicina,250mg,comprimidos,10 blister de 10 comprimidos
AFRI FARMÁCIA LDA,ZERODOL,Aceclofenac,100mg,comprimidos,3 blisters de 10 comprimidos
AFRI FARMÁCIA LDA,ETOVA-500,Etodolac,500mg,Comprimidos,3 blisters de 10 comprimidos
AFRI FARMÁCIA LDA,ETOVA-400,Etodolac,400mg,Comprimidos,3 blisters de 10 comprimidos
AFRI FARMÁCIA LDA,RIFAMPICIN + ISONIAZID + PYRAZINAMIDE,Rimfapicina + Isoniazida + Pirazinamida,75mg + 50mg + 150mg,Comprimidos dispersivel,Frasco de 100 comprimidos e blisters de 3 blisters de 28 comprimidos
AFRI FARMÁCIA LDA,PRESARTAN 50,"Losartan, potássico",50mg,comprimidos revestidos,2 blister de 14 comprimidos
AFRI FARMÁCIA LDA,LOPINAVIR & RITONAVIR,Lopinavir + Ritonavir,100mg + 25mg,Comprimidos,Frasco de 120 comprimidos
AFRI FARMÁCIA LDA,AZIFAST - 500,Azitromicina,500mg,comprimidos revestidos,blister de 3 comprimidos
AFRI FARMÁCIA LDA,ALOVIR 800,Aciclovir,800mg,Comprimido,embalagem de 10 x 10 comprimidos
AFRI FARMÁCIA LDA,ALOVIR 400,Aciclovir,400mg,Comprimido,Frasco de 100 comprimidos
AFRI FARMÁCIA LDA,TEMOTERO 250,Temozolomida,250mg,Cápsula,Frasco de 5 cápsulas
AFRI FARMÁCIA LDA,TEMOTERO 20,Temozolomida,20mg,Cápsula,Frasco de 5 cápsulas
AFRI FARMÁCIA LDA,TEMOTERO 100,Temozolomida,100mg,Cápsula,Frasco de 5 cápsulas
AFRI FARMÁCIA LDA,PACLITERO,Paclitaxel,30mg/5ml,injectável,Frasco de 5ml
AFRI FARMÁCIA LDA,LAMIVUDINE ORAL SOLUTION,Lamivudina,10mg/ml,Solução oral,Frasco de 240ml
"GENERICS & SPECIALITIES, Lda",ComBE Five®,Toxóide Diftérico + Toxóide tetânico + Toxóide pertussis + R-HBsAg + Polissacárido capsular purificado de Hib ligado a toxóide tetânico,25Lf + 5.5Lf + 161OU + 12.5mcg + 11mcg,Suspensão para injectável,48 Frascos de 1 dose de 0.5ml e 24 frascos de 10 doses de 5ml
AFRI FARMÁCIA LDA,ZOLID,Linezolida,600mg,comprimidos,1 blster de 10 comprimidos
"GENERICS & SPECIALITIES, Lda","DIPHTHERIA AND TETANUS VACCINE (ADSORBED, REDUCED ANTIGEN (S)CONTENT) BE Td®",Toxóide Diftérico + Toxóide tetânico,2LF (≥2UI) + 8.8LF (≥20UI),suspenção para injecção,48 ampolas de dose unica de 0.5ml e 24 ampolas de 10 doses de 5ml
"GENERICS & SPECIALITIES, Lda",ADSORBED TETANUS VACCINE BP BETT,Toxóide tetânico,≥40UI,suspenção para injecção,48 ampolas de 0.5ml e 30 ampolas de 5ml
AFRI FARMÁCIA LDA,SOFGEN,Sofosbuvir,400mg,Comprimidos revestidos,Frascos de 28 comprimidos
AFRI FARMÁCIA LDA,LAMIVUDINA + EFAVIRENZ + TENOFOVIR DISOPROXIL FUMARATO,Lamivudina + Efavirenz + Tenofovir Disopropil Fumarato,300mg + 600mg + 300mg,Comprimidos,Frasco de 30 e 90 comprimidos
AFRI FARMÁCIA LDA,INACTIVATED POLIMYTIS VACCINE SUSPENSION FOR INJECTION ONE DOSE,Pólio virus tipo 1 + Pólio virus tipo 2 + Pólio virus tipo 3,40D + 8D + 32D Unidades antígenos,Suspensão para injectável,Frasco de 0.5ml
AFRI FARMÁCIA LDA,INACTIVATED POLIMYTIS VACCINE SUSPENSION FOR INJECTION  MULTI DOSE,Pólio virus tipo 1 + Pólio virus tipo 2 + Pólio virus tipo 3,40D + 8D + 32D Unidades antígenos,Suspensão para injectável,Frasco de 2.5ml
AFRI FARMÁCIA LDA,BINFIN,Finasterida,5mg,Comprimidos,2 blister de 15 comprimidos
AFRI FARMÁCIA LDA,ATAZANAVIR SULFATE AND RITONAVIR,Atazanavir + Ritonavir,300mg + 100mg,Comprimidos revestidos,Frasco de 30 comprimidos
AFRI FARMÁCIA LDA,SEPGARD,Feracrilum,10g,gel,Bisnaga de 15g
AFRI FARMÁCIA LDA,pH7 EFFERVESCENT GRANULES,Bicarbonato de Sódio + ácido Tarrtárico + Ácido Citrico,2.8g + 1.33g + 0.82g,Grânulos efervescentes,56 saquetas de 5g
"GENERICS & SPECIALITIES, Lda",EFAVIRENZ + EMTRICITABINA + TEENOFOVIR DISPROXIL FUMARATE,Efavirenz + Emtricitabina + Tenofovir disoproxil fumarato,600mg + 200mg + 300mg,Comprimidos,Frasco de 30 comprimidos
"GENERICS & SPECIALITIES, Lda",AMPHOTRET,Anfotericina B,50mg,Pó liofilizado para injectáveis,Frasco de 10ml
AFRI FARMÁCIA LDA,AZUMA 500,Azitromicina,500mg,comprimidos,blister de 6 comprimidos
AFRI FARMÁCIA LDA,AZUMA 250,Azitromicina,250mg,comprimidos,blister de 6 comprimidos
AFRI FARMÁCIA LDA,CELOFEN 200,Celecoxib,200mg,Cápsula,2 blister de 10 cápsulas e  2x10
"GENERICS & SPECIALITIES, Lda",ENBLOK 5,"Nebivolol, hdrocloreto",5mg,Comprimidos,3 Blisters com 10 comprimidos
"GENERICS & SPECIALITIES, Lda",ENBLOK 20,"Nebivolol, hdrocloreto",20mg,Comprimidos,3 Blisters com 10 comprimidos
"GENERICS & SPECIALITIES, Lda",ENBLOK 2.5,"Nebivolol, hdrocloreto",2.5mg,Comprimidos,3 Blisters com 10 comprimidos
"GENERICS & SPECIALITIES, Lda",ENBLOK 10,"Nebivolol, hdrocloreto",10mg,Comprimidos,3 Blisters com 10 comprimidos
AFRI FARMÁCIA LDA,WOSULIN 30/70,Insulina Humana recombinante,100UI/ml,Suspensão injectavel,Ampola de 3ml
AFRI FARMÁCIA LDA,WOSULIN - R,Insulina Humana Isofano,100UI/ml,Suspensão injectavel,Ampola de 10ml
AFRI FARMÁCIA LDA,WOSULIN® - N,Insulina Humana Isofano,100UI/ml,Suspensão injectavel,Ampola de 10ml
AFRI FARMÁCIA LDA,NJOI,"Sildenafil, Citrato",50mg,comprimidos,embalagem de 30 comprimidos
AFRI FARMÁCIA LDA,PRAZIQUANTEL TABLETS,Praziquantel,600mg,Comprimidos,"10 blister de 10 comprimidos, frasco de 100 e 500 comprimidos"
AFRI FARMÁCIA LDA,THEOSTAT - 20,Atorvastatina Cálcica,20mg,Comprimidos,10 blister de 10 comprimidos
AFRI FARMÁCIA LDA,THEOSTAT - 10,Atorvastatina Cálcica,10mg,Comprimidos,10 blister de 10 comprimidos
AFRI FARMÁCIA LDA,THEOGRA - 50,"Sildenafil, Citrato",50mg,Comprimidos,10 blister de 4 comprimidos
AFRI FARMÁCIA LDA,THEOFIX - 400,Cefixime,400mg,Comprimidos,10 blister de 10 comprimidos
AFRI FARMÁCIA LDA,TOLPIDOL OD,"Tolperisona, Cloridrato",450mg,Comprimidos,1 blister de 6 comprimidos
AFRI FARMÁCIA LDA,TOLPIDOL 150,"Tolperisona, Cloridrato",150mg,Comprimidos,1 blister de 10 comprimidos
AFRI FARMÁCIA LDA,POLIOMYELITIS VACCINE,poliovirus tipo 1 (sabin) +  poliovirus tipo 3 (sabin),≥ 106.0 log CCID50 +≥ 5.8 log CCID50,Suspensão oral,1 ampola de 1ml com 10 doses
AFRI FARMÁCIA LDA,HEMOLOK,Feracrylum,10mg/ml,solução esteril,Frasco de 100ml
AFRI FARMÁCIA LDA,THEOSTAT - 40,Atorvastatina Cálcica,40mg,Comprimidos,3 blister de 10 comprimidos
AFRI FARMÁCIA LDA,NEVIRAPINA,Nevirapina,200mg,Comprimidos,Frasco de 60 comprimidos
AFRI FARMÁCIA LDA,LAMIVUDINA 150MG + ZIDOVUDINA 300MG + NEVIRAPINA 200MG,Lamivudina + Zidovudina + Nevirapina,150mg + 300mg + 200mg,Comprimidos,Frasco de 60 comprimidos
AFRI FARMÁCIA LDA,CELOFEN - 100,Celecoxib,100mg,Cápsula,2 blister de 10 cápsulas
AFRI FARMÁCIA LDA,THEOGRA - 100,"Sildenafil, Citrato",100mg,Comprimidos,10 blister de 4 comprimidos
AFRI FARMÁCIA LDA,RL - COMPOUND SODIUM LACTATO INTRAVENOUS INFUSION BP,Lactato de Sódio + Cloreto de sódio + Cloreto de potássio + Cloreto de cálcio,0.320mg/100ml + 0.6mg/100ml + 0.04mg/100ml + 0.027mg/ml,Injectável,"Frasco de 250ml, 500ml e 1000ml"
AFRI FARMÁCIA LDA,ACUMET,Metronidazol,"500mg/100ml (0,5% w/v)",Infusão Intravenosa,frasco de 100ml
AFRI FARMÁCIA LDA,QUIXONE,Ceftriaxona,1g,Pó para injectável,1 ampola e água para injectável de 10ml
AFRI FARMÁCIA LDA,IRBIS - HT 300/12.5,Irbersatan + Hidrocortiazida,300mg + 12.5mg,comprimidos,3 blister de 10 comprimidos
AFRI FARMÁCIA LDA,IRBIS - HT 150/12.5,Irbersatan + Hidrocortiazida,150mg + 12.5mg,comprimidos,3 blister de 10 comprimidos
AFRI FARMÁCIA LDA,HEPANIR-5000,Heparina,5000IU/ml,Injectável,ampola de 5ml
AFRI FARMÁCIA LDA,ACURIN,Heparina,1000IU/ml,Injectável,ampola de 5ml
AFRI FARMÁCIA LDA,FLUCANIR,Fluconazol,200mg/100ml,Solução Injectável,Frasco de 100ml e 250ml
AFRI FARMÁCIA LDA,FEVERACH,Paracetamol,10mg/ml,Injectável,frasco de 100ml
AFRI FARMÁCIA LDA,EMTRICITABINA & TENOFOVIR DISOPROXIL FUMARATO,Emtricitabina + Tenofovir disopropil fumarato,200mg + 300mg,comprimidos,Frasco de 30 comprimidos
AFRI FARMÁCIA LDA,50D glucose intravenous infusion BP (50%w/v),Glucose,50%W/V,Injectável,Frasco de 50ml
AFRI FARMÁCIA LDA,OPTION - 2,Levonorgestrel,0.75mg,Comprimidos,Blister de 2 comprimidos
AFRI FARMÁCIA LDA,NICOF EXPECTORANT,"Difenhidramina, hidrato + cloreto de amonio + Clorfeniramina, maleato",6mg/5ml + 60mg/5ml + 2mg/5ml,Xarope,Frasco de 100ml
AFRI FARMÁCIA LDA,DERMAZINE,Sulfadiazina de Prata,1%w/w,creme,bisnaga de 50g
AFRI FARMÁCIA LDA,DACOLD®,Paracetamol + Cafeína anidra + cloridrato de psedoefedrina + Maleato de Clorfeniramina,400mg + 30mg + 30mg + 4mg,Cápsula,10 blister de 10 cápsulas
AFRI FARMÁCIA LDA,5D - Glucose Intravenous Infunsion BP (5% w/v),Glicose,5% W/V,Solução para infusão,"Frasco de 250ml, 500ml e 1000ml"
"GENERICS & SPECIALITIES, Lda",DIOLIN,Glibenclamida,5mg,comprimidos,10 blister de 10 comprimidos
AFRI FARMÁCIA LDA,RANI - NIR,"Ranitidina, cloridrato",25mg/ml,Injectável,ampola de 2ml
AFRI FARMÁCIA LDA,NS - SODIUM CHLORIDE INTRAVENOUS INFUSION B.P 0.9% W/V,Cloreto de Sódio,0.9%w/v,Solução injectável,"Frasco de 100ml, 250ml e 500ml"
AFRI FARMÁCIA LDA,LINESTAR,Linezolida,0.2%w/v,Injectável,Frasco de 100ml e de 300ml
AFRI FARMÁCIA LDA,QUIFOL 1%,Propofol,1%w/v,Injectável,"Ampola de 10ml, 20ml e 50ml"
AFRI FARMÁCIA LDA,IBUPAR,Paracetamol + Ibuprodeno,120mg/5ml + 100mg/5ml,Suspensão oral,Frasco de 60ml
AFRI FARMÁCIA LDA,DAWA -FLOX DRY POWDER,Flucloxacilina,125mg/5ml,suspensão oral,Frasco de 100ml
AFRI FARMÁCIA LDA,DAWA -FLOX,Flucloxacilina,250mg,cápsulas,10 blister de 10 cápsulas
AFRI FARMÁCIA LDA,DAPROFEN,Ibuprofeno,100mg,Suspensão,Frasco de 100ml
AFRI FARMÁCIA LDA,CURAMOL SUSPENSION,paracetamol,120mg,suspensão oral,Frasco de 100ml
AFRI FARMÁCIA LDA,PAN AFRICA (PANAF PREMIUM),Bitis Arietans +Bitis Gabonica + Bitis Nasicornis + Bitis Rhinoceros + Echis Leucogaster + Echis Ocellatus + Echis Carinatus + NajaHaje + Naja Malanileuca + Naja Nigricollis + Dendroaspis Polylepis + Dendroaspis Viridis + Dendroaspis Jamesoni + Dendroaspi,≥ 25LD50+ ≥ 25LD50 + ≥ 25LD50 + ≥ 25LD50 + ≥ 25LD50 + ≥ 25LD50 + ≥ 25LD50 + ≥ 25LD50 + ≥ 20LD50 + ≥ 20LD50 + ≥ 25LD50 + ≥ 25LD50 + ≥ 25LD50 + ≥ 25LD50,Injectável,ampola de 20ml
AFRI FARMÁCIA LDA,MOXACIL DS,Amoxicilina,250mg/5ml,Suspensão Oral,Frasco de 100ml
AFRI FARMÁCIA LDA,MOXACIL DRY POWDER,Amoxicilina,125mg/5ml,Suspensão Oral,Frasco de 100ml
AFRI FARMÁCIA LDA,DAWA - CPM SYRUP,"Clorfeniramina, maleato",2mg,Xarope,Frasco de 100ml
AFRI FARMÁCIA LDA,ZINC SULPHATE TABLETS,Sulfato de Zinco,20mg,Comprimidos dispersíveis,Embalagem contendo 10 blisters de 10 comprimidos
AFRI FARMÁCIA LDA,KETADOL,Ketamina,50mg/ml,Injectável,Ampola de 10ml
AFRI FARMÁCIA LDA,DAWA -FLOX 500,Flucloxacilina,500mg,cápsulas,10 blister de 10 cápsulas
AFRI FARMÁCIA LDA,B - CANE TM HEAVY,"Bupivacaina, hidrocloreto",5mg/ml,Injectável,20 ampolas de 4ml
AFRI FARMÁCIA LDA,30D - GLUCOSE INTRAVENOUS INFUSION BP (30%W/V),Glicose,30%w/v,Injectável,Frasco de 500ml
AFRI FARMÁCIA LDA,DOLUTEGRAVIR,"Dolutegravir, sódico",50mg,comprimidos,Frasco de 30 comprimidos
AFRI FARMÁCIA LDA,D - ARTEEP,"Piperaquina, fosfato + Dihidroartemisina",640mg + 80mg,Comprimidos,1 blister de 6 comprimidos
AFRI FARMÁCIA LDA,D - ARTEEP,"Piperaquina, fosfato + Dihidroartemisina",320mg + 40mg,Comprimidos Dispersível,1 blister de 6 comprimidos
AFRI FARMÁCIA LDA,D - ARTEEP,"Piperaquina, fosfato + Dihidroartemisina",320mg + 40mg,Comprimidos,1 blister de 6 comprimidos
AFRI FARMÁCIA LDA,D - ARTEEP,"Piperaquina, fosfato + Dihidroartemisina",160mg + 20mg,Comprimidos,1 blister de 6 comprimidos
"GENERICS & SPECIALITIES, Lda",VIVIAN - 50,Diclofenac Sódico,50mg,Comprimidos,10 blister de 10 comprimidos
"GENERICS & SPECIALITIES, Lda",PA 120,Paracetamol,120mg/5ml,Suspensão oral,frasco de 100ml
"GENERICS & SPECIALITIES, Lda",BRISCORIL,"Salbutamol, Sulfato + Bromexina, Cloridrato + Guaifenesina",1mg + 2mg + 50mg,Suspensão oral,frasco de 100ml
"GENERICS & SPECIALITIES, Lda",ALUGEL PLUS,Hidróxido de Alumínio + Magnésio + Simeticone,250mg + 250mg + 50mg,Suspensão,frasco de 200ml
AFRI FARMÁCIA LDA,PYROZZOL,Acetaminofeno,125mg/5ml,suspensão oral,Frasco de 60ml
AFRI FARMÁCIA LDA,LUMITER DT,Arteméter + Lumefantrina,20mg + 120mg,Comprimidos dispersíveis,"Blister 1 x 6, 2x 6, 30x6, 30x2x6 e 30x12"
AFRI FARMÁCIA LDA,GLIZZMET 2,Cloridrato de metformina + Glimepirida,500mg + 2mg,Comprimidos,3 blisters de 10 comprimidos
AFRI FARMÁCIA LDA,GLIZZMET 1,Cloridrato de metformina + Glimepirida,500mg + 1mg,Comprimidos,3 blisters de 10 comprimidos
AFRI FARMÁCIA LDA,ABHAYRAB® [Rabies Vaccine BP ´Rab´Purified Vero Cell Rabies Vaccine (Lyophilized)],Antigénio da raiva liofilizado purificado derivado do vírus da raiva inativado,2.5UI,Injectável,Ampola x 0.5ml de vacina + 1 x 0.5ml de diluente + 1 seringa estéril + 1 cotonete alcoolizado
AFRI FARMÁCIA LDA,PYRAZINAMIDE,Pirazinamida,150mg,Comprimidos dispersável,Frasco de 100ml
"GENERICS & SPECIALITIES, Lda",DOLUTEGRAVIR TABLETS 50MG,Dolutegravir,50mg,Comprimidos revestidos,Caixa de cartao contendo frasco de 30 comprimidos
"GENERICS & SPECIALITIES, Lda",DOLUTEGRAVIR 50MG + LAMIVUDINA 300MG + TENOFOVIR DISOPROXIL FUMARATO 300MG,Dolutegravir + Lamivudina + Tenofovir,50mg + 300mg + 300mg,Comprimidos revestidos,Caixa de cartao contendo frasco de 30 comprimidos e frasco HDPE DE 180
AFRI FARMÁCIA LDA,EASCOF EXPECTORANT,"Salbutamol, sulfate + Broexina, hidrocloreto + Guaifenesina + Mentol",2mg + 4mg + 100mg + 1mg,suspensao oral,Frasco de 100ml
AFRI FARMÁCIA LDA,CAZITHRO 500MG,Azitromicina,500mg,Comprimidos,1 Blister de 3 comprimidos
AFRI FARMÁCIA LDA,CAZITHRO 250MG,Azitromicina,250mg,Comprimidos,1 Blister de 6 comprimidos
AFRI FARMÁCIA LDA,CACHCOLD PLUS,"Paracetamol + Cafeina + Feniefrina, hidrocloreto + Clorifeniramina, maleato",500mg + 30mg + 5mg + 2mg,Comprimidos,50 Blister de 4 comprimidos
AFRI FARMÁCIA LDA,VITA POWER PLUS,"Vitamina A + Tiamina (Vi.t B1) + Riboflavina (Vit B2) + Ciproheptadina, hidrocloreto + Cianocobalamina (Vit12) + Lisina + Nicotinamida + acido ascorbico (VitC) + Cloecalciferol (Vit. D3) + Pentotenato de Cálcio + Lactato de Cálcio",1500UI + 2mg + 2mg + 4mg + 5mcg + 50mg + 10mg + 20mg + 300UI + 5mg + 100mg,comprimidos,3 blister de 10 comprimidos
AFRI FARMÁCIA LDA,"ROTAVIRUS VACCINE, LIVE ATTENUATED (ORAL)","estirpes Reassortantes de bovinos atenuadis vivos de sorotipos G1, G2, G3, G4 e G9 de Rotavirus",≥105.6FFU de cada serotipo,pó para solução injectável,Frasco de 1 dose (+ 1 diluente de 2.5ml + 1 adaptador + 1 seringa) e Frasco de 2 dose (+ 1 diluente de 5ml + 1 adaptador + 2 seringa)
AFRI FARMÁCIA LDA,RABISHIELD - 250,Anticorpos monoclonal humano da raiva,250IU/2.5ml,solução injectável,2.5ml
AFRI FARMÁCIA LDA,RABISHIELD - 100,Anticorpos monoclonal humano da raiva,100IU/2.5ml,solução injectável,2.5ml
AFRI FARMÁCIA LDA,ETHAMBUTOL DISPERSIBLE TABLETS 100MG,"Etambutol, hidroclorido",100mg,Comprimidos dispersivel,10 blister de 10 comprimidos
AFRI FARMÁCIA LDA,GLYKA MR TABLETS,Gliclazida,60mg,Comprimidos de libertação prolongada,3 Blister de 10 comprimidos
AFRI FARMÁCIA LDA,GIAGRA,"Sildenafil, Citrato",50mg,comprimidos,1 blister de 4 comprimidos
AFRI FARMÁCIA LDA,GIAGRA,"Sildenafil, Citrato",100mg,comprimidos,1 blister de 4 comprimidos
AFRI FARMÁCIA LDA,PENVIR,Famciclovir,500mg,Comprimidos,1 Blister de 10 comprimidos
AFRI FARMÁCIA LDA,ACTILOR,Desloratodina,5mg,comprimidos,1 Blister de 10 comprimidos
AFRI FARMÁCIA LDA,LEVANIX,Levofloxacina,500mg,comprimidos revestidos,embalagem de 7 comprimidos
AFRI FARMÁCIA LDA,EFAVIRENZ/ LAMIVUDINE/ TENOFOVIR DISOPROXIL FUMERATE TABLET 400MG/300MG/300MG,Efavirenz + Lamivudina + Tenofovir Disoproxil Fumarato,400mg + 300mg + 300mg,Comprimidos,"Frasco de 30, 90 e 180 comprimidos"
AFRI FARMÁCIA LDA,DOLUTEGRAVIR + LAMIVUDINA + TENOFOVIR DISOPROXIL FUMARATE TABLETS,Dolutegravir + Lamivudina + Tenofovir disoproxil fumarate,50mg + 300mg + 300mg,Comprimidos revestidos,Frasco de 30 comprimidos
AFRI FARMÁCIA LDA,LUMITER 80/480,Arteméter + Lumefantrina,80mg + 480mg,Comprimidos,Frasco de 60 comprimidos
AFRI FARMÁCIA LDA,LUMITER 40/240,Arteméter + Lumefantrina,40mg + 240mg,Comprimidos,Frasco de 60 comprimidos
AFRI FARMÁCIA LDA,LOPINAVIR & RITONAVIR,Lopinavir + Ritonavir,100mg + 25mg,Comprimidos,Frasco de 60 comprimidos
AFRI FARMÁCIA LDA,EMTRICITABINE AND TENOFOVIR FUMARATE TABLETS,Emtricitabina + Tenofovir disopropil fumarato,200mg + 300mg,Comprimidos revestidos,Frasco de 30 e de 90 comprimidos
AFRI FARMÁCIA LDA,DARUNAVIR TABLETS 800MG,Darunavir,800mg,Comprimidos revestidos,Frasco de 60 comprimidos
AFRI FARMÁCIA LDA,DARUNAVIR TABLETS 600MG,Darunavir,600mg,Comprimidos revestidos,Frasco de 60 comprimidos
AFRI FARMÁCIA LDA,DARUNAVIR TABLETS 400MG,Darunavir,400mg,Comprimidos revestidos,Frasco de 60 comprimidos
AFRI FARMÁCIA LDA,TENOFOVIR DISOPROXIL FUMARATE,Tenofovir disoproxil Fumarato,300mg,Comprimidos,Frasco de 30 comprimidos
AFRI FARMÁCIA LDA,TENOFOVIR DISOPROXIL FUMARATE,Tenofovir disoproxil Fumarato,300mg,Comprimidos,Frasco de 30 comprimidos
AFRI FARMÁCIA LDA,RIFAMPICINA AND ISONIAZIDA 75M/50MG,Rifampicina + Isoniazida,75mg + 50mg,comprimidos dispersivel,Frasco de 30 comprimidos
AFRI FARMÁCIA LDA,LAMIVUDINA + TENOFOVIR DISOPROXIL FUMARATE TABLETS,Lamivudina + Tenofovir disoproxil fumarate,300mg + 300mg,Comprimidos revestidos,Frasco de 30 comprimidos
AFRI FARMÁCIA LDA,DOLUTEGRAVIR 50MG + LAMIVUDINE 300MG + TENOFOVIR 300MG,Dolutegravir + Lamivudina + Tenofovir,50mg + 300mg + 300mg,comprimidos revestidos,Embalagem de 30 e 90 comprimidos
AFRI FARMÁCIA LDA,SEVOTROY 250,Sevoflurano,250ml,Liquido para inalação,Frasco de 250ml
AFRI FARMÁCIA LDA,EFAVIRENZ + LAMIVUDINE + TENOFOVIR DISOPROXIL FUMERATE,Efavirenz + Lamivudina + Tenofovir,600mg + 300mg + 300mg,Comprimidos,Frasco de 30 e de 90 comprimidos
AFRI FARMÁCIA LDA,DOLUTEGRAVIR 50MG,Dolutegravir,50mg,comprimidos,Frasco de 30 e de 90 comprimidos
AFRI FARMÁCIA LDA,LEVIGRESS 500,Levetiracetam,500mg,Comprimidos,3 blister de 10 comprimidos e 10 blister de 10 comprimidos
"GENERICS & SPECIALITIES, Lda",VANSAFE-CP 500MG,Vancomicina,500mg,Injectavel,Frasco de vidro de 10ml
"GENERICS & SPECIALITIES, Lda",VANSAFE-CP 1G,Vancomicina,1g,Injectavel,Frasco de vidro tipo III de 10ml
"GENERICS & SPECIALITIES, Lda",SUCCICORT,Hidrocortizina,100mg,Infusao intravenosa,Frasco de vidro de 100ml
"GENERICS & SPECIALITIES, Lda",MPENEX,Imipenem + Cilastina,500mg,Injectavel,Frasco de 20ml
"GENERICS & SPECIALITIES, Lda",MAXINEM,Meropenem,1g,Injectavel,Frasco de 30ml
"GENERICS & SPECIALITIES, Lda",MAXINEM,Meropenem,500mg,Injectavel,Frasco de 30ml
"GENERICS & SPECIALITIES, Lda",IVIXONE,Cefriaxona,1g,Injectavel,Frasco de vidro de 10ml
"GENERICS & SPECIALITIES, Lda",GEN C,Ácido ascórbico,50mg,Comprimidos mastigaveis,Embalagem contendo 10 blisters de 10 comprimidos
"GENERICS & SPECIALITIES, Lda",FOTARAN,Ceftazidima,1g,Infusao intravenosa,Frasco de vidro de 20ml
"GENERICS & SPECIALITIES, Lda",CEFTRIMAX,Ceftriaxona + Sulbactan,1g + 500mg,Injectavel,Embalagem contendo frasco de vidro de 20ml
AFRI FARMÁCIA LDA,Pirazinamida 500mg comprimidos,Pirazinamida,500mg,Comprimidos,"blister de 10x10, 24x28 e frasco de 1000 comprimidos"
AfRI FARMÁCIA LDA,Levofloxacin tablets 500mg,Levofloxacina,500mg,Comprimidos,"Blister de 10x10, 5x20"
AFRI FARMÁCIA LDA,DARUNAVIR AND RITONAVIR TABLETS 400MG + 50MG,Darunavir + Ritonavir,400mg + 50mg,Comprimidos,"Frasco HDPE de 30, 60 e 120 comprimidos"
AFRI FARMÁCIA LDA,ABACAVIR SULFATE AND LAMIVUDINE TABLETS USP 600MG/300MG,Abacavir sulfato Bp + Lamivudina USP,600mg + 600mg,Comprimidos,Frasco HDPE de 30 comprimidos
"GENERICS & SPECIALITIES, Lda",NALGEN,Acido Naldixico,500mg,Comprimidos,10 blisters de 10 comprimidos
"GENERICS & SPECIALITIES, Lda",METAGEN,Metoclopramida,10mg,Comprimidos,10 blisters de 10 comprimidos
"GENERICS & SPECIALITIES, Lda",GLIGEN,Glibenclamida,5mg,Comprimidos revestidos,10 blistrs de 10 comprimidos
"GENERICS & SPECIALITIES, Lda",GENDOL,Amoxicilina,500mg,Comprimidos,10 blisters de 10 comprimidos
"GENERICS & SPECIALITIES, Lda",GENCODYL,Bisacodil,5mg,Comprimidos,10 blisters de 10 comprimidos
"GENERICS & SPECIALITIES, Lda",COTRIGEN,Sulfametoxazol + trimetoprim,400mg + 80mG,Comprimidos,11 blisters de 10 comprimidos
"GENERICS & SPECIALITIES, Lda",ALUGEN,Hidroxido de Aluminio,500mg,Comprimidos,10 blisters de 10 comprimidos
"GENERICS & SPECIALITIES, Lda",MULTIGEN,Vitamina A + Calciferol + Nitrato de tiamina + Riboflavina + Cloridrato de piridoxina + Nicotinamida + Acido ascorbico,2500UI + 200UI + 1mg + 1mg + 0.5mg + 15mg + 25mg,Comprimidos,Blisters 10x10 comprimidos
"GENERICS & SPECIALITIES, Lda",GENVITA S,Vitamina B1 + Vitamina B2 + Vitamina B6 + Vitamina B12 + Niacinamida + D-Pantenol,5mg + 2.5mg + 1.5mg + 2.5mg + 25mg + 2.5mg,Xarope,Frasco de vidro de 100ml
AFRI FARMÁCIA LDA,THEOFIX - 100 DS,Cefixima,100mg/5ml,Po para suspensao oral,Garrafa de vidro de 60 ml
AFRI FARMÁCIA LDA,PNEUMOSIL 5 DOSE,Vacina Pneumococal Polissacarido conjugada (adsorbed) (10-valent) 1 dose,"2,5ml",Suspensao para injeccao,Embalagem contendo 50 frascos de 0.5ml
AFRI FARMÁCIA LDA,PNEUMOSIL 1 DOSE,Vacina Pneumococal Polissacarido conjugada (adsorbed) (10-valent) 1 dose,"0,5ml",Suspensao para injeccao,Embalagem contendo 50 frascos de 0.5ml
AFRI FARMÁCIA LDA,FALCISTAT,Sulfadoxina + Pirimetamina,500mg + 25mg,Comprimidos,"Embalagem contendo blisters de 3, 30 e 1000 comprimidos"
"GENERICS & SPECIALITIES, Lda",PEN - G,Fenoximetilpenicilina,500mg,Comprimidos,Embalagem contendo 10 blisters de 10 comprimidos
"GENERICS & SPECIALITIES, Lda",KANAMICINA,Sulfato de Kanamicina,2g,Injectavel,Frasco de vidro de 20ml
"GENERICS & SPECIALITIES, Lda",GENMOX 125,Amoxicilina,125mg/5ml,Po para suspensao oral,Garrafa plastica HDPE de 100ml
"GENERICS & SPECIALITIES, Lda",GENCOL S,Cloranfenicol,250mg/5ml,Suspensao oral,Frasco de 100ml
"GENERICS & SPECIALITIES, Lda",GENCOL 250 CAPS,Cloranfenicol,250mg,Capsulas,Embalagem contendo 10 blisters de 10 capsulas
"GENERICS & SPECIALITIES, Lda",G- CLOX,Cloxacilina,500mg,Capsulas,Embalagem contendo 10 blisters de 10 capsulas
"GENERICS & SPECIALITIES, Lda",BENZILPENICILINA PROCAINA,Benzilpenicilina Procaina,3Mega,Injectavel,Embalahem contendo 50 frascos de vidro tipo II de 20ml
"GENERICS & SPECIALITIES, Lda",BENZILPENICILINA BEZANTINICA,Penicilina bezantinica,2.400.000 UI,Injectavel,Embalagem contendo 50 ampolas
AFRI FARMÁCIA LDA,KLODIP -5,Amlodipina,5mg,Comprimidos,"Embalagens 10x10, 3x10 e 10x3x10 comprimidos"
AFRI FARMÁCIA LDA,ERYKO-250,Eritromicina,250mg,Comprimidos,Blister 10x10  comprimidos
AFRI FARMÁCIA LDA,CIPROQUIN - 500,"Ciprofloxacina, hidrocloreto",500mg,Comprimidos,Embalagem 10x10 comprimidos
AFRI FARMÁCIA LDA,KLODIP - 10,Amlodipina,10mg,Comprimidos,Embalagem contendo 3 blisters de 10 comprimidos
AFRI FARMÁCIA LDA,KCHEK,Polistireno sulfato de calcio,10mg,Po para solucao oral,Embalagem contendo 10 Saquetas de 15g de po
AFRI FARMÁCIA LDA,CARDIOTEN-50,Atenolol,50mg,Comprimidos,Embalagem contendo blisters de 28 comprimidos
"GENERICS & SPECIALITIES, Lda",TIMATE,Timolol,"0,5% w/v",Gotas oftalmicas,Embalagem contendo Frasco de 5ml
"GENERICS & SPECIALITIES, Lda",GENMOX 250,Amoxicilina,250mg,Suspensao Oral,Garrafa de 100ml
"GENERICS & SPECIALITIES, Lda",AMOXIGEN,Amoxicilina,500mg,Capsulas,Embalagem contendo 10 blisters de 10 capsulas
"GENERICS & SPECIALITIES, Lda",HUMOG 75UI/150UI HP,Menotrofina,75 UI/150 UI,Po solvente para injeccao,Ampola de vidro de 1ml
AFRI FARMÁCIA LDA,DOLUTEGRAVIR + LAMIVUDINA + TENOFOVIR DISOPROXIL FUMARATO,Dolutegravir + Lamivudina + Tenofovir disoproxil Fumarato,50mg + 300mg + 300mg,Comprimidos revestidos,"Frasco de 30, 90, 100 e 180 comprimidos"
AFRI FARMÁCIA LDA,Clofazimina comprimidos 100mg,Clofazimina,100mg,Comprimido,Embalagem 10 blister de 10 comprimidos
"GENERICS & SPECIALITIES, Lda",CLOTRIMAZOLE VAGINAL CREAM,Clotrimazol,50mg/5mg,Creme,Embalagem contendo bisnaga de 30g
AFRI FARMÁCIA LDA,UMICORT-100,Succinato sódico de hidrocortisona,100mg,Injectavel,"Engalagem contendo 10 frascos de 7,5ml"
AFRI FARMÁCIA LDA,DOLUTEGARAVIR + EMTRICITABINA + TENOFOVIR ALAFENAMIDA COMPRIMIDOS,Dolutegaravir + Emtricitabina + Tenofovir Alafenamida,50mg + 200mg + 25mg,Comprimido revestido,Frasco HDPE de 30 comprimidos
AFRI FARMÁCIA LDA,VIVITRA 440,Trastuzumab,440mg,Solução liquida,Frasco de vidro de 100ml
"GENERICS & SPECIALITIES, Lda",FOLIGRAF 75 UI,Hormonio de foliculo estimulante humano recombinante para injeccao,75UI,Po liofilizado para injeccao,Frasco de 2ml
AFRI FARMÁCIA LDA,VIVITRA 150,Trastuzumab,150mg,Solução liquida,"Frasco de vidro de 7,2ml"
AFRI FARMÁCIA LDA,TENOFOVIR ALAFENAMIDE TABLETS 25mg,Tenofovir Alafenamida,25mg,Comprimidos revestidos,Embalagem contendo frascos de 30 e 100 comprimidos
"GENERICS & SPECIALITIES, Lda",TROYPOFOL,Propofol,10mg,Solucao injectavel,Ampola de vidro de 20 ml
"GENERICS & SPECIALITIES, Lda",BENZOSED,Midazolam,1mg/ml,Solucao injectavel,Ampola de vidro de 5ml
"GENERICS & SPECIALITIES, Lda",BUPITROY HEAVY,Cloridrato de bupivacaina,5mg/ml,Solucao injectavel,5 Ampola de vidro de 4ml
"GENERICS & SPECIALITIES, Lda",PLASEP,Clopidogrel,75mg,Comprimidos revestidos por pelicula,3 blisters de 10  comprimidos
AFRI FARMÁCIA LDA,"EFAVIRENZ, LAMIVUDINA E TENOFOVIR DOSOPROXIL FUMARATO",Efavirenz + Lamivudina + Tenofovir disoproxil fumarato,1000mg,Comprimidos revestidos por película,"Frasco de 30, 90 e 180 comprimidos"
AFRI FARMÁCIA LDA,M-FLOX,Cloridrato de moxifloxacina,400mg,Comprimido revestido,Embalagem contendo BLISTER DE  5 comprimidos; Embalagem contendo 10 blisters de 5 comprimidos; 1X10 COMPRIMIDO;
AFRI FARMÁCIA LDA,D-ARTEPP,Dihidroartemisina + Fosfato de piperaquina,60mg + 480mg,Comprimido,6 comprimidos
AFRI FARMÁCIA LDA,D-ARTEPP,Dihidroartemisina + Fosfato de piperaquina,30mg +240mg,Comprimido,6 comprimidos
AFRI FARMÁCIA LDA,DARUNAVIR COMPRIMIDOS 600MG,Darunavir,600mg,Comprimidos,Frasco contendo 60 comprimidos
AFRI FARMÁCIA LDA,CLAVAMYN-625,Amoxicilina + Acido clavulanico,500mg + 125mg,Comprimido,Embalagem 2 blisters de 10 comprimidos
"GENERICS & SPECIALITIES, Lda",KETAMAX 50,Cloridrato de ketamina,50mg,Solucao injectavel,Ampola de vidro 10ml
"GENERICS & SPECIALITIES, Lda",AZITHROGEN,Azitromicina,200mg/5ml,Suspensao oral,Frasco de vidro de 15ml
"GENERICS & SPECIALITIES, Lda",FLUGEN,"Paracetamol + Cafeina + Clorfeniramina, maleato + Fenilefrina, cloridrato","500mg + 30,6mg + 2,1mg + 5,25mg",Comprimidos,Embalagem contendo 25 x 4 comprimidos
AFRI FARMÁCIA LDA,IBUPAR TABLETS,Paracetamol + Ibuprofeno,325mg + 400mg,Comprimidos,Embalagem contendo 1 blister de 10 comprimidos
AFRI FARMÁCIA LDA,DAWASTIN ORAL SUSPENSION,Nistatina,100.000UI,Suspensao oral,Embalagem contendo frasco de 12ml e 30ml
AFRI FARMÁCIA LDA,TRAMAX 50,"Tramadol, cloridrato",50mg,Capsula de gelatina dura,Embalagem contendo 10 frascos de 10 capsulas
AFRI FARMÁCIA LDA,THEOXONE - 1G,Ceftriaxona,1g,Po para solucao injectavel,Frasco de vidro transparente tipo III
AFRI FARMÁCIA LDA,NORMNIL SUSPENSION,Albendazol,200mg/ml,Suspensão,Frasco de 10ml
"GENERICS & SPECIALITIES, Lda",TETRAMAG,"Tetraciclina, cloridrato",1%,Pomada Oftálmica,Bisnaga de 5g
"GENERICS & SPECIALITIES, Lda",PIROXICAM,Piroxicam,20mg,Capsulas,Embalagem contendo 10 blisters de 10 comprimidos
"GENERICS & SPECIALITIES, Lda",ISOTROY,Isoflurano USP,100%v/v,Liquido para inalacao,Frasco de 100ml e 250ml
"GENERICS & SPECIALITIES, Lda",ISOTROY,Isoflurano USP,200%v/w,Liquido para inalacao,frasco de 100 e 250ml
"GENERICS & SPECIALITIES, Lda",FUROSEMIDA 20MG/2ML,Furosemida,20mg/2ml,Solucao injectavel,Embalagem contendo 10 ampolas de 2 ml
"GENERICS & SPECIALITIES, Lda",GENCEF-1G,Ceftriaxona,1g,Po para injeccao,Frasco de vidro de 10ml
"GENERICS & SPECIALITIES, Lda",GENLEX DRY SYRUP 125MG/5ML,Cefalexina,125mg/ml,Po para suspensao oral,Frasco de vidro 100ml
"GENERICS & SPECIALITIES, Lda","BUPITROY 0,5%","Buprvacaina, cloridrato USP",5mg/ml,Solucao injectavel,Embalagem contendo frasco de 20ml
AFRI FARMÁCIA LDA,LAREGAB 100,Gabapentina Capsulas,100mg,Comprimido,Blister de 10 comprimidos
AFRI FARMÁCIA LDA,TRIM 960,Sulfametoxazol + Trimetoprim,800mg + 160mg,Comprimidos,Embalagem contendo 10 blisters de 10 comprimidos
AFRI FARMÁCIA LDA,BIOPOLIO B1/3,Poliomielite bivalente tipo 1 e 2,NLT 106.0CCID 50 + nlt 105.8CCID 50,Suspensao aquosa,Frasco de vidro USP tipo I e 20 doses por frasco
AFRI FARMÁCIA LDA,ABACAVIR + DOLUTEGRAVIR + LAMIVUDINA,"Abacavir, sulfato + Dolutegravir + Lamivudina",600mg + 50mg + 300mg,Comprimidos,"Frasco HDPE de 30, 90 e 180 comprimidos"
"GENERICS & SPECIALITIES, Lda",MEGPHEN,Cloranfenicol USP,"0,5%w/v",Solucao oftalmica,Frasco plastico de 10ml
AFRI FARMÁCIA LDA,RABIVAX-S,Vacina antirabica inativada liofilizada,"2,5UI/ml",Po e solvente para solucao injectavel,Frasco de po + Solvente
AFRI FARMÁCIA LDA,ROTAVAC 5D,Rotavirus 116E derivado de celulas Vero,NLT 105.0   FFU/ml,Gotas,"Frasco de vidro tipo I (36x0,5ml) e (25x2.5ml)"
AFRI FARMÁCIA LDA,TYPBAR TCV,Vacina conjugada de febre tifoide VI (Polissacarideo de S. typhi Ty2 conjugado ao toxoide de tetano),25µg,Suspensao para injeccao,"Frasco de dose unica (0,5ml) e Frasco multidoses (5 doses) de vidro dose unica de 2,5ml"
AFRI FARMÁCIA LDA,TD VACCINE 10D,Toxoide difterico USP + Toxoide do tetano USP,≤5LF (≥2 UI) + ≥5LF (≥2 UI),Suspensao para injeccao,Frasco de 10 doses de 5 ml
AFRI FARMÁCIA LDA,SPAQ-CO®,Sulfadoxina + Pirimetamina + Amodiaquina,500mg + 25mg + 153mg,Comprimidos dispersiveis,Caixa de 50 blisters
AFRI FARMÁCIA LDA,SPAQ-CO®,Sulfadoxina + Pirimetamina + Amodiaquina,"250mg + 12.5mg + 76,5 mg",Comprimidos dispersiveis,Caixa de 50 blisters
"GENERICS & SPECIALITIES, Lda",AMGICIN,Gentamicina,1000mg,Po liofilizado esteril,caixa contendo 40 frascos contendo po para 1000mg
"GENERICS & SPECIALITIES, Lda",LERIN,"Metilergonovina, maleato USP","0,2mg/ml",Solução injectável,Ampola de vidro de 1 ml
"GENERICS & SPECIALITIES, Lda",SILVAGEN,Sulfadiazina de Prata,1%,Creme,frasco de 30g
"GENERICS & SPECIALITIES, Lda",TYPHIBEV,Vacina contra tifoide VI conjugada,25mcg,Solucao para injeccao muscular,"Embalagem contendo 48 Frascos de 2,5ml (5doses) ou 0,5ml (1 dose)"
"GENERICS & SPECIALITIES, Lda",MRBEV®,Vacina contra sarampo e rubeola (viva) atenuada liofilizada,≥1000CCID50,Solucao para injectavel,"Frasco de uma dose com diluente de 0,5ml; Frasco de 5 doses com diluente de 2.5ml e Frasco de 10 doses com diluente de 5ml"
"GENERICS & SPECIALITIES, Lda",CANHERA 440,Trastuzumab,440mg,Injectavel,Frasco de 440mg + frasco de agua para injectaveis
"GENERICS & SPECIALITIES, Lda",CANHERA 150,Trastuzumab,150mg,Injectavel,Frasco de 150mg + frasco de agua para injectaveis
"GENERICS & SPECIALITIES, Lda",LERIN,"Metilergonovina, maleato USP","0,125mg",Comprimido revestido por película,Embalagem contendo 3 blisters de 10 comprimidos
AFRI FARMÁCIA LDA,METHYLDOPA TABLETS,Metildopa,250mg,Comprimidos revestidos por pelicula,Embalagem contendo 1000 comprimidos
AFRI FARMÁCIA LDA,AGUA ESTERILIZADA PARA INJECCAO DE BP,Água Esterilizada para injeccao,10ml,Injectavel,Embalagem contendo 50 ampolas
"GENERICS & SPECIALITIES, Lda",MAGTIM,"Timolol, maleato","0,5%w/v",Solução oftálmica,Garrafa plastico de 10ml
"GENERICS & SPECIALITIES, Lda",ADCIST,Cisplatina,50mg/50ml,Solução Injectável,Embalagem de 50ml
"GENERICS & SPECIALITIES, Lda",GENFORM,Metformina,500mg,Comprimidos,Embalagem contendo 10 blisters de 10 comprimidos
AFRI FARMÁCIA LDA,ZIDOVUDINA COMPRIMIDOS USP 300MG,Zidovudina,300mg,Comprimidos revestidos por pelicula,Frasco de 60 comprimidos
AFRI FARMÁCIA LDA,LAMIVUDINA E ZIDOVUDINA COMPRIMIDOS 150mg/300mg,Lamivudina + Zidovudina,150mg + 300mg,Comprimidos revestidos por pelicula,Frasco de 60 comprimidos
AFRI FARMÁCIA LDA,CHLORAMPHENICOL,Cloranfenicol,250mg,Capsula,Frasco de 1000 capsulas
"GENERICS & SPECIALITIES, Lda",DERMOGEN CG,"Betametasona, dipropionato + Clotrimazol + Gentamicina, sulfato","0,05%w/v + 1.0%w/v + 0,1%w/v",Creme,Embalagem contendo bisnaga de 30g
AFRI FARMÁCIA LDA,CLORIDRATO DE TETRACICLINA,Cloridrato de tetraciclina,1mg,Pomada oftalmica,Tubo dobravel de aluminio de 5gm
AFRI FARMÁCIA LDA,HIDROCLOROTIAZIDA COMPRIMIDOS,Hidroclorotiazida,25mg,Comprimidos,Frasco de 25 comprimidos
AFRI FARMÁCIA LDA,NORMNIL,Albendazol,400mg,Comprimidos,Embalagem contendo 10 blisters de 10 comprimidos e 1blister de 1 comprimido
"GENERICS & SPECIALITIES, LDA",GENSPRIN 100,Ácido AcetilSalicílico,100mg,Comprimidos,Embalagem contendo blisters de 10x10 Comprimidos
"GENERICS & SPECIALITIES, LDA",GENMOX-S 125,"Amoxicilina, Tri-hidratada",125mg/5mL,Pó para suspensão oral (Xarope seco),"Frasco plástico de HDPE de 100mL, embalado em uma caixa com folheto e copo medidor"
"GENERICS & SPECIALITIES, LDA",CLAVUGEN 1G,Amoxicilina + Clavulanato de Potássio,875mg + 125mg,Comprimidos revestidos por película,Embalagem contendo 10 blisters de 10 Comprimidos
"GENERICS & SPECIALITIES, LDA",EQUIRAB,Imonoglobulina Anti-rábica,1000UI/5mL,Injectável,Embalagem contendo 10 frascos de vidro de 5mL
"GENERICS & SPECIALITIES, LDA",GENMOX-S 125,"Amoxicilina, Tri-hidratada",125mg/5mL,Pó para suspensão oral (Xarope seco),"Frasco plástico de HDPE de 100mL, embalado em uma caixa com folheto e copo medidor"
"GENERICS & SPECIALITIES, LDA",AXAGYL,Metronidazol,0.5% p/v (500mg/100mL),Injectável,Frasco de vidro de 100mL
"GENERICS & SPECIALITIES, Lda",ERYPRO SAFE - 10000,Eritropoetina Humana Recombinante alfa,10000 UI,soluçâo injectável,seringa de 1ml
"GENERICS & SPECIALITIES, Lda",AVALON SKIN OINTMENT,MENTOL+SALICILATO DE METILO,10%+10%,Pomada,Bisnagas de 20g
"GENERICS & SPECIALITIES, Lda",SHANVAC TM B DE HEPATITE B 10,ANTÍGENO DE HEPATITE B,10mcg,Suspensão injectável,"frascos de 0,5ml, 1ml,2ml,2,5ml, 3 ml, e 10ml"
"GENERICS & SPECIALITIES, Lda",SHANVAC TM B DE HEPATITE B 20,ANTÍGENO DE HEPATITE B,20mcg,Suspensão injectável,"frascos de 0,5ml, 1ml,2ml,2,5ml, 3 ml, e 10ml"
"GENERICS & SPECIALITIES, Lda",GENFULVIN,Griseofulvina,500mg,Comprimidos,Embalagem 10x10 e de 1000
"GENERICS & SPECIALITIES, LDA",GENMOX,"Amoxicilina, Trihidrato",500mg,Cápsulas,CARTEIRAS COM 10 COMP
"GENERICS & SPECIALITIES, Lda",NEUROBION FORTE inj,Tiamina + Piridoxina + Cianocobalamina + Nicotinamida + Dexpantenol,100mg + 100mg + 1000µg + 100mg + 50mg,Injectável,AMPOLAS 2x5x2ml
"GENERICS & SPECIALITIES, Lda",GENCIMET,CIMETIDINA,200mg,Comprimidos Revestidos,EMBALAGEM 10
"GENERICS & SPECIALITIES, Lda",LORGEN,Loratadina,10mg,Comprimidos Revestidos,"EMBALAGEM  DE 10x10, 3x10"
"GENERICS & SPECIALITIES, LDA",GENCOL 250 Caps,Cloranfenicol,250mg,Cápsulas,"Embalagem 10X10, 1000"
"GENERICS & SPECIALITIES, Lda",Paluface-SP-100,Artesunato + Sulfadoxina + Pirimetamina,100mg+500mg+25mg,Comprimidos Revestidos,Blister de 9 comprimidos
"GENERICS & SPECIALITIES, Lda",PEN G,FENOXIMETILPENICILINA( PENICILINA V),500mg,Comprimidos Revestidos,CARTEIRA 10 COMP
"GENERICS & SPECIALITIES, Lda",PIROXIGEN,Piroxicam,20MG,Cápsulas,EMBALAGEM  10x 10
"GENERICS & SPECIALITIES, LDA",ERYTHROGEN,"Eritromicina, Estearato",500mg,Comprimidos,Embalagem 10X10
"GENERICS & SPECIALITIES, LDA",ERYTHROGEN 125,"Eritromicina, Estearato",125mg/5mL,Suspensão Oral,FRACO 100 ML
"GENERICS & SPECIALITIES, LDA",ERYTHROGEN 250,"Eritromicina, Estearato",250mg/5mL,Suspensão Oral,FRACO 100 ML
"GENERICS & SPECIALITIES, Lda",Gencycline,Hirocloreto de Tetraciclina,500mg,Cápsulas,Embalagem 10X10
"GENERICS & SPECIALITIES, Lda",FLUGEN,"PARACETAMOL+CAFEÍNA,anidra+CLORFENIRAMINA,maleato+FENILEFRINA,cloridrato",300mg + 30.6mg + 2.1mg + 5.25mg,Cápsulas,BLISTER  DE 10 CÁPS
"GENERICS & SPECIALITIES, Lda",NEUROBION FORTE,Tiamina (Vit B1) + Piridoxina + Cianocabalamina + Nicotinamida + Pantotenato de Cálcio,10mg + 3mg + 15mcg + 100mg + 50mg,Comprimidos Revestidos,BLISTERES 2 X 5 X 10 COMP
"GENERICS & SPECIALITIES, LDA",GENDOL,Paracetamol,500mg,Comprimidos,Embalagens 10X10 e 50x10
"GENERICS & SPECIALITIES, Lda",Cotrigen,Sulfametoxazol + Trimetoprim,400mg + 80mg,Comprimidos,Embalagem 10X10
"GENERICS & SPECIALITIES, Lda",ARTEFIL-100,Artesunato,100mg,Comprimidos Revestidos,Blister de 6 comprimidos
"GENERICS & SPECIALITIES, Lda",ARTEFIL-50,Artesunato,50mg,Comprimidos,Blister de 6 comprimidos
"GENERICS & SPECIALITIES, Lda",ATORGEN,Atorvastatina Cálcio,20mg,Comprimidos Revestidos,Blister de 10 comprimidos
"GENERICS & SPECIALITIES, Lda",SPAFIL,Sulfadoxina + Pirimetamina + Artesunato,500mg+25mg+100mg,Comprimidos,Blister de 9 comp: 6+3
"GENERICS & SPECIALITIES, Lda",SPAFIL KID,Sulfadoxina + Pirimetamina + Artesunato,500mg+25mg+50mg,Comprimidos,Blister de 9 comp: 6+3
"GENERICS & SPECIALITIES, Lda",GENCIN,Gentamicina,40mg,Solução Injectável,
"GENERICS & SPECIALITIES, Lda",Nistatina Suspensão oral,Nistatina,100000 U.I/5ml,Suspensão Oral,
"GENERICS & SPECIALITIES, Lda",Tosselvon Linctus,"Bromexina, Hidrocloreto",4mg/5mL,Xarope,Frasco de 100mL
"GENERICS & SPECIALITIES, Lda",Lumbrix S,Mebendazol USP,100mg/5mL,Suspensão Oral,
"GENERICS & SPECIALITIES, Lda",Sarnax,Benzil benzoato BP,25%W/V,Emulsão Cutânea,
"GENERICS & SPECIALITIES, Lda",BROZEET,"Terbutalina, Sulfato + Ambroxol, Hidrocloreto + Guaifenisina",1.5mg + 15mg + 50mg,Xarope,Frasco de 100ml
"GENERICS & SPECIALITIES, Lda",AZITHRAL-250,"Azitromicina, Dihidrato",250mg,Comprimidos,
"GENERICS & SPECIALITIES, Lda",AZITHRAL-500,"Azitromicina, Dihidrato",500mg,Comprimidos,
"GENERICS & SPECIALITIES, LDA",CLARITHRO-500,Claritromicina,500mg,Comprimidos,
"GENERICS & SPECIALITIES, Lda",GLYCODIN COUGH SYRUP,Hidrato de Terpina + Hidrobrometo de Dextrometorfano + Levomentol,10mg/5ml + 10mg/5ml + 3.75mg/5ml,xarope,Frasco de 100ml
"GENERICS & SPECIALITIES, Lda",MULTIGEN,Multivitaminas,2500UI+200UI+1mg+1mg+0.5mg+15mg+25mg,Comprimidos,50x10
"GENERICS & SPECIALITIES, Lda",NALGEN S,Ácido Nalidíxico,300mg/5mL,Suspensão Oral,
"GENERICS & SPECIALITIES, Lda",ENERGEN,Vit. B1 + Vit. B6+Vit B2+Vit B12+Nicotinamida+Ácido fólico,"1mg+1mg+15mg+1mg+1mcg+0,5mg",Comprimidos,10x10
"GENERICS & SPECIALITIES, Lda",MORPHIGESIC,"Morfina, Sulfato",30mg,Comprimidos,
"GENERICS & SPECIALITIES, Lda",Glicose Infusão Intravenosa,Glicose anídrica,5%,Infusão Intravenosa,Balão de 250ml e de 500ml
"GENERICS & SPECIALITIES, Lda",ALUGEN,Hidróxido de Alumínio,500mg,Comprimidos,embalagens 10X10
"GENERICS & SPECIALITIES, Lda",CLORETO DE SÓDIO BP,Cloreto de Sódio,0.9%w/m,Solução injectável,"Balões de 250, 500 e 1000ml"
"GENERICS & SPECIALITIES, Lda",GENFORM,"Metformina, hidrocloreto",500mg,Comprimidos,embalagens 10X10
"GENERICS & SPECIALITIES, Lda",GLIGEN,Glibenclamida,5mg,Comprimidos,EMBALAGEM  10x 10
"GENERICS & SPECIALITIES, Lda",GENSIDAR,Sulfadoxina + Pirimetamina,500mg + 25mg,Comprimidos,Blister de 3 comp.
"GENERICS & SPECIALITIES, LDA",GENMOX-125,Amoxicilina,125mg/5mL,Suspensão Oral,Frasco de 100mL
"GENERICS & SPECIALITIES, LDA",GENMOX-250,Amoxicilina,250mg/5mL,Suspensão Oral,Frasco de 100mL
"GENERICS & SPECIALITIES, Lda",INDOGEN,Indometacina,25mg,Cápsulas,EMBALAGEM  10x 10
"GENERICS & SPECIALITIES, Lda",LOPERAMIDA HIDROCLORETO USP,Loperamida Hidrocloreto USP,2mg,Cápsulas,EMBALAGEM  10x 10
"GENERICS & SPECIALITIES, Lda",TETRAGEN,Hirocloreto de Tetraciclina,500mg,Cápsulas,Embalagem 10X10 de 500 e 1000 cáps
"GENERICS & SPECIALITIES, Lda",XILOGEN,"Xilometazolina, hidrocloreto","0,1% m/v",Gotas Nasais,Frasco de 15ml
"GENERICS & SPECIALITIES, LDA",GENCOL,Cloranfenicol,0%,Gotas auriculares,
"GENERICS & SPECIALITIES, LDA",DICLOGEN,Diclofenac Sódico,25mg,Injectável,
"GENERICS & SPECIALITIES, Lda",HALOCEF CAPSULES,Cefaclor  anídrico,500mg,Cápsulas,
"GENERICS & SPECIALITIES, LDA",GENCOL,"Cloranfenicol, Suiccinato de Sódio",1g/10ml,Pó para suspensão injectável,
"GENERICS & SPECIALITIES, Lda",GEN-Q-INJECTION,"Quinina, Dihidrocloreto",300ml/ml,Solução Injectável,
"GENERICS & SPECIALITIES, LDA",GENCOL,Cloranfenicol,"0,5% w/V",Gotas Oftálmicas,
"GENERICS & SPECIALITIES, LDA",GENSONE,"Prednisolona, Acetato",10mg/mL,Gotas Oftálmicas,
"GENERICS & SPECIALITIES, Lda",ATENOGEN,Atenolol,100mg,Comprimidos,
"GENERICS & SPECIALITIES, Lda",DARACOM,Vitaminas do Complexo B,10mg + 0.5mg + 1mg + 10mg + 0.5mg + 1.5mcg,Solução Injectável,
"GENERICS & SPECIALITIES, Lda",GENCIN,Gentamicina,0.003,Gotas Oftálmicas,
"GENERICS & SPECIALITIES, Lda",CIPROCIR,Ciprofloxacina,"0,3% w/v",Gotas Oftálmicas,
"GENERICS & SPECIALITIES, Lda",NALGEN,Ácido Nalidíxico,500mg,Comprimidos,
"GENERICS & SPECIALITIES, Lda",CAPTOGEN,Captopril,25mg,Comprimidos,Embalagem de 10 blister de 10 comp
"GENERICS & SPECIALITIES, Lda",GENCODYL,Bisacodil,5mg,Comprimidos,Embalagem de 10 blister de 10 comp
"GENERICS & SPECIALITIES, Lda",METILGEN,Metildopa,250mg,Comprimidos,Caixinha de 10 blistersx10 comp
"GENERICS & SPECIALITIES, LDA",GENCOL - S,"Cloranfenicol, Palmitato",250mg/5mL,Suspensão Oral,Frasco de 100mL
"GENERICS & SPECIALITIES, Lda",METAGEN,"Metoclopramida, Hidrocloreto",10mg,Comprimidos,Embalagem de 10 blister de 10 comp
"GENERICS & SPECIALITIES, Lda",G-CLOX,Cloxacilina,500mg,Cápsulas,Embalagem de 10 blister de 10 caps
"GENERICS & SPECIALITIES, Lda",MORPHIGESIC 5 SYRUP,"Morfina, Sulfato",5mg/5mL,Xarope,Frasco de 100mL
"GENERICS & SPECIALITIES, Lda",MORPHIGESIC 10mg,"Morfina, Sulfato",10mg,Comprimidos,"Embalagens de de 10, 100, 1000 comp"
"GENERICS & SPECIALITIES, Lda",GENCIN,"Gentamicina, sulfato",40mg/mL,Solução Injectável,Embalagens contendo 10 blisters de 10 ampolas de 2mL
"GENERICS & SPECIALITIES, Lda",RANITIDINE TABLETS USP,"Ranitidina, Hidrocloreto",300mg,Comprimidos,Embalagens contendo 10 blisters de 10 comp
"GENERICS & SPECIALITIES, Lda",DIABEND-40,Gliclazida,40mg,Comprimidos,Embalagens contendo 10 blisters de 10 comp
"GENERICS & SPECIALITIES, Lda",DIABEND,Gliclazida,80mg,Comprimidos,Embalagens contendo 3 blisters de 20 comp; 10x10
"GENERICS & SPECIALITIES, Lda",BAL-ESTON,Betametasona,0.5mg,Comprimidos,Embalagem 10X10
"GENERICS & SPECIALITIES, Lda",ARPIMUNE ME-100,Ciclosporina,100mg,Cápsulas,Embalagem 10X5
"GENERICS & SPECIALITIES, Lda",BENZILPENICILINA PROCAÍNA,Benzilpenicilina Procaína,3 Mega,Solução Injectável Estéril,"Frasco de 15ml, 50x15ml, 12x50x15ml"
"GENERICS & SPECIALITIES, Lda",AMPICILINA SÓDICA,Ampicilina,0.5g,Pó para Injectável,Embalagem com 50 Frascos de 7ml
"GENERICS & SPECIALITIES, Lda",BENZILPENICILINA BENZATÍNICA,Benzilpenicilina Benzatínica,2.4 Mega,Pó para Solução Injectável,
"GENERICS & SPECIALITIES, Lda",MOFETYL-250,Mycophenolate Mofetil,250mg,Comprimidos Revestidos,Embalagem de 33x10
"GENERICS & SPECIALITIES, Lda",MULTIGEN-S,Vit.A+Vit.D3+Cloridrato de Tiamina+Riboflavina 5 Fosfato de Sodio+Vit.B6+Vit.B12+Niacinamida+Vit.C+D - Pantanol,5000IU+400IU+3mg+0.86mg+2mg+5mg+20mg+10mg+5mg,Xarope,Frasco de 100ml
"GENERICS & SPECIALITIES, Lda",GENVITA-S,Tiamina+Riboflavina+Piridoxina+Cianocobalamina+Niacinamida+D-Pantenol,5mg + 2.5mg + 1.5mg + 2.5mg + 25mg + 2.5mg,Xarope,Frasco de 100ml
"GENERICS & SPECIALITIES, Lda","TETRACICLINA, HIDROCLORETO POMADA OFTÁLMICA A 1%","Tetraciclina, Hidrocloreto",1%w/w,Pomada Oftálmica,"Bisnaga de 3,5/5g"
"GENERICS & SPECIALITIES, Lda",ALSARTAN 25,Losartan Potássico,25mg,Comprimidos,Embalagens contendo 1 blister x 10 comp e 10 blistrs x 10 comp
"GENERICS & SPECIALITIES, Lda",ALSARTAN 50,Losartan Potássico,50mg,Comprimidos,Embalagens contendo 1 blister x 10 comp e 4 blistrs x 7 comp
"GENERICS & SPECIALITIES, LDA",CLERON,Claritromicina,125mg/5mL,Pó para Suspensão Oral,Frasco de 100mL
"GENERICS & SPECIALITIES, Lda",GENFER,Sulfato Ferroso Seco + Ácido Fólico + Monohidrato de Sulfato de Zinco,150mg + 0.5mg + 61.8mg,Cápsulas,Embalagem contendo 3 blisters de 10 caps
"GENERICS & SPECIALITIES, Lda",NASIVION,"Oxymetazolina, Hidrocloreto",0%,Gotas nasais,Frasco de 10ml
"GENERICS & SPECIALITIES, Lda",NASIVION,"Oxymetazolina, Hidrocloreto",0%,Gotas nasais,Frasco de 10ml
"GENERICS & SPECIALITIES, Lda",NASIVION,"Oxymetazolina, Hidrocloreto",0%,Gotas nasais,Frasco de 10ml
"GENERICS & SPECIALITIES, Lda",PROMETAZINA INJECTAVEL,"Prometazina, Hidrocloreto",25mg/2ml,Injectável,Ampolas de 2ml
"GENERICS & SPECIALITIES, Lda",MAJEROL,Carbamazepina,200mg,Comprimidos,"Embalagens contendo 10 blisters de 10 comp, 1000"
"GENERICS & SPECIALITIES, Lda",ARISTO ACICLO,Aceclofenac,100mg,Comprimidos,Embalagens contendo 3 blisters de 10 comp
"GENERICS & SPECIALITIES, Lda",AMPICILINA SODICA PARA INJECÇÃO,Ampicilina Sodica,0.25g,Injectável,Frasco de 5ml
"GENERICS & SPECIALITIES, Lda",NYGEN S,Nistatina,100000UI,Pó para Suspensão Oral,Frasco de 30ml
"GENERICS & SPECIALITIES, Lda",AZITHRAL LIQUID 200,Azitromicina,200mg/5ml,Suspensão Oral,Frasco de 15ml
"GENERICS & SPECIALITIES, Lda",ALSARTAN-AM,Losartan Potássio + Amlodipina Basilato,50mg + 5mg,Comprimidos,Embalagens contendo 4 blisters de 7 comp
"GENERICS & SPECIALITIES, Lda",ALSARTAN-H,Losartan PotássiCo + Hidroclorotiazida,"50mg + 12,5mg",Comprimidos,Embalagens contendo 4 blisters de 7 comp
"GENERICS & SPECIALITIES, Lda",AZORAN,Azatioprina,50mg,Comprimidos Revestidos,10X10
"GENERICS & SPECIALITIES, Lda","LODOZ 2,5",Furoato de Bisoprolol + Hidroclortiazida,"2,5mg + 6,25mg",Comprimidos,3x10
"GENERICS & SPECIALITIES, Lda",LODOZ 5,Furoato de Bisoprolol + Hidroclortiazida,"5mg + 6,25mg",Comprimidos,3x10
"GENERICS & SPECIALITIES, Lda",AUROLIZA 10,Lisinopril,10mg,Comprimidos,20x14
"GENERICS & SPECIALITIES, Lda",AUROLIZA 20,Lisinopril,20mg,Comprimidos,20x14
"GENERICS & SPECIALITIES, Lda",ISOCOR 20,"Isossorbido, Monohidrato",20mg,Comprimidos,10x10
"GENERICS & SPECIALITIES, Lda",Ethyl Chloryde BP Spray,Cloreto de Etilo,100%,Spray,Frasco de 100ml
"GENERICS & SPECIALITIES, LDA",LAMIVUDINA + NEVIRAPINA + ZIDOVUDINA,Lamivudina + Zidovudina + Nevirapina,150mg + 300mg + 200mg,Comprimidos,frasco HDPE de 60 comprimidos
"GENERICS & SPECIALITIES, Lda",ELOSONE OINTMENT,Furoato de mometasona,"0,1% m/m",Pomada,Emb. Bisnaga de 30g
"GENERICS & SPECIALITIES, Lda",CANDACORT CREAM,Clotrimazol + hidrocortizona,10mg+10mg,Creme tópico,Emb. Bisnaga de 15g
"GENERICS & SPECIALITIES, Lda",IBUPROFENO,Ibuprofeno,400mg,Comprimidos Revestidos,10x10
"GENERICS & SPECIALITIES, Lda",FOBAN CREAM,ácido fusídico,2% w/w,Creme,Emb. Bisnaga de 5g e 15g
"GENERICS & SPECIALITIES, Lda",DEZOR CREAM,Ketoconazol,2% w/w,Creme,Emb. Bisnaga de 15g
"GENERICS & SPECIALITIES, Lda",ELOSONE CREAM,Furoato de mometasona,0.1% w/w,Creme,Emb. Bisnaga de 15g
"GENERICS & SPECIALITIES, Lda",BEPROGEL SOLUÇÃO TÓPICA,Dipropionato de betametasona,0.05% w/v,Solução tópica,Emb. Frasco plastico de 30ml
"GENERICS & SPECIALITIES, Lda",Sulfato de gentamicina,"Gentamicina, Sulfato",80mg/2ml,Solução Injectável,Tabuleiro com 10 ampolas
"GENERICS & SPECIALITIES, Lda",Griseofulvina BP 2005,Greseofulvina,500mg,Comprimidos,Embalagem com 100 comprimidos
"GENERICS & SPECIALITIES, Lda",Cloranfenicol BP 2007,Cloranfenicol,250mg,Cápsulas,frasco de 1000 cápsulas
"GENERICS & SPECIALITIES, Lda",VINCRISTINA SULFATO,Vincristina sulfato,2mg/2mL,Soluçao injectavel,Ampolas de 2mL
"GENERICS & SPECIALITIES, Lda",ZIDOVUDINA + LAMIVUDINA + NEVIRAPINA,Lamivudina + Zidovudina + Nevirapina,150mg + 300mg + 200mg,Comprimidos,Emb. Frasco de 60 comp.
"GENERICS & SPECIALITIES, Lda",Efavirenz capsulas,Efavirenz,200mg,Cápsulas,Emb. Frasco de 90 cap.
"GENERICS & SPECIALITIES, Lda",TENOFOVIR DISOPROXIL + EMTRICITABINA,Tenofovir disoproxil + Emitricitabina,300mg + 200mg,Comprimidos Revestidos,Emb. Frasco de 30 comp.
"GENERICS & SPECIALITIES, Lda",TENOFOVIR DISOPROXIL FUMARATO + EFAVIRENZ + EMTRICITABINA,Efavirenz + Emtricitabina + Tenofovir disoproxil fumarato,600mg + 200mg + 300mg,Comprimidos Revestidos,Emb. Frasco de 30 comp.
"GENERICS & SPECIALITIES, Lda",TENOFOVIR DISOPROXIL + LAMIVUDINA,Tenofovir disoproxil + Lamivudina,300mg+ 300mg,Comprimidos Revestidos,Emb. Frasco de 30 comp.
"GENERICS & SPECIALITIES, Lda",TENOFOVIR DISOPROXIL +LAMIVUDINA + EFAVIRENZ,Tenofovir disoproxil + Lamivudina+Efavirenz,300mg + 300mg + 600mg,Comprimidos Revestidos,Emb. Frasco de 30 comp.
"GENERICS & SPECIALITIES, Lda",REJUN 50,Cittrato de Clomifeno,50mg,Comprimidos,6 blisters de 5 comp
"GENERICS & SPECIALITIES, Lda",ARPIMUNE ME SOLUÇÃO ORAL,Ciclosporina,100mg/ml,Solução oral,Frasco de 50ml
"GENERICS & SPECIALITIES, Lda",TRIAXONE 1000,Ceftriaxona Sódica,1000mg,Pó para Injectável,Frasco de 100mg
"GENERICS & SPECIALITIES, Lda",KARDAM 5,"Amlodipina, besilato",5mg,Comprimidos,10 blisters de 10 comp
"GENERICS & SPECIALITIES, Lda",KARDAM 10,"Amlodipina, besilato",10mg,Comprimidos,10 blisters de 10 comp
"GENERICS & SPECIALITIES, Lda",AUROCEF 250,Cefalexina,250mg,Cápsulas,10 blisters de 10 caps
"GENERICS & SPECIALITIES, Lda",AUROCEF 500,Cefalexina,500mg,Cápsulas,10 blisters de 10 caps
"GENERICS & SPECIALITIES, Lda",CANDICAN,Fluconazol,2mg/ml,Injectável,Frascos de 100ml
"GENERICS & SPECIALITIES, Lda",PARACETIN EYE DROPS,Cloranfenicol,"0,5% m/v",Solução Oftálmica,Frasco de 10ml
"GENERICS & SPECIALITIES, Lda",ARPIMUNE ME 25,Ciclosporina,25mg,Cápsulas,10 blisters de 5 caps
"GENERICS & SPECIALITIES, Lda",ARPIMUNE ME 50,Ciclosporina,50mg,Cápsulas,10 blisters de 5 caps
"GENERICS & SPECIALITIES, Lda",BROMOGEN 2.5,Bromocriptina,2.5mg,Comprimidos,5 blisters de 10 comp
"GENERICS & SPECIALITIES, Lda",AROXICAM 7.5,Meloxicam,7.5mg,Comprimidos,3 blisters de 10 comp
"GENERICS & SPECIALITIES, Lda",AROXICAM 15,Meloxicam,15mg,Comprimidos,3 blisters de 10 comp
"GENERICS & SPECIALITIES, Lda",CEFUXIME 750,Cefuroxima sódica,750mg,Pó para Injectável,Frasco de 15ml
"GENERICS & SPECIALITIES, Lda",KOACT 156.25,Amoxicilina + Ácido Clavulânico,125mg/5ml + 31.25mg/5ml,Pó para Suspensão Oral,Frasco de 100ml
"GENERICS & SPECIALITIES, Lda",KOACT 312.50,Amoxicilina + Ácido Clavulânico,250mg/5ml + 62.5mg/5ml,Pó para Suspensão Oral,Frasco de 100ml
"GENERICS & SPECIALITIES, Lda",STAVUDINE CAPSULES,Estavudina,30mg,Cápsulas,Frasco de 60 caps
"GENERICS & SPECIALITIES, Lda",TENOFOVIR DISOPROXIL TABLETS,Tenofovir disoproxil fumarato,300mg,Comprimidos,Frasco de 60 comp
"GENERICS & SPECIALITIES, Lda",ABACAVIR SULFATO TABLETS,"Abacavir, Sulfato",300mg,Comprimidos,Frasco de 60 comp
"GENERICS & SPECIALITIES, Lda",ARISTOZYME CAPSULES,Pepsina + Diastase,10mg + 50mg,Cápsulas,Embalagem de 5 blisters de 6 caps
"GENERICS & SPECIALITIES, Lda",ARISTOZYME LIQUID,Pepsina + Diastase,10mg + 50mg,Xarope,Frasco de 200ml
"GENERICS & SPECIALITIES, Lda",ROXEM 150,Roxitromicina,150mg,Comprimidos,10 blisters de 10 comp
"GENERICS & SPECIALITIES, Lda",PANTOP,Pantoprazol,40mg,Comprimidos,10 blisters de 10 comp
"GENERICS & SPECIALITIES, Lda",EMADINE 5,"Amlodipina, besilato",5mg,Comprimidos,10 blisters de 10 comp
"GENERICS & SPECIALITIES, Lda",LIVOGEN Z,Fumarato Ferroso + Ácido Fólico + Sulfato de Zinco,152mg + 750mcg + 61.8mg,Comprimidos,5 blisters x 3 x 10 comp
"GENERICS & SPECIALITIES, Lda",AMOXICILINA BP SUSPENSÂO ORAL,Amoxicilina Trihidrato,125mg/5ml,Suspensão Oral,Frasco de 100ml
"GENERICS & SPECIALITIES, Lda",AMOXICILINA BP SUSPENSÂO ORAL,Amoxicilina Trihidrato,250mg/5ml,Suspensão Oral,Frasco de 100ml
"GENERICS & SPECIALITIES, Lda",AMOXICILINA 500,Amoxicilina Trihidrato,500mg,Cápsulas,Embalagem de 10 blisters de 10 comp
"GENERICS & SPECIALITIES, Lda",PARACETAMOL  BP SUSPENSÃO ORAL,Paracetamol,125mg/5ml,Suspensão Oral,Frasco de 100ml
"GENERICS & SPECIALITIES, Lda",FENOXIMETILPENICILINA,Fenoximetilpenicilina Potássica,500mg,Comprimidos,Embalagem de 10 blisters de 10 comp
"GENERICS & SPECIALITIES, Lda",COTRIMOXAZOL BP,Sulfametoxazol + Trimetoprim,200mg/5ml + 40mg/5ml,Suspensão Oral,Frasco de 100ml
"GENERICS & SPECIALITIES, Lda",LOPINAVIR E RITONAVIR,Lopinavir + Ritonavir,100mg+25mg,Comprimidos,Frasco de 60 comp
"GENERICS & SPECIALITIES, Lda",LOPINAVIR E RITONAVIR,Lopinavir + Ritonavir,200mg+50 mg,Comprimidos,Frasco de 120 comp
"GENERICS & SPECIALITIES, Lda",TENOFOVIR DISOPROXIL FUMARATO,Tenofovir disoproxil fumarato,300mg,Comprimidos,Embalagem de 30 comp
"GENERICS & SPECIALITIES, Lda",PENICILINA V POTASSIO,Fenoximetilpenicilina,250mg/5ml,Pó para Suspensão Oral,Frasco de 100ml
"GENERICS & SPECIALITIES, Lda",EMTRICITABINA + TENOFOVIR DISOPROXIL FUMARATO,Tenofovir disopropil fumarato + Emtricitabina,300mg + 200mg,Comprimidos,Embalagem de 30 comp
"GENERICS & SPECIALITIES, Lda",CLOBETAMIL CREME,Propionato de Clobetasol,0.05% w/w,Creme,Bisnaga de 10g
"GENERICS & SPECIALITIES, Lda",BETAMIL GM CREME,Dipropionato de Betametasona + Gentamicina + Nitrato de Miconasol,"0.05% w/w  +  0,1% w/w + 2% w/w",Creme,Bisnaga de 10g
"GENERICS & SPECIALITIES, Lda",HIDRALAZINA,Hidralazina,25mg,Comprimidos,Frasco de 500 comp
"GENERICS & SPECIALITIES, Lda",HALOTANO,Halotano,100% v/v,Liquido volatil para inalação,Frasco de 250ml
"GENERICS & SPECIALITIES, Lda",Z CIL,Ampicilina,500mg,Pó para Injecção,Frasco de 5ml
"GENERICS & SPECIALITIES, Lda",KOACT 625,Trihidrato de Amoxicilina + Clavulanato de Potássio,500mg + 125mg,Comprimidos,Embalagem contendo 3 blisters de 5 comp
"GENERICS & SPECIALITIES, LDA",ASTHAGEN 100,"Salbutamol, sulfato",100mcg,Aerosol,Frascos de 200 doses
"GENERICS & SPECIALITIES, LDA",BECLOGEN,"Betametasona, Dipropionato",200mcg,Aerosol,Frascos de 200 doses
"GENERICS & SPECIALITIES, Lda",CLORIDRATO DE CIPROFLOXACINA,Ciprofloxacina,500mg,Comprimidos,Frascos de 1000 comp
"GENERICS & SPECIALITIES, Lda",DOXICICLINA,Doxiciclina,100mg,Comprimidos,Frascos de 1000 comp
"GENERICS & SPECIALITIES, LDA",HAEMACCEL,Polipeptideo de Gelatina + Cloreto de Sodio + Cloreto de Potássio + Cloreto de Cálcio,"3,5g + 0,85g + 0,0038g + 0,070g",Solução para infusão,Frascos de 500ml
"GENERICS & SPECIALITIES, Lda",AMOXICILINA,Amoxicilina,500mg,Cápsulas,10 blisters de 10 caps
"GENERICS & SPECIALITIES, Lda",PENICILINA PROCAINA 3 MEGA,Penicilina Procaína,3000000UI,Pó para Injecção,10 frascos de 8ml
"GENERICS & SPECIALITIES, Lda",PENICILINA BENZATÌNICA,Penicilina Benzatínica,2400000UI,Pó para Injecção,10 frascos de 8ml
"GENERICS & SPECIALITIES, Lda",BALFEN 200,Ibuprofeno,200mg,Comprimidos,10 blisters de 10 comp
"GENERICS & SPECIALITIES, Lda",IBUPROFENO,Ibuprofeno,400mg,Comprimidos,10 blisters de 10 comp
"GENERICS & SPECIALITIES, Lda",I-VITA,Vitamina A Palmito,200.000UI,Cápsulas,"Frascos de 1000 caps, 500"
"GENERICS & SPECIALITIES, Lda",ISOFLURANO,Isoflurano,100%v/v,Liquido para inalação,Frascos de 100ml e 250ml
"GENERICS & SPECIALITIES, Lda",SEVOFLURANO,Sevoflurano,100%v/v,Liquido para inalação,Frascos de 250ml
"GENERICS & SPECIALITIES, Lda",LIGNOVIT 20,"Lidocaína, Hidrocloreto",21mg,Solução Injectável,Frasco de 50ml
"GENERICS & SPECIALITIES, Lda",PREDNISOLONA 5,Prednisolona,5mg,Comprimidos,Frasco de 100 comp
"GENERICS & SPECIALITIES, Lda",PREDNISOLONA 20,Prednisolona,20mg,Comprimidos,Frasco de 100 comp
"GENERICS & SPECIALITIES, Lda",HALOPERIDOL,Haloperidol,5mg,Comprimidos,Frasco de 1000 comp
"GENERICS & SPECIALITIES, Lda",SULFATO ÁCIDO DE KANAMICINA,"Kanamicina, Sulfato",2g/8mL,Pó para Injecção,Frascos de 7mL
"GENERICS & SPECIALITIES, Lda",Bupivit D,Bupivacaina hidrocloreto + dextrose,5mg/mL + 50mg/mL,Solução injectável,Emb.com ampolas 4ml
"GENERICS & SPECIALITIES, Lda",Bupivit,Bupivacaina hidrocloreto,5mg/mL,Solução injectável,Emb.com ampolas 4ml e de 20ml
"GENERICS & SPECIALITIES, Lda",Lignovit 20 AH,Lidocaína+ adrenalina,"20mg/ml+0,0125mg/ml",Solução injectável,Emb.com frascos de 20ml
"GENERICS & SPECIALITIES, Lda",CANDAZOLE LOTION,Clotrimazol,10mg/ml,Loção,Emb. Frascos plástico de  10ml
"GENERICS & SPECIALITIES, Lda",ORREPASTE,"Triancinolona, Acetato","0,1% w/w",Pasta oral,Emb. Bisnaga de 5g
"GENERICS & SPECIALITIES, Lda",BEPROSONE CREAM,"Betametasona, diproprionato","0,05%w/w",Creme,Emb. Bisnaga de 15g
"GENERICS & SPECIALITIES, Lda",FOBAN OINTMENT,ácido fusídico,2% w/v,Pomada,Emb. Bisnaga de 5g e de 15g
"GENERICS & SPECIALITIES, Lda",U-CLOSONE POMADA,Butirato de clobetasol,"0,05%w/w",Pomada,Emb. Bisnaga de 15g
"GENERICS & SPECIALITIES, LDA",CLODERM CREAM,Propionato de clobetasol,"0,05%w/w",Creme,Emb. Bisnaga de 15g
"GENERICS & SPECIALITIES, Lda",BEPROSALIC  OINTMENT,Diproprionato de Beclometasona + ácido salicilico,"0,05%w/w + 3% w/w",Pomada,Emb. Bisnaga de 15g
"GENERICS & SPECIALITIES, LDA",CLODERM OINTMENT,Propionato de clobetasol,"0,05%w/w",Pomada,Emb. Bisnaga de 15g
"GENERICS & SPECIALITIES, Lda",DEZOR SHAMPOO,Ketoconazol,2% w/v,Shampoo,Emb. Frascos de  60ml e 120ml
"GENERICS & SPECIALITIES, Lda",DIDANOSINA,Didanosina,400mg,Cápsulas de libertação retardada,Frasco de 30 cápsulas
"GENERICS & SPECIALITIES, Lda",ZIDOVUDINA,Zidovudina,100mg,Cápsulas,100 Cápsulas
"GENERICS & SPECIALITIES, Lda",SULFATO DE ABACAVIR,"Abacavir, Sulfato",300mg,Comprimidos revestidos,Frasco de 60 comprimidos
"GENERICS & SPECIALITIES, Lda",DIDANOSINA,Didanosina,250mg,Cápsulas de libertação retardada,Frasco de 30 cápsulas
"GENERICS & SPECIALITIES, Lda",GENTALAB EYE/EAR DROPS,Gentamicina,"0,3% w/v",Gotas auriculares/Oftálmicas,Frasco de 10ml
"GENERICS & SPECIALITIES, Lda",NIFEDIPINA COMPRIMIDOS DE LIBERTAÇÃO PROLONGADA 30 MG,nifedipina,30mg,Comprimidos,Embalagem de 10 x 10 comp
"GENERICS & SPECIALITIES, Lda",IPRED,"Prednisolona, acetato",1% m/v,Suspensão oftálmica,Frasco de 5ml
"GENERICS & SPECIALITIES, Lda",GENXIME - 500,"Cefuroxima, axetil",500mg,Comprimidos,10 blister de 10 comprimidos
"GENERICS & SPECIALITIES, Lda",CEMID - 250,Acetazolamida,250mg,Comprimidos,10 blister de 10 comprimidos
"GENERICS & SPECIALITIES, Lda",MIPROST - 200,Misoprostol,200mg,Comprimidos,1 blister de 4 comprimidos
"GENERICS & SPECIALITIES, Lda",MYDRIPIN EYE DROPS USP,"Atropina, sulfato",1%,Solução oftálmica,Frasco de 5ml
"GENERICS & SPECIALITIES, Lda",QUANTEL 600,Praziquantel,600mg,Comprimidos revestidos,"FRASCO DE 8, 100 E 500 comprimidos"
"GENERICS & SPECIALITIES, Lda",NIFED RETARD,Nifedipina,20mg,Comprimidos,10 blister de 10 comprimidos
"GENERICS & SPECIALITIES, Lda",TELMI - H,Telmisartan + Hidroclorotiazida,40mg + 12.5mg,Comprimidos,blister de 10 comprimidos e frasco de 10 comprimidos
"GENERICS & SPECIALITIES, LDA",DIGOXINA BP Comprimido,Digoxina,"0,25mg",Comprimidos,Frascos de 500 comprimidos e de 10 x 10
"GENERICS & SPECIALITIES, Lda",VITAQUINE,"Quinina, Hidrocloreto",300mg/mL,Solução Injectável,Âmpola de 2mL
"GENERICS & SPECIALITIES, Lda",ERYPRO SAFE - 4000,Eritropoetina Humana Recombinante alfa,4000 UI,soluçâo injectável,seringa de 1ml
"GENERICS & SPECIALITIES, Lda","LTHROX - 0,05",Levotiroxina sódica,"0,05mg",Comprimidos,embalagem contendo 10 carteiras de 10 coprimidos
"GENERICS & SPECIALITIES, Lda",GLIMIPREX 1,Glimepirida,1mg,Comprimidos,embalagem contendo 10 carteiras de 10 comprimidos
"GENERICS & SPECIALITIES, Lda",GLIMIPREX 2,Glimepirida,2mg,Comprimidos,embalagem contendo 10 carteiras de 10 comprimidos
"GENERICS & SPECIALITIES, Lda",GLIMIPREX 3,Glimepirida,3mg,Comprimidos,embalagem contendo 10 carteiras de 10 comprimidos
"GENERICS & SPECIALITIES, Lda",GLIMIPREX 4,Glimepirida,4mg,Comprimidos,embalagem contendo 10 carteiras de 10 comprimidos
"GENERICS & SPECIALITIES, Lda",NOPRIL-5 TABLETS,"lisinopril, dihidrato",5mg,Comprimidos,10 comprimidos em um blister ou frasco HDPE
"GENERICS & SPECIALITIES, Lda",LEVO - 72,Levonorgestrel,0.75mg,Comprimidos,embalagem de 1 blister de 2 comp.
"GENERICS & SPECIALITIES, Lda",NUFIL - SAFE,factor recombinante humano estimulante da colónia de granulócitos,300mcg/ 0.5ml,soluçâo injectável,seringas pré-cheia (dose única)
"GENERICS & SPECIALITIES, Lda",CLAVUGEN 1.2 INJECTÁVEL,Amoxicilina + Ácido Clavulânico,1000mg + 200mg,Pó para Solução Injectável,frasco de 20mL
"GENERICS & SPECIALITIES, Lda",BECLO-GC CREAM,"Beclometasona, dipropionato + gentamicina, sulfato + clotrimazol","0,025%w/w + 0,1% w/w + 1% w/w",Creme tópico,Bisnaga de 15gr
"GENERICS & SPECIALITIES, Lda",GROWVITA-5,Finasterida,5mg,Comprimidos,10 blister x 10 comp
"GENERICS & SPECIALITIES, Lda",ALLUCID,Hidroxido de aluminio + hidroxido de magnésio,120mg + 250mg,Comprimidos,10 blister X 10 comp e frasco de 1000 comp
"GENERICS & SPECIALITIES, Lda",CT-SUSPENSION,"Ciprofloxacina,hidrocloreto + tinidazol",250mg/5mL + 300mg/5mL,Suspensão Oral,frasco de 30mL
"GENERICS & SPECIALITIES, Lda",G-MET 5/500,"Metformina, cloridrato + Glibenclamida",500mg + 5mg,Comprimidos,10 carteiras de 10 comprimidos
"GENERICS & SPECIALITIES, Lda",ANGINAL - 10,Dinitrato de isossorbido diluido,10mg,Comprimidos,10 carteiras de 10 comprimidos
"GENERICS & SPECIALITIES, Lda",ACLO 200,Aciclovir,200mg,Comprimido,10 carteiras de 10 comprimidos
"GENERICS & SPECIALITIES, Lda",TERFIN CREAM,"Terbinafina, Cloridrato",10mg/g,Creme,bisnaga de 15g
"GENERICS & SPECIALITIES, Lda",GRISEOFULVINA 500MG BP,Griseofulvina,500mg,Comprimidos,embalagem de 10 x10
"GENERICS & SPECIALITIES, LDA",KARIN,"Heparina, sódica",1000.UI,Injectável,frasco de 50mL
"GENERICS & SPECIALITIES, Lda",PANTOZ,Pantoprazol sódico,40mg,Pó para Injecção,frasco de 10ml
"GENERICS & SPECIALITIES, Lda",K- PENEM,Meropenem + carbonato de sódio,"1g + 90,2mg (500mg)",Pó para Injecção,10 frascos por embalagem
"GENERICS & SPECIALITIES, Lda",K- PIME,"Cefepime, Cloridrato",500mg,Pó para Injecção,Frasco de 20ml
"GENERICS & SPECIALITIES, Lda",BENZOL-5-LOTION,Peróxido de benzil Hidratado BP,5%w/w,Loção tópica,frasco de 30ml
"GENERICS & SPECIALITIES, Lda",XYLONE,"Xilometazolina, hidrocloreto",0.05% w/v,gotas nasais,Frasco de 10ml
"GENERICS & SPECIALITIES, Lda",XYLONE,"Xilometazolina, hidrocloreto",0.1% m/v,gotas nasais,Frasco de 10ml
"GENERICS & SPECIALITIES, Lda",METAGEN PLUS,Acetaminofeno + dextrometorfano iidrobrometo + succinato de doxilamina + clorfeniramina maleato,325mg + 15mg + 6.25mg + 4mg,Cápsulas,embalagem de 3 x 10 cápsulas
"GENERICS & SPECIALITIES, Lda",FEROFOL PLUS,Fumarato ferroso + polissacarídeo complexo de ferro + ascobato de sódio + ácido folico + cloridrato de piridoxina + óleo de peixe,"15mg + 15mg +20mg + 1mg + 25mg + 215,12mg + 53,46mg",Cápsulas moles de gelatina,embalagem de 10 x10
"GENERICS & SPECIALITIES, Lda",CALCIGEN,vitamina A palmitato + colecalciferol + carbonato de cálcio + hidrogeno fosfato de cálcio anidro,2500IU + 400IU + 50mg + 150mg,Cápsulas moles de gelatina,embalagem de 10 x10
"GENERICS & SPECIALITIES, Lda",FEROFOL,sulfato ferroso seco + cianocobalamina + ácido fólico + DL - serina + hidrogeno fosfato de calcio anidro,2500UI + 400IU + 50mg + 150mg,Cápsulas moles de gelatina,embalagem de 10 x10
"GENERICS & SPECIALITIES, Lda",GENTOSSE FORTE,"Guaifanasina + efedrina, HCL",200mg +25mg,Cápsulas moles de gelatina,embalagem de 10 x11
"GENERICS & SPECIALITIES, Lda",SPASMOL TABLETS,"Dicicloverina, hidrocloreto + Paracetamol",20mg + 500mg,Comprimidos,embalagem de 10 x 5 x 10 comprimidos
"GENERICS & SPECIALITIES, Lda",PROPOVAN 1%,Propofol,10mg/ml,emulsão Injectável,5 ampolas de 20ml
"GENERICS & SPECIALITIES, Lda",GENLIN FORTE,"Difenidramina, cloridrato + dextrometorfano, Bromidrato + fenelefrina, Cloridrato",50mg + 15mg + 5mg,Cápsulas moles de gelatina,Embalagen de 10 x 10cápsulas
"GENERICS & SPECIALITIES, Lda",KEDPRO,"Medroxiprogesterona, acetato",150mg/ml,Suspensão para injecção,Frasco de 1ml
"GENERICS & SPECIALITIES, Lda",GENLIN CÁPSULA,"Difenidramina, cloridrato",50mg,Cápsulas moles de gelatina,Embalagem de 10 x 10 comp
"GENERICS & SPECIALITIES, Lda",MEBENDAZOL SUSPENSÃO ORAL,Mebendazol,100mg/5mL,Suspensão Oral,Embalagem de 30ml
"GENERICS & SPECIALITIES, Lda",MIFITON,Mifepristona,200mg,comprimidos,embalagem de 3 carteiras de 1 commprimidos
"GENERICS & SPECIALITIES, Lda",FLUT-250,Flutamida,250mg,comprimidos,10 blister de 10 comprimidos
"GENERICS & SPECIALITIES, Lda",PILENIL OINTMENT,Lidocaina hidrocloreto + Oxido de Zinco,"0,70% + 6,60%",Pomada,Tubo de 25g
"GENERICS & SPECIALITIES, Lda",FOLIAC,Ácido Fólico,5mg,Comprimidos,Embalagem de 30comprimidos e frasco de 1000 comprimidos
"GENERICS & SPECIALITIES, Lda",GLOBINA,Ferro (III) + Ácido fólico,"50mg + 0,5mg",Xarope,Frascos de 200 ml
"GENERICS & SPECIALITIES, Lda",BASALOG,Insulina Glargina (origem no rDNA),100UI/ml,Solução injectavel,Cartucho de 5 X 3ml
"GENERICS & SPECIALITIES, Lda",BASALOG,Insulina Glargina (origem no rDNA),100UI/ml,Solução injectavel,Frascos de 3ml e de 10ml
"GENERICS & SPECIALITIES, LDA",INSUGEN - R (REGULAR),Insulina humana (insulina de origem do ADN humano recombinante),100UI/5mL,Injectável,Cartuchos de 5 x 3mL
"GENERICS & SPECIALITIES, LDA",INSUGEN - N (NPH),Insulina humana (insulina de origem do ADN humano recombinante,100UI/5mL,Injectável,Cartuchos de 5 x 3mL
"GENERICS & SPECIALITIES, LDA",INSUGEN - 30/70 (BIFASICO),Insulina humana (insulina de origem do ADN humano recombinante,100UI/5mL,Injectável,Cartuchos de 5 x 3mL
"GENERICS & SPECIALITIES, Lda",MUPIBACT OINTMENT,Mupirocina,2%,Pomada Tópica,bisnaga de 5g e de 15g
"GENERICS & SPECIALITIES, Lda",ETOIN - 100,Fenitoína Sódica,100mg,Comprimidos,Blister de 10 x 10 comprimidos
"GENERICS & SPECIALITIES, Lda",SEPTLON,"Clorhexidina, gluconato + Cetrimida","15% m/v + 7,5%m/v",Solução antiseptica,frasco de 500ml e de 1000ml
"GENERICS & SPECIALITIES, Lda",METH - 25MG,Metotrexato,"2,5mg",Comprimidos,blister de 10 x10 comprimidos
"GENERICS & SPECIALITIES, Lda",BESTOR 5,Rosuvastatina Cálcica,5mg,Comprimidos,10 blister de 10 comprimidos
"GENERICS & SPECIALITIES, Lda",BESTOR 10,Rosuvastatina Cálcica,10mg,Comprimidos,10 blister de 10 comprimidos
"GENERICS & SPECIALITIES, Lda",BESTOR 20,Rosuvastatina Cálcica,20mg,Comprimidos,10 blister de 10 comprimidos
"GENERICS & SPECIALITIES, Lda",NETRACORT SKIN OINTMENT,"Hidrocortisona, acetato",1%,Pomada Tópica,bisnaga de 15g
"GENERICS & SPECIALITIES, Lda",OMEP,Omeprazol,20mg,Cápsulas,10 blister de 10 Capsulas
"GENERICS & SPECIALITIES, Lda",DYNAMOX - 500,Amoxicilina,500mg,Cápsulas,10 blister de 10 Capsulas
"GENERICS & SPECIALITIES, Lda",RAPACAN - 1,Sirolimus,1mg,Comprimidos,Embalagem de 10 comprimidos
"GENERICS & SPECIALITIES, Lda",RENODAPT 500,"Mofetil, micofenolato",500mg,Comprimidos,embalagem de 5x 10 comprimidos
"GENERICS & SPECIALITIES, Lda","TACROGRAF 0,5mg",Tacrolimus,0.5mg,cápsulas,embalagem de 1x 10 cápsulas
"GENERICS & SPECIALITIES, Lda",TACROGRAF 1mg,Tacrolimus,1mg,cápsulas,embalagem de 1x 10 cápsulas
"GENERICS & SPECIALITIES, Lda",PICON,Pimecrolimus,1%m/m,Creme tópico,bisnaga de 10g e de 30g
"GENERICS & SPECIALITIES, Lda",TWAKZ - 0.1,Tacrolimus,0.1% m/m,Pomada Tópica,bisnaga de 10g e de 30g
"GENERICS & SPECIALITIES, Lda",TWAKZ - 0.03,Tacrolimus,0.03% m/m,Pomada Tópica,bisnaga de 10g e de 30g
"GENERICS & SPECIALITIES, Lda",LABOZINE - 25,Hidralazina,25mg,Comprimidos,frasco de 500 Comprimidos
"GENERICS & SPECIALITIES, Lda",LABUWIK,"Azitromicina, Di-hidrato",500mg,comprimidos revestidos,Frasco de 100 comprimidos
"GENERICS & SPECIALITIES, Lda",IBULAB ORAL SUSPENSION,Ibuprofeno,100mg/5ml,xarope,frasco de 100ml
"GENERICS & SPECIALITIES, Lda",LANTAC- 150,"Ranitidina, cloridrato",150mg,comprimidos revestidos,frasco de 1000 comprimidos
"GENERICS & SPECIALITIES, Lda",TETRALAB- 500,Tetraciclina,500mg,Cápsulas,frasco de 1000 comprimidos
"GENERICS & SPECIALITIES, Lda",SALBUTAMOL INJECTION,"Salbutamol, Sulfato",0.5mg,Solução injectavel,Ampola de 1ml
"GENERICS & SPECIALITIES, Lda",FLUCAN - 200,Fluconazol,200mg,Cápsulas,blister de 4 comprimidos
"GENERICS & SPECIALITIES, Lda",AZILIN - 500,Azitromicina,500mg,Comprimidos,blister de 3 comprimidos
"GENERICS & SPECIALITIES, Lda",OMLINK - 20,Omeprazol,20mg,Cápsula,10 blister de 10 Cápsulas
"GENERICS & SPECIALITIES, LDA",MULTIGEN-S,Vitamina A (como palmitato) + Nitrato de tiamina + Riboflavina + Vitamina B12  + Vitamina C + Vitamina D3 +  Nicotinamida,"1000UI + 1,5mg + 1.5mg + 2.5mcg + 40mg + 200 UI 10mg",Xarope,Frasco de 100mL
"GENERICS & SPECIALITIES, Lda",METILGEN,Metildopa,250mg,Comprimidos,Embalagem contendo 10 blisters de 10 comprimidos
"GENERICS & SPECIALITIES, Lda",AXACROME,Cloranfenicol,0.5% p/v,Gotas oftálmicas,Frasco LDPE de 10ml
"GENERICS & SPECIALITIES, LDA",HEPARINA INJECÇÃO BP,"Heparina, sódica",5000UI/5mL,Pó para Injecção,Frasco de 5mL
"GENERICS & SPECIALITIES, LDA",HEPARINA INJECÇÃO BP,"Heparina, sódica",25000UI/5mL,Pó para Injecção,Frasco de 5mL
"GENERICS & SPECIALITIES, Lda",ENOXAPARINA SODICA,Enoxaparina sódica,"20mg/0,2mL",Injectável,"Embalagem contendo seringa pre-cheia de 0,2mL"
"GENERICS & SPECIALITIES, Lda",ENOXAPARINA SODICA,Enoxaparina sódica,"40mg/0,4mL",Injectável,"Embalagem contendo 6 seringa pre-cheias de 0,4mL"
"GENERICS & SPECIALITIES, Lda",ENOXAPARINA SODICA,Enoxaparina sódica,"60mg/0,6mL",Injectável,"Embalagem contendo 6 seringas pre-cheia de 0,6mL"
"GENERICS & SPECIALITIES, Lda",ENOXAPARINA SODICA,Enoxaparina sódica,"80mg/0,8mL",Injectável,"Embalagem contendo6 seringas pre-cheia de 0,8mL"
"GENERICS & SPECIALITIES, LDA",IPRED,"Prednisolona, acetato",1% w/v,Solução oftálmica,Frasco plástico de 5mL
"GENERICS & SPECIALITIES, LDA",FLUGEN S,"Paracetamol + Fenilefrina, cloridrato + Clorfeniramina, maleato",(125mg + 5mg + 1mg)/5mL,Xarope,Frasco de vidro de 100mL
"GENERICS & SPECIALITIES, LDA",GENSONE 20,Prednisolona USP,20mg,Comprimidos,Embalagem contendo 10 blisters de 10 comprimidos
"GENERICS & SPECIALITIES, LDA",GENCEF-0,Cefixima,400mg,Comprimido revestido por película,Embalagem contendo 1 blister de 10 Comprimidos
"GENERICS & SPECIALITIES, LDA",ADRIB,"Doxorrubicina, hidrocloreto",10mg,Pó liofilizado para Injecção,1x50 frascos
"GENERICS & SPECIALITIES, Lda",NEOMAG - D,Neomicina + Dexametasona,"0.55W/V + 0,1%W/V",Solucao oftalmica,Frasco de 10ml
"GENERICS & SPECIALITIES, Lda",GENFULVIN,Griseofulvina,500mg,Comprimidos,Embalagem contendo 10 blisters de 10 comprimidos
"GENERICS & SPECIALITIES, Lda",ADREA 500,Hidroxiureia 500mg,500mg,Cápsulas,Embalagem contendo 10 blisters de 10 capsulas
"GENERICS & SPECIALITIES, LDA",ASTHAGEN,"Salbutamol, sulfato",100mcg,Aerossol,Embalagem contendo frasco de 200 doses
"GENERICS & SPECIALITIES, Lda",DEXAGEN,"Dexametasona, fosfato de sodio USP",4mg/mL,Injectável,Embalagem contendo 10 Ampolas de vidro de 2 ml
"GENERICS & SPECIALITIES, Lda",GENCORT,"Hidrocortisona, succinato de sódio",100mg,Injectável,Embalagem contendo
"GENERICS & SPECIALITIES, LDA",GENPARIN INJECTION,"Heparina, sódica",25000UI/5mL,Injectável,Embalagem contendo 5 ampolas de 5mL
"GENERICS & SPECIALITIES, LDA",GENCEF - S,Cefixima,100mg/5mL,Suspensão oral,Embalagem contendo frasco de vidro de 50mL
"GENERICS & SPECIALITIES, LDA",KETOGEN CREME,Cetoconazol,2% p/p,Creme,Embalagem contendo bisnaga de 10g
"GENERICS & SPECIALITIES, LDA",RIVFOL-5,Acido Folico,5mg,Comprimido,Embalagem contendo 10 blisters de 10 comprimidos
"GENERICS & SPECIALITIES, LDA",AXAPARA,Paracetamol,1%p/v,Infusão intravenosa,Embalagem contendo 100ml
"GENERICS & SPECIALITIES, LDA",GENMOX 500,"Amoxicilina, Tri-hidratada",500mg,Cápsulas,Embalagem contendo 10 blisters de 10 cápsulas
"GENERICS & SPECIALITIES, LDA",AXACIP,Ciprofloxacina,200mg/100mL,Injectável,Frasco LDPE de 100mL
"GENERICS & SPECIALITIES, LDA",VANCOGEN,"Vancomicina, cloridrato",250mg,Injectável,Embalagem contendo 1 x 10 frascos
"GENERICS & SPECIALITIES, LDA",DOPASCOT,"Dopamina, cloridrato",40mg/mL,Injectável,Embalagem contendo 1 ampola de 5mL
"GENERICS & SPECIALITIES, LDA",LUPRODEX 3.75 (DEPOT),"Leuprorrelina, Acetato","3,75mg",Pó liofilizado para solução Injectável,Embalagem contendo 1 ampola de 2mL
"GENERICS & SPECIALITIES, LDA",LIDOGEN-I,"Lidocaina, cloridrato",20mg/mL,Injectável,Embalagem contendo 1 frasco multidose de 20mL
"GENERICS & SPECIALITIES, LDA",CEDOR-S,Paracetamol,120mg/5mL,Suspensão oral,Embalagem contendo 1 frasco de 100mL
"GENERICS & SPECIALITIES, LDA",GENCOL I,"Cloranfenicol, Succinato Sódico",1g,Pó para Injecção,Embalagem contendo 1 frasco de 20ml
"GENERICS & SPECIALITIES, LDA",LIDOGEN,"Lidocaina, cloridrato",2% p/p,Gel,Embalagem contendo 1 bisnaga de 30g
"GENERICS & SPECIALITIES, LDA",VANCOGEN,"Vancomicina, cloridrato",500mg,Injectável,Embalagem contendo 1 x 10 frascos
"GENERICS & SPECIALITIES, LDA",VANCOGEN,"Vancomicina, cloridrato",1000mg,Injectável,Embalagem contendo 1 x 10 frascos
"GENERICS & SPECIALITIES, LDA",FLUFEN-25,"Flufenazina, decanoato",25mg/mL,Injecção líquida,Embalagem contendo blisters de 10x1 ampolas
"GENERICS & SPECIALITIES, LDA",METAGEN-S,Metoclopramida,5mg/5mL,Xarope,Frasco de 50mL
"GENERICS & SPECIALITIES, LDA",LOXOGEN,Fluoxetina,20mg,Cápsulas,Embalagem contendo blisters de 10x10 Cápsulas
"GENERICS & SPECIALITIES, LDA",PEN-G 500,Fenoximetilpenicilina,500mg,Comprimidos,Embalagem contendo blister de 10x10 Comprimidos
"GENERICS & SPECIALITIES, LDA",GENCIN-I,"Gentamicina, Sulfato",80mg/2mL,Injectável,Ampola de Vidro de 1x2ml
"GENERICS & SPECIALITIES, LDA",DICLOGEN-I,Diclofenac Sódico,75mg/3mL,Injectável,Emalagem contendo uma ampola de 3ml ou 10 ampolasx 200 caixas
"GENERICS & SPECIALITIES, LDA",CEFTAGEN,Ceftazidima,1g,Pó para solução injectável/ Perfusão IV/IM,Embalagem contendo 50 frascos de vidro Tipo II de 10ml
"GENERICS & SPECIALITIES, LDA",GENMOX-S 250,"Amoxicilina, Tri-hidratada",250mg/5mL,Pó para suspensão oral (Xarope seco),"Frasco plástico de HDPE de 100mL, embalado em uma caixa com folheto e copo medidor"
"GENERICS & SPECIALITIES, LDA",GENDOL-I,Paracetamol,300mg/2mL,Solução Injectável,Embalagem contendo 10 ampolas de 2mL
"GENERICS & SPECIALITIES, LDA",METROGEN-P,Metronidazol,200mg/5mL,Suspensão oral,Frasco de 100mL
"GENERICS & SPECIALITIES, LDA",CARGEN,Carbamazepina,200mg,Comprimidos,10 blisters de 10 comprimidos
"GENERICS & SPECIALITIES, LDA",CLAVUGEN - S 250,Amoxicilina + Clavulato de Potássio,(250mg + 62.50mg)/ 5mL,Pó para Suspensão Oral,Frasco de 100mL
"GENERICS & SPECIALITIES, LDA",HISTAGEN P,Clorfeniramina,2mg/5mL,suspensão oral,Frasco de 100mL
"GENERICS & SPECIALITIES, LDA",CLAVUGEN S 125,Amoxicilina + Clavulato de Potássio,(125mg + 31.25mg)/5mL,Pó para Suspensão Oral,Frasco de 100mL
"GENERICS & SPECIALITIES, LDA",CLOGEN,Clotrimazol,0.01,Creme,Bisnaga de 30g
"GENERICS & SPECIALITIES, LDA",RANIGEN,Ranitidina,50mg/2mL,Solução Injectável,10 bandejas de 10 ampolas
"GENERICS & SPECIALITIES, LDA",CLAVUGEN A,Amoxicilina + Clavulato de Potássio,500mg + 125mg,Comprimidos,Blister de 2x7 Comprimidos
"GENERICS & SPECIALITIES, LDA",KETOGEN 200mg,Cetoconazol,200mg,Comprimidos,1 Blister de 10 Comprimidos
"GENERICS & SPECIALITIES, LDA",ANTI-D®,Trinbelimabe Anti-D Imunoglobulina Recombinante,300mcg/1mL,Solução Injectável,Ampola de 1mL
"GENERICS & SPECIALITIES, LDA","VACINA CONTRA POLIOMIELITE (VERO CELL), INACTIVO, ESTIRPES SABIN","Vírus de Pólio Inactivada, Cepas Sabin, Tipo I + Vírus de Pólio Inactivada, Cepas Sabin, Tipo II + Vírus de Pólio Inactivada, Cepas Sabin, Tipo III",15 DU/dose + 45 DU/dose + 45 DU/dose,Injectável,"Frasco de 0.5ml, dose única"
"GENERICS & SPECIALITIES, LDA",ACTAGEN,Acetazolamida,250mg,Comprimidos,Embalagem contendo 10x10 comprimidos
"GENERICS & SPECIALITIES, LDA",PEN G 125,Fenoximetilpenicilina,125mg/5mL,Pó para suspensão oral,Embalagem contendo frasco de 100mL
"GENERICS & SPECIALITIES, LDA",THIOGEN,"Tioridazina, cloridrato",10mg,Comprimidos,Embalagem contendo 10x10 comprimidos
"GENERICS & SPECIALITIES, LDA",CEFAGEN,Cefotaxima,500mg,Injectável,Embalagem contendo 1 frasco de pó seco + 5mL de água para injectáveis
"GENERICS & SPECIALITIES, LDA",NALGEN-S,Ácido Nalidíxico,300mg/5mL,Suspensão oral,Frasco de 100mL
"GENERICS & SPECIALITIES, LDA",BENZOL 5%,Peróxido de Benzoílo,0.05,Loção tópica,Bisnaga de 30mL
"GENERICS & SPECIALITIES, LDA",PROGEN SG 200,Progesterona,200mg,Cápsula de gelatina mole,Embalagem contendo blister transparente PVC-Alu de 3x10 cápsulas
"GENERICS & SPECIALITIES, LDA",GXACIN,"Gentamicina, sulfato",0.3 % p/v,Colírio,Frasco LDPE de 10mL
"GENERICS & SPECIALITIES, LDA",ICIP,Ciprofloxacina,0.3% p/v,Solução oftálmica/ Auricular,Frasco LDPE de 5mL
"GENERICS & SPECIALITIES, LDA",BUPICAINE HEAVY,Bupivacaina cloridrato + dextrose,5+80mg,Solução incolor,Ampola de 4mL
"GENERICS & SPECIALITIES, LDA",NYSTAGEN S,Nistatina,100.000UI/mL,Suspensão oral,Embalagem contendo frasco de 30mL
"GENERICS & SPECIALITIES, LDA",SPASGEN I,"Hioscina, butilbrometo",20mg/mL,Solução Injectável,10x10x1 mL
"GENERICS & SPECIALITIES, LDA",LACTULOSE SOLUÇÃO USP,Lactulose,10g/15mL,Solução,Frasco de 200mL
"GENERICS & SPECIALITIES, LDA",XILONE PEDIÁTRICO,"Xilometazolina, cloridrato",0.05% p/v,Solução nasal,Frasco plástico de 10mL
"GENERICS & SPECIALITIES, LDA",ABLADO,Abacavir + Dolutegravir + Lamivudina,600mg + 50mg + 300mg,Comprimidos,Frasco Plastico de 30 e 90 comprimidos
"GENERICS & SPECIALITIES, Lda",ERYPRO SAFE - 10000,Eritropoetina Humana Recombinante alfa,10000 UI,soluçâo injectável,seringa de 1ml
"GENERICS & SPECIALITIES, LDA",FLUCOGEN-S,Fluconazol,50mg/5mL,Suspensão oral,Frasco de 60mL
"GENERICS & SPECIALITIES, LDA",AXTRIAXONE,"Ceftriaxona, sódica",1000mg,Pó para Injecção,Embalagem contendo 1 frasco de vidro transparente com 1000mg de pó
"GENERICS & SPECIALITIES, LDA",MEDZOL 3,Midazolam,5mg/mL,Solução Injectável,Embalagem contendo 5 ampolas de 3mL
"GENERICS & SPECIALITIES, LDA",DOBATAF-EM,Emtricitabina + Tenofovir alafenamida,200mg + 25mg,Comprimidos,Apresentado em Francos plasticos de 30 e 90 comprimidos
"GENERICS & SPECIALITIES, LDA",GENPRIL - 10,Enalapril,10mg,Comprimidos,Embalagem de 3x10 comprimidos
"GENERICS & SPECIALITIES, LDA",EVATOCIN,Oxitocina,10UI/mL,Injetável,Embalagem contendo  Ampola de vidro tipo I de 1 mL
"GENERICS & SPECIALITIES, LDA",EVATOCIN,Oxitocina,10UI/mL,Injetável,Embalagem contendo  Ampola de vidro tipo I de 1 mL
"GENERICS & SPECIALITIES, LDA",CABOO 15ml,Carboplatina,10mg/mL,Solução injectavel,Embalagem contendo frasco de 15ml
"GENERICS & SPECIALITIES, LDA",CABOO 45ml,Carboplatina,10mg/mL,Solução injectavel,Embalagem contendo frasco de 45ml
"ACE HEALTHCARE, LDA",EMPALIZ® 10,Empagliflozina,10mg,Comprimidos,Embalagem com blister de 2x10 comprimidos
"ACE HEALTHCARE, LDA",EMPALIZ ®25,Empagliflozina,25mg,Comprimidos,Embalagem com blister de 2x10 comprimidos
"GENERICS & SPECIALITIES, LDA",GENCAPRIL,Captopril,25mg,Comprimidos,Embalagem de 10x10 comprimidos
"GENERICS & SPECIALITIES, LDA",PANTOGEN,Pantoprazol,40mg,Pó liofilizado para infusão intravenosa,Embalagem de 1x1
"GENERICS & SPECIALITIES, LDA",TROYSETRON,Ondansetron,2mg/mL,Solução injctável,Frascos de 5x2 e 5x4mL
"GENERICS & SPECIALITIES, LDA",ORALGEN,Sais de rehidratação oral (Glicose (anidra) + Cloreto de sódio + Citrato de sódio + Cloreto de potássio,"13,5g/L + 2,6g/L + 2,9g/L + 1,5g/L",Pó seco,Embalagem de 25 saquetas de 21.5g
"ACE HEALTHCARE, LDA",DIAGLIZ®-M 5/850,"Dapagliflozina + Metformina, cloridrato",5mg + 850mg,Comprimido revestido por película,Embalagem de 4x7 Comprimidos
"ACE HEALTHCARE, LDA",DIAGLIZ®-M 5/1000,"Dapagliflozina + Metformina, cloridrato",5mg + 1000mg,Comprimido revestido por película,Embalagem de 4x7 Comprimidos
,,,,,
,,,,,
,,,,,
,,,,,
,,,,,
,,,,,
,,,,,
,,,,,
,,,,,
,,,,,
,,,,,
,,,,,
,,,,,
,,,,,
,,,,,
,,,,,
,,,,,
,,,,,
,,,,,
,,,,,
,,,,,
,,,,,
,,,,,
,,,,,
,,,,,
,,,,,
,,,,,
,,,,,
,,,,,
,,,,,
,,,,,
,,,,,
,,,,,
,,,,,
,,,,,
,,,,,
,,,,,
,,,,,
,,,,,
,,,,,
,,,,,
,,,,,
,,,,,
,,,,,
,,,,,
,,,,,
,,,,,
,,,,,
,,,,,
,,,,,
,,,,,
,,,,,
,,,,,
,,,,,
,,,,,
,,,,,
,,,,,
,,,,,
,,,,,
,,,,,
,,,,,
,,,,,
,,,,,
,,,,,
,,,,,
,,,,,
,,,,,
,,,,,
,,,,,
,,,,,
,,,,,
,,,,,
,,,,,
,,,,,
,,,,,
,,,,,
,,,,,
,,,,,
,,,,,
,,,,,
,,,,,
,,,,,
,,,,,
,,,,,
,,,,,
,,,,,
,,,,,
,,,,,
,,,,,
,,,,,
,,,,,
,,,,,
,,,,,
,,,,,
,,,,,
,,,,,
,,,,,
,,,,,
,,,,,
,,,,,
,,,,,
,,,,,
,,,,,
,,,,,
,,,,,
,,,,,
,,,,,
,,,,,
,,,,,
,,,,,
,,,,,
,,,,,
,,,,,
,,,,,
,,,,,
,,,,,
,,,,,
,,,,,
,,,,,
,,,,,
,,,,,
,,,,,
,,,,,
,,,,,
,,,,,
,,,,,
,,,,,
,,,,,
,,,,,
,,,,,
,,,,,
,,,,,
,,,,,
,,,,,
,,,,,
,,,,,
,,,,,
,,,,,
,,,,,
,,,,,
,,,,,
,,,,,
,,,,,
,,,,,
,,,,,
,,,,,
,,,,,
,,,,,
,,,,,
,,,,,
,,,,,
,,,,,
,,,,,
,,,,,
,,,,,
,,,,,
,,,,,
,,,,,
,,,,,
,,,,,
,,,,,
,,,,,
,,,,,
,,,,,
,,,,,
,,,,,
,,,,,
,,,,,
,,,,,
,,,,,
,,,,,
,,,,,
,,,,,
,,,,,
,,,,,
,,,,,
,,,,,
,,,,,
,,,,,
,,,,,
,,,,,
,,,,,
,,,,,
,,,,,
,,,,,
,,,,,
,,,,,
,,,,,
,,,,,
,,,,,
,,,,,
,,,,,
,,,,,
,,,,,
,,,,,
,,,,,
,,,,,
,,,,,
,,,,,
,,,,,
,,,,,
,,,,,
,,,,,
,,,,,
,,,,,
,,,,,
,,,,,
,,,,,
,,,,,
,,,,,
,,,,,
,,,,,
,,,,,
,,,,,
,,,,,
,,,,,
,,,,,
,,,,,
,,,,,
,,,,,
,,,,,
,,,,,
,,,,,
,,,,,
,,,,,
,,,,,
,,,,,
,,,,,
,,,,,
,,,,,
,,,,,
,,,,,
,,,,,
,,,,,
,,,,,
,,,,,
,,,,,
,,,,,
,,,,,
,,,,,
,,,,,
,,,,,
,,,,,
,,,,,
,,,,,
,,,,,
,,,,,
,,,,,
,,,,,
,,,,,
,,,,,
,,,,,
,,,,,
,,,,,
,,,,,
,,,,,
,,,,,
,,,,,
,,,,,
,,,,,
,,,,,
,,,,,
,,,,,
,,,,,
,,,,,
,,,,,
,,,,,
,,,,,
,,,,,
,,,,,
,,,,,
,,,,,
,,,,,
,,,,,
,,,,,
,,,,,
,,,,,
,,,,,
,,,,,
,,,,,
,,,,,
,,,,,
,,,,,
,,,,,
,,,,,
,,,,,
,,,,,
,,,,,
,,,,,
,,,,,
,,,,,
,,,,,
,,,,,
,,,,,
,,,,,
,,,,,
,,,,,
,,,,,
,,,,,
,,,,,
,,,,,
,,,,,
,,,,,
,,,,,
,,,,,
,,,,,
,,,,,
,,,,,
,,,,,
,,,,,
,,,,,
,,,,,
,,,,,
,,,,,
,,,,,
,,,,,
,,,,,
,,,,,
,,,,,
,,,,,
,,,,,
,,,,,
,,,,,
,,,,,
,,,,,
,,,,,
,,,,,
,,,,,
,,,,,
,,,,,
,,,,,
,,,,,
,,,,,
,,,,,
,,,,,
,,,,,
,,,,,
,,,,,
,,,,,
,,,,,
,,,,,
,,,,,
,,,,,
,,,,,
,,,,,
,,,,,
,,,,,
,,,,,
,,,,,
,,,,,
,,,,,
,,,,,
,,,,,
,,,,,
,,,,,
,,,,,
,,,,,
,,,,,
,,,,,
,,,,,
,,,,,
,,,,,
,,,,,
,,,,,
,,,,,
,,,,,
,,,,,
,,,,,
,,,,,
,,,,,
,,,,,
,,,,,
,,,,,
,,,,,
,,,,,
,,,,,
,,,,,
,,,,,
,,,,,
,,,,,
,,,,,
,,,,,
,,,,,
,,,,,
,,,,,
,,,,,
,,,,,
,,,,,
,,,,,
,,,,,
,,,,,
,,,,,
,,,,,
,,,,,
,,,,,
,,,,,
,,,,,
,,,,,
,,,,,
,,,,,
,,,,,
,,,,,
,,,,,
,,,,,
,,,,,
,,,,,
,,,,,
,,,,,
,,,,,
,,,,,
,,,,,
,,,,,
,,,,,
,,,,,
,,,,,
,,,,,
,,,,,
,,,,,
,,,,,
,,,,,
,,,,,
,,,,,
,,,,,
,,,,,
,,,,,
,,,,,
,,,,,
,,,,,
,,,,,
,,,,,
,,,,,
,,,,,
,,,,,
,,,,,
,,,,,
,,,,,
,,,,,
,,,,,
,,,,,
,,,,,
,,,,,
,,,,,
,,,,,
,,,,,
,,,,,
,,,,,
,,,,,
,,,,,
,,,,,
,,,,,
,,,,,
,,,,,
,,,,,
,,,,,
,,,,,
,,,,,
,,,,,
,,,,,
,,,,,
,,,,,
,,,,,
,,,,,
,,,,,
,,,,,
,,,,,
,,,,,
,,,,,
,,,,,
,,,,,
,,,,,
,,,,,
,,,,,
,,,,,
,,,,,
,,,,,
,,,,,
,,,,,
,,,,,
,,,,,
,,,,,
,,,,,
,,,,,
,,,,,
,,,,,
,,,,,
,,,,,
,,,,,
,,,,,
,,,,,
,,,,,
,,,,,
,,,,,
,,,,,
,,,,,
,,,,,
,,,,,
,,,,,
,,,,,
,,,,,
,,,,,
,,,,,
,,,,,
,,,,,
,,,,,
,,,,,
,,,,,
,,,,,
,,,,,
,,,,,
,,,,,
,,,,,
,,,,,
,,,,,
,,,,,
,,,,,
,,,,,
,,,,,
,,,,,
,,,,,
,,,,,
,,,,,
,,,,,
,,,,,
,,,,,
,,,,,
,,,,,
,,,,,
,,,,,
,,,,,
,,,,,
,,,,,
,,,,,
,,,,,
,,,,,
,,,,,
,,,,,
,,,,,
,,,,,
,,,,,
,,,,,
,,,,,
,,,,,
,,,,,
,,,,,
,,,,,
,,,,,
,,,,,
,,,,,
,,,,,
,,,,,
,,,,,
,,,,,
,,,,,
,,,,,
,,,,,
,,,,,
,,,,,
,,,,,
,,,,,
,,,,,
,,,,,
,,,,,
,,,,,
,,,,,
,,,,,
,,,,,
,,,,,
,,,,,
,,,,,
,,,,,
,,,,,
,,,,,
,,,,,
,,,,,
,,,,,
,,,,,
,,,,,
,,,,,
,,,,,
,,,,,
,,,,,
,,,,,
,,,,,
,,,,,
,,,,,
,,,,,
,,,,,
,,,,,
,,,,,
,,,,,
,,,,,
,,,,,
,,,,,
,,,,,
,,,,,
,,,,,
,,,,,
,,,,,
,,,,,
,,,,,
,,,,,
,,,,,
,,,,,
,,,,,
,,,,,
,,,,,
,,,,,
,,,,,
,,,,,
,,,,,
,,,,,
,,,,,
,,,,,
,,,,,
,,,,,
,,,,,
,,,,,
,,,,,
,,,,,
,,,,,
,,,,,
,,,,,
,,,,,
,,,,,
,,,,,
,,,,,
,,,,,
,,,,,
,,,,,
,,,,,
,,,,,
,,,,,
,,,,,
,,,,,
,,,,,
,,,,,
,,,,,
,,,,,
,,,,,
,,,,,
,,,,,
,,,,,
,,,,,
,,,,,
,,,,,
,,,,,
,,,,,
,,,,,
,,,,,
,,,,,
,,,,,
,,,,,
,,,,,
,,,,,
,,,,,
,,,,,
,,,,,
,,,,,
,,,,,
,,,,,
,,,,,
,,,,,
,,,,,
,,,,,
,,,,,
,,,,,
,,,,,
,,,,,
,,,,,
,,,,,
,,,,,
,,,,,
,,,,,
,,,,,
,,,,,
,,,,,
,,,,,
,,,,,
,,,,,
,,,,,
,,,,,
,,,,,
,,,,,
,,,,,
,,,,,
,,,,,
,,,,,
,,,,,
,,,,,
,,,,,
,,,,,
,,,,,
,,,,,
,,,,,
,,,,,
,,,,,
,,,,,
,,,,,
,,,,,
,,,,,
,,,,,
,,,,,
,,,,,
,,,,,
,,,,,
,,,,,
,,,,,
,,,,,
,,,,,
,,,,,
,,,,,
,,,,,
,,,,,
,,,,,
,,,,,
,,,,,
,,,,,
,,,,,
,,,,,
,,,,,
,,,,,
,,,,,
,,,,,
,,,,,
,,,,,
,,,,,
,,,,,
,,,,,
,,,,,
,,,,,
,,,,,
,,,,,
,,,,,
,,,,,
,,,,,
,,,,,
,,,,,
,,,,,
,,,,,
,,,,,
,,,,,
,,,,,
,,,,,
,,,,,
,,,,,
,,,,,
,,,,,
,,,,,
,,,,,
,,,,,
,,,,,
,,,,,
,,,,,
,,,,,
,,,,,
,,,,,
,,,,,
,,,,,
,,,,,
,,,,,
,,,,,
,,,,,
,,,,,
,,,,,
,,,,,
,,,,,
,,,,,
,,,,,
,,,,,
,,,,,
,,,,,
,,,,,
,,,,,
,,,,,
,,,,,
,,,,,
,,,,,
,,,,,
,,,,,
,,,,,
,,,,,
,,,,,
,,,,,
,,,,,
,,,,,
,,,,,
,,,,,
,,,,,
,,,,,
,,,,,
,,,,,
,,,,,
,,,,,
,,,,,
,,,,,
,,,,,
,,,,,
,,,,,
,,,,,
,,,,,
,,,,,
,,,,,
,,,,,
,,,,,
,,,,,
,,,,,
,,,,,
,,,,,
,,,,,
,,,,,
,,,,,
,,,,,
,,,,,
,,,,,
,,,,,
,,,,,
,,,,,
,,,,,
,,,,,
,,,,,
,,,,,
,,,,,
,,,,,
,,,,,
,,,,,
,,,,,
,,,,,
,,,,,
,,,,,
,,,,,
,,,,,
,,,,,
,,,,,
,,,,,
,,,,,
,,,,,
,,,,,
,,,,,
,,,,,
,,,,,
,,,,,
,,,,,
,,,,,
,,,,,
,,,,,
,,,,,
,,,,,
,,,,,
,,,,,
,,,,,
,,,,,
,,,,,
,,,,,
,,,,,
,,,,,
,,,,,
,,,,,
,,,,,
,,,,,
,,,,,
,,,,,
,,,,,
,,,,,
,,,,,
,,,,,
,,,,,
,,,,,
,,,,,
,,,,,
,,,,,
,,,,,
,,,,,
,,,,,
,,,,,
,,,,,
,,,,,
,,,,,
,,,,,
,,,,,
,,,,,
,,,,,
,,,,,
,,,,,
,,,,,
,,,,,
,,,,,
,,,,,
,,,,,
,,,,,
,,,,,
,,,,,
,,,,,
,,,,,
,,,,,
,,,,,
,,,,,
,,,,,
,,,,,
,,,,,
,,,,,
,,,,,
,,,,,
,,,,,
,,,,,
,,,,,
,,,,,
,,,,,
,,,,,
,,,,,
,,,,,
,,,,,
,,,,,
,,,,,
,,,,,
,,,,,
,,,,,
,,,,,
,,,,,
,,,,,
,,,,,
,,,,,
,,,,,
,,,,,
,,,,,
,,,,,
,,,,,
,,,,,
,,,,,
,,,,,
,,,,,
,,,,,
,,,,,
,,,,,
,,,,,
,,,,,
,,,,,
,,,,,
,,,,,
,,,,,
,,,,,
,,,,,
,,,,,
,,,,,
,,,,,
,,,,,
,,,,,
,,,,,
,,,,,
,,,,,
,,,,,
,,,,,
,,,,,
,,,,,
,,,,,
,,,,,
,,,,,
,,,,,
,,,,,
,,,,,
,,,,,
,,,,,
,,,,,
,,,,,
,,,,,
,,,,,
,,,,,
,,,,,
,,,,,
,,,,,
,,,,,
,,,,,
,,,,,
,,,,,
,,,,,
,,,,,
,,,,,
,,,,,
,,,,,
,,,,,
,,,,,
,,,,,
,,,,,
,,,,,
,,,,,
,,,,,
,,,,,
,,,,,
,,,,,
,,,,,
,,,,,
,,,,,
,,,,,
,,,,,
,,,,,
,,,,,
,,,,,
,,,,,
,,,,,
,,,,,
,,,,,
,,,,,
,,,,,
,,,,,
,,,,,
,,,,,
,,,,,
,,,,,
,,,,,
,,,,,
,,,,,
,,,,,
,,,,,
,,,,,
,,,,,
,,,,,
,,,,,
,,,,,
,,,,,
,,,,,
,,,,,
,,,,,
,,,,,
,,,,,
,,,,,
,,,,,
,,,,,
,,,,,
,,,,,
,,,,,
,,,,,
,,,,,
,,,,,
,,,,,
,,,,,
,,,,,
,,,,,
,,,,,
,,,,,
,,,,,
,,,,,
,,,,,
,,,,,
,,,,,
,,,,,
,,,,,
,,,,,
,,,,,
,,,,,
,,,,,
,,,,,
,,,,,
,,,,,
,,,,,
,,,,,
,,,,,
,,,,,
,,,,,
,,,,,
,,,,,
,,,,,
,,,,,
,,,,,
,,,,,
,,,,,
,,,,,
,,,,,
,,,,,
,,,,,
,,,,,
,,,,,
,,,,,
,,,,,
,,,,,
,,,,,
,,,,,
,,,,,
,,,,,
,,,,,
,,,,,
,,,,,
,,,,,
,,,,,
,,,,,
,,,,,
,,,,,
,,,,,
,,,,,
,,,,,
,,,,,
,,,,,
,,,,,
,,,,,
,,,,,
,,,,,
,,,,,
,,,,,
,,,,,
,,,,,
,,,,,
,,,,,
,,,,,
,,,,,
,,,,,
,,,,,
,,,,,
,,,,,
,,,,,
,,,,,
,,,,,
,,,,,
,,,,,
,,,,,
,,,,,
,,,,,
,,,,,
,,,,,
,,,,,
,,,,,
,,,,,
,,,,,
,,,,,
,,,,,
,,,,,
,,,,,
,,,,,
,,,,,
,,,,,
,,,,,
,,,,,
,,,,,
,,,,,
,,,,,
,,,,,
,,,,,
,,,,,
,,,,,
,,,,,
,,,,,
,,,,,
,,,,,
,,,,,
,,,,,
,,,,,
,,,,,
,,,,,
,,,,,
,,,,,
,,,,,
,,,,,
,,,,,
,,,,,
,,,,,
,,,,,
,,,,,
,,,,,
,,,,,
,,,,,
,,,,,
,,,,,
,,,,,
,,,,,
,,,,,
,,,,,
,,,,,
,,,,,
,,,,,
,,,,,
,,,,,
,,,,,
,,,,,
,,,,,
,,,,,
,,,,,
,,,,,
,,,,,
,,,,,
,,,,,
,,,,,
,,,,,
,,,,,
,,,,,
,,,,,
,,,,,
,,,,,
,,,,,
,,,,,
,,,,,
,,,,,
,,,,,
,,,,,
,,,,,
,,,,,
,,,,,
,,,,,
,,,,,
,,,,,
,,,,,
,,,,,
,,,,,
,,,,,
,,,,,
,,,,,
,,,,,
,,,,,
,,,,,
,,,,,
,,,,,
,,,,,
,,,,,
,,,,,
,,,,,
,,,,,
,,,,,
,,,,,
,,,,,
,,,,,
,,,,,
,,,,,
,,,,,
,,,,,
,,,,,
,,,,,
,,,,,
,,,,,
,,,,,
,,,,,
,,,,,
,,,,,
,,,,,
,,,,,
,,,,,
,,,,,
,,,,,
,,,,,
,,,,,
,,,,,
,,,,,
,,,,,
,,,,,
,,,,,
,,,,,
,,,,,
,,,,,
,,,,,
,,,,,
,,,,,
,,,,,
,,,,,
,,,,,
,,,,,
,,,,,
,,,,,
,,,,,
,,,,,
,,,,,
,,,,,
,,,,,
,,,,,
,,,,,
,,,,,
,,,,,
,,,,,
,,,,,
,,,,,
,,,,,
,,,,,
,,,,,
,,,,,
,,,,,
,,,,,
,,,,,
,,,,,
,,,,,
,,,,,
,,,,,
,,,,,
,,,,,
,,,,,
,,,,,
,,,,,
,,,,,
,,,,,
,,,,,
,,,,,
,,,,,
,,,,,
,,,,,
,,,,,
,,,,,
,,,,,
,,,,,
,,,,,
,,,,,
,,,,,
,,,,,
,,,,,
,,,,,
,,,,,
,,,,,
,,,,,
,,,,,
,,,,,
,,,,,
,,,,,
,,,,,
,,,,,
,,,,,
,,,,,
,,,,,
,,,,,
,,,,,
,,,,,
,,,,,
,,,,,
,,,,,
,,,,,
,,,,,
,,,,,
,,,,,
,,,,,
,,,,,
,,,,,
,,,,,
,,,,,
,,,,,
,,,,,
,,,,,
,,,,,
,,,,,
,,,,,
,,,,,
,,,,,
,,,,,
,,,,,
,,,,,
,,,,,
,,,,,
,,,,,
,,,,,
,,,,,
,,,,,
,,,,,
,,,,,
,,,,,
,,,,,
,,,,,
,,,,,
,,,,,
,,,,,
,,,,,
,,,,,
,,,,,
,,,,,
,,,,,
,,,,,
,,,,,
,,,,,
,,,,,
,,,,,
,,,,,
,,,,,
,,,,,
,,,,,
,,,,,
,,,,,
,,,,,
,,,,,
,,,,,
,,,,,
,,,,,
,,,,,
,,,,,
,,,,,
,,,,,
,,,,,
,,,,,
,,,,,
,,,,,
,,,,,
,,,,,
,,,,,
,,,,,
,,,,,
,,,,,
,,,,,
,,,,,
,,,,,
,,,,,
,,,,,
,,,,,
,,,,,
,,,,,
,,,,,
,,,,,
,,,,,
,,,,,
,,,,,
,,,,,
,,,,,
,,,,,
,,,,,
,,,,,
,,,,,
,,,,,
,,,,,
,,,,,
,,,,,
,,,,,
,,,,,
,,,,,
,,,,,
,,,,,
,,,,,
,,,,,
,,,,,
,,,,,
,,,,,
,,,,,
,,,,,
,,,,,
,,,,,
,,,,,
,,,,,
,,,,,
,,,,,
,,,,,
,,,,,
,,,,,
,,,,,
,,,,,
,,,,,
,,,,,
,,,,,
,,,,,
,,,,,
,,,,,
,,,,,
,,,,,
,,,,,
,,,,,
,,,,,
,,,,,
,,,,,
,,,,,
,,,,,
,,,,,
,,,,,
,,,,,
,,,,,
,,,,,
,,,,,
,,,,,
,,,,,
,,,,,
,,,,,
,,,,,
,,,,,
,,,,,
,,,,,
,,,,,
,,,,,
,,,,,
,,,,,
,,,,,
,,,,,
,,,,,
,,,,,
,,,,,
,,,,,
,,,,,
,,,,,
,,,,,
,,,,,
,,,,,
,,,,,
,,,,,
,,,,,
,,,,,
,,,,,
,,,,,
,,,,,
,,,,,
,,,,,
,,,,,
,,,,,
,,,,,
,,,,,
,,,,,
,,,,,
,,,,,
,,,,,
,,,,,
,,,,,
,,,,,
,,,,,
,,,,,
,,,,,
,,,,,
,,,,,
,,,,,
,,,,,
,,,,,
,,,,,
,,,,,
,,,,,
,,,,,
,,,,,
,,,,,
,,,,,
,,,,,
,,,,,
,,,,,
,,,,,
,,,,,
,,,,,
,,,,,
,,,,,
,,,,,
,,,,,
,,,,,
,,,,,
,,,,,
,,,,,
,,,,,
,,,,,
,,,,,
,,,,,
,,,,,
,,,,,
,,,,,
,,,,,
,,,,,
,,,,,
,,,,,
,,,,,
,,,,,
,,,,,
,,,,,
,,,,,
,,,,,
,,,,,
,,,,,
,,,,,
,,,,,
,,,,,
,,,,,
,,,,,
,,,,,
,,,,,
,,,,,
,,,,,
,,,,,
,,,,,
,,,,,
,,,,,
,,,,,
,,,,,
,,,,,
,,,,,
,,,,,
,,,,,
,,,,,
,,,,,
,,,,,
,,,,,
,,,,,
,,,,,
,,,,,
,,,,,
,,,,,
,,,,,
,,,,,
,,,,,
,,,,,
,,,,,
,,,,,
,,,,,
,,,,,
,,,,,
,,,,,
,,,,,
,,,,,
,,,,,
,,,,,
,,,,,
,,,,,
,,,,,
,,,,,
,,,,,
,,,,,
,,,,,
,,,,,
,,,,,
,,,,,
,,,,,
,,,,,
,,,,,
,,,,,
,,,,,
,,,,,
,,,,,
,,,,,
,,,,,
,,,,,
,,,,,
,,,,,
,,,,,
,,,,,
,,,,,
,,,,,
,,,,,
,,,,,
,,,,,
,,,,,
,,,,,
,,,,,
,,,,,
,,,,,
,,,,,
,,,,,
,,,,,
,,,,,
,,,,,
,,,,,
,,,,,
,,,,,
,,,,,
,,,,,
,,,,,
,,,,,
,,,,,
,,,,,
,,,,,
,,,,,
,,,,,
,,,,,
,,,,,
,,,,,
,,,,,
,,,,,
,,,,,
,,,,,
,,,,,
,,,,,
,,,,,
,,,,,
,,,,,
,,,,,
,,,,,
,,,,,
,,,,,
,,,,,
,,,,,
,,,,,
,,,,,
,,,,,
,,,,,
,,,,,
,,,,,
,,,,,
,,,,,
,,,,,
,,,,,
,,,,,
,,,,,
,,,,,
,,,,,
,,,,,
,,,,,
,,,,,
,,,,,
,,,,,
,,,,,
,,,,,
,,,,,
,,,,,
,,,,,
,,,,,
,,,,,
,,,,,
,,,,,
,,,,,
,,,,,
,,,,,
,,,,,
,,,,,
,,,,,
,,,,,
,,,,,
,,,,,
,,,,,
,,,,,
,,,,,
,,,,,
,,,,,
,,,,,
,,,,,
,,,,,
,,,,,
,,,,,
,,,,,
,,,,,
,,,,,
,,,,,
,,,,,
,,,,,
,,,,,
,,,,,
,,,,,
,,,,,
,,,,,
,,,,,
,,,,,
,,,,,
,,,,,
,,,,,
,,,,,
,,,,,
,,,,,
,,,,,
,,,,,
,,,,,
,,,,,
,,,,,
,,,,,
,,,,,
,,,,,
,,,,,
,,,,,
,,,,,
,,,,,
,,,,,
,,,,,
,,,,,
,,,,,
,,,,,
,,,,,
,,,,,
,,,,,
,,,,,
,,,,,
,,,,,
,,,,,
,,,,,
,,,,,
,,,,,
,,,,,
,,,,,
,,,,,
,,,,,
,,,,,
,,,,,
,,,,,
,,,,,
,,,,,
,,,,,
,,,,,
,,,,,
,,,,,
,,,,,
,,,,,
,,,,,
,,,,,
,,,,,
,,,,,
,,,,,
,,,,,
,,,,,
,,,,,
,,,,,
,,,,,
,,,,,
,,,,,
,,,,,
,,,,,
,,,,,
,,,,,
,,,,,
,,,,,
,,,,,
,,,,,
,,,,,
,,,,,
,,,,,
,,,,,
,,,,,
,,,,,
,,,,,
,,,,,
,,,,,
,,,,,
,,,,,
,,,,,
,,,,,
,,,,,
,,,,,
,,,,,
,,,,,
,,,,,
,,,,,
,,,,,
,,,,,
,,,,,
,,,,,
,,,,,
,,,,,
,,,,,
,,,,,
,,,,,
,,,,,
,,,,,
,,,,,
,,,,,
,,,,,
,,,,,
,,,,,
,,,,,
,,,,,
,,,,,
,,,,,
,,,,,
,,,,,
,,,,,
,,,,,
,,,,,
,,,,,
,,,,,
,,,,,
,,,,,
,,,,,
,,,,,
,,,,,
,,,,,
,,,,,
,,,,,
,,,,,
,,,,,
,,,,,
,,,,,
,,,,,
,,,,,
,,,,,
,,,,,
,,,,,
,,,,,
,,,,,
,,,,,
,,,,,
,,,,,
,,,,,
,,,,,
,,,,,
,,,,,
,,,,,
,,,,,
,,,,,
,,,,,
,,,,,
,,,,,
,,,,,
,,,,,
,,,,,
,,,,,
,,,,,
,,,,,
,,,,,
,,,,,
,,,,,
,,,,,
,,,,,
,,,,,
,,,,,
,,,,,
,,,,,
,,,,,
,,,,,
,,,,,
,,,,,
,,,,,
,,,,,
,,,,,
,,,,,
,,,,,
,,,,,
,,,,,
,,,,,
,,,,,
,,,,,
,,,,,
,,,,,
,,,,,
,,,,,
,,,,,
,,,,,
,,,,,
,,,,,
,,,,,
,,,,,
,,,,,
,,,,,
,,,,,
,,,,,
,,,,,
,,,,,
,,,,,
,,,,,
,,,,,
,,,,,
,,,,,
,,,,,
,,,,,
,,,,,
,,,,,
,,,,,
,,,,,
,,,,,
,,,,,
,,,,,
,,,,,
,,,,,
,,,,,
,,,,,
,,,,,
,,,,,
,,,,,
,,,,,
,,,,,
,,,,,
,,,,,
,,,,,
,,,,,
,,,,,
,,,,,
,,,,,
,,,,,
,,,,,
,,,,,
,,,,,
,,,,,
,,,,,
,,,,,
,,,,,
,,,,,
,,,,,
,,,,,
,,,,,
,,,,,
,,,,,
,,,,,
,,,,,
,,,,,
,,,,,
,,,,,
,,,,,
,,,,,
,,,,,
,,,,,
,,,,,
,,,,,
,,,,,
,,,,,
,,,,,
,,,,,
,,,,,
,,,,,
,,,,,
,,,,,
,,,,,
,,,,,
,,,,,
,,,,,
,,,,,
,,,,,
,,,,,
,,,,,
,,,,,
,,,,,
,,,,,
,,,,,
,,,,,
,,,,,
,,,,,
,,,,,
,,,,,
,,,,,
,,,,,
,,,,,
,,,,,
,,,,,
,,,,,
,,,,,
,,,,,
,,,,,
,,,,,
,,,,,
,,,,,
,,,,,
,,,,,
,,,,,
,,,,,
,,,,,
,,,,,
,,,,,
,,,,,
,,,,,
,,,,,
,,,,,
,,,,,
,,,,,
,,,,,
,,,,,
,,,,,
,,,,,
,,,,,
,,,,,
,,,,,
,,,,,
,,,,,
,,,,,
,,,,,
,,,,,
,,,,,
,,,,,
,,,,,
,,,,,
,,,,,
,,,,,
,,,,,
,,,,,
,,,,,
,,,,,
,,,,,
,,,,,
,,,,,
,,,,,
,,,,,
,,,,,
,,,,,
,,,,,
,,,,,
,,,,,
,,,,,
,,,,,
,,,,,
,,,,,
,,,,,
,,,,,
,,,,,
,,,,,
,,,,,
,,,,,
,,,,,
,,,,,
,,,,,
,,,,,
,,,,,
,,,,,
,,,,,
,,,,,
,,,,,
,,,,,
,,,,,
,,,,,
,,,,,
,,,,,
,,,,,
,,,,,
,,,,,
,,,,,
,,,,,
,,,,,
,,,,,
,,,,,
,,,,,
,,,,,
,,,,,
,,,,,
,,,,,
,,,,,
,,,,,
,,,,,
,,,,,
,,,,,
,,,,,
,,,,,
,,,,,
,,,,,
,,,,,
,,,,,
,,,,,
,,,,,
,,,,,
,,,,,
,,,,,
,,,,,
,,,,,
,,,,,
,,,,,
,,,,,
,,,,,
,,,,,
,,,,,
,,,,,
,,,,,
,,,,,
,,,,,
,,,,,
,,,,,
,,,,,
,,,,,
,,,,,
,,,,,
,,,,,
,,,,,
,,,,,
,,,,,
,,,,,
,,,,,
,,,,,
,,,,,
,,,,,
,,,,,
,,,,,
,,,,,
,,,,,
,,,,,
,,,,,
,,,,,
,,,,,
,,,,,
,,,,,
,,,,,
,,,,,
,,,,,
,,,,,
,,,,,
,,,,,
,,,,,
,,,,,
,,,,,
,,,,,
,,,,,
,,,,,
,,,,,
,,,,,
,,,,,
,,,,,
,,,,,
,,,,,
,,,,,
,,,,,
,,,,,
,,,,,
,,,,,
,,,,,
,,,,,
,,,,,
,,,,,
,,,,,
,,,,,
,,,,,
,,,,,
,,,,,
,,,,,
,,,,,
,,,,,
,,,,,
,,,,,
,,,,,
,,,,,
,,,,,
,,,,,
,,,,,
,,,,,
,,,,,
,,,,,
,,,,,
,,,,,
,,,,,
,,,,,
,,,,,
,,,,,
,,,,,
,,,,,
,,,,,
,,,,,
,,,,,
,,,,,
,,,,,
,,,,,
,,,,,
,,,,,
,,,,,
,,,,,
,,,,,
,,,,,
,,,,,
,,,,,
,,,,,
,,,,,
,,,,,
,,,,,
,,,,,
,,,,,
,,,,,
,,,,,
,,,,,
,,,,,
,,,,,
,,,,,
,,,,,
,,,,,
,,,,,
,,,,,
,,,,,
,,,,,
,,,,,
,,,,,
,,,,,
,,,,,
,,,,,
,,,,,
,,,,,
,,,,,
,,,,,
,,,,,
,,,,,
,,,,,
,,,,,
,,,,,
,,,,,
,,,,,
,,,,,
,,,,,
,,,,,
,,,,,
,,,,,
,,,,,
,,,,,
,,,,,
,,,,,
,,,,,
,,,,,
,,,,,
,,,,,
,,,,,
,,,,,
,,,,,
,,,,,
,,,,,
,,,,,
,,,,,
,,,,,
,,,,,
,,,,,
,,,,,
,,,,,
,,,,,
,,,,,
,,,,,
,,,,,
,,,,,
,,,,,
,,,,,
,,,,,
,,,,,
,,,,,
,,,,,
,,,,,
,,,,,
,,,,,
,,,,,
,,,,,
,,,,,
,,,,,
,,,,,
,,,,,
,,,,,
,,,,,
,,,,,
,,,,,
,,,,,
,,,,,
,,,,,
,,,,,
,,,,,
,,,,,
,,,,,
,,,,,
,,,,,
,,,,,
,,,,,
,,,,,
,,,,,
,,,,,
,,,,,
,,,,,
,,,,,
,,,,,
,,,,,
,,,,,
,,,,,
,,,,,
,,,,,
,,,,,
,,,,,
,,,,,
,,,,,
,,,,,
,,,,,
,,,,,
,,,,,
,,,,,
,,,,,
,,,,,
,,,,,
,,,,,
,,,,,
,,,,,
,,,,,
,,,,,
,,,,,
,,,,,
,,,,,
,,,,,
,,,,,
,,,,,
,,,,,
,,,,,
,,,,,
,,,,,
,,,,,
,,,,,
,,,,,
,,,,,
,,,,,
,,,,,
,,,,,
,,,,,
,,,,,
,,,,,
,,,,,
,,,,,
,,,,,
,,,,,
,,,,,
,,,,,
,,,,,
,,,,,
,,,,,
,,,,,
,,,,,
,,,,,
,,,,,
,,,,,
,,,,,
,,,,,
,,,,,
,,,,,
,,,,,
,,,,,
,,,,,
,,,,,
,,,,,
,,,,,
,,,,,
,,,,,
,,,,,
,,,,,
,,,,,
,,,,,
,,,,,
,,,,,
,,,,,
,,,,,
,,,,,
,,,,,
,,,,,
,,,,,
,,,,,
,,,,,
,,,,,
,,,,,
,,,,,
,,,,,
,,,,,
,,,,,
,,,,,
,,,,,
,,,,,
,,,,,
,,,,,
,,,,,
,,,,,
,,,,,
,,,,,
,,,,,
,,,,,
,,,,,
,,,,,
,,,,,
,,,,,
,,,,,
,,,,,
,,,,,
,,,,,
,,,,,
,,,,,
,,,,,
,,,,,
,,,,,
,,,,,
,,,,,
,,,,,
,,,,,
,,,,,
,,,,,
,,,,,
,,,,,
,,,,,
,,,,,
,,,,,
,,,,,
,,,,,
,,,,,
,,,,,
,,,,,
,,,,,
,,,,,
,,,,,
,,,,,
,,,,,
,,,,,
,,,,,
,,,,,
,,,,,
,,,,,
,,,,,
,,,,,
,,,,,
,,,,,
,,,,,
,,,,,
,,,,,
,,,,,
,,,,,
,,,,,
,,,,,
,,,,,
,,,,,
,,,,,
,,,,,
,,,,,
,,,,,
,,,,,
,,,,,
,,,,,
,,,,,
,,,,,
,,,,,
,,,,,
,,,,,
,,,,,
,,,,,
,,,,,
,,,,,
,,,,,
,,,,,
,,,,,
,,,,,
,,,,,
,,,,,
,,,,,
,,,,,
,,,,,
,,,,,
,,,,,
,,,,,
,,,,,
,,,,,
,,,,,
,,,,,
,,,,,
,,,,,
,,,,,
,,,,,
,,,,,
,,,,,
,,,,,
,,,,,
,,,,,
,,,,,
,,,,,
,,,,,
,,,,,
,,,,,
,,,,,
,,,,,
,,,,,
,,,,,
,,,,,
,,,,,
,,,,,
,,,,,
,,,,,
,,,,,
,,,,,
,,,,,
,,,,,
,,,,,
,,,,,
,,,,,
,,,,,
,,,,,
,,,,,
,,,,,
,,,,,
,,,,,
,,,,,
,,,,,
,,,,,
,,,,,
,,,,,
,,,,,
,,,,,
,,,,,
,,,,,
,,,,,
,,,,,
,,,,,
,,,,,
,,,,,
,,,,,
,,,,,
,,,,,
,,,,,
,,,,,
,,,,,
,,,,,
,,,,,
,,,,,
,,,,,
,,,,,
,,,,,
,,,,,
,,,,,
,,,,,
,,,,,
,,,,,
,,,,,
,,,,,
,,,,,
,,,,,
,,,,,
,,,,,
,,,,,
,,,,,
,,,,,
,,,,,
,,,,,
,,,,,
,,,,,
,,,,,
,,,,,
,,,,,
,,,,,
,,,,,
,,,,,
,,,,,
,,,,,
,,,,,
,,,,,
,,,,,
,,,,,
,,,,,
,,,,,
,,,,,
,,,,,
,,,,,
,,,,,
,,,,,
,,,,,
,,,,,
,,,,,
,,,,,
,,,,,
,,,,,
,,,,,
,,,,,
,,,,,
,,,,,
,,,,,
,,,,,
,,,,,
,,,,,
,,,,,
,,,,,
,,,,,
,,,,,
,,,,,
,,,,,
,,,,,
,,,,,
,,,,,
,,,,,
,,,,,
,,,,,
,,,,,
,,,,,
,,,,,
,,,,,
,,,,,
,,,,,
,,,,,
,,,,,
,,,,,
,,,,,
,,,,,
,,,,,
,,,,,
,,,,,
,,,,,
,,,,,
,,,,,
,,,,,
,,,,,
,,,,,
,,,,,
,,,,,
,,,,,
,,,,,
,,,,,
,,,,,
,,,,,
,,,,,
,,,,,
,,,,,
,,,,,
,,,,,
,,,,,
,,,,,
,,,,,
,,,,,
,,,,,
,,,,,
,,,,,
,,,,,
,,,,,
,,,,,
,,,,,
,,,,,
,,,,,
,,,,,
,,,,,
,,,,,
,,,,,
,,,,,
,,,,,
,,,,,
,,,,,
,,,,,
,,,,,
,,,,,
,,,,,
,,,,,
,,,,,
,,,,,
,,,,,
,,,,,
,,,,,
,,,,,
,,,,,
,,,,,
,,,,,
,,,,,
,,,,,
,,,,,
,,,,,
,,,,,
,,,,,
,,,,,
,,,,,
,,,,,
,,,,,
,,,,,
,,,,,
,,,,,
,,,,,
,,,,,
,,,,,
,,,,,
,,,,,
,,,,,
,,,,,
,,,,,
,,,,,
,,,,,
,,,,,
,,,,,
,,,,,
,,,,,
,,,,,
,,,,,
,,,,,
,,,,,
,,,,,
,,,,,
,,,,,
,,,,,
,,,,,
,,,,,
,,,,,
,,,,,
,,,,,
,,,,,
,,,,,
,,,,,
,,,,,
,,,,,
,,,,,
,,,,,
,,,,,
,,,,,
,,,,,
,,,,,
,,,,,
,,,,,
,,,,,
,,,,,
,,,,,
,,,,,
,,,,,
,,,,,
,,,,,
,,,,,
,,,,,
,,,,,
,,,,,
,,,,,
,,,,,
,,,,,
,,,,,
,,,,,
,,,,,
,,,,,
,,,,,
,,,,,
,,,,,
,,,,,
,,,,,
,,,,,
,,,,,
,,,,,
,,,,,
,,,,,
,,,,,
,,,,,
,,,,,
,,,,,
,,,,,
,,,,,
,,,,,
,,,,,
,,,,,
,,,,,
,,,,,
,,,,,
,,,,,
,,,,,
,,,,,
,,,,,
,,,,,
,,,,,
,,,,,
,,,,,
,,,,,
,,,,,
,,,,,
,,,,,
,,,,,
,,,,,
,,,,,
,,,,,
,,,,,
,,,,,
,,,,,
,,,,,
,,,,,
,,,,,
,,,,,
,,,,,
,,,,,
,,,,,
,,,,,
,,,,,
,,,,,
,,,,,
,,,,,
,,,,,
,,,,,
,,,,,
,,,,,
,,,,,
,,,,,
,,,,,
,,,,,
,,,,,
,,,,,
,,,,,
,,,,,
,,,,,
,,,,,
,,,,,
,,,,,
,,,,,
,,,,,
,,,,,
,,,,,
,,,,,
,,,,,
,,,,,
,,,,,
,,,,,
,,,,,
,,,,,
,,,,,
,,,,,
,,,,,
,,,,,
,,,,,
,,,,,
,,,,,
,,,,,
,,,,,
,,,,,
,,,,,
,,,,,
,,,,,
,,,,,
,,,,,
,,,,,
,,,,,
,,,,,
,,,,,
,,,,,
,,,,,
,,,,,
,,,,,
,,,,,
,,,,,
,,,,,
,,,,,
,,,,,
,,,,,
,,,,,
,,,,,
,,,,,
,,,,,
,,,,,
,,,,,
,,,,,
,,,,,
,,,,,
,,,,,
,,,,,
,,,,,
,,,,,
,,,,,
,,,,,
,,,,,
,,,,,
,,,,,
,,,,,
,,,,,
,,,,,
,,,,,
,,,,,
,,,,,
,,,,,
,,,,,
,,,,,
,,,,,
,,,,,
,,,,,
,,,,,
,,,,,
,,,,,
,,,,,
,,,,,
,,,,,
,,,,,
,,,,,
,,,,,
,,,,,
,,,,,
,,,,,
,,,,,
,,,,,
,,,,,
,,,,,
,,,,,
,,,,,
,,,,,
,,,,,
,,,,,
,,,,,
,,,,,
,,,,,
,,,,,
,,,,,
,,,,,
,,,,,
,,,,,
,,,,,
,,,,,
,,,,,
,,,,,
,,,,,
,,,,,
,,,,,
,,,,,
,,,,,
,,,,,
,,,,,
,,,,,
,,,,,
,,,,,
,,,,,
,,,,,
,,,,,
,,,,,
,,,,,
,,,,,
,,,,,
,,,,,
,,,,,
,,,,,
,,,,,
,,,,,
,,,,,
,,,,,
,,,,,
,,,,,
,,,,,
,,,,,
,,,,,
,,,,,
,,,,,
,,,,,
,,,,,
,,,,,
,,,,,
,,,,,
,,,,,
,,,,,
,,,,,
,,,,,
,,,,,
,,,,,
,,,,,
,,,,,
,,,,,
,,,,,
,,,,,
,,,,,
,,,,,
,,,,,
,,,,,
,,,,,
,,,,,
,,,,,
,,,,,
,,,,,
,,,,,
,,,,,
,,,,,
,,,,,
,,,,,
,,,,,
,,,,,
,,,,,
,,,,,
,,,,,
,,,,,
,,,,,
,,,,,
,,,,,
,,,,,
,,,,,
,,,,,
,,,,,
,,,,,
,,,,,
,,,,,
,,,,,
,,,,,
,,,,,
,,,,,
,,,,,
,,,,,
,,,,,
,,,,,
,,,,,
,,,,,
,,,,,
,,,,,
,,,,,
,,,,,
,,,,,
,,,,,
,,,,,
,,,,,
,,,,,
,,,,,
,,,,,
,,,,,
,,,,,
,,,,,
,,,,,
,,,,,
,,,,,
,,,,,
,,,,,
,,,,,
,,,,,
,,,,,
,,,,,
,,,,,
,,,,,
,,,,,
,,,,,
,,,,,
,,,,,
,,,,,
,,,,,
,,,,,
,,,,,
,,,,,
,,,,,
,,,,,
,,,,,
,,,,,
,,,,,
,,,,,
,,,,,
,,,,,
,,,,,
,,,,,
,,,,,
,,,,,
,,,,,
,,,,,
,,,,,
,,,,,
,,,,,
,,,,,
,,,,,
,,,,,
,,,,,
,,,,,
,,,,,
,,,,,
,,,,,
,,,,,
,,,,,
,,,,,
,,,,,
,,,,,
,,,,,
,,,,,
,,,,,
,,,,,
,,,,,
,,,,,
,,,,,
,,,,,
,,,,,
,,,,,
,,,,,
,,,,,
,,,,,
,,,,,
,,,,,
,,,,,
,,,,,
,,,,,
,,,,,
,,,,,
,,,,,
,,,,,
,,,,,
,,,,,
,,,,,
,,,,,
,,,,,
,,,,,
,,,,,
,,,,,
,,,,,
,,,,,
,,,,,
,,,,,
,,,,,
,,,,,
,,,,,
,,,,,
,,,,,
,,,,,
,,,,,
,,,,,
,,,,,
,,,,,
,,,,,
,,,,,
,,,,,
,,,,,
,,,,,
,,,,,
,,,,,
,,,,,
,,,,,
,,,,,
,,,,,
,,,,,
,,,,,
,,,,,
,,,,,
,,,,,
,,,,,
,,,,,
,,,,,
,,,,,
,,,,,
,,,,,
,,,,,
,,,,,
,,,,,
,,,,,
,,,,,
,,,,,
,,,,,
,,,,,
,,,,,
,,,,,
,,,,,
,,,,,
,,,,,
,,,,,
,,,,,
,,,,,
,,,,,
,,,,,
,,,,,
,,,,,
,,,,,
,,,,,
,,,,,
,,,,,
,,,,,
,,,,,
,,,,,
,,,,,
,,,,,
,,,,,
,,,,,
,,,,,
,,,,,
,,,,,
,,,,,
,,,,,
,,,,,
,,,,,
,,,,,
,,,,,
,,,,,
,,,,,
,,,,,
,,,,,
,,,,,
,,,,,
,,,,,
,,,,,
,,,,,
,,,,,
,,,,,
,,,,,
,,,,,
,,,,,
,,,,,
,,,,,
,,,,,
,,,,,
,,,,,
,,,,,
,,,,,
,,,,,
,,,,,
,,,,,
,,,,,
,,,,,
,,,,,
,,,,,
,,,,,
,,,,,
,,,,,
,,,,,
,,,,,
,,,,,
,,,,,
,,,,,
,,,,,
,,,,,
,,,,,
,,,,,
,,,,,
,,,,,
,,,,,
,,,,,
,,,,,
,,,,,
,,,,,
,,,,,
,,,,,
,,,,,
,,,,,
,,,,,
,,,,,
,,,,,
,,,,,
,,,,,
,,,,,
,,,,,
,,,,,
,,,,,
,,,,,
,,,,,
,,,,,
,,,,,
,,,,,
,,,,,
,,,,,
,,,,,
,,,,,
,,,,,
,,,,,
,,,,,
,,,,,
,,,,,
,,,,,
,,,,,
,,,,,
,,,,,
,,,,,
,,,,,
,,,,,
,,,,,
,,,,,
,,,,,
,,,,,
,,,,,
,,,,,
,,,,,
,,,,,
,,,,,
,,,,,
,,,,,
,,,,,
,,,,,
,,,,,
,,,,,
,,,,,
,,,,,
,,,,,
,,,,,
,,,,,
,,,,,
,,,,,
,,,,,
,,,,,
,,,,,
,,,,,
,,,,,
,,,,,
,,,,,
,,,,,
,,,,,
,,,,,
,,,,,
,,,,,
,,,,,
,,,,,
,,,,,
,,,,,
,,,,,
,,,,,
,,,,,
,,,,,
,,,,,
,,,,,
,,,,,
,,,,,
,,,,,
,,,,,
,,,,,
,,,,,
,,,,,
,,,,,
,,,,,
,,,,,
,,,,,
,,,,,
,,,,,
,,,,,
,,,,,
,,,,,
,,,,,
,,,,,
,,,,,
,,,,,
,,,,,
,,,,,
,,,,,
,,,,,
,,,,,
,,,,,
,,,,,
,,,,,
,,,,,
,,,,,
,,,,,
,,,,,
,,,,,
,,,,,
,,,,,
,,,,,
,,,,,
,,,,,
,,,,,
,,,,,
,,,,,
,,,,,
,,,,,
,,,,,
,,,,,
,,,,,
,,,,,
,,,,,
,,,,,
,,,,,
,,,,,
,,,,,
,,,,,
,,,,,
,,,,,
,,,,,
,,,,,
,,,,,
,,,,,
,,,,,
,,,,,
,,,,,
,,,,,
,,,,,
,,,,,
,,,,,
,,,,,
,,,,,
,,,,,
,,,,,
,,,,,
,,,,,
,,,,,
,,,,,
,,,,,
,,,,,
,,,,,
,,,,,
,,,,,
,,,,,
,,,,,
,,,,,
,,,,,
,,,,,
,,,,,
,,,,,
,,,,,
,,,,,
,,,,,
,,,,,
,,,,,
,,,,,
,,,,,
,,,,,
,,,,,
,,,,,
,,,,,
,,,,,
,,,,,
,,,,,
,,,,,
,,,,,
,,,,,
,,,,,
,,,,,
,,,,,
,,,,,
,,,,,
,,,,,
,,,,,
,,,,,
,,,,,
,,,,,
,,,,,
,,,,,
,,,,,
,,,,,
,,,,,
,,,,,
,,,,,
,,,,,
,,,,,
,,,,,
,,,,,
,,,,,
,,,,,
,,,,,
,,,,,
,,,,,
,,,,,
,,,,,
,,,,,
,,,,,
,,,,,
,,,,,
,,,,,
,,,,,
,,,,,
,,,,,
,,,,,
,,,,,
,,,,,
,,,,,
,,,,,
,,,,,
,,,,,
,,,,,
,,,,,
,,,,,
,,,,,
,,,,,
,,,,,
,,,,,
,,,,,
,,,,,
,,,,,
,,,,,
,,,,,
,,,,,
,,,,,
,,,,,
,,,,,
,,,,,
,,,,,
,,,,,
,,,,,
,,,,,
,,,,,
,,,,,
,,,,,
,,,,,
,,,,,
,,,,,
,,,,,
,,,,,
,,,,,
,,,,,
,,,,,
,,,,,
,,,,,
,,,,,
,,,,,
,,,,,
,,,,,
,,,,,
,,,,,
,,,,,
,,,,,
,,,,,
,,,,,
,,,,,
,,,,,
,,,,,
,,,,,
,,,,,
,,,,,
,,,,,
,,,,,
,,,,,
,,,,,
,,,,,
,,,,,
,,,,,
,,,,,
,,,,,
,,,,,
,,,,,
,,,,,
,,,,,
,,,,,
,,,,,
,,,,,
,,,,,
,,,,,
,,,,,
,,,,,
,,,,,
,,,,,
,,,,,
,,,,,
,,,,,
,,,,,
,,,,,
,,,,,
,,,,,
,,,,,
,,,,,
,,,,,
,,,,,
,,,,,
,,,,,
,,,,,
,,,,,
,,,,,
,,,,,
,,,,,
,,,,,
,,,,,
,,,,,
,,,,,
,,,,,
,,,,,
,,,,,
,,,,,
,,,,,
,,,,,
,,,,,
,,,,,
,,,,,
,,,,,
,,,,,
,,,,,
,,,,,
,,,,,
,,,,,
,,,,,
,,,,,
,,,,,
,,,,,
,,,,,
,,,,,
,,,,,
,,,,,
,,,,,
,,,,,
,,,,,
,,,,,
,,,,,
,,,,,
,,,,,
,,,,,
,,,,,
,,,,,
,,,,,
,,,,,
,,,,,
,,,,,
,,,,,
,,,,,
,,,,,
,,,,,
,,,,,
,,,,,
,,,,,
,,,,,
,,,,,
,,,,,
,,,,,
,,,,,
,,,,,
,,,,,
,,,,,
,,,,,
,,,,,
,,,,,
,,,,,
,,,,,
,,,,,
,,,,,
,,,,,
,,,,,
,,,,,
,,,,,
,,,,,
,,,,,
,,,,,
,,,,,
,,,,,
,,,,,
,,,,,
,,,,,
,,,,,
,,,,,
,,,,,
,,,,,
,,,,,
,,,,,
,,,,,
,,,,,
,,,,,
,,,,,
,,,,,
,,,,,
,,,,,
,,,,,
,,,,,
,,,,,
,,,,,
,,,,,
,,,,,
,,,,,
,,,,,
,,,,,
,,,,,
,,,,,
,,,,,
,,,,,
,,,,,
,,,,,
,,,,,
,,,,,
,,,,,
,,,,,
,,,,,
,,,,,
,,,,,
,,,,,
,,,,,
,,,,,
,,,,,
,,,,,
,,,,,
,,,,,
,,,,,
,,,,,
,,,,,
,,,,,
,,,,,
,,,,,
,,,,,
,,,,,
,,,,,
,,,,,
,,,,,
,,,,,
,,,,,
,,,,,
,,,,,
,,,,,
,,,,,
,,,,,
,,,,,
,,,,,
,,,,,
,,,,,
,,,,,
,,,,,
,,,,,
,,,,,
,,,,,
,,,,,
,,,,,
,,,,,
,,,,,
,,,,,
,,,,,
,,,,,
,,,,,
,,,,,
,,,,,
,,,,,
,,,,,
,,,,,
,,,,,
,,,,,
,,,,,
,,,,,
,,,,,
,,,,,
,,,,,
,,,,,
,,,,,
,,,,,
,,,,,
,,,,,
,,,,,
,,,,,
,,,,,
,,,,,
,,,,,
,,,,,
,,,,,
,,,,,
,,,,,
,,,,,
,,,,,
,,,,,
,,,,,
,,,,,
,,,,,
,,,,,
,,,,,
,,,,,
,,,,,
,,,,,
,,,,,
,,,,,
,,,,,
,,,,,
,,,,,
,,,,,
,,,,,
,,,,,
,,,,,
,,,,,
,,,,,
,,,,,
,,,,,
,,,,,
,,,,,
,,,,,
,,,,,
,,,,,
,,,,,
,,,,,
,,,,,
,,,,,
,,,,,
,,,,,
,,,,,
,,,,,
,,,,,
,,,,,
,,,,,
,,,,,
,,,,,
,,,,,
,,,,,
,,,,,
,,,,,
,,,,,
,,,,,
,,,,,
,,,,,
,,,,,
,,,,,
,,,,,
,,,,,
,,,,,
,,,,,
,,,,,
,,,,,
,,,,,
,,,,,
,,,,,
,,,,,
,,,,,
,,,,,
,,,,,
,,,,,
,,,,,
,,,,,
,,,,,
,,,,,
,,,,,
,,,,,
,,,,,
,,,,,
,,,,,
,,,,,
,,,,,
,,,,,
,,,,,
,,,,,
,,,,,
,,,,,
,,,,,
,,,,,
,,,,,
,,,,,
,,,,,
,,,,,
,,,,,
,,,,,
,,,,,
,,,,,
,,,,,
,,,,,
,,,,,
,,,,,
,,,,,
,,,,,
,,,,,
,,,,,
,,,,,
,,,,,
,,,,,
,,,,,
,,,,,
,,,,,
,,,,,
,,,,,
,,,,,
,,,,,
,,,,,
,,,,,
,,,,,
,,,,,
,,,,,
,,,,,
,,,,,
,,,,,
,,,,,
,,,,,
,,,,,
,,,,,
,,,,,
,,,,,
,,,,,
,,,,,
,,,,,
,,,,,
,,,,,
,,,,,
,,,,,
,,,,,
,,,,,
,,,,,
,,,,,
,,,,,
,,,,,
,,,,,
,,,,,
,,,,,
,,,,,
,,,,,
,,,,,
,,,,,
,,,,,
,,,,,
,,,,,
,,,,,
,,,,,
,,,,,
,,,,,
,,,,,
,,,,,
,,,,,
,,,,,
,,,,,
,,,,,
,,,,,
,,,,,
,,,,,
,,,,,
,,,,,
,,,,,
,,,,,
,,,,,
,,,,,
,,,,,
,,,,,
,,,,,
,,,,,
,,,,,
,,,,,
,,,,,
,,,,,
,,,,,
,,,,,
,,,,,
,,,,,
,,,,,
,,,,,
,,,,,
,,,,,
,,,,,
,,,,,
,,,,,
,,,,,
,,,,,
,,,,,
,,,,,
,,,,,
,,,,,
,,,,,
,,,,,
,,,,,
,,,,,
,,,,,
,,,,,
,,,,,
,,,,,
,,,,,
,,,,,
,,,,,
,,,,,
,,,,,
,,,,,
,,,,,
,,,,,
,,,,,
,,,,,
,,,,,
,,,,,
,,,,,
,,,,,
,,,,,
,,,,,
,,,,,
,,,,,
,,,,,
,,,,,
,,,,,
,,,,,
,,,,,
,,,,,
,,,,,
,,,,,
,,,,,
,,,,,
,,,,,
,,,,,
,,,,,
,,,,,
,,,,,
,,,,,
,,,,,
,,,,,
,,,,,
,,,,,
,,,,,
,,,,,
,,,,,
,,,,,
,,,,,
,,,,,
,,,,,
,,,,,
,,,,,
,,,,,
,,,,,
,,,,,
,,,,,
,,,,,
,,,,,
,,,,,
,,,,,
,,,,,
,,,,,
,,,,,
,,,,,
,,,,,
,,,,,
,,,,,
,,,,,
,,,,,
,,,,,
,,,,,
,,,,,
,,,,,
,,,,,
,,,,,
,,,,,
,,,,,
,,,,,
,,,,,
,,,,,
,,,,,
,,,,,
,,,,,
,,,,,
,,,,,
,,,,,
,,,,,
,,,,,
,,,,,
,,,,,
,,,,,
,,,,,
,,,,,
,,,,,
,,,,,
,,,,,
,,,,,
,,,,,
,,,,,
,,,,,
,,,,,
,,,,,
,,,,,
,,,,,
,,,,,
,,,,,
,,,,,
,,,,,
,,,,,
,,,,,
,,,,,
,,,,,
,,,,,
,,,,,
,,,,,
,,,,,
,,,,,
,,,,,
,,,,,
,,,,,
,,,,,
,,,,,
,,,,,
,,,,,
,,,,,
,,,,,
,,,,,
,,,,,
,,,,,
,,,,,
,,,,,
,,,,,
,,,,,
,,,,,
,,,,,
,,,,,
,,,,,
,,,,,
,,,,,
,,,,,
,,,,,
,,,,,
,,,,,
,,,,,
,,,,,
,,,,,
,,,,,
,,,,,
,,,,,
,,,,,
,,,,,
,,,,,
,,,,,
,,,,,
,,,,,
,,,,,
,,,,,
,,,,,
,,,,,
,,,,,
,,,,,
,,,,,
,,,,,
,,,,,
,,,,,
,,,,,
,,,,,
,,,,,
,,,,,
,,,,,
,,,,,
,,,,,
,,,,,
,,,,,
,,,,,
,,,,,
,,,,,
,,,,,
,,,,,
,,,,,
,,,,,
,,,,,
,,,,,
,,,,,
,,,,,
,,,,,
,,,,,
,,,,,
,,,,,
,,,,,
,,,,,
,,,,,
,,,,,
,,,,,
,,,,,
,,,,,
,,,,,
,,,,,
,,,,,
,,,,,
,,,,,
,,,,,
,,,,,
,,,,,
,,,,,
,,,,,
,,,,,
,,,,,
,,,,,
,,,,,
,,,,,
,,,,,
,,,,,
,,,,,
,,,,,
,,,,,
,,,,,
,,,,,
,,,,,
,,,,,
,,,,,
,,,,,
,,,,,
,,,,,
,,,,,
,,,,,
,,,,,
,,,,,
,,,,,
,,,,,
,,,,,
,,,,,
,,,,,
,,,,,
,,,,,
,,,,,
,,,,,
,,,,,
,,,,,
,,,,,
,,,,,
,,,,,
,,,,,
,,,,,
,,,,,
,,,,,
,,,,,
,,,,,
,,,,,
,,,,,
,,,,,
,,,,,
,,,,,
,,,,,
,,,,,
,,,,,
,,,,,
,,,,,
,,,,,
,,,,,
,,,,,
,,,,,
,,,,,
,,,,,
,,,,,
,,,,,
,,,,,
,,,,,
,,,,,
,,,,,
,,,,,
,,,,,
,,,,,
,,,,,
,,,,,
,,,,,
,,,,,
,,,,,
,,,,,
,,,,,
,,,,,
,,,,,
,,,,,
,,,,,
,,,,,
,,,,,
,,,,,
,,,,,
,,,,,
,,,,,
,,,,,
,,,,,
,,,,,
,,,,,
,,,,,
,,,,,
,,,,,
,,,,,
,,,,,
,,,,,
,,,,,
,,,,,
,,,,,
,,,,,
,,,,,
,,,,,
,,,,,
,,,,,
,,,,,
,,,,,
,,,,,
,,,,,
,,,,,
,,,,,
,,,,,
,,,,,
,,,,,
,,,,,
,,,,,
,,,,,
,,,,,
,,,,,
,,,,,
,,,,,
,,,,,
,,,,,
,,,,,
,,,,,
,,,,,
,,,,,
,,,,,
,,,,,
,,,,,
,,,,,
,,,,,
,,,,,
,,,,,
,,,,,
,,,,,
,,,,,
,,,,,
,,,,,
,,,,,
,,,,,
,,,,,
,,,,,
,,,,,
,,,,,
,,,,,
,,,,,
,,,,,
,,,,,
,,,,,
,,,,,
,,,,,
,,,,,
,,,,,
,,,,,
,,,,,
,,,,,
,,,,,
,,,,,
,,,,,
,,,,,
,,,,,
,,,,,
,,,,,
,,,,,
,,,,,
,,,,,
,,,,,
,,,,,
,,,,,
,,,,,
,,,,,
,,,,,
,,,,,
,,,,,
,,,,,
,,,,,
,,,,,
,,,,,
,,,,,
,,,,,
,,,,,
,,,,,
,,,,,
,,,,,
,,,,,
,,,,,
,,,,,
,,,,,
,,,,,
,,,,,
,,,,,
,,,,,
,,,,,
,,,,,
,,,,,
,,,,,
,,,,,
,,,,,
,,,,,
,,,,,
,,,,,
,,,,,
,,,,,
,,,,,
,,,,,
,,,,,
,,,,,
,,,,,
,,,,,
,,,,,
,,,,,
,,,,,
,,,,,
,,,,,
,,,,,
,,,,,
,,,,,
,,,,,
,,,,,
,,,,,
,,,,,
,,,,,
,,,,,
,,,,,
,,,,,
,,,,,
,,,,,
,,,,,
,,,,,
,,,,,
,,,,,
,,,,,
,,,,,
,,,,,
,,,,,
,,,,,
,,,,,
,,,,,
,,,,,
,,,,,
,,,,,
,,,,,
,,,,,
,,,,,
,,,,,
,,,,,
,,,,,
,,,,,
,,,,,
,,,,,
,,,,,
,,,,,
,,,,,
,,,,,
,,,,,
,,,,,
,,,,,
,,,,,
,,,,,
,,,,,
,,,,,
,,,,,
,,,,,
,,,,,
,,,,,
,,,,,
,,,,,
,,,,,
,,,,,
,,,,,
,,,,,
,,,,,
,,,,,
,,,,,
,,,,,
,,,,,
,,,,,
,,,,,
,,,,,
,,,,,
,,,,,
,,,,,
,,,,,
,,,,,
,,,,,
,,,,,
,,,,,
,,,,,
,,,,,
,,,,,
,,,,,
,,,,,
,,,,,
,,,,,
,,,,,
,,,,,
,,,,,
,,,,,
,,,,,
,,,,,
,,,,,
,,,,,
,,,,,
,,,,,
,,,,,
,,,,,
,,,,,
,,,,,
,,,,,
,,,,,
,,,,,
,,,,,
,,,,,
,,,,,
,,,,,
,,,,,
,,,,,
,,,,,
,,,,,
,,,,,
,,,,,
,,,,,
,,,,,
,,,,,
,,,,,
,,,,,
,,,,,
,,,,,
,,,,,
,,,,,
,,,,,
,,,,,
,,,,,
,,,,,
,,,,,
,,,,,
,,,,,
,,,,,
,,,,,
,,,,,
,,,,,
,,,,,
,,,,,
,,,,,
,,,,,
,,,,,
,,,,,
,,,,,
,,,,,
,,,,,
,,,,,
,,,,,
,,,,,
,,,,,
,,,,,
,,,,,
,,,,,
,,,,,
,,,,,
,,,,,
,,,,,
,,,,,
,,,,,
,,,,,
,,,,,
,,,,,
,,,,,
,,,,,
,,,,,
,,,,,
,,,,,
,,,,,
,,,,,
,,,,,
,,,,,
,,,,,
,,,,,
,,,,,
,,,,,
,,,,,
,,,,,
,,,,,
,,,,,
,,,,,
,,,,,
,,,,,
,,,,,
,,,,,
,,,,,
,,,,,
,,,,,
,,,,,
,,,,,
,,,,,
,,,,,
,,,,,
,,,,,
,,,,,
,,,,,
,,,,,
,,,,,
,,,,,
,,,,,
,,,,,
,,,,,
,,,,,
,,,,,
,,,,,
,,,,,
,,,,,
,,,,,
,,,,,
,,,,,
,,,,,
,,,,,
,,,,,
,,,,,
,,,,,
,,,,,
,,,,,
,,,,,
,,,,,
,,,,,
,,,,,
,,,,,
,,,,,
,,,,,
,,,,,
,,,,,
,,,,,
,,,,,
,,,,,
,,,,,
,,,,,
,,,,,
,,,,,
,,,,,
,,,,,
,,,,,
,,,,,
,,,,,
,,,,,
,,,,,
,,,,,
,,,,,
,,,,,
,,,,,
,,,,,
,,,,,
,,,,,
,,,,,
,,,,,
,,,,,
,,,,,
,,,,,
,,,,,
,,,,,
,,,,,
,,,,,
,,,,,
,,,,,
,,,,,
,,,,,
,,,,,
,,,,,
,,,,,
,,,,,
,,,,,
,,,,,
,,,,,
,,,,,
,,,,,
,,,,,
,,,,,
,,,,,
,,,,,
,,,,,
,,,,,
,,,,,
,,,,,
,,,,,
,,,,,
,,,,,
,,,,,
,,,,,
,,,,,
,,,,,
,,,,,
,,,,,
,,,,,
,,,,,
,,,,,
,,,,,
,,,,,
,,,,,
,,,,,
,,,,,
,,,,,
,,,,,
,,,,,
,,,,,
,,,,,
,,,,,
,,,,,
,,,,,
,,,,,
,,,,,
,,,,,
,,,,,
,,,,,
,,,,,
,,,,,
,,,,,
,,,,,
,,,,,
,,,,,
,,,,,
,,,,,
,,,,,
,,,,,
,,,,,
,,,,,
,,,,,
,,,,,
,,,,,
,,,,,
,,,,,
,,,,,
,,,,,
,,,,,
,,,,,
,,,,,
,,,,,
,,,,,
,,,,,
,,,,,
,,,,,
,,,,,
,,,,,
,,,,,
,,,,,
,,,,,
,,,,,
,,,,,
,,,,,
,,,,,
,,,,,
,,,,,
,,,,,
,,,,,
,,,,,
,,,,,
,,,,,
,,,,,
,,,,,
,,,,,
,,,,,
,,,,,
,,,,,
,,,,,
,,,,,
,,,,,
,,,,,
,,,,,
,,,,,
,,,,,
,,,,,
,,,,,
,,,,,
,,,,,
,,,,,
,,,,,
,,,,,
,,,,,
,,,,,
,,,,,
,,,,,
,,,,,
,,,,,
,,,,,
,,,,,
,,,,,
,,,,,
,,,,,
,,,,,
,,,,,
,,,,,
,,,,,
,,,,,
,,,,,
,,,,,
,,,,,
,,,,,
,,,,,
,,,,,
,,,,,
,,,,,
,,,,,
,,,,,
,,,,,
,,,,,
,,,,,
,,,,,
,,,,,
,,,,,
,,,,,
,,,,,
,,,,,
,,,,,
,,,,,
,,,,,
,,,,,
,,,,,
,,,,,
,,,,,
,,,,,
,,,,,
,,,,,
,,,,,
,,,,,
,,,,,
,,,,,
,,,,,
,,,,,
,,,,,
,,,,,
,,,,,
,,,,,
,,,,,
,,,,,
,,,,,
,,,,,
,,,,,
,,,,,
,,,,,
,,,,,
,,,,,
,,,,,
,,,,,
,,,,,
,,,,,
,,,,,
,,,,,
,,,,,
,,,,,
,,,,,
,,,,,
,,,,,
,,,,,
,,,,,
,,,,,
,,,,,
,,,,,
,,,,,
,,,,,
,,,,,
,,,,,
,,,,,
,,,,,
,,,,,
,,,,,
,,,,,
,,,,,
,,,,,
,,,,,
,,,,,
,,,,,
,,,,,
,,,,,
,,,,,
,,,,,
,,,,,
,,,,,
,,,,,
,,,,,
,,,,,
,,,,,
,,,,,
,,,,,
,,,,,
,,,,,
,,,,,
,,,,,
,,,,,
,,,,,
,,,,,
,,,,,
,,,,,
,,,,,
,,,,,
,,,,,
,,,,,
,,,,,
,,,,,
,,,,,
,,,,,
,,,,,
,,,,,
,,,,,
,,,,,
,,,,,
,,,,,
,,,,,
,,,,,
,,,,,
,,,,,
,,,,,
,,,,,
,,,,,
,,,,,
,,,,,
,,,,,
,,,,,
,,,,,
,,,,,
,,,,,
,,,,,
,,,,,
,,,,,
,,,,,
,,,,,
,,,,,
,,,,,
,,,,,
,,,,,
,,,,,
,,,,,
,,,,,
,,,,,
,,,,,
,,,,,
,,,,,
,,,,,
,,,,,
,,,,,
,,,,,
,,,,,
,,,,,
,,,,,
,,,,,
,,,,,
,,,,,
,,,,,
,,,,,
,,,,,
,,,,,
,,,,,
,,,,,
,,,,,
,,,,,
,,,,,
,,,,,
,,,,,
,,,,,
,,,,,
,,,,,
,,,,,
,,,,,
,,,,,
,,,,,
,,,,,
,,,,,
,,,,,
,,,,,
,,,,,
,,,,,
,,,,,
,,,,,
,,,,,
,,,,,
,,,,,
,,,,,
,,,,,
,,,,,
,,,,,
,,,,,
,,,,,
,,,,,
,,,,,
,,,,,
,,,,,
,,,,,
,,,,,
,,,,,
,,,,,
,,,,,
,,,,,
,,,,,
,,,,,
,,,,,
,,,,,
,,,,,
,,,,,
,,,,,
,,,,,
,,,,,
,,,,,
,,,,,
,,,,,
,,,,,
,,,,,
,,,,,
,,,,,
,,,,,
,,,,,
,,,,,
,,,,,
,,,,,
,,,,,
,,,,,
,,,,,
,,,,,
,,,,,
,,,,,
,,,,,
,,,,,
,,,,,
,,,,,
,,,,,
,,,,,
,,,,,
,,,,,
,,,,,
,,,,,
,,,,,
,,,,,
,,,,,
,,,,,
,,,,,
,,,,,
,,,,,
,,,,,
,,,,,
,,,,,
,,,,,
,,,,,
,,,,,
,,,,,
,,,,,
,,,,,
,,,,,
,,,,,
,,,,,
,,,,,
,,,,,
,,,,,
,,,,,
,,,,,
,,,,,
,,,,,
,,,,,
,,,,,
,,,,,
,,,,,
,,,,,
,,,,,
,,,,,
,,,,,
,,,,,
,,,,,
,,,,,
,,,,,
,,,,,
,,,,,
,,,,,
,,,,,
,,,,,
,,,,,
,,,,,
,,,,,
,,,,,
,,,,,
,,,,,
,,,,,
,,,,,
,,,,,
,,,,,
,,,,,
,,,,,
,,,,,
,,,,,
,,,,,
,,,,,
,,,,,
,,,,,
,,,,,
,,,,,
,,,,,
,,,,,
,,,,,
,,,,,
,,,,,
,,,,,
,,,,,
,,,,,
,,,,,
,,,,,
,,,,,
,,,,,
,,,,,
,,,,,
,,,,,
,,,,,
,,,,,
,,,,,
,,,,,
,,,,,
,,,,,
,,,,,
,,,,,
,,,,,
,,,,,
,,,,,
,,,,,
,,,,,
,,,,,
,,,,,
,,,,,
,,,,,
,,,,,
,,,,,
,,,,,
,,,,,
,,,,,
,,,,,
,,,,,
,,,,,
,,,,,
,,,,,
,,,,,
,,,,,
,,,,,
,,,,,
,,,,,
,,,,,
,,,,,
,,,,,
,,,,,
,,,,,
,,,,,
,,,,,
,,,,,
,,,,,
,,,,,
,,,,,
,,,,,
,,,,,
,,,,,
,,,,,
,,,,,
,,,,,
,,,,,
,,,,,
,,,,,
,,,,,
,,,,,
,,,,,
,,,,,
,,,,,
,,,,,
,,,,,
,,,,,
,,,,,
,,,,,
,,,,,
,,,,,
,,,,,
,,,,,
,,,,,
,,,,,
,,,,,
,,,,,
,,,,,
,,,,,
,,,,,
,,,,,
,,,,,
,,,,,
,,,,,
,,,,,
,,,,,
,,,,,
,,,,,
,,,,,
,,,,,
,,,,,
,,,,,
,,,,,
,,,,,
,,,,,
,,,,,
,,,,,
,,,,,
,,,,,
,,,,,
,,,,,
,,,,,
,,,,,
,,,,,
,,,,,
,,,,,
,,,,,
,,,,,
,,,,,
,,,,,
,,,,,
,,,,,
,,,,,
,,,,,
,,,,,
,,,,,
,,,,,
,,,,,
,,,,,
,,,,,
,,,,,
,,,,,
,,,,,
,,,,,
,,,,,
,,,,,
,,,,,
,,,,,
,,,,,
,,,,,
,,,,,
,,,,,
,,,,,
,,,,,
,,,,,
,,,,,
,,,,,
,,,,,
,,,,,
,,,,,
,,,,,
,,,,,
,,,,,
,,,,,
,,,,,
,,,,,
,,,,,
,,,,,
,,,,,
,,,,,
,,,,,
,,,,,
,,,,,
,,,,,
,,,,,
,,,,,
,,,,,
,,,,,
,,,,,
,,,,,
,,,,,
,,,,,
,,,,,
,,,,,
,,,,,
,,,,,
,,,,,
,,,,,
,,,,,
,,,,,
,,,,,
,,,,,
,,,,,
,,,,,
,,,,,
,,,,,
,,,,,
,,,,,
,,,,,
,,,,,
,,,,,
,,,,,
,,,,,
,,,,,
,,,,,
,,,,,
,,,,,
,,,,,
,,,,,
,,,,,
,,,,,
,,,,,
,,,,,
,,,,,
,,,,,
,,,,,
,,,,,
,,,,,
,,,,,
,,,,,
,,,,,
,,,,,
,,,,,
,,,,,
,,,,,
,,,,,
,,,,,
,,,,,
,,,,,
,,,,,
,,,,,
,,,,,
,,,,,
,,,,,
,,,,,
,,,,,
,,,,,
,,,,,
,,,,,
,,,,,
,,,,,
,,,,,
,,,,,
,,,,,
,,,,,
,,,,,
,,,,,
,,,,,
,,,,,
,,,,,
,,,,,
,,,,,
,,,,,
,,,,,
,,,,,
,,,,,
,,,,,
,,,,,
,,,,,
,,,,,
,,,,,
,,,,,
,,,,,
,,,,,
,,,,,
,,,,,
,,,,,
,,,,,
,,,,,
,,,,,
,,,,,
,,,,,
,,,,,
,,,,,
,,,,,
,,,,,
,,,,,
,,,,,
,,,,,
,,,,,
,,,,,
,,,,,
,,,,,
,,,,,
,,,,,
,,,,,
,,,,,
,,,,,
,,,,,
,,,,,
,,,,,
,,,,,
,,,,,
,,,,,
,,,,,
,,,,,
,,,,,
,,,,,
,,,,,
,,,,,
,,,,,
,,,,,
,,,,,
,,,,,
,,,,,
,,,,,
,,,,,
,,,,,
,,,,,
,,,,,
,,,,,
,,,,,
,,,,,
,,,,,
,,,,,
,,,,,
,,,,,
,,,,,
,,,,,
,,,,,
,,,,,
,,,,,
,,,,,
,,,,,
,,,,,
,,,,,
,,,,,
,,,,,
,,,,,
,,,,,
,,,,,
,,,,,
,,,,,
,,,,,
,,,,,
,,,,,
,,,,,
,,,,,
,,,,,
,,,,,
,,,,,
,,,,,
,,,,,
,,,,,
,,,,,
,,,,,
,,,,,
,,,,,
,,,,,
,,,,,
,,,,,
,,,,,
,,,,,
,,,,,
,,,,,
,,,,,
,,,,,
,,,,,
,,,,,
,,,,,
,,,,,
,,,,,
,,,,,
,,,,,
,,,,,
,,,,,
,,,,,
,,,,,
,,,,,
,,,,,
,,,,,
,,,,,
,,,,,
,,,,,
,,,,,
,,,,,
,,,,,
,,,,,
,,,,,
,,,,,
,,,,,
,,,,,
,,,,,
,,,,,
,,,,,
,,,,,
,,,,,
,,,,,
,,,,,
,,,,,
,,,,,
,,,,,
,,,,,
,,,,,
,,,,,
,,,,,
,,,,,
,,,,,
,,,,,
,,,,,
,,,,,
,,,,,
,,,,,
,,,,,
,,,,,
,,,,,
,,,,,
,,,,,
,,,,,
,,,,,
,,,,,
,,,,,
,,,,,
,,,,,
,,,,,
,,,,,
,,,,,
,,,,,
,,,,,
,,,,,
,,,,,
,,,,,
,,,,,
,,,,,
,,,,,
,,,,,
,,,,,
,,,,,
,,,,,
,,,,,
,,,,,
,,,,,
,,,,,
,,,,,
,,,,,
,,,,,
,,,,,
,,,,,
,,,,,
,,,,,
,,,,,
,,,,,
,,,,,
,,,,,
,,,,,
,,,,,
,,,,,
,,,,,
,,,,,
,,,,,
,,,,,
,,,,,
,,,,,
,,,,,
,,,,,
,,,,,
,,,,,
,,,,,
,,,,,
,,,,,
,,,,,
,,,,,
,,,,,
,,,,,
,,,,,
,,,,,
,,,,,
,,,,,
,,,,,
,,,,,
,,,,,
,,,,,
,,,,,
,,,,,
,,,,,
,,,,,
,,,,,
,,,,,
,,,,,
,,,,,
,,,,,
,,,,,
,,,,,
,,,,,
,,,,,
,,,,,
,,,,,
,,,,,
,,,,,
,,,,,
,,,,,
,,,,,
,,,,,
,,,,,
,,,,,
,,,,,
,,,,,
,,,,,
,,,,,
,,,,,
,,,,,
,,,,,
,,,,,
,,,,,
,,,,,
,,,,,
,,,,,
,,,,,
,,,,,
,,,,,
,,,,,
,,,,,
,,,,,
,,,,,
,,,,,
,,,,,
,,,,,
,,,,,
,,,,,
,,,,,
,,,,,
,,,,,
,,,,,
,,,,,
,,,,,
,,,,,
,,,,,
,,,,,
,,,,,
,,,,,
,,,,,
,,,,,
,,,,,
,,,,,
,,,,,
,,,,,
,,,,,
,,,,,
,,,,,
,,,,,
,,,,,
,,,,,
,,,,,
,,,,,
,,,,,
,,,,,
,,,,,
,,,,,
,,,,,
,,,,,
,,,,,
,,,,,
,,,,,
,,,,,
,,,,,
,,,,,
,,,,,
,,,,,
,,,,,
,,,,,
,,,,,
,,,,,
,,,,,
,,,,,
,,,,,
,,,,,
,,,,,
,,,,,
,,,,,
,,,,,
,,,,,
,,,,,
,,,,,
,,,,,
,,,,,
,,,,,
,,,,,
,,,,,
,,,,,
,,,,,
,,,,,
,,,,,
,,,,,
,,,,,
,,,,,
,,,,,
,,,,,
,,,,,
,,,,,
,,,,,
,,,,,
,,,,,
,,,,,
,,,,,
,,,,,
,,,,,
,,,,,
,,,,,
,,,,,
,,,,,
,,,,,
,,,,,
,,,,,
,,,,,
,,,,,
,,,,,
,,,,,
,,,,,
,,,,,
,,,,,
,,,,,
,,,,,
,,,,,
,,,,,
,,,,,
,,,,,
,,,,,
,,,,,
,,,,,
,,,,,
,,,,,
,,,,,
,,,,,
,,,,,
,,,,,
,,,,,
,,,,,
,,,,,
,,,,,
,,,,,
,,,,,
,,,,,
,,,,,
,,,,,
,,,,,
,,,,,
,,,,,
,,,,,
,,,,,
,,,,,
,,,,,
,,,,,
,,,,,
,,,,,
,,,,,
,,,,,
,,,,,
,,,,,
,,,,,
,,,,,
,,,,,
,,,,,
,,,,,
,,,,,
,,,,,
,,,,,
,,,,,
,,,,,
,,,,,
,,,,,
,,,,,
,,,,,
,,,,,
,,,,,
,,,,,
,,,,,
,,,,,
,,,,,
,,,,,
,,,,,
,,,,,
,,,,,
,,,,,
,,,,,
,,,,,
,,,,,
,,,,,
,,,,,
,,,,,
,,,,,
,,,,,
,,,,,
,,,,,
,,,,,
,,,,,
,,,,,
,,,,,
,,,,,
,,,,,
,,,,,
,,,,,
,,,,,
,,,,,
,,,,,
,,,,,
,,,,,
,,,,,
,,,,,
,,,,,
,,,,,
,,,,,
,,,,,
,,,,,
,,,,,
,,,,,
,,,,,
,,,,,
,,,,,
,,,,,
,,,,,
,,,,,
,,,,,
,,,,,
,,,,,
,,,,,
,,,,,
,,,,,
,,,,,
,,,,,
,,,,,
,,,,,
,,,,,
,,,,,
,,,,,
,,,,,
,,,,,
,,,,,
,,,,,
,,,,,
,,,,,
,,,,,
,,,,,
,,,,,
,,,,,
,,,,,
,,,,,
,,,,,
,,,,,
,,,,,
,,,,,
,,,,,
,,,,,
,,,,,
,,,,,
,,,,,
,,,,,
,,,,,
,,,,,
,,,,,
,,,,,
,,,,,
,,,,,
,,,,,
,,,,,
,,,,,
,,,,,
,,,,,
,,,,,
,,,,,
,,,,,
,,,,,
,,,,,
,,,,,
,,,,,
,,,,,
,,,,,
,,,,,
,,,,,
,,,,,
,,,,,
,,,,,
,,,,,
,,,,,
,,,,,
,,,,,
,,,,,
,,,,,
,,,,,
,,,,,
,,,,,
,,,,,
,,,,,
,,,,,
,,,,,
,,,,,
,,,,,
,,,,,
,,,,,
,,,,,
,,,,,
,,,,,
,,,,,
,,,,,
,,,,,
,,,,,
,,,,,
,,,,,
,,,,,
,,,,,
,,,,,
,,,,,
,,,,,
,,,,,
,,,,,
,,,,,
,,,,,
,,,,,
,,,,,
,,,,,
,,,,,
,,,,,
,,,,,
,,,,,
,,,,,
,,,,,
,,,,,
,,,,,
,,,,,
,,,,,
,,,,,
,,,,,
,,,,,
,,,,,
,,,,,
,,,,,
,,,,,
,,,,,
,,,,,
,,,,,
,,,,,
,,,,,
,,,,,
,,,,,
,,,,,
,,,,,
,,,,,
,,,,,
,,,,,
,,,,,
,,,,,
,,,,,
,,,,,
,,,,,
,,,,,
,,,,,
,,,,,
,,,,,
,,,,,
,,,,,
,,,,,
,,,,,
,,,,,
,,,,,
,,,,,
,,,,,
,,,,,
,,,,,
,,,,,
,,,,,
,,,,,
,,,,,
,,,,,
,,,,,
,,,,,
,,,,,
,,,,,
,,,,,
,,,,,
,,,,,
,,,,,
,,,,,
,,,,,
,,,,,
,,,,,
,,,,,
,,,,,
,,,,,
,,,,,
,,,,,
,,,,,
,,,,,
,,,,,
,,,,,
,,,,,
,,,,,
,,,,,
,,,,,
,,,,,
,,,,,
,,,,,
,,,,,
,,,,,
,,,,,
,,,,,
,,,,,
,,,,,
,,,,,
,,,,,
,,,,,
,,,,,
,,,,,
,,,,,
,,,,,
,,,,,
,,,,,
,,,,,
,,,,,
,,,,,
,,,,,
,,,,,
,,,,,
,,,,,
,,,,,
,,,,,
,,,,,
,,,,,
,,,,,
,,,,,
,,,,,
,,,,,
,,,,,
,,,,,
,,,,,
,,,,,
,,,,,
,,,,,
,,,,,
,,,,,
,,,,,
,,,,,
,,,,,
,,,,,
,,,,,
,,,,,
,,,,,
,,,,,
,,,,,
,,,,,
,,,,,
,,,,,
,,,,,
,,,,,
,,,,,
,,,,,
,,,,,
,,,,,
,,,,,
,,,,,
,,,,,
,,,,,
,,,,,
,,,,,
,,,,,
,,,,,
,,,,,
,,,,,
,,,,,
,,,,,
,,,,,
,,,,,
,,,,,
,,,,,
,,,,,
,,,,,
,,,,,
,,,,,
,,,,,
,,,,,
,,,,,
,,,,,
,,,,,
,,,,,
,,,,,
,,,,,
,,,,,
,,,,,
,,,,,
,,,,,
,,,,,
,,,,,
,,,,,
,,,,,
,,,,,
,,,,,
,,,,,
,,,,,
,,,,,
,,,,,
,,,,,
,,,,,
,,,,,
,,,,,
,,,,,
,,,,,
,,,,,
,,,,,
,,,,,
,,,,,
,,,,,
,,,,,
,,,,,
,,,,,
,,,,,
,,,,,
,,,,,
,,,,,
,,,,,
,,,,,
,,,,,
,,,,,
,,,,,
,,,,,
,,,,,
,,,,,
,,,,,
,,,,,
,,,,,
,,,,,
,,,,,
,,,,,
,,,,,
,,,,,
,,,,,
,,,,,
,,,,,
,,,,,
,,,,,
,,,,,
,,,,,
,,,,,
,,,,,
,,,,,
,,,,,
,,,,,
,,,,,
,,,,,
,,,,,
,,,,,
,,,,,
,,,,,
,,,,,
,,,,,
,,,,,
,,,,,
,,,,,
,,,,,
,,,,,
,,,,,
,,,,,
,,,,,
,,,,,
,,,,,
,,,,,
,,,,,
,,,,,
,,,,,
,,,,,
,,,,,
,,,,,
,,,,,
,,,,,
,,,,,
,,,,,
,,,,,
,,,,,
,,,,,
,,,,,
,,,,,
,,,,,
,,,,,
,,,,,
,,,,,
,,,,,
,,,,,
,,,,,
,,,,,
,,,,,
,,,,,
,,,,,
,,,,,
,,,,,
,,,,,
,,,,,
,,,,,
,,,,,
,,,,,
,,,,,
,,,,,
,,,,,
,,,,,
,,,,,
,,,,,
,,,,,
,,,,,
,,,,,
,,,,,
,,,,,
,,,,,
,,,,,
,,,,,
,,,,,
,,,,,
,,,,,
,,,,,
,,,,,
,,,,,
,,,,,
,,,,,
,,,,,
,,,,,
,,,,,
,,,,,
,,,,,
,,,,,
,,,,,
,,,,,
,,,,,
,,,,,
,,,,,
,,,,,
,,,,,
,,,,,
,,,,,
,,,,,
,,,,,
,,,,,
,,,,,
,,,,,
,,,,,
,,,,,
,,,,,
,,,,,
,,,,,
,,,,,
,,,,,
,,,,,
,,,,,
,,,,,
,,,,,
,,,,,
,,,,,
,,,,,
,,,,,
,,,,,
,,,,,
,,,,,
,,,,,
,,,,,
,,,,,
,,,,,
,,,,,
,,,,,
,,,,,
,,,,,
,,,,,
,,,,,
,,,,,
,,,,,
,,,,,
,,,,,
,,,,,
,,,,,
,,,,,
,,,,,
,,,,,
,,,,,
,,,,,
,,,,,
,,,,,
,,,,,
,,,,,
,,,,,
,,,,,
,,,,,
,,,,,
,,,,,
,,,,,
,,,,,
,,,,,
,,,,,
,,,,,
,,,,,
,,,,,
,,,,,
,,,,,
,,,,,
,,,,,
,,,,,
,,,,,
,,,,,
,,,,,
,,,,,
,,,,,
,,,,,
,,,,,
,,,,,
,,,,,
,,,,,
,,,,,
,,,,,
,,,,,
,,,,,
,,,,,
,,,,,
,,,,,
,,,,,
,,,,,
,,,,,
,,,,,
,,,,,
,,,,,
,,,,,
,,,,,
,,,,,
,,,,,
,,,,,
,,,,,
,,,,,
,,,,,
,,,,,
,,,,,
,,,,,
,,,,,
,,,,,
,,,,,
,,,,,
,,,,,
,,,,,
,,,,,
,,,,,
,,,,,
,,,,,
,,,,,
,,,,,
,,,,,
,,,,,
,,,,,
,,,,,
,,,,,
,,,,,
,,,,,
,,,,,
,,,,,
,,,,,
,,,,,
,,,,,
,,,,,
,,,,,
,,,,,
,,,,,
,,,,,
,,,,,
,,,,,
,,,,,
,,,,,
,,,,,
,,,,,
,,,,,
,,,,,
,,,,,
,,,,,
,,,,,
,,,,,
,,,,,
,,,,,
,,,,,
,,,,,
,,,,,
,,,,,
,,,,,
,,,,,
,,,,,
,,,,,
,,,,,
,,,,,
,,,,,
,,,,,
,,,,,
,,,,,
,,,,,
,,,,,
,,,,,
,,,,,
,,,,,
,,,,,
,,,,,
,,,,,
,,,,,
,,,,,
,,,,,
,,,,,
,,,,,
,,,,,
,,,,,
,,,,,
,,,,,
,,,,,
,,,,,
,,,,,
,,,,,
,,,,,
,,,,,
,,,,,
,,,,,
,,,,,
,,,,,
,,,,,
,,,,,
,,,,,
,,,,,
,,,,,
,,,,,
,,,,,
,,,,,
,,,,,
,,,,,
,,,,,
,,,,,
,,,,,
,,,,,
,,,,,
,,,,,
,,,,,
,,,,,
,,,,,
,,,,,
,,,,,
,,,,,
,,,,,
,,,,,
,,,,,
,,,,,
,,,,,
,,,,,
,,,,,
,,,,,
,,,,,
,,,,,
,,,,,
,,,,,
,,,,,
,,,,,
,,,,,
,,,,,
,,,,,
,,,,,
,,,,,
,,,,,
,,,,,
,,,,,
,,,,,
,,,,,
,,,,,
,,,,,
,,,,,
,,,,,
,,,,,
,,,,,
,,,,,
,,,,,
,,,,,
,,,,,
,,,,,
,,,,,
,,,,,
,,,,,
,,,,,
,,,,,
,,,,,
,,,,,
,,,,,
,,,,,
,,,,,
,,,,,
,,,,,
,,,,,
,,,,,
,,,,,
,,,,,
,,,,,
,,,,,
,,,,,
,,,,,
,,,,,
,,,,,
,,,,,
,,,,,
,,,,,
,,,,,
,,,,,
,,,,,
,,,,,
,,,,,
,,,,,
,,,,,
,,,,,
,,,,,
,,,,,
,,,,,
,,,,,
,,,,,
,,,,,
,,,,,
,,,,,
,,,,,
,,,,,
,,,,,
,,,,,
,,,,,
,,,,,
,,,,,
,,,,,
,,,,,
,,,,,
,,,,,
,,,,,
,,,,,
,,,,,
,,,,,
,,,,,
,,,,,
,,,,,
,,,,,
,,,,,
,,,,,
,,,,,
,,,,,
,,,,,
,,,,,
,,,,,
,,,,,
,,,,,
,,,,,
,,,,,
,,,,,
,,,,,
,,,,,
,,,,,
,,,,,
,,,,,
,,,,,
,,,,,
,,,,,
,,,,,
,,,,,
,,,,,
,,,,,
,,,,,
,,,,,
,,,,,
,,,,,
,,,,,
,,,,,
,,,,,
,,,,,
,,,,,
,,,,,
,,,,,
,,,,,
,,,,,
,,,,,
,,,,,
,,,,,
,,,,,
,,,,,
,,,,,
,,,,,
,,,,,
,,,,,
,,,,,
,,,,,
,,,,,
,,,,,
,,,,,
,,,,,
,,,,,
,,,,,
,,,,,
,,,,,
,,,,,
,,,,,
,,,,,
,,,,,
,,,,,
,,,,,
,,,,,
,,,,,
,,,,,
,,,,,
,,,,,
,,,,,
,,,,,
,,,,,
,,,,,
,,,,,
,,,,,
,,,,,
,,,,,
,,,,,
,,,,,
,,,,,
,,,,,
,,,,,
,,,,,
,,,,,
,,,,,
,,,,,
,,,,,
,,,,,
,,,,,
,,,,,
,,,,,
,,,,,
,,,,,
,,,,,
,,,,,
,,,,,
,,,,,
,,,,,
,,,,,
,,,,,
,,,,,
,,,,,
,,,,,
,,,,,
,,,,,
,,,,,
,,,,,
,,,,,
,,,,,
,,,,,
,,,,,
,,,,,
,,,,,
,,,,,
,,,,,
,,,,,
,,,,,
,,,,,
,,,,,
,,,,,
,,,,,
,,,,,
,,,,,
,,,,,
,,,,,
,,,,,
,,,,,
,,,,,
,,,,,
,,,,,
,,,,,
,,,,,
,,,,,
,,,,,
,,,,,
,,,,,
,,,,,
,,,,,
,,,,,
,,,,,
,,,,,
,,,,,
,,,,,
,,,,,
,,,,,
,,,,,
,,,,,
,,,,,
,,,,,
,,,,,
,,,,,
,,,,,
,,,,,
,,,,,
,,,,,
,,,,,
,,,,,
,,,,,
,,,,,
,,,,,
,,,,,
,,,,,
,,,,,
,,,,,
,,,,,
,,,,,
,,,,,
,,,,,
,,,,,
,,,,,
,,,,,
,,,,,
,,,,,
,,,,,
,,,,,
,,,,,
,,,,,
,,,,,
,,,,,
,,,,,
,,,,,
,,,,,
,,,,,
,,,,,
,,,,,
,,,,,
,,,,,
,,,,,
,,,,,
,,,,,
,,,,,
,,,,,
,,,,,
,,,,,
,,,,,
,,,,,
,,,,,
,,,,,
,,,,,
,,,,,
,,,,,
,,,,,
,,,,,
,,,,,
,,,,,
,,,,,
,,,,,
,,,,,
,,,,,
,,,,,
,,,,,
,,,,,
,,,,,
,,,,,
,,,,,
,,,,,
,,,,,
,,,,,
,,,,,
,,,,,
,,,,,
,,,,,
,,,,,
,,,,,
,,,,,
,,,,,
,,,,,
,,,,,
,,,,,
,,,,,
,,,,,
,,,,,
,,,,,
,,,,,
,,,,,
,,,,,
,,,,,
,,,,,
,,,,,
,,,,,
,,,,,
,,,,,
,,,,,
,,,,,
,,,,,
,,,,,
,,,,,
,,,,,
,,,,,
,,,,,
,,,,,
,,,,,
,,,,,
,,,,,
,,,,,
,,,,,
,,,,,
,,,,,
,,,,,
,,,,,
,,,,,
,,,,,
,,,,,
,,,,,
,,,,,
,,,,,
,,,,,
,,,,,
,,,,,
,,,,,
,,,,,
,,,,,
,,,,,
,,,,,
,,,,,
,,,,,
,,,,,
,,,,,
,,,,,
,,,,,
,,,,,
,,,,,
,,,,,
,,,,,
,,,,,
,,,,,
,,,,,
,,,,,
,,,,,
,,,,,
,,,,,
,,,,,
,,,,,
,,,,,
,,,,,
,,,,,
,,,,,
,,,,,
,,,,,
,,,,,
,,,,,
,,,,,
,,,,,
,,,,,
,,,,,
,,,,,
,,,,,
,,,,,
,,,,,
,,,,,
,,,,,
,,,,,
,,,,,
,,,,,
,,,,,
,,,,,
,,,,,
,,,,,
,,,,,
,,,,,
,,,,,
,,,,,
,,,,,
,,,,,
,,,,,
,,,,,
,,,,,
,,,,,
,,,,,
,,,,,
,,,,,
,,,,,
,,,,,
,,,,,
,,,,,
,,,,,
,,,,,
,,,,,
,,,,,
,,,,,
,,,,,
,,,,,
,,,,,
,,,,,
,,,,,
,,,,,
,,,,,
,,,,,
,,,,,
,,,,,
,,,,,
,,,,,
,,,,,
,,,,,
,,,,,
,,,,,
,,,,,
,,,,,
,,,,,
,,,,,
,,,,,
,,,,,
,,,,,
,,,,,
,,,,,
,,,,,
,,,,,
,,,,,
,,,,,
,,,,,
,,,,,
,,,,,
,,,,,
,,,,,
,,,,,
,,,,,
,,,,,
,,,,,
,,,,,
,,,,,
,,,,,
,,,,,
,,,,,
,,,,,
,,,,,
,,,,,
,,,,,
,,,,,
,,,,,
,,,,,
,,,,,
,,,,,
,,,,,
,,,,,
,,,,,
,,,,,
,,,,,
,,,,,
,,,,,
,,,,,
,,,,,
,,,,,
,,,,,
,,,,,
,,,,,
,,,,,
,,,,,
,,,,,
,,,,,
,,,,,
,,,,,
,,,,,
,,,,,
,,,,,
,,,,,
,,,,,
,,,,,
,,,,,
,,,,,
,,,,,
,,,,,
,,,,,
,,,,,
,,,,,
,,,,,
,,,,,
,,,,,
,,,,,
,,,,,
,,,,,
,,,,,
,,,,,
,,,,,
,,,,,
,,,,,
,,,,,
,,,,,
,,,,,
,,,,,
,,,,,
,,,,,
,,,,,
,,,,,
,,,,,
,,,,,
,,,,,
,,,,,
,,,,,
,,,,,
,,,,,
,,,,,
,,,,,
,,,,,
,,,,,
,,,,,
,,,,,
,,,,,
,,,,,
,,,,,
,,,,,
,,,,,
,,,,,
,,,,,
,,,,,
,,,,,
,,,,,
,,,,,
,,,,,
,,,,,
,,,,,
,,,,,
,,,,,
,,,,,
,,,,,
,,,,,
,,,,,
,,,,,
,,,,,
,,,,,
,,,,,
,,,,,
,,,,,
,,,,,
,,,,,
,,,,,
,,,,,
,,,,,
,,,,,
,,,,,
,,,,,
,,,,,
,,,,,
,,,,,
,,,,,
,,,,,
,,,,,
,,,,,
,,,,,
,,,,,
,,,,,
,,,,,
,,,,,
,,,,,
,,,,,
,,,,,
,,,,,
,,,,,
,,,,,
,,,,,
,,,,,
,,,,,
,,,,,
,,,,,
,,,,,
,,,,,
,,,,,
,,,,,
,,,,,
,,,,,
,,,,,
,,,,,
,,,,,
,,,,,
,,,,,
,,,,,
,,,,,
,,,,,
,,,,,
,,,,,
,,,,,
,,,,,
,,,,,
,,,,,
,,,,,
,,,,,
,,,,,
,,,,,
,,,,,
,,,,,
,,,,,
,,,,,
,,,,,
,,,,,
,,,,,
,,,,,
,,,,,
,,,,,
,,,,,
,,,,,
,,,,,
,,,,,
,,,,,
,,,,,
,,,,,
,,,,,
,,,,,
,,,,,
,,,,,
,,,,,
,,,,,
,,,,,
,,,,,
,,,,,
,,,,,
,,,,,
,,,,,
,,,,,
,,,,,
,,,,,
,,,,,
,,,,,
,,,,,
,,,,,
,,,,,
,,,,,
,,,,,
,,,,,
,,,,,
,,,,,
,,,,,
,,,,,
,,,,,
,,,,,
,,,,,
,,,,,
,,,,,
,,,,,
,,,,,
,,,,,
,,,,,
,,,,,
,,,,,
,,,,,
,,,,,
,,,,,
,,,,,
,,,,,
,,,,,
,,,,,
,,,,,
,,,,,
,,,,,
,,,,,
,,,,,
,,,,,
,,,,,
,,,,,
,,,,,
,,,,,
,,,,,
,,,,,
,,,,,
,,,,,
,,,,,
,,,,,
,,,,,
,,,,,
,,,,,
,,,,,
,,,,,
,,,,,
,,,,,
,,,,,
,,,,,
,,,,,
,,,,,
,,,,,
,,,,,
,,,,,
,,,,,
,,,,,
,,,,,
,,,,,
,,,,,
,,,,,
,,,,,
,,,,,
,,,,,
,,,,,
,,,,,
,,,,,
,,,,,
,,,,,
,,,,,
,,,,,
,,,,,
,,,,,
,,,,,
,,,,,
,,,,,
,,,,,
,,,,,
,,,,,
,,,,,
,,,,,
,,,,,
,,,,,
,,,,,
,,,,,
,,,,,
,,,,,
,,,,,
,,,,,
,,,,,
,,,,,
,,,,,
,,,,,
,,,,,
,,,,,
,,,,,
,,,,,
,,,,,
,,,,,
,,,,,
,,,,,
,,,,,
,,,,,
,,,,,
,,,,,
,,,,,
,,,,,
,,,,,
,,,,,
,,,,,
,,,,,
,,,,,
,,,,,
,,,,,
,,,,,
,,,,,
,,,,,
,,,,,
,,,,,
,,,,,
,,,,,
,,,,,
,,,,,
,,,,,
,,,,,
,,,,,
,,,,,
,,,,,
,,,,,
,,,,,
,,,,,
,,,,,
,,,,,
,,,,,
,,,,,
,,,,,
,,,,,
,,,,,
,,,,,
,,,,,
,,,,,
,,,,,
,,,,,
,,,,,
,,,,,
,,,,,
,,,,,
,,,,,
,,,,,
,,,,,
,,,,,
,,,,,
,,,,,
,,,,,
,,,,,
,,,,,
,,,,,
,,,,,
,,,,,
,,,,,
,,,,,
,,,,,
,,,,,
,,,,,
,,,,,
,,,,,
,,,,,
,,,,,
,,,,,
,,,,,
,,,,,
,,,,,
,,,,,
,,,,,
,,,,,
,,,,,
,,,,,
,,,,,
,,,,,
,,,,,
,,,,,
,,,,,
,,,,,
,,,,,
,,,,,
,,,,,
,,,,,
,,,,,
,,,,,
,,,,,
,,,,,
,,,,,
,,,,,
,,,,,
,,,,,
,,,,,
,,,,,
,,,,,
,,,,,
,,,,,
,,,,,
,,,,,
,,,,,
,,,,,
,,,,,
,,,,,
,,,,,
,,,,,
,,,,,
,,,,,
,,,,,
,,,,,
,,,,,
,,,,,
,,,,,
,,,,,
,,,,,
,,,,,
,,,,,
,,,,,
,,,,,
,,,,,
,,,,,
,,,,,
,,,,,
,,,,,
,,,,,
,,,,,
,,,,,
,,,,,
,,,,,
,,,,,
,,,,,
,,,,,
,,,,,
,,,,,
,,,,,
,,,,,
,,,,,
,,,,,
,,,,,
,,,,,
,,,,,
,,,,,
,,,,,
,,,,,
,,,,,
,,,,,
,,,,,
,,,,,
,,,,,
,,,,,
,,,,,
,,,,,
,,,,,
