EMPRESA,NOME COMERCIAL,SUBSTÂNCIA ACTIVA,DOSAGEM,FORMA,APRESENTAÇÃO
MEDIMPORT LDA,CLAVAMOX 125,Amoxicilina + Ácido Clavulânico,125mg/5ml + 31.25mg/5ml,Pó para Suspensão Oral,"Frasco de 60ml, 75ml, 100ml e de 150ml"
"SOCIEDADE MOÇAMBICANA DE MEDICAMENTOS, SA",CLORETO DE SÓDIO,Cloreto de Sódio,0.009,Solução injectável,Balões 500ml e 1000ml
"SOCIEDADE MOÇAMBICANA DE MEDICAMENTOS, SA",GLICOSE,Glicose,0.05,Solução Injectável,Balões de 1000ml
MEDIMPORT LDA,TRICEF 400,CEFIXIMA,400mg,Comprimidos Revestidos,"CXS de 1, 6, 8 ou 12 COMP"
MEDIMPORT LDA,TRICEF SUSP,CEFIXIMA,100mg / 5ml,Pó para Suspensão Oral,Frasco de 60 e 100 ml
MEDIMPORT LDA,MIOSTENIL,Aspartato de potássio hemi-hidratado + aspartato de magnésio tetra-hidratado,250mg + 250mg,Comprimidos,CXS 60 COMP
MEDIMPORT LDA,UROFLOX,NORFLOXACINA,400mg,Comprimidos,CXS 16 COMP
MEDIMPORT LDA,URIPRIM 300,Alopurinol,300mg,Comprimidos,CXS 60 COMP
MEDIMPORT LDA,URIPRIM 100,Alopurinol,100mg,Comprimidos,CAIXA 20 ou 60 comprimidos
MEDIMPORT LDA,NEUFIL,Diprofilina,"6,67mg/ml",Xarope,FRS 200 ML
MEDIMPORT LDA,NEUFIL,Diprofilina,500 mg,Comprimidos,CXS  60 COMP
MEDIMPORT LDA,BIALZEPAM Retard,Diazepam,10mg,Cápsula de libertação prolongada,CAIXA COM 20 40 ou 60 CAPS
MEDIMPORT LDA,BIALZEPAM 6,Diazepam,6mg,Cápsulas,CAIXA COM 20 40 ou 60 CAPS
MEDIMPORT LDA,BIALZEPAM 3,Diazepam,3mg,Cápsulas,"CAIXA COM 20 0U 40 CAPS, 60"
MEDIMPORT LDA,BIALMINAL FORTE,Fenobarbital,200mg,Comprimidos,Caixa de Cartolina com 20 ou 60 Comp
MEDIMPORT LDA,BIALMINAL,Fenobarbital,100mg,Comprimidos,Caixa de Cartolina com 20 ou 60 Comp
"GENERICS & SPECIALITIES, Lda",CANDIGEN CREME,Clotrimazol,1%,Creme tópico,Bisnaga de 20g
"MEDIS FARMACÊUTICA, LDA",NALBIX 10mg/g CREME,Clotrimazol,10mg/g,Creme tópico,TUBO 20 GR
"MEDIS FARMACÊUTICA, LDA",NALBIX COMPRIMIDOS VAGINAIS,Clotrimazol,100mg,Comprimidos vaginais,CXS 6 comprimidos vaginais
"MEDIS FARMACÊUTICA, LDA",DERMOFIX CREME,"Sertaconazol, Nitrato",2% p/p,Creme,TUBO 30g
"MEDIS FARMACÊUTICA, LDA",CINON FORTE,Cinarizina,75mg,Cápsulas,CXS DE 20 E 60 CÁPS
"GENERICS & SPECIALITIES, Lda",DERMOSONE CREAM,"Betametasona, dipropionato",0%,Creme,Bisnaga de 30g
"GENERICS & SPECIALITIES, Lda",WHITFIELD´S OINTMENT,Ácido Salicílico + Ácido Benzóico,30mg + 60mg,Pomada,"TUBO 25 GRS, 100g"
"GENERICS & SPECIALITIES, Lda",NETRAVIR® EYE OINTMENT,Aciclovir,3% w/w,Pomada Oftálmica,Bisnaga de Alumínio de 4.5g
"GENERICS & SPECIALITIES, Lda",KLORAXIN EYE OINTMENT,Cloranfenicol,1%,Pomada Oftálmica,Bisnaga de 5g
"GENERICS & SPECIALITIES, Lda",FUNGIGEN® CREAM,"Miconazol, nitrato",2% (20mg),Creme,Bisnaga de 15g
"GENERICS & SPECIALITIES, Lda",PYLOOCAIN ® OINTMENT,"Betametasona,valerato + Fenilefrina, cloridrato + Lidocaína, cloridrato",0.5mg + 1mg + 25mg,Pomada anti-hemorroidal,TUBO DE 30G
PROFARMA,NYSTATIN-V,Nistatina,100.000 U.I,Comprimidos vaginais,CAIXA COM 14 COMP C/APLICADOR
MEDIMPORT LDA,FOLICIL,Ácido Fólico,5mg,Comprimidos,"EMBALAGEM 20,50 OU 500 COMP, 60comp"
"MEDÁFRICA, Lda",REGESTEN,Clotrimazol,1%,Creme tópico,TUBO 15g
"MEDÁFRICA, Lda",OCIUM 500,"Cálcio, Carbonato + Colecalciferol (Vit.D3)",1275mg + 12.505mg,Comprimidos,CX 3 blister de 10 comprimidos
"MEDÁFRICA, Lda",DIAMET®,"Metformina, Cloridrato",500mg,Comprimidos Revestidos,Embalagem contendo 10 blisters de 10 comprimidos revestidos
WELL WORTH LDA,COTRIM,Sulfametoxazol + Trimetoprim,400mg + 80mg,Comprimidos,Blisters 10x10
"MEDÁFRICA, Lda",GLUCONIL,Glibenclamida,5mg,Comprimidos,10blister de 10comp
MEDIMPORT LDA,DIACOL,"Dextrometorfano, Bromidrato",27mg/15ml,Xarope,Frasco de 200ml
MEDIMPORT LDA,ACARILBIAL,Benzoato de Benzilo,0.3,Solução cutânea,Frasco de 200ml
"GENERICS & SPECIALITIES, Lda",TETRACICLINA,"Tetraciclina, Hidrocloreto",1%w/w,Pomada Oftálmica,Bisnaga de 5g
MEDIMPORT LDA,SEDOXIL,MEXAZOLAM,1mg,Comprimidos,"CXS 20, 40 OU 60 COMP"
MEDIMPORT LDA,OMPRANYT,Omeprazol,20mg,Cápsulas duras,"CAIXA  DE 14,28 OU 500COMP"
MEDIMPORT LDA,MIGRETIL,ERGOTAMINA tartarato+CAFEINA+ALCALOIDES DE BELADONA+PARACETAMOL,1mg + 100mg + 400 mg + 0.1mg,Comprimidos Revestidos,CAIXA 20 COMP
MEDIMPORT LDA,FOLIFER,SULFATO FERROSO+ÁCIDO FÓLICO,1mg + 90mg,Comprimido de Libertação Prolongada,CX  20 OU 60 COMP
"MEDÁFRICA, Lda",SEREGRA,Citrato de Sildenafil,100mg,Comprimidos Revestidos,1blister de 4 comprimidos
MAPUTO HEALTH CARE Lda,TETRACIN-500,"Tetraciclina, Hidrocloreto",500mg,Cápsulas,BLISTERE CÁPS 10 x 10
MAPUTO HEALTH CARE Lda,Parador - 500,Paracetamol,500mg,Comprimidos,blister de comp 10 x 10
MAPUTO HEALTH CARE Lda,LUXCEE,Ácido Ascórbico,500mg,Comprimidos,CXS 10  x 10 COMPRIMIDOS
MAPUTO HEALTH CARE Lda,KAUSIMOX-500,"Amoxicilina, Trihidrato",500mg,Cápsulas,BLISTERES 10 X 10 CÁPSULAS
MAPUTO HEALTH CARE Lda,IBUFLAM 200,Ibuprofeno,200mg,Comprimidos Revestidos,EMBALAGEM 10 x 10
"MEDIFARMA, LDA",GLICOSE A 5%,Glicose,5%,Solução injectável,Frasco de 1000ml
MOZPHARMA LDA,CLORETO DE SÓDIO 0.9%,Cloreto de Sódio,1%,Solução injectável,Balão de 1000 ML
WELL WORTH LDA,NEOTON,"Clorfeniramina, maleato",4mg,Comprimidos,Blisters 10x10
WELL WORTH LDA,DUOVIR,Lamivudina + Zidovudina,150mg + 300mg,Comprimidos,Frasco de 60 Comprimidos
"MEDÁFRICA, Lda",SUPRAFLOX 500,Ciprofloxacina,500mg,Comprimidos,BLISTERES DE 10 X 10 COMP
WELL WORTH LDA,LAMIVIR,Lamivudina,50mg/5ml,Solução Oral,Frasco de 100ml
MAPUTO HEALTH CARE Lda,MUVON,Diclofenac,50mg,Comprimidos Revestidos,embalagem de 10X10
MAPUTO HEALTH CARE Lda,CARETENOL-50,ATENOLOL,50mg,Comprimidos,EMBALAGEM 10 x 10
"MEDIS FARMACÊUTICA, LDA",VOMIDRINE,DIMENIDRINATO,50mg,Comprimidos,CXS DE 10 E 20 COMP
"MEDIS FARMACÊUTICA, LDA",TANDIX,Indapamida,2.5mg,Comprimidos Revestidos,"CXS DE 15, 30 E 6O COMPRIMIDOS REVESTIDOS"
"MEDIS FARMACÊUTICA, LDA",REMOTIL,"Domperidona, maleato",10mg,Comprimidos,CXS  20 COMP CXS 60 COMP
WELL WORTH LDA,Neotenolol,Atenolol,100mg,Comprimidos,Blisters 10x10
AFRI FARMÁCIA LDA,LOGICAN 200,Fluconazol,200mg,Cápsulas,4 blister de 10 cápsulas
AFRI FARMÁCIA LDA,LOGICAN 150,Fluconazol,150mg,Cápsulas,4 blister de 10 cápsulas
AFRI FARMÁCIA LDA,DICLOMOL GEL,Diclofenac,1.16%w/w,Gel,Bisnaga de 20g
MAPUTO HEALTH CARE Lda,TYLINE-25,AMITRIPTILINA,25mg,Comprimidos Revestidos,EMBALAGEM 10 X10
WELL WORTH LDA,NEODOL,Paracetamol,500mg,Comprimidos,Blisters 10x10
WELL WORTH LDA,NEONALDIX 500,Ácido Nalidíxico,500mg,Comprimidos,Blisters 10x10
WELL WORTH LDA,NEOCICLINA 500,Tetraciclina,500mg,Cápsulas,Blisters 10x10
WELL WORTH LDA,NEOBENDEX,Mebendazol,100mg,Comprimidos,Blisters 25x6
FARMACÊUTICA AUSTRAL,ALERJON,"Oximetazolina, Cloridrato",0.25mg/ml,Colírio,Frascos de 10ml
MAPUTO HEALTH CARE Lda,CHLORAMPHENICOL SODIUM SUCCINATE FOR INJECTION,"Cloranfenicol,succinato sódico",1 G,Pó para suspensão injectável,FRASCO  DE VIDRO
FARMACÊUTICA AUSTRAL,ANESTOCIL,"Oxibuprocaína, Cloridrato",4mg/ml,Colírio,Frasco de 10ml
AFRI FARMÁCIA LDA,RL (Lactato de Ringer),cloreto de sódio+sódio+K+Kcl+Cl+Cacl+Ca+lactato Na+glactato,"(0,32 g + 0.6 g + 0,040 g + 0.027 g)/100 ml",Solução injectável,Balões de 1000 ML e  Balões de 500 ML
"MEDIS FARMACÊUTICA, LDA",AERO-OM,Simeticone,42mg,Comprimidos mastigáveis,"CX  20, 60 e 100 COMP"
AFRI FARMÁCIA LDA,DICLOMOL SR,Diclofenac,100mg,Cápsula de libertação prolongada,BLISTER  10X10 COMPRIMIDOS LIBERTAÇÃO PROLONGADA
AFRI FARMÁCIA LDA,DICLOMOL Injectável,Diclofenac,25mg/3ml,Solução Injectável,10 AMPOLAS DE 3ML
AFRI FARMÁCIA LDA,AMINOPHYLLINE,Aminofilina,100mg,Comprimidos,10 blister de 10 comprimidos
AFRI FARMÁCIA LDA,ELYVATE CREME,"Betametasona, valerato",0.001,Creme,Bisnaga de 15g
AFRI FARMÁCIA LDA,ELYVATE  POMADA,"Betametasona, valerato",0.001,Pomada,Bisnaga de 15g
MEDIMPORT LDA,CLAVAMOX DT 400,Amoxicilina + Ácido Clavulânico,400mg + 57mg,Pó para Suspensão Oral,Frasco de 70ml
"MEDIS FARMACÊUTICA, LDA",AERO OM EMULSÃO,Simeticone,100mg/ml,Emulsão Oral,Frasco de 25ml
MAPUTO HEALTH CARE Lda,KAYVIR 400,Aciclovir,400mg,Comprimido,5 blister de 10 comprimidos e 10x10
MAPUTO HEALTH CARE Lda,KAYVIR 200,Aciclovir,200mg,Comprimidos revestidos,5BLISTER DE 6 COMP
AFRI FARMÁCIA LDA,"VARIACE 2,5",Ramipril,2.5mg,Cápsulas,CAIXA COM BLISTERS (3X10) )capsulas
AFRI FARMÁCIA LDA,VARIACE,Ramipril,5mg,Cápsulas,CAIXA COM BLISTERS (3X10) )capsulas
WELL WORTH LDA,NEOVENT 4,"Salbutamol, Sulfato",4mg,Comprimidos,Blisters 10x10
WELL WORTH LDA,NEOVENT 2,"Salbutamol, Sulfato",2mg,Comprimidos,Blisters 10x10
WELL WORTH LDA,Ibufen 400,Ibuprofeno,400mg,Comprimidos,Blisters 10x10
WELL WORTH LDA,Ibufen 200,Ibuprofeno,200mg,Comprimidos,Blisters 10x10
MAPUTO HEALTH CARE Lda,ANTACIL - 500,Hidróxido de Alumínio,500mg,Comprimido Mastigável,blister com 10 x10 comprimidos
FARMACÊUTICA AUSTRAL,BERTOCIL,"BETAXOLOL, cloridrato",5.6mg/ml,Colírio,Frasco de 5ml
WELL WORTH LDA,NEOFENAC 50,Diclofenac,50mg,Comprimidos Revestidos,Blisters 10x10
WELL WORTH LDA,NEOFENAC 25,Diclofenac,25mg,Comprimidos Revestidos,Blisters 10x10
WELL WORTH LDA,NEOFAGE,Metformina,500mg,Comprimidos,Blisters 10x10
AFRI FARMÁCIA LDA,SHELADOL,Paracetamol,120mg/5ml,Suspensão Oral,Frasco de 100ml
MAPUTO HEALTH CARE Lda,ORAL REHIDRATATION SALTS,Cloreto de Sódio+ Citrato de sódio+ Cloreto de potassio + GLUCOSE ANIDRA,3.5g + 2.9g + 1.5g + 20g,Pó para Suspensão Oral,SAQUINHO COM 27.9G
AFRI FARMÁCIA LDA,MEGAVIT,Vit. A + Vit. D3 + Vit. B1 + Vit. B2 + Vit. B6 + Vit B12 + Vit. C + D-Pantenol + Nicotinamida,5000IU + 400IU + 3mg + 0.856mg + 2mg + 5mcg + 10mg + 5mg + 20mg,Xarope,Frasco de 100ml
AFRI FARMÁCIA LDA,SULPHADAR,Sulfadoxina + Pirimetamina,500mg + 25mg,Comprimidos,EMBALAGEM 30x3 COMP
AFRI FARMÁCIA LDA,PRAZIQUANTEL,Praziquantel,600mg,Comprimidos,BLISTER 10X10 COMP
WELL WORTH LDA,NEOCID,Hidróxido de alumínio + Hidróxido de magnésio + simeticone,200mg + 200mg + 25mg,Comprimido Mastigável,Blisters 5 X4
FARMACÊUTICA AUSTRAL,CLOROCIL,Cloranfenicol,10mg/g,Pomada Oftálmica,Bisnaga de 5g
FARMACÊUTICA AUSTRAL,CLOROCIL,Cloranfenicol,8mg/ml,Colírio,Frasco de 5ml
FARMACÊUTICA AUSTRAL,TERRICIL,"OXITETRACICLINA, Cloridrato",5mg/g,Pomada Oftálmica,TUBO 5g
FARMACÊUTICA AUSTRAL,RONIC,"Dexametasona, fosfato",1mg/ml,Colírio,Frasco de 5ml
MEDIMPORT LDA,EPSICAPROM 2.5,Ácido Aminocapróico,2.5g/10ml,Solução injectável,CX de 6 ampolas
MAPUTO HEALTH CARE Lda,PROCAINE BENZYL PENICILLIN FOR INJECTION,PENICILINA PROCAÍNA,3mega,Pó para Injectável,embalagem de 50 FRASCOs
MAPUTO HEALTH CARE Lda,AMPICILLIN SODIUM FOR INJECTION,Ampicilina,500mg,Solução injectável,embalagem de 50 ampolas de 2ml
FARMACÊUTICA AUSTRAL,FLOXEDOL,Ofloxacina,3mg/ml,Colírio,Frasco de 10ml
WELL WORTH LDA,NEOZOL,Metronidazol,250mg,Comprimidos,blisters 10x10
WELL WORTH LDA,CIMADIN 400,Cimetidina,400mg,Comprimidos Revestidos,Blisters 10x10
WELL WORTH LDA,CIMADIN 200,Cimetidina,200mg,Comprimidos Revestidos,Blisters 10x10
"GENERICS & SPECIALITIES, Lda",GEN- C,Ácido Ascórbico (Vit. C) + Ascorbato de sódio,200mg +338mg,Comprimido Mastigável,5 Blister X 10 Comprimidos
AFRI FARMÁCIA LDA,UCETAXIME 1000,Cefotaxima,1000mg,Injectável,5 CAIXAS COM 1 FRASCO DE VIDRO
AFRI FARMÁCIA LDA,TRESIVAC,VÍRUS do sarampo+VIRUS da parotite+VÍRUS da rubéola,1000 CCID50 + 5000 CCID50 + 100 CCID50,Pó para Injectável,FRASCO DE  1 DOSE + AMPOLA C/ DILUENTE
AFRI FARMÁCIA LDA,Tetanus Toxoid Vaccine Adsorbed (VAT),Vacina de Tetano,≥ 5LF  (≥ 40UI)/ 0.5ml (1 dose),Suspensão Injectável,50 Frascos de 5ml (10doses) e 25 frascos de 10ml   (20doses)
AFRI FARMÁCIA LDA,SII RABIVAX,ANTÍGENO DA RAIVA,»2.5IU,Suspensão injectável,Frasco de 10 ml com 1 dose
MAPUTO HEALTH CARE Lda,SALBID 4,"Salbutamol, Sulfato",4mg,Comprimidos,EMBALAGEM 10 x 10  BLISTERS  DE COMP
AFRI FARMÁCIA LDA,KOFLYN,Cloreto de amónia+clorfeniramina maleato+citrato de Na+mentol,"100mg+2,2mg+40mg+1,1mg",Xarope,Frasco de 100ml
MAPUTO HEALTH CARE Lda,ENTOLOL 5O,ATENOLOL,50mg,Comprimidos,EMBALAGEM 10 x 10
MAPUTO HEALTH CARE Lda,ENTOLOL 100,ATENOLOL,100mg,Comprimidos,EMBALAGEM 10 x 10
AFRI FARMÁCIA LDA,MUCOLYN PEDIÁTRICO,Dextrometofano + Clorfeniramina + Pseudoefedrina + amónia,5mg + 2mg + 10mg + 50mg,Xarope,Frasco de 100ml
MAPUTO HEALTH CARE Lda,DIVON 50,Diclofenac,50mg,Comprimidos Revestidos,EMBALAGEM 10 BLIS DE COMP
MAPUTO HEALTH CARE Lda,DIVON 25,Diclofenac sódico,25mg,Comprimidos Revestidos,EMBALAGEM 10 BLIS DE 10 COMP
MAPUTO HEALTH CARE Lda,XENDA SUSPENSION,Albendazol,200mg/5ml,Suspensão Oral,FRASCO DE 10 ML
MAPUTO HEALTH CARE Lda,XENDA 400,Albendazol,400mg,Comprimido Mastigável,BLISTERE 1 X 1 COMP
WELL WORTH LDA,IBUCODAL,Ibuprofeno+Paracetamol+Cafeína,200mg + 325mg + 40mg,Cápsulas,Blisters 20x2x10
WELL WORTH LDA,FACIDAR,Sulfadoxina + Pirimetamina,500mg + 25mg,Comprimidos,blisters 25x1x3
MAPUTO HEALTH CARE Lda,EROX DS,"Amoxicilina, Trihidrato",250mg/5ml,Pó para Suspensão Oral,Frasco de 100ml
"MEDIS FARMACÊUTICA, LDA",CO-ARINATE FDC ® JUNIOR,Artesunato + Sulfametoxipirazina + Pirimetamina,100 mg + 250mg + 12.5mg,Comprimidos,Embalagens de 3 Comp
"MEDIS FARMACÊUTICA, LDA",CO ARINATE ADULTO,Artesunato + Sulfametoxipirazina + Pirimetamina,200mg + 500mg +25mg,Comprimidos,Embalagens de 3 Comp
WELL WORTH LDA,NEODOX,"Doxiciclina, Hiclato",100mg,Cápsulas,Blisters 10x10
"SHANI, LIMITADA",POWERGESIC,Paracetamol + Diclofenac,500mg + 50mg,Comprimidos,Blisters 10x10
MAPUTO HEALTH CARE Lda,ORALCON-F,Levonorgestrel + Etinilestradiol + FUMARATO FERROSO,"0,15mg + 0,03mg + 75mg",Comprimidos Revestidos,Embalagem contendo 3 blisters de 28 comprimidos
AFRI FARMÁCIA LDA,MERIQUINE,"Cloroquina, fosfato",250mg,Comprimidos,10 blister de 10 comprimidos
AFRI FARMÁCIA LDA,MALAGO,AMODIAQUINA HCL,200mg,Comprimidos,EMBALAGEM DE 150 COMP
MAPUTO HEALTH CARE Lda,HYAN,LEVONORGESTREL,0.03mg,Comprimidos Revestidos,BLISTER  DE 28 COMP
MAPUTO HEALTH CARE Lda,METOLUX-10,"Metoclopramida, Cloridrato",10mg,Comprimidos,EMBALAGEM 10 x 10
AFRI FARMÁCIA LDA,FORMET,Metformina,500mg,Comprimidos,EMBALAGEM 100 COMP (10X10)
AFRI FARMÁCIA LDA,FERIX FOLIQUE,SULFATO FERROSO + ÁCIDO FÓLICO,200mg+0.25mg,Comprimidos,EMBALAGEM 100 COMP
MAPUTO HEALTH CARE Lda,BLOCARE- 40,"Propranolol, Cloridrato",40mg,Comprimidos,EMBALAGEM 10 x 10
AFRI FARMÁCIA LDA,MULTONE FORTE,MULTIVITAMINAS,2000IU+200IU+0.5mg+0.1mg+0.1mg+0.1mg+5mg,Comprimidos,CAIXA 100 COMP COM 10 BLISTERS DE 10
AFRI FARMÁCIA LDA,BIOSCINE,BROMETO DE BUTIL HISCINA (Butilescopulamina),100mg,Comprimidos,EMBALAGEM 100 COMP(2x50)
"SHANI, LIMITADA",TRIOSHA,Tiamina (Vit. B1) + Piridoxina (Vit. B6) + Cianocobalamina (Vit. B12),50mg + 50mg + 250mg,Comprimidos Revestidos,2 Blisters 50
MAPUTO HEALTH CARE Lda,MOTRAM,Tramadol,50mg,Comprimidos,10blister de 10 comp
"MEDÁFRICA, Lda",CONVERTEN 5,"Enalapril, maleato",5mg,Comprimidos,CAIXA   10 X 10
"MEDÁFRICA, Lda",CONVERTEN 10,"Enalapril, maleato",10mg,Comprimidos,Embalagem 10X10
MAPUTO HEALTH CARE Lda,INDOCIN 25,Indometacina,25mg,Cápsulas,BLISTERES 10 X 10
MAPUTO HEALTH CARE Lda,CETCARE-10,"Cetirizina, cloridrato",10mg,Comprimidos Revestidos,BLISTERES 10 X 10 COMP
FARMACÊUTICA AUSTRAL,EDOLFENE,FLURBIPROFENO SÓDICO,0.3mg/ml,Colírio,Frasco de 5ml
AFRI FARMÁCIA LDA,AMYN-125,"Amoxicilina, Trihidrato",125mg/5ml,Suspensão Oral,Frasco de 100 ml
AFRI FARMÁCIA LDA,AMYN 250,"Amoxicilina, Trihidrato",250mg/5ml,Suspensão Oral,FR 100ML
WELL WORTH LDA,NEOMETACIN,Indometacina,25mg,Cápsulas,Blisters 10x10
WELL WORTH LDA,NEOFENOPEN 500,Fenoximetilpenicilina (Penicilina V),500mg,Comprimidos Revestidos,Blisters 10x10
WELL WORTH LDA,NEOCIPRO,Ciprofloxacina,500mg,Comprimidos Revestidos,Blisters 10x10
WELL WORTH LDA,ASCOBEX,Ácido Ascórbico,100mg,Comprimidos,Blisters 10x10
AFRI FARMÁCIA LDA,UMETAC-150,Ranitidina,150mg,Comprimidos,EMBALAGEM 100 COMP Blisters (10x10)
WELL WORTH LDA,PREDILON,Prednisolona,5mg,Comprimidos,"Blisters 5x20, Blisters 10x10"
AFRI FARMÁCIA LDA,PARALGET,Paracetamol,500mg,Comprimidos,CAIXAS 100 COMP(10x10)
AFRI FARMÁCIA LDA,ERYKO-500,Eritromicina,500mg,Comprimidos Revestidos,BLISTER 10X10
AFRI FARMÁCIA LDA,BREN-400,Ibuprofeno,400mg,Comprimidos,10 blister de 10 comprimidos
AFRI FARMÁCIA LDA,BREN-200,Ibuprofeno,200mg,Comprimidos,EMBALAGEM DE 100 COMP(10x10)
WELL WORTH LDA,NEOFLOX,Norfloxacina,400mg,Comprimidos Revestidos,Blisters 1x10
"MEDÁFRICA, Lda",LONOL 50,ATENOLOL,50mg,Comprimidos,Blister de 10 comprimidos
"MEDÁFRICA, Lda",LONOL 100,ATENOLOL,100mg,Comprimidos,Blister de 10 comprimidos
AFRI FARMÁCIA LDA,DIFISAL,Diclofenac,50mg,Comprimidos,10 blister de 10 comprimidos
"MEDIS FARMACÊUTICA, LDA",TRIFENE 200,Ibuprofeno,200mg,Comprimidos Revestidos,CXS 20 COMP
AFRI FARMÁCIA LDA,NUBEND-400,Albendazol,400mg,Comprimidos,STRIP 1 COMP E EMBALAGEM DE 20 COMP
MAPUTO HEALTH CARE Lda,Microflox 500,"Ciprofloxacina, Hcl",500mg,Comprimidos,10blister de 10 comp
MAPUTO HEALTH CARE Lda,MELMET 850,"Metformina, hidrocloreto",850mg,Comprimidos Revestidos,10blister de 10 comp
AFRI FARMÁCIA LDA,AZ-1,Azitromicina,250mg,Cápsulas,5 BLISTER X 6 CAPS
AFRI FARMÁCIA LDA,KETOTIF,KETOTIFENO,1 MG,Comprimidos,CXS 100 COMP(10x10)
WELL WORTH LDA,NEOMOX 500,"Amoxicilina, Trihidrato",500mg,Cápsulas,Blisters 10x10
WELL WORTH LDA,NEOMOX 250 Susp,"Amoxicilina, Trihidrato",250mg/5ml,Suspensão Oral,Frascos 100ml
WELL WORTH LDA,NEOMOX 125 Susp,"Amoxicilina, Trihidrato",125mg/5ml,Suspensão Oral,Frascos 100ml
WELL WORTH LDA,NEOFENICOL SUSP,Cloranfenicol,125mg/5ml,Suspensão Oral,Frasco 100ml
WELL WORTH LDA,NEOFENICOL CÁPSULAS,Cloranfenicol,250mg,Cápsulas,Blisters 10x10
MAPUTO HEALTH CARE Lda,PULMOXYL DRY SYRUP 125,"Amoxicilina, Trihidrato",125mg/5ml,Suspensão Oral,FRASCOS 100ml
MAPUTO HEALTH CARE Lda,PULMOXYL 500,"Amoxicilina, Trihidrato",500mg,Cápsulas,BLISTERES 10 X 10 CÁPS
MAPUTO HEALTH CARE Lda,AVAS 20,Atorvastatina,20mg,Comprimidos Revestidos,3 x 10 COMP
MAPUTO HEALTH CARE Lda,AVAS 10,Atorvastatina,10mg,Comprimidos Revestidos,2 x 10 COMP
MAPUTO HEALTH CARE Lda,FRUZEL 40,Furosemida,40mg,Comprimidos,blister de 10 x 10comp
"SHANI, LIMITADA",ALMEX 200,Albendazol,200mg/5ml,Suspensão Oral,Frascos 10ml
MAPUTO HEALTH CARE Lda,AMLONG 5,"Amlodipina, besilato",5mg,Comprimidos,BLISTER  3X1O COMP
MAPUTO HEALTH CARE Lda,AMLONG 10,"Amlodipina, besilato",10mg,Comprimidos,BLISTER  3X1O COMP
BAYER SCHERING PHARMA MOÇAMBIQUE,NEBIDO,"Testosterona, undeccanoato",1000mg/4ml,Solução Injectável,AMPOLA
MAPUTO HEALTH CARE Lda,SIMVAS 20,Sinvastatina,20mg,Comprimidos Revestidos,3blister de 10 comp
MAPUTO HEALTH CARE Lda,SIMVAS 10,Sinvastatina,10mg,Comprimidos Revestidos,3blister de 10 comp
"MEDIS FARMACÊUTICA, LDA",SEPTIL PÓ,Iodopovidona,4.4g/100g,Pó,Frasco de 10g
"MEDIS FARMACÊUTICA, LDA",CYMERION,"Zolpidem, hemitartarato",10mg,Comprimidos Revestidos,EMBALAGEM DE 14 COMP
"SHANI, LIMITADA",SHANI WHITFIELD,Ácido Salicílico + Ácido Benzóico,3% +6%,Pomada,"Bisnaga de 30g, 25g"
"SHANI, LIMITADA",LORATIN,Loratadina,5mg/5ml,Suspensão Oral,Frasco de 60ml
"MEDIS FARMACÊUTICA, LDA",LISOPAN 1000,Paracetamol,1000mg,Comprimidos efervescentes,Embalagem de 10 COMPRIMIDOS
"SHANI, LIMITADA",GLUCOSHA,Metformina,500mg,Comprimidos Revestidos,Blisters 10x10
WELL WORTH LDA,PROBECO XAROPE,"Sal ferroso + Tiamina, cloridrato (Vit.B1) + Riboflavina(Vit.B2) + Piridoxina,cloridrato(Vit.B6) + Ácido fólico + D-Pantenol + Nicotinamida + Cianocobalamina(Vit.B12) + Proteína hidrolisada","15mg + 2,5mg + 1,0mg + 0,5mg + 3,0mg + 25mg + 5mg + 500mg",Xarope,Frasco de 100ml
AFRI FARMÁCIA LDA,TRIM-480,Sulfametoxazol + Trimetoprim,400mg + 80mg,Comprimidos,EMBALAGEM DE 100 COMP(10x10)
AFRI FARMÁCIA LDA,AMYN-500,"Amoxicilina, Trihidrato",500mg,Cápsulas,10 blister de 10 cápsulas
WELL WORTH LDA,SCABOMA LOTION,Lindamo locao,1%,Loção,Frascos 100ml
BAYER SCHERING PHARMA MOÇAMBIQUE,GINO-CANESTEN,Clotrimazol,10mg/g,Creme vaginal,BISNAGA  DE 50g
WELL WORTH LDA,DR. MAYER´S COLD FLU PLUS,"Paracetamol + Cafeina + Fenilefrina, hidrocloreto + Clorfeniramina, maleato",500mg +30mg +2.5mg + 2mg,Comprimidos,Blister 20x1x4
WELL WORTH LDA,COLICAID®,DIMETILPOLISSILOXANO (DIMETICONE)  + ÓLEO DE ENDRO + ÓLEO DE FUNCHO,"40mg + 0,005ml + 0,0007ml",Gotas Orais,Frasco  15ml
BAYER SCHERING PHARMA MOÇAMBIQUE,BAYCUTEN CREME,CLOTRIMAZOL+ ACETATO DE DEXAMETASONA,10mg/g + 0.443mg/g,Creme tópico,Bisnaga de 15g e de 30g
BAYER SCHERING PHARMA MOÇAMBIQUE,ASPIRINA GR 100,Ácido Acetilsalicílico,100mg,Comprimido gastro-resistente,EMBALAGEM DE 30 COMP
BAYER SCHERING PHARMA MOÇAMBIQUE,ADALAT CR 60,Nifedipina,60mg,Comprimido de Libertação Prolongada,EMBALAGENS DE 28 COMP
BAYER SCHERING PHARMA MOÇAMBIQUE,ADALAT CR 30,Nifedipina,30mg,Comprimido de Libertação Prolongada,EMBALAGENS DE 28 COMP
"MEDIS FARMACÊUTICA, LDA",ANTIBIOPHILUS PÓ,"LACTOBACILUS CASEI VARIEDADE RHAMNOS, CULTURA LIOFILIZADA",1500mg,Pó para Solução Oral,20 saquetas de 1.5g
WELL WORTH LDA,SILAGRA 50,Citrato de Sildenafil,50mg,Comprimidos Revestidos,Blisters 10x1x4
AFRI FARMÁCIA LDA,SHELADOL,Paracetamol,500mg,Comprimidos,embalagem de 100 comprimidos
WELL WORTH LDA,NEOFULVIN,Griseofulvina,500mg,Comprimidos,Blisters 10x10
WELL WORTH LDA,CANDIDERM,Clotrimazol + Diproprionato de Betametasona + Sulfato de Gentamicina,1% + 0.025% + 0.1%,Creme,Bisnaga de 15g
"MEDIS FARMACÊUTICA, LDA",AMLODIPINA AZEVEDOS,"Amlodipina, besilato",10mg,Comprimidos,"Embalagem de 10, 30 e 60 Comp."
"MEDIS FARMACÊUTICA, LDA",AFEBRYL,PARACETAMOL+ÁCIDO ACETILSALICÍLICO+ÁCIDO ASCÓRBICO,200mg + 300mg + 300mg,Comprimido Efervescente,CXS 16 COMP. EFERVESCENTES
WELL WORTH LDA,NEORYTH,"Eritromicina, Estearato",500mg,Comprimidos Revestidos,Blisters 10x10
WELL WORTH LDA,NEOCLARITY,Loratadina,10mg,Comprimidos Revestidos,Blisters 1x10
BAYER SCHERING PHARMA MOÇAMBIQUE,GINO CANESTEN 1,Clotrimazol,500mg,Comprimidos vaginais,EMBALAGEM DE 1COMP VAGINAL COM APLICADOR
BAYER SCHERING PHARMA MOÇAMBIQUE,CANESPOR UNIDIA CRÈME,Bifonazol,10mg/g,Creme,Bisnagas de 15g
MAPUTO HEALTH CARE Lda,BACTOCLAV 625,"Amoxicilina, Trihidrato + Clavulanato de Potássio",500mg + 125mg,Comprimidos Revestidos,BLISTER  DE 6 COMP
"SHANI, LIMITADA",BETASHA N,"Betametasona,valerato + Neomicina, sulfato",0.025% + 0.5%,Creme,Bisnaga de 30g
"SHANI, LIMITADA",VENTOSHA 4,"Salbutamol, Sulfato",4mg,Comprimidos,Blisters 10x10
"SHANI, LIMITADA",VENTOSHA 2,"Salbutamol, Sulfato",2mg,Comprimidos,Blisters 10x10
"SHANI, LIMITADA",DOPASHA,METILDOPA,250mg,Comprimidos Revestidos,Blisters 10x10
"SHANI, LIMITADA",DOXYSHA,DOXICICLINA,100mg,Cápsulas,Blisters 10x10
MEDIMPORT LDA,RINIALER,Rupatadina,10mg,Comprimidos,EMBALAGEM  DE 20 COMP
WELL WORTH LDA,VITAMIX  XAROPE,"Gluconato de ferro (eq. A Ferro elementar) + Tiamina, Hidrocloreto (Vit.B1) + Riboflavina (Vit.B2) + piridoxina, Hidrocloreto (Vit.B6) + Nicotinamida + D-Pantenol + Zinco, sulfato + Cianocobalamina + Vitamina D3 + Palmitato de Vitamina A",26mg + 1.5mg + 1mg + 10mg + 10mg + 2.5mg + 44mg + 1mcg + 200IU + 1600IU,Xarope,Frasco de 100ml
WELL WORTH LDA,Neodol Susp,Paracetamol,120mg/5ml,Suspensão Oral,Frasco 100ml
"MEDIS FARMACÊUTICA, LDA",NALBIX 10mg/ml SOLUÇÃO CUTÂNEA,Clotrimazol,1%,Solução cutânea,Frasco 30ml
AFRI FARMÁCIA LDA,MUCOLYN,"Clorfeniramina, Maleato + Dextrometorfano , Hidrobromide + Amonio,Cloridre + Pseudoefedrina",2mg/5ml + 5mg/5ml + 50mg/5ml + 10mg/5ml,Xarope,FRASCO DE 100 ML
AFRI FARMÁCIA LDA,MERIGENTA ® COLÍRIO/ GOTAS AURICULARES,"Gentamicina, sulfato",0%,Colírio/ Gotas auriculares,Frascos de 10ml e 5ml
"MEDIS FARMACÊUTICA, LDA",MENTOCAÍNA - R,Tirotricina + Benzocaína,1.05mg + 2.5mg,Pastilha,CXS 20 PASTILHAS
WELL WORTH LDA,HEMOVIT XAROPE,"Ferro, citrato de amónio + Piridoxina, cloridrato(Vit.B6) + Zinco, sulfato + Ácido fólico + Cianocobalamina",200mg +1.5mg + 7mg + 0.5mg + 7.5mcg,Xarope,Frasco de 225ml
AFRI FARMÁCIA LDA,GASTRALGINE,Hidróxido de alumínio + Hidróxido de magnésio + dimeticone,(200+200+25)mg / 5ml,Suspensão Oral,Frasco de 200ml
AFRI FARMÁCIA LDA,FERROUS SULPHATE TABLETS BP,SULFATO FERROSO,200mg,Comprimidos,EMBALAGEM 100 COMP(10x10)
AFRI FARMÁCIA LDA,CHLORANPHENICOL,Cloranfenicol,5mg/ml,Colírio,Frasco de 5ml e de 10ml
WELL WORTH LDA,APETIMAX  XAROPE,"Ciproheptadina , cloridrato",2mg/5ml,Xarope,Frasco de 100ml
MAPUTO HEALTH CARE Lda,ERYTHROCARE 500,"Eritromicina, Estearato",500mg,Comprimidos Revestidos,EMBALAGEM 10 x 10 COMP
MAPUTO HEALTH CARE Lda,CEFTAZIDIMA 1G,CEFTAZIDIMA,1000mg,Pó para Solução Injectável,EMBALAGEM DE 50 FRAS
"MEDIS FARMACÊUTICA, LDA",SYNDOL COMPRIMIDOS,"PARACETAMOL+DOXILAMINA,succinato+CAFEÍNA+CODEÍNA,fosfato",10mg + 450mg + 5mg + 30mg,Comprimidos,"EMBALAGEM de 10, 18, 54 e 100 Comprimidos"
"MEDIS FARMACÊUTICA, LDA",CEPACOL  COUGH LINCTUS,"Dextrometorfano + Doxilamina, Succinato + Cetilperidinio, cloreto + Citrato de Sódio",30mg + 6mg + 500mg + 2.5mg,Xarope,Frasco de 100ml e de 200ml
"MEDIS FARMACÊUTICA, LDA",CEPACOL  ANTIBACTERIAL THROAT GARGLE,"Cetilperidinio, cloreto",50mg,Solução Espuma,Frasco de 200ml
"MEDIS FARMACÊUTICA, LDA",BETAPYN COMPRIMIDOS,"Paracetamol + Doxilamina, Succinato + Cafeína + Codeína, Fosfatoo",450mg + 5mg + 50mg + 10mg,Comprimidos,"Embalagem de 18, 54 e 100 Comprimidos"
"MEDIS FARMACÊUTICA, LDA",ANTIBIOPHILUS Cápsulas,"LACTOBACILUS CASEI VARIEDADE RHAMNOS, CULTURA LIOFILIZADA",250mg,Cápsulas,EMBALAGEM DE 20 CÁPS
"SHANI, LIMITADA",BETASHA 3,Clotrimazol + Diproprionato de Betametasona + Sulfato de Gentamicina,0.05% + 1% + 3%,Creme tópico,TUBO  C/ 30GR
"SHANI, LIMITADA",ATENOSHA 50,ATENOLOL,50mg,Comprimidos,Blisters 10x10
"SHANI, LIMITADA",ATENOSHA 100,ATENOLOL,100mg,Comprimidos,Blisters 10x10
"GENERICS & SPECIALITIES, Lda",DICLOGEN 50,Diclofenac,50mg,Comprimidos Revestidos,CAIXA C/ 10 X10 COMP
"GENERICS & SPECIALITIES, Lda",DICLOGEN 25,Diclofenac,25mg,Comprimidos Revestidos,CX 10 X10 COMP
AFRI FARMÁCIA LDA,D 5,GLUCOSE anidra,5g/100ml OU 50g/1000ml,Solução Injectável,Frascos de 500ml E 1000ml
BAYER SCHERING PHARMA MOÇAMBIQUE,YASMIN,Etinilestradiol + Drospirenona,3mg + 0.03mg,Comprimidos Revestidos,BLISTER  DE 21 E 63  UNIDADES
MEDIMPORT LDA,VICOMBIL,"Retinol (Vit. A) + Ergocalciferol + Tocoferol, acetato + Tiamina Cloridato + Riboflavina + Piridoxina, Cloridrato + Cianocobalamina + Acido ascórbico + Nicotinamida + ácido fólico + Pantotenato de cálcio",5000UI + 500UI + 10mg + 3mg + 2mg + 3mg + 1mcg + 75mg + 20mg + 0.2mg + 5mg,Comprimidos revestidos,CXS DE 20 E 60 COMP
AFRI FARMÁCIA LDA,P-ZONE,Prednisolona,5mg,Comprimidos,EMBALAGEM DE 100 (2x5x10) COMPRIMIDOS
AFRI FARMÁCIA LDA,M1 INJECTION,"Tiamina, Hidrocloreto",100mg/2ml,Solução Injectável,100 ampolas de 2ml
AFRI FARMÁCIA LDA,M 12 INJECTION,Cianocobalamina (Vit.B12),1000mcg/2ml,Solução Injectável,Ampola de 2ml
AFRI FARMÁCIA LDA,FERYCAL-12,Tiamina + Riboflavina + Piridoxina + Cianocabalamina + Ácido Fólico + D-Pantenol + Nicotinamida + Ferro + Zinco + Cobre + Manganês + cloridrato de Lisina,25mg + 1mg + 1mg + 5mg + 50mg + 2mg + 10mg + 10mg + 3mg + 0.20mg + 0.25mg + 20mg,Xarope,Frasco de 200ml
AFRI FARMÁCIA LDA,BUTAMOL,"Salbutamol, Sulfato",2mg/5ml,Xarope,FRASCO  DE 60/100/200ML
MAPUTO HEALTH CARE Lda,CO-AMOXICLAV FOR INJECTION BP 600mg,Amoxicilina + Ácido Clavulânico,500mg + 100mg,Pó para Solução Injectável,5 frascos
WELL WORTH LDA,TOSLIX XAROPE,"Bromexina,cloridrato + Maleatode Clorfeniramina + Bromidrato de Dextrometorfano + Sulfoguiacola de Potássio + Mentol",4mg + 2mg + 5mg + 50mg + 1.5mg/5ml,Xarope,Frasco de 100ml
WELL WORTH LDA,NEOTOS XAROPE,"Guaiafenasina + Dextrometorfano, bromidrato + Amónio, cloreto + Clorfeniramina, maleato",50mg + 5mg + 60mg + 2.5mg,Xarope,Frasco de 100ml
WELL WORTH LDA,NEOCID SUSPENSÃO,Hidróxido de alumínio + Hidróxido de magnésio + simeticone,400mg+400mg+50mg,Suspensão Oral,Frasco 160ml
WELL WORTH LDA,CANDID LOTION,Clotrimazol,1%,Loção,Frasco de 20ml
MAPUTO HEALTH CARE Lda,CEFTRIAXONA 1G,"CEFTRIAXONA,sódica",1000mg/10ml,Pó para Injectável,50 Frascos
AFRI FARMÁCIA LDA,DICLOPAR,Paracetamol + Diclofenac,500mg + 50mg,Comprimidos,10 blister de 10 comprimidos
AFRI FARMÁCIA LDA,COLDRIL CAPSULES,"Paracetamol + pseudoefedrina, cloridrato + clorfeniramina, maleato",500mg + 30mg + 2mg,Cápsulas,12 EMBALAGENS  DE 20 CÁPS(12x20)
AFRI FARMÁCIA LDA,COLDRIL,"Paracetamol + pseudoefedrina, cloridrato + clorfeniramina, maleato",120/5ml + 10mg/5ml +1mg/5ml,Xarope,Frascos de 100ml
MAPUTO HEALTH CARE Lda,CEFOTAXIME 500,CEFOTAXIMA,500mg,Pó para Injectável,50 FRASCOS
MAPUTO HEALTH CARE Lda,CEFUROXIMA FOR INJECTION 750MG,"CEFUROXIMA, sódica",750mg,Pó para Injectável,FRASCO
MEDIMPORT LDA,REUMON GEL,Etofenamato,50mg/g,Gel,"Bisnaga de 40g 60g, 100g e 150g"
FARMACÊUTICA AUSTRAL,MEOCIL,"NEOCINA, sulfato + PREDNISOLONA, acetato + SULFACETAMIDA, sódica",5mg/g + 5mg/g + 100mg/g,Pomada Oftálmica,BISNAGA DE  3.5g
WELL WORTH LDA,LOMAC-20,Omeprazol,20mg,Comprimidos,Blisters 10x10
MEDIMPORT LDA,EPSICAPROM,Ácido Aminocapróico,3g,Pó para Solução Oral,Caixa de 15 e 20 saquetas
FARMACÊUTICA AUSTRAL,ELIPA®,"Cetorolac, trometamina",5mg/ml,Colírio solução,"Frascoconta-gotas de 7,5 e 10ml"
MEDIMPORT LDA,CLAVAMOX  DT,Amoxicilina + Ácido Clavulânico,875mg + 125mg,Comprimidos,"EMBALAGEM 6,7,12,16  OU 24 COMP"
FARMACÊUTICA AUSTRAL,CARBINIB,Acetazolamida,250mg,Comprimidos,Embalagem de 20 e 60 Comprimidos
WELL WORTH LDA,CANDID B CREME,Clotrimazol + Diproprionato de Beclometasona,1% + 0.025%,Creme tópico,Bisnaga de 15g
FARMACÊUTICA AUSTRAL,ATROPOCIL,"Atropina, sulfato",10mg/ml,Colírio,Frasco de 100ml
MAPUTO HEALTH CARE Lda,LAXODIL-5,Bisacodil,5mg,Comprimidos Revestidos,BLISTER  10 X1O COMP
"GENERICS & SPECIALITIES, Lda",BRUGEN 400,Ibuprofeno,400mg,Drageias,10 CARTEIRAS DE  10 DRAGEIAS
"GENERICS & SPECIALITIES, Lda",BRUGEN 200,Ibuprofeno,200mg,Drageias,10 CARTEIRAS DE  10 DRAGEIAS
MEDIMPORT LDA,REUMON I.M.,Etofenamato,1000mg/2ml,Solução Injectável,1 OU 5 AMPOLAS DE 2 ML
MEDIMPORT LDA,REUMON creme,Etofenamato,100mg/g,Creme,BISNAGA 40g OU 100g
MEDIMPORT LDA,Clavamox 500,Amoxicilina + Ácido Clavulânico,500mg + 125mg,Comprimidos,"EMBALAGEM 10,12,16  OU 30 COMP"
AFRI FARMÁCIA LDA,TRIBEX FORTE,Tiamina (Vit. B1) + Piridoxina (Vit. B6) + Cianocobalamina (Vit. B12),100mg + 100mg + 1000mcg,Solução injectavel,EMBALAGEM  5 AMPOLAS DE 3ML
AFRI FARMÁCIA LDA,RELAX,Bisacodil,5mg,Comprimidos,EMBALAGEM 100 COMP(2x5x10)
MAPUTO HEALTH CARE Lda,CAPRIL 25,Captopril,25mg,Comprimidos,BLISTERS de 10 x 10 COMP
"SHANI, LIMITADA",SKDERM Cream,"Betametasona,dipropionato + Clotrimazol + Gentamicina",0.64mg + 10mg + 1mg,creme,Bisnaga 30 g
"SHANI, LIMITADA",PARA-RÁPIDO,Paracetamol,500mg,Comprimidos,Blisters 10x10 e Embalagem de 50 x 20
"SHANI, LIMITADA",Clotrimazol 1% cream,Clotrimazol,1%,Creme,Bisnaga de 30g
"SHANI, LIMITADA",AMOXYSHA-500,"Amoxicilina, Trihidrato",500mg,Cápsulas,Blisters 10x10
MEDIMPORT LDA,REUMON Loção,Etofenamato,100mg/ml,Loção,"Frasco de  50ml, 100ml e 200ml"
FARMA HOLDINGS SA,LAMIVUDINA + ZIDOVUDINA,Lamivudina + Zidovudina,150mg + 300mg,Comprimidos,Frasco de 60 comprimidos
"MEDÁFRICA, Lda",K-MOL,Paracetamol,500mg,Comprimidos,Embalagem 10X10
MAPUTO HEALTH CARE Lda,IBUFLAM 400,Ibuprofeno,400mg,Comprimidos Revestidos,Embalagem de 100 comprimidos
MEDIMPORT LDA,CLAVAMOX 250,Amoxicilina + Ácido Clavulânico,250mg/5ml + 62.5mg/5ml,Pó para Suspensão Oral,"FRASCO DE 60ML, 75ML, 100 ML OU 150 ML"
FARMA HOLDINGS SA,AZITHRIN-250,Azitromicina,250mg,Cápsulas,Blister de 10 e 12 cápsulas; Frasco de 100 e de 1000 cápsulas; 30 Cápsulas
MAPUTO HEALTH CARE Lda,LORATIN 10,Loratadina,10mg,Comprimidos,aMPOLAS 2x5x2ml
"SHANI, LIMITADA",TETRACYCLINE HYDROCHLORIDE OINTMENT 3%,Hirocloreto de Tetraciclina,3%w/w,Pomada,Bisnaga  15g
"MEDIS FARMACÊUTICA, LDA",STOPAYN XAROPE,"Paracetamol + Codeína, fosfato + Prometazina, hidrocloreto",120mg + 5mg + 6.5mg,Xarope,Frasco de 100ml
"SHANI, LIMITADA",IBUSHA 400,Ibuprofeno,400mg,Comprimidos,Blisters 10x10
"SHANI, LIMITADA",IBUSHA 200,Ibuprofeno,200mg,Comprimidos Revestidos,Blisters 10x10
"SHANI, LIMITADA",COTRISHA,Sulfametoxazol + Trimetoprim,400mg + 80mg,Comprimidos,Blisters 10x10
AFRI FARMÁCIA LDA,SHETRIM,Trimetoprim + Sulfametoxazol,200mg/5ml + 40mg/5ml,Suspensão Oral,Frasco 100 ML
AFRI FARMÁCIA LDA,KODOXY,Doxiciclina,100mg,Cápsulas,EMBALAGEM 100 CÁPS(10x10)
AFRI FARMÁCIA LDA,ERYKO-250,"Eritromicina, etil succinato",250mg/5ml,Suspensão Oral,FRASCO DE  100 ML
"GENERICS & SPECIALITIES, Lda",EFAVIRENZ,Efavirenz,600mg,Comprimidos,EMBALAGEM 30 COMP
MAPUTO HEALTH CARE Lda,PROMET-10,Prometazina,10mg,Comprimidos Revestidos,BLISTER 10X10
MAPUTO HEALTH CARE Lda,MICOWIN 500,Griseofulvina,500mg,Comprimidos,10 blister de 10 comp
MAPUTO HEALTH CARE Lda,LUXOPRIL-20,"Enalapril, maleato",20mg,Comprimidos,10EMBALAGEM 10 BLIS DE COMP
MAPUTO HEALTH CARE Lda,LUXOPRIL-10,"Enalapril, maleato",10mg,Comprimidos,10EMBALAGEM 10 BLIS DE COMP
FARMA HOLDINGS SA,CO-TRIMOXAZOLE TABLETS BP 480mg,Sulfametoxazol + Trimetoprim,400mg + 80mg,Comprimidos,10 Blisters de 10 comp e frasco de 1000 Comp
FARMA HOLDINGS SA,Q-300,"Quinina, Sulfato",300mg,Comprimidos Revestidos,"Blister de 10 comprimidos, 10x10"
FARMA HOLDINGS SA,Nevirapina,Nevirapina,200mg,Comprimidos,Embalagem de 60 comp
FARMA HOLDINGS SA,ERYTHROMYCIN STEARATE TABLETS BP  500mg),Eritromicina,500mg,Comprimidos,Embalagem contendo blisters PVC10X10
"MEDIS FARMACÊUTICA, LDA",ZITHROMAX IV 50mg/ml,Azitromicina,500mg/ml,Suspensão injectável,FRASCO de 10ml
AFRI FARMÁCIA LDA,BECOSHEL,"Tiamina, cloridrato (Vit. B1) + Riboflavina (Vit. B2) + Piridoxina (Vit B6) + Nicotinamida (vit. B3)",5mg + 2mg + 2mg + 20mg,Xarope,FRASCO DE  100 ML
BAYER SCHERING PHARMA MOÇAMBIQUE,ULTRAPROCT,"FLUOCORTOLONA, pivalato + LIDOCAÍNA, cloridrato",1mg + 40mg,Supositório,Embalagem de 10 UNIDADES
BAYER SCHERING PHARMA MOÇAMBIQUE,MIRENA,Levonorgestrel,52mg,Sistema Intra Uterino,Saqueta de 1 Unidade
WELL WORTH LDA,CANDID B LOTION,"Clotrimazol + Beclometasona, diproprionato","1% + 0,025%",Loção,Frasco de 15ml
"SHANI, LIMITADA",SHARAMIN,"Clorfeniramina, maleato",2mg/5ml,Solução Oral,Frascos de 100ml
"SHANI, LIMITADA",PEN-V-SHA,PENICILINA V POTÁSSICA,500mg,Comprimidos,Blisters 10x10
"SHANI, LIMITADA",KETOKANT,Ketoconazol,2%W/W,Creme,Bisnaga de 30g
"SHANI, LIMITADA",FANSISHA,Sulfadoxina + Pirimetamina,500mg + 25mg,Comprimidos,Blisters 1x3
"SHANI, LIMITADA",CIMETISHA 400,Cimetidina,400mg,Comprimidos,Blisters 10x10
"MEDIS FARMACÊUTICA, LDA",VIAGRA 50,Citrato de Sildenafil,50mg,Comprimidos Revestidos,CAIXAS DE 4 COMP
"MEDIS FARMACÊUTICA, LDA",VIAGRA 100,Citrato de Sildenafil,100mg,Comprimidos Revestidos,CAIXA  DE 4 COMP
"MEDIS FARMACÊUTICA, LDA",CELEBREX,Celecoxib,200mg,Cápsulas,Embalagem contendo 20 Cápsulas
AFRI FARMÁCIA LDA,UCETAMOL,Paracetamol,500mg,Comprimidos,EMBALAGEM 100 COMP Blisters (10x10)
AFRI FARMÁCIA LDA,STABETA-40,PROPRANOLOL,40mg,Comprimidos,EMBALAGEM DE 100 COMPRIMIDOS
"SHANI, LIMITADA",SHIBUDAL,"Ibuprofeno + Paracetamol + Cafeína, Anidra",200mg + 325mg + 40mg,Cápsulas,Blisters 2x10
"SHANI, LIMITADA",HEMATONIC,Ferro + Cianocobalamina + Piridoxina + ácido fólico + sulfato de Zinco,"200+50+0,5+1,5+2,33 mg",Xarope,Frasco 200ml
AFRI FARMÁCIA LDA,DIALIN 5,Glibenclamida,5mg,Comprimidos Revestidos,EMBALAGEM 100 COMP(10x10)
"SHANI, LIMITADA",AMOXYSHA-250,"Amoxicilina, Trihidrato",250mg/5ml,Pó para Suspensão Oral,Frasco de 100ml
"SHANI, LIMITADA",AMOXYSHA-125,"Amoxicilina, Trihidrato",125mg/5ml,Pó para Suspensão Oral,Frasco de 100ml
"MEDIS FARMACÊUTICA, LDA",SANKO®,Paracetamol + Cafeina,500mg + 30mg,Comprimidos,Embalagens de 1 x 4Comp e de 25 x 4
"MEDIS FARMACÊUTICA, LDA",MILZOR TABLETS,Paracetamol,500mg,Comprimidos,Carteiras de 10 x 10 Comp e de 1000 comprimidos
"MEDIS FARMACÊUTICA, LDA",MILCOLD,Paracetamol + Fenilefrina + Clorfeniramina,125mg + 2.5mg + 1mg/5ml,Xarope,Frascos de 60ml
MAPUTO HEALTH CARE Lda,HERPERAX  Ointment,Aciclovir,5%,Pomada dérmica,BISNAGA  DE 5 G
"MEDIS FARMACÊUTICA, LDA",GASTRALGIN SUSPENSION,Hidróxido de Alumínio + Hidróxido de Magnésio + Simeticone,200+200+25mg,Suspensão Oral,Frascos de 200ml
MAPUTO HEALTH CARE Lda,ERYCYN-500,"Eritromicina, Estearato",500mg,Comprimidos Revestidos,EMBALAGEM 100 COMP
WELL WORTH LDA,NOVACLAV 625,Amoxicilina + Ácido Clavulânico,500mg + 125mg,Comprimidos,"Blisters 1x6, 3x6"
WELL WORTH LDA,NEODOPA,METILDOPA,250mg,Comprimidos,Blisters 10x10
BAYER SCHERING PHARMA MOÇAMBIQUE,ADVANTAN EMULSÃO,Aceponato de Metilprednisolona,1mg / ml,Emulsão Cutânea,Bisnagas de 20G ou 50G
"MEDIS FARMACÊUTICA, LDA",SYNTOPRIM,Sulfametoxazol + Trimetoprim,400mg + 80mg,Comprimidos,CARTEIRA  DE  10 x 10 COMP
"MEDIS FARMACÊUTICA, LDA",PIRODAL,"Bromocriptina, mesilato",2.5mg,Comprimidos,"Embalagem de 30, 100 e 500 comprimidos"
"GENERICS & SPECIALITIES, Lda",SALGEN S,"Salbutamol, Sulfato",2mg/5ml,Xarope,Frasco de 100ml
WELL WORTH LDA,RANADIN 300,"Ranitidina, Cloridrato",300mg,Comprimidos Revestidos,Blisters 10x10
WELL WORTH LDA,RANADIN 150,"Ranitidina, Cloridrato",150mg,Comprimidos Revestidos,Blisters 10x10
WELL WORTH LDA,NEOTRIM,Trimetoprim + Sulfametoxazol,200mg/5ml + 40mg/5ml,Suspensão Oral,Frasco 100ml
"MEDIS FARMACÊUTICA, LDA",ML-COTRI SUSPENSION,Trimetoprim + Sulfametoxazol,200mg/5ml + 40mg/5ml,Suspensão oral,Frascos de 60 ml e de 100ml
"MEDIS FARMACÊUTICA, LDA",MILOXY-S SUSPENSION,"Amoxicilina, Trihidrato",250mg/5ml,Suspensão Oral,FRS 60ml e de 100ml
"MEDIS FARMACÊUTICA, LDA",MILOXY-500,Amoxicilina,500mg,Cápsulas,10 Bisteres x 10 cápsulas
WELL WORTH LDA,LUMARTEN,Arteméter + Lumefantrina,20mg +120mg,Comprimidos,"Blisters de 6, 8, 12, 16, 18 e 24, 30x 6, 30x12 Comprimidos"
"MEDIS FARMACÊUTICA, LDA",Diclo forte 550,Paracetamol + Diclofenac,500mg + 50mg,Comprimidos,10 carteiras x10 Comp
"MEDIS FARMACÊUTICA, LDA",CLOXACILLIN CAPSULES,Cloxacilina,500mg,Cápsulas,Embalagem de  100 Cápsulas
"SHANI, LIMITADA",VITAMAKS - MULTIVITAMINAS COM  MINERAIS Xarope,"Vitamina A, palmitato + tiamina (Vit.B1) + Riboflavina (Vit.B2) + Vitamina D3 + Nicotinamida + piridoxina,Hidrocloreto + D-pantenol + Vitamina C + Cianocobalamina, anidra (Vit.B12) + Cálcio,gluconato + Cálcio,lactato + cálcio, hidrofosfato + Magnésio,hidr",2000UI + 2mg + 1.5mg + 200UI + 25mg + 1mg + 2.5mg + 30mg + 1mg + 13mg + 13mg + 100mg + 2.5mg + 75mg + 6.5mg,Xarope,Frasco de 100ml e de 120ml
"SHANI, LIMITADA",SIMVASTOL 20,Sinvastatina,20mg,Comprimidos Revestidos,Blisters 10x10
"SHANI, LIMITADA",SIMVASTOL 10,Sinvastatina,10mg,Comprimidos Revestidos,Blisters 10x10
"GENERICS & SPECIALITIES, Lda",HISTAGEN,"Clorfeniramina, maleato",4mg,Comprimidos,"Frasco de 1000 comp., e 10 x10"
"SHANI, LIMITADA",DOXACIL,DOXICICLINA,100mg,Cápsulas,Blisters 10x10
"SHANI, LIMITADA",DICLOKANT-50,Diclofenac,50mg,Comprimidos Revestidos,Blisters 10x10
"GENERICS & SPECIALITIES, Lda",Cotrigen-S,Sulfametoxazol + Trimetoprim,200mg/5ml + 40mg/5ml,Suspensão Oral,Frasco de 100ml
"SHANI, LIMITADA",CLAMOSHA,"Amoxicilina, Trihidrato + Clavulanato de Potássio",500mg + 125mg,Comprimidos Revestidos,"FRASCO DE 30 COMP, 10x10"
MEDIMPORT LDA,THROMBOCID Pomada,PENTOSANO POLISSULFATO DE SÓDIO 100%+AZULENO,1mg/g + 0.04mg/g,Pomada,BISNAGA  DE 40GR
MEDIMPORT LDA,DOL-U-RON FORTE,"Paracetamol + Codeína, fosfato",500mg + 30mg,Cápsulas,Embalagem de 20 Cáps.
MEDIMPORT LDA,BEN-U-RON,Paracetamol,500mg,Comprimidos,EMBALAGEM  DE 20 COMP
"MEDIS FARMACÊUTICA, LDA",TAKS 50,Diclofenac,50mg,Comprimidos Revestidos,EMBALAGEM  DE 30 COMP
MAPUTO HEALTH CARE Lda,STERIDERM-S,"Clobetasol, Proprionato",0%,Creme dérmico,Bisnaga de 15g
MAPUTO HEALTH CARE Lda,Paracetamol 500,Paracetamol,500mg,Comprimidos,100X10
MAPUTO HEALTH CARE Lda,NOVAGRA,Citrato de Sildenafil,50mg,Comprimidos Revestidos,blister de 4 comprimidos
"MEDIS FARMACÊUTICA, LDA",ESPEN 400,Ibuprofeno,400mg,Comprimidos Revestidos,EMBALAGEM 10 x 10
"MEDIS FARMACÊUTICA, LDA",ESPEN 200,Ibuprofeno,200mg,Comprimidos Revestidos,EMBALAGEM 10 x 10
MAPUTO HEALTH CARE Lda,CLARIWIN-500,CLARITROMICINA,500mg,Comprimidos Revestidos,BLISTERES 1 X 4 COMP
"MEDIS FARMACÊUTICA, LDA",BETRIM 480,Sulfametoxazol + Trimetoprim,400mg + 80mg,Comprimidos,Embalagem de 100 e 1000 comprimidos
"MEDIS FARMACÊUTICA, LDA",BETRIM  FORTE,Sulfametoxazol + Trimetoprim,800mg + 160mg,Comprimidos,embalagem de 100 e de 1000 comprimidos
MAPUTO HEALTH CARE Lda,ALLERCET,"Cetirizina, dicloridrato",10mg,Comprimidos Revestidos,BLISTERES 10 X 10 COMP
WELL WORTH LDA,IBUFEN® Susp,Ibuprofeno,100mg/5ml,Suspensão Oral,Frasco de 100ml
WELL WORTH LDA,BURNEX CREME,Sulfadiazina de prata + Clorexidina,1% + 0.2%,Creme,Bisnaga de 20g
WELL WORTH LDA,BABYVIT DROPS,"Nicotinamida + Tiamina, hidrocloreto(Vit.B1) + Riboflavina(Vit.B2) + Piridoxina, hidrocloreto (Vit.B6) + Sulfato de Zinco + Inositol + Vitamina A, palmitato + Vitamina D3 + Cloreto de colina",5mg + 0.5mg + 0.5mg + 0.5mg + 11mg + 7.5mg + 750UI + 200UI + 3.45mg,Xarope,Frasco de 30ml
"SHANI, LIMITADA",NALISHA,Ácido Nalidíxico,500mg,Comprimidos,Blisters 10x10
"SHANI, LIMITADA",MICOSHA,"Miconazol, nitrato",1%,Creme,"Bisnaga de 30g, 15g"
"SHANI, LIMITADA",GRISEOSHA-500,Griseofulvina,500mg,Comprimidos,Blisters 10x10
"SHANI, LIMITADA",ERYTHROSHA 250,"Eritromicina, etil succinato",250mg/5ml,Pó para Suspensão Oral,Frasco de 100ml
"SHANI, LIMITADA",ERYTHROSHA 125,"Eritromicina, etil succinato",125mg/5ml,Pó para Suspensão Oral,Frascos 100ml
"SHANI, LIMITADA",CLOVISHA,Aciclovir,400mg,Comprimido,Blisters 10x10
AFRI FARMÁCIA LDA,S-CLAR 500,CLARITROMICINA,500mg,Comprimidos Revestidos,10 blister de 10 e 1 blister de 10 comprimidos
AFRI FARMÁCIA LDA,S-CLAR 250,CLARITROMICINA,250mg,Comprimidos Revestidos,10 blister de 10 e 1 blister de 10 comprimidos
AFRI FARMÁCIA LDA,P ZONE EYE DROPS,Prednisolona,1%,Colírio,1 Frasco de 5ml
MAPUTO HEALTH CARE Lda,NISBEN Suspension,Mebendazol,100mg/5ml,Suspensão Oral,Frasco de 100ml e de 30ml
AFRI FARMÁCIA LDA,MULTONE SYRUP,VIT A + VIT D3 +VIT B1 + RIBOFLAVINA + VIT B6 + NICOTINAMIDA + VIT C + VITB12,"3000 UI+400 UI+1,5 MG+1,2 MG+1 MG+10 MG+50 MG+3,0MCG",Xarope,Frascos 100ml
MAPUTO HEALTH CARE Lda,MOPAR-250,Paracetamol,250mg/5ml,Suspensão Oral,Frascos 100ml
MAPUTO HEALTH CARE Lda,MOFEN Suspensão,Ibuprofeno,100mg/5ml,Suspensão Oral,Frascos 100ml
AFRI FARMÁCIA LDA,MERIGENTA INJECTÁVEL,"Gentamicina, sulfato",80mg/2ml,Solução Injectável,10 Ampolas de 2ml
AFRI FARMÁCIA LDA,GASIDONE,"Domperidona, maleato",10mg,Comprimidos,EMBALAGEM 100 COMP(10x10)
"MEDIS FARMACÊUTICA, LDA",TRIFENE 400,Ibuprofeno,400mg,Comprimidos Revestidos,"CXS 10, 20, 30 e 60 COMP"
"MEDIS FARMACÊUTICA, LDA",CICLOVIRAL CREME,Aciclovir,50mg/g,Creme,Bisnaga de 10g
FARMACÊUTICA AUSTRAL,TEDOL Líquido cutâneo,Ketoconazol,20mg/g,Líquido cutâneo,Frasco de 100ml
FARMACÊUTICA AUSTRAL,MINOX® 5,Minoxidil,50mg/ml,Solução cutânea,Frasco de 100ml
FARMACÊUTICA AUSTRAL,GENTOCIL,"Gentamicina, Sulfato",3mg/g,Pomada Oftálmica,BISNAGA  DE 3.5g
FARMACÊUTICA AUSTRAL,DIOMICETE,Clotrimazol (,10mg/ml,Colírio,Frasco de 10ml
FARMACÊUTICA AUSTRAL,CLINAC,Eritromicina,20mg/ml,Solução cutânea,Frasco de 30ml e de 100ml
"ORANE PHARMA, Lda",MOXIN-500,Amoxicilina,500mg,Comprimidos,Blisters 10x10
"ORANE PHARMA, Lda",COTROX-DS,Trimetoprim + Sulfametoxazol,800mg + 160mg,Comprimidos,Blisters 10x10
"ORANE PHARMA, Lda",AZIK 500,Azitromicina,500mg,Comprimidos,Blisters 3x10
"ORANE PHARMA, Lda",ANAFLAM,Ibuprofeno,400mg,Comprimidos,Blisters 10x10 e frasco de 1000 comprimidos
MEDIMPORT LDA,BEN-U-RON Xarope,Paracetamol,40mg/ml,Xarope,Frasco  85 ML (100G)
FARMA HOLDINGS SA,STRIBEN,Albendazol,400mg,Comprimidos Revestidos,BLISTER  1X1 COMP
FARMA HOLDINGS SA,LORATADINA COMPRIMIDOS USP 10mg,Loratadina,10mg,Comprimidos Revestidos,"Blisters de 10x10, frascos HDPE de 500 e 1000 Comprimidos"
FARMA HOLDINGS SA,IBUPROFENO COMPRIMIDOS BP 400mg,Ibuprofeno,400mg,Comprimidos Revestidos,EMBALAGEM  1 blister X10 comp /  de 100/500/1000  COMP
FARMA HOLDINGS SA,IBUPROFENO COMPRIMIDOS BP 200mg,Ibuprofeno,200mg,Comprimidos Revestidos,EMBALAGEM  COM 100/500/1000  COMP
AFRI FARMÁCIA LDA,STALMIN 500,Metformina,500mg,Comprimidos,Embalagem de 100 Comprimidos
AFRI FARMÁCIA LDA,PROMETHAZINE HYDROCHLORIDE TABLETS,"Prometazina, Hidrocloreto",10mg,Comprimidos Revestidos,CARTEIRAS COM 100 COMP(2x5x10)
AFRI FARMÁCIA LDA,ORACIP,"CIPROFLOXACINA,hidrocloreto",0%,Colírio e Gotas auriculares,FRASCO    5ML
AFRI FARMÁCIA LDA,FUNGINIL-K,Ketoconazol,200mg,Comprimidos,EMBALAGEM 100 COMP(10x10)
"SHANI, LIMITADA",SHADINE,Iodopovidona,5% m/m,Pomada,Bisnaga  de 30 g
"SHANI, LIMITADA",SHA-DID V6,Clotrimazol,100mg,Comprimidos vaginais,Blisters 1x6
FARMACÊUTICA AUSTRAL,TEDOL® CREME,Cetoconazol,20mg/g,Creme,Bisnaga de 30g
FARMACÊUTICA AUSTRAL,TEDOL,Ketoconazol,20mg/ml,Shampoo,FRASCO DE 120ml e de 200ml
FARMACÊUTICA AUSTRAL,RODERMIL,Metronidazol,10mg/g,Emulsão Cutânea,BISNAGA  DE  30g
FARMACÊUTICA AUSTRAL,PREDNIOCIL,"Prednisolona, Acetato",5mg/g,Pomada Oftálmica,"Bisnagas 3,5 g"
FARMACÊUTICA AUSTRAL,OLIDERMIL,Oxido de Zinco,500mg/g,Suspensão cutânea,Frasco de 150g
"SHANI, LIMITADA",NYSTASHA,Nistatina,2.3% w/w,Creme,Bisnaga  30g
"SHANI, LIMITADA",NOVA POWER PLUS,Ciprohetptadina + Axeroftol (Vit. A) +Colecalciferol (Vit. D3) + Tiamina (Vit. B1) + Riboflavina ( Vit. B2) + Cianocobalamina + Niacinamida + Pantotenato de Cálcio + Ácido ascórbico (Vit. C + Lisina + Lactato de Cálcio,4mg + 1500IU  +300IU + 2mg + 2mg + 5mcg + 10mg + 5mg + 20mg + 50mg + 100mg,Comprimidos Revestidos,Blisters 3x10
"SHANI, LIMITADA",COFISHA,"Difenidramina,hidrocloreto + Amónio,cloretp + Mentol",14.08mg/5ml + 138.0mg/5ml + 57.03mg/5ml + 0.9 mg/5ml,Xarope,Frasco de 100ml
"SHANI, LIMITADA",CHLOFENSHA,Cloranfenicol,250mg,Cápsulas,Blisters 10x10
"SHANI, LIMITADA",ASPISHA-500,Ácido Acetilsalicílico,500mg,Comprimidos,Blisters 10x10
"SHANI, LIMITADA",APETISHA,"CIPROHEPTADINA,hidrocloreto",2mg/5ml,Xarope,Frascos 100ml
MEDIMPORT LDA,BEN-U-RON 500,Paracetamol,500mg,Supositórios,EMBALAGEM DE  10 SUPOSITÓRIOS
MEDIMPORT LDA,BEN-U-RON 250,Paracetamol,250mg,Supositórios,EMBALAGEM DE 10 SUPOSITÓRIOS
MEDIMPORT LDA,BEN-U-RON 125,Paracetamol,125mg,Supositórios,EMBALAGEM DE  10 SUPOSITÓRIOS
MEDIMPORT LDA,BEN-U-RON 1000,Paracetamol,1000mg,Supositórios,EMBALAGEM DE  10 SUPOSITÓRIOS
"ORANE PHARMA, Lda",FORMETIN-850,"Metformina, hidrocloreto",850mg,Comprimidos,Blisters 10x10
"ORANE PHARMA, Lda",DOLMAX-SR,Diclofenac sódico,100mg,Comprimidos,Blisters 10x10
"ORANE PHARMA, Lda",BIOFLOX-500,"FLUCLOXACILINA,sódica",500mg,Cápsulas,Blisters 10x10 Cápsulas
"ORANE PHARMA, Lda",BIOFLOX-250,"FLUCLOXACILINA,sódica",250mg,Cápsulas,Blisters 10x10
AFRI FARMÁCIA LDA,ENSTAL 20,"Enalapril, maleato",20mg,Comprimidos,EMBALAGEM 100 COMP(10x10)
AFRI FARMÁCIA LDA,ENSTAL 10,"Enalapril, maleato",10mg,Comprimidos,10 blister de 10 comprimidos
AFRI FARMÁCIA LDA,DEPISTA-25,Imipramina,25mg,Comprimidos,EMBALAGEM 100 COMP (10x10)
AFRI FARMÁCIA LDA,AMITRILON-25,"AMITRIPTILINA, cloridrato",25mg,Comprimidos Revestidos,EMBALAGEM 100 COMP (10x10)
"MEDIS FARMACÊUTICA, LDA",DICLOFENAC GEL,Diclofenac,1%,Gel,20g
"MEDIS FARMACÊUTICA, LDA",PARAMOLAN 500,Paracetamol,500mg,Comprimidos,CXS 20 COMP
"SHANI, LIMITADA",ROXISHA,PIROXICAM,20mg,Cápsulas,BLISTER  DE 10 CÁPS
"SHANI, LIMITADA",RANISHA,"Ranitidina, Hidrocloreto",300mg,Comprimidos Revestidos,Blisters de 1x4
"SHANI, LIMITADA",NYSTASHA,Nistatina,100.000 U.I,Comprimidos vaginais,Blister 14 comprimidos
"SHANI, LIMITADA",KETOSHA,Ketoconazol,200mg,Comprimidos,Blisters de 10x10
"SHANI, LIMITADA",AMILOSHA - H,Amilorido Hidrocloreto + Hidroclortiazida,5mg + 50mg,Comprimidos,Blisters 10x10
PROFARMA,METAMYCIN,Cloranfenicol,1%,Pomada Oftálmica,Bisnaga de 3.5g e 5g
PROFARMA,METAMYCIN,Cloranfenicol,1%,Gotas Oftálmicas,Frasco de 5ml e de 10ml
PROFARMA,METAMOL,Paracetamol,500mg,Comprimidos,"Blisters 2x10, 50x10 e Frasco de 1000 comprimidos"
PROFARMA,METACYCLINE,Hirocloreto de Tetraciclina,1%w/w,Pomada Oftálmica,Bisnaga 5g
"ORANE PHARMA, Lda",OMPREZ,Omeprazol,20mg,Cápsulas,Blisters 10x10
"ORANE PHARMA, Lda",LOTENZ-50,Atenolol,50mg,Comprimidos,Blisters 10x10
"ORANE PHARMA, Lda",LOTENZ-100,Atenolol,100mg,Comprimidos,Blisters 10x10
"ORANE PHARMA, Lda",FRUSID,Furosemida,40mg,Comprimidos,EMBALAGEM 10 BLISTERS
"ORANE PHARMA, Lda",ADIPIN-5,"Amlodipina, besilato",5mg,Comprimidos,Blisters 10x10 Cápsulas
"ORANE PHARMA, Lda",ADIPIN-10,"Amlodipina, besilato",10mg,Comprimidos,Blisters 10x10 Cápsulas
WELL WORTH LDA,DANOGEN-200,Danazol,200mg,Cápsulas,Blisters 3x10
WELL WORTH LDA,COFLIX  XAROPE,"Difenidramina, Cloridrato + Cloreto de amónio  + Citrato de sódio + Mentol","14,08 mg/5ml + 138 mg/5ml + 57,03 mg/5ml + 0,9 mg/5ml",Xarope,Frasco de vidro de 100ml
WELL WORTH LDA,CANDID MOUTH PAINT,Clotrimazol,1%,Gotas Orais,Frasco 15ml
WELL WORTH LDA,ALERID,"Cetirizina, hidrocloreto",10mg,Comprimidos,Blisters 10x10
AFRI FARMÁCIA LDA,FUNGISTAT CREAM,"Miconazol, nitrato",2%,Creme,TUBO 15 GRS
AFRI FARMÁCIA LDA,ELYSTAMINE CREAM,"MEPIRAMINA,maleato",2%,Creme,TUBO 15 GRS
AFRI FARMÁCIA LDA,ELYCORT,"Hidrocortisona, acetato",1%,Creme,TUBO 15g
AFRI FARMÁCIA LDA,CANDISTAT creme,CLOTRIMAZOL,1%,Creme tópico,TUBO15g
AFRI FARMÁCIA LDA,CANDISTAT,CLOTRIMAZOL,100mg/1000mg,Comprimidos vaginais,CXS 6 COMP VAG
MEDIMPORT LDA,VIREAD,Tenofovir disoproxil fumarato,300mg,Comprimidos,Frasco de 30 Comprimidos
FARMACÊUTICA AUSTRAL,PANDERMIL,"Hidrocortisona, acetato",10mg/g,Creme,TUBO 30g
FARMACÊUTICA AUSTRAL,PANDERMIL,"Hidrocortisona, acetato",10mg/g,Pomada,TUBO 30g
"SHANI, LIMITADA",KETOSHA,Ketoconazol,1%,Creme,Bisnaga de 30g
"SHANI, LIMITADA",FRUSHA,Furosemida,40mg,Comprimidos,BLISTER  DE 10 COMP
"SHANI, LIMITADA",FOLISHA,SULFATO FERROSO + ÁCIDO FÓLICO,150mg + 0.5mg,Comprimidos Revestidos,Blisters 10x10
"SHANI, LIMITADA",CLOVISHA,Aciclovir,1%,Creme,"Bisnaga de 5g, 15g"
"SHANI, LIMITADA",BURNKUL,Sulfadiazina de prata + Clorexidina,1% + 0.2%,Creme,Bisnaga de 30g
WELL WORTH LDA,FORCAN 200,Fluconazol,200mg,Cápsulas,Blisters 10 x 4
AFRI FARMÁCIA LDA,URGENDOL 50,"Tramadol, Cloridrato",50mg/ml,Solução Injectável,AMPOLA 2 ML
AFRI FARMÁCIA LDA,URGENDOL 100,"Tramadol, Cloridrato",100mg/ml,Solução Injectável,AMPOLA 1 ML
AFRI FARMÁCIA LDA,URGENDOL,"Tramadol, Cloridrato",50mg,Cápsulas,BLISTER  de 10 Cápsulas
MAPUTO HEALTH CARE Lda,TOSNIL SYRUP,Dextrometorfano + bromexina hidrocloreto + cloreto de amonio+mentol,10mg + 4mg +100mg + 5mg,Xarope,Frasco 100ml
MAPUTO HEALTH CARE Lda,PARADOR 250,Paracetamol,250mg/5ml,Suspensão Oral,Frasco 100ml
MAPUTO HEALTH CARE Lda,PARADOR 125,Paracetamol,125mg/5ml,Suspensão Oral,Frasco 100ml
MAPUTO HEALTH CARE Lda,NISAMINE SYRUP,"Clorfeniramina, maleato",2mg/5ml,Xarope,frasco 100ml
AFRI FARMÁCIA LDA,MOVILON 25,Indometacina,25mg,Cápsulas,EMBALAGEM 100 CÁPS(10x10)
MAPUTO HEALTH CARE Lda,METRONIS SUSPENSION,Metronidazol,200mg/5ml,Pó para Injectável,Frasco de 100ml
AFRI FARMÁCIA LDA,FUNGISTIN,Nistatina,100.000UI,Comprimidos vaginais,EMBALAGEM 15 COMP VAGINAIS
AFRI FARMÁCIA LDA,EUCHLOR-250,Cloranfenicol,250mg,Cápsulas,CXS 100 CÁPS(10x10) e frasco de 1000
MAPUTO HEALTH CARE Lda,CYPNIS-L,"Ciproheptadina, Cloridrato",2.2mg/5ml,Xarope,FRASCOS DE 100 ML
AFRI FARMÁCIA LDA,CHLORPHENIRAMINE,"Clorfeniramina, maleato",4mg,Comprimidos,10 blister de 10 comprimidos
MAPUTO HEALTH CARE Lda,KLORAMINE-4,"Clorfeniramina, maleato",4mg,Comprimidos,10 blister de 10 comprimidos
MAPUTO HEALTH CARE Lda,GLIBENCARE-5,Glibenclamida,5mg,Comprimidos,10 blister de 10 comprimidos
MAPUTO HEALTH CARE Lda,CARBAM-200,Carbamazepina,200mg,Comprimidos,10 blister de 10 comprimidos
MAPUTO HEALTH CARE Lda,BRONCARE-4,"Salbutamol, Sulfato",4mg,Comprimidos,10 blister de 10 comprimidos
MAPUTO HEALTH CARE Lda,AMIDECARE,"Loperamida, Cloridrato",2MG,Comprimidos Revestidos,10 blister de 10 comprimidos
WELL WORTH LDA,ACIVIR-200,Aciclovir,200mg,Comprimido,blisters de 5
WELL WORTH LDA,ACIVIR CREME,Aciclovir,5%,Creme,Bisnaga de 5g
WELL WORTH LDA,ACIVIR - 400 DT,Aciclovir,400mg,Comprimidos dispersíveis,Blisters de 10x5
AFRI FARMÁCIA LDA,ELYTETRA,Hirocloreto de Tetraciclina,3% (30mg/g),Pomada,Bisnaga de 15g
FARMACÊUTICA AUSTRAL,ZP DERMIL Creme,Piritionato de zinco,5mg/g,Creme,Bisnaga de 25g
FARMACÊUTICA AUSTRAL,MINOX® 2,Minoxidil,20mg/ml,Solução cutânea,Frasco de 100ml
FARMACÊUTICA AUSTRAL,CICLOPLEGICEDOL,"CICLOPENTOLATO,cloridrato",10mg/ml,Colírio,Frasco de 5ml
MAPUTO HEALTH CARE Lda,HYPOCARE-5,"Amlodipina, besilato",5mg,Comprimidos,BLISTERES 10 X 10 COMP
MAPUTO HEALTH CARE Lda,HYPOCARE-10,"Amlodipina, besilato",10mg,Comprimidos,10 blister de 10 comprimidos
MAPUTO HEALTH CARE Lda,FOLICARE-5,Ácido Fólico,5mg,Comprimidos,10 blister de 10 comprimidos
PROFARMA,METRONIDAZOL 250,Metronidazol,250mg,Comprimidos,"Caixa de 10 x10, 100 X 10 e Frasco de 100, 500 e 1000 comprimidos"
PROFARMA,FORTRIM A,Sulfametoxazol + Trimetoprim,400mg + 80mg,Comprimidos,Blisters 100x10 e Frascos de 1000 comprimidos
WELL WORTH LDA,HEALTHEASE ORAL REHYDRATION SALTS (ORS),Cloreto de Sódio + Cloreto de Potássio + Citrato de sódio + Glicose,3.5g + 1.5g + 2.9g + 20g,Pó para Solução Oral,20 saquetas de 30g
WELL WORTH LDA,BENDEX 400,Albendazol,400mg,Comprimido Mastigável,Blisters 20x1
PROFARMA,META B COMPLEX,Nicotinamida + Riboflavina + Tiamina,15mg + 1mg + 1mg,Comprimidos,"Blisters 100x10, 50x10 e Frascos de 500 e 1000 comprimidos"
"SHANI, LIMITADA",SHEBOX,Mebendazol,100mg,Comprimidos,Blisters de 1x6
"SHANI, LIMITADA",LIMESHA,Ácido Ascórbico,100mg,Comprimidos,Blisters 10x10
"SHANI, LIMITADA",GELUSHA,Hidróxido de alumínio + Hidróxido de magnésio + simeticone,400mg+400mg+50 mg,Suspensão Oral,Frascos de 100ml
"SHANI, LIMITADA",ERYTHROSHA 500,"Eritromicina, Estearato",500mg,Comprimidos Revestidos,Blisters 10x10
"SHANI, LIMITADA",AZITHROMYCIN 500,Azitromicina,500mg,Comprimidos Revestidos,Blisters 1x3
"SHANI, LIMITADA",HYDROSHA,Hidroclorotiazida,50mg,Comprimidos Revestidos,Blisters 10x10
"MEDIS FARMACÊUTICA, LDA",BETAMOX PLUS 400,Amoxicilina + Ácido Clavulânico,"400mg+57mg (91,84mg + 13,58mg)",Pó para Suspensão Oral,Frascos de 60ml e 100 ml
"MEDIS FARMACÊUTICA, LDA",BETAMOX PLUS,Amoxicilina + Ácido Clavulânico,875mg + 125mg,Comprimidos Revestidos,"Embalagem contendo blisters  de 8,12,16 e 20 COMPRIMIDOS"
"MEDIS FARMACÊUTICA, LDA",BETAMOX,Amoxicilina + Ácido Clavulânico,500mg + 125mg,Comprimidos Revestidos,"BLISTER de 12,16,32 e 100 unidades"
"MEDIS FARMACÊUTICA, LDA",BETAMOX,Amoxicilina + Ácido Clavulânico,250mg/5ml + 62.5mg/5ml,Pó para Suspensão Oral,"Frascos de 75ml,100ml, 120ml e 150 ml"
AFRI FARMÁCIA LDA,NAUM PAIM BALM,Mentol + Cânfora + Metilsalicilato + Óleo de Terpentina + Óleo de Eucalipto + Óleo de cravo-da-índia,4.5% + 5% + 10% + 2% + 5% + 1%,Pomada,Bisnaga de 20G
AFRI FARMÁCIA LDA,DIPARA,Paracetamol + Diclofenac,500mg + 50mg,Comprimidos,EMBALAGEM 100 COMP Blisters (10x10)
"MEDIS FARMACÊUTICA, LDA",CO-ARTESIANE,Arteméter + Lumefantrina,180mg + 1080mg/60ml,Pó para Suspensão Oral,Frascos de 60 e 120 ml
"MEDIS FARMACÊUTICA, LDA",LORIDE,"Loperamida, Cloridrato",2mg,Comprimidos,Blister de 12 comprimidos
"MEDIS FARMACÊUTICA, LDA",ECAMAIS,"Lisinopril, dihidratado + Hidroclorotiazida",20mg + 12.5 mg,Comprimidos,"Blister 10,30,60 e 100 comprimidos"
"MEDIS FARMACÊUTICA, LDA",BIOQUIL,Ofloxacina,200mg,Comprimidos Revestidos,Blister de 8 e 16 comprimidos
"MEDIS FARMACÊUTICA, LDA",BIOQUIL,Ofloxacina,400mg,Comprimidos Revestidos,"Blister de 2, 8 e 16 comprimidos"
MISSIONPHARMA MOÇAMBIQUE,CO-TRIMOXAZOL,Sulfametoxazol + Trimetoprim,400mg + 80mg,Comprimidos,Embalagem 10X10
MISSIONPHARMA MOÇAMBIQUE,AMOXICILINA SUSPENSÃO ORAL,"Amoxicilina, Trihidrato",250mg/5ml,Pó para Suspensão Oral,Frasco de 100ml
"MEDIS FARMACÊUTICA, LDA",LISOMUCIN,"BROMEXINA,cloridrato",8mg/5ml,Xarope,Frasco de 100 e 200 ml
"MEDIS FARMACÊUTICA, LDA",CEFIXIMA NEOCEF Susp,CEFIXIMA,"100mg / 5ml (22,4mg/ml)",Pó para Suspensão Oral,"Frasco de 60, 100 e 120 ml"
"MEDIS FARMACÊUTICA, LDA",CEFIXIMA NEOCEF,CEFIXIMA,400mg,Comprimidos Revestidos,"Blister de 1, 6, 8 e 12 comprimidos"
"MEDIS FARMACÊUTICA, LDA",LAURODERME Pasta,ÁCIDO BÓRICO+ÓXIDO DE ZINCO+ÁCIDO SALICÍLICO,3g + 9.5g + 0.5g/100mg,Pasta cutânea,"Embalagem de 30g, 50g e de 100g"
"MEDIS FARMACÊUTICA, LDA",LAURODERME Líquido cutâneo,ÓXIDO DE ZINCO+ÁCIDO SALICÍLICO+ÁCIDO BÓRICO,9.5g + 0.5g + 3g/100mg,Líquido cutâneo,FRASCO 150ml
"MEDIS FARMACÊUTICA, LDA",TOSSEQUE,"Bromexina, cloridrato",0.8mg/ml,Xarope,Frasco de 200 ml e 60ml
"MEDIS FARMACÊUTICA, LDA",LAURODERME PÓ,ÓXIDO DE ZINCO+ÁCIDO SALICÍLICO+ÁCIDO BÓRICO+DIÓXIDO DE TITÂNIO+PERÓXIDO DE ZINCO,"2,3g + 0,2g + 3g + 2g +1g/100mg",Pó,EMBALAGEM  DE 50g E 100g
"MEDIS FARMACÊUTICA, LDA",LAURODERME Creme,ÓXIDO DE ZINCO+ÁCIDO SALICÍLICO+ÁCIDO BÓRICO,9.5g + 0.5g + 3g/100mg,Creme,EMBALAGEM  DE 50g E 100g
WELL WORTH LDA,FUROMIDA,Furosemida,40mg,Comprimidos,Blisters 10x10
"MEDIS FARMACÊUTICA, LDA",ECAPRIL,LISINOPRIL,20mg,Comprimidos,"Blister de 10, 20, 30, 60 e 100 comprimidos"
WELL WORTH LDA,DOLAPYN,Paracetamol + Diclofenac,500mg + 50mg,Comprimidos,Blisters 10x10
WELL WORTH LDA,ASTHALIN INHALER (CFC free),"Salbutamol, Sulfato",100mcg,Aerossol pressurizado para Nebulização,Frasco com válvula adaptadora e doseador oral (Bomba) de 200 doses
"MEDIS FARMACÊUTICA, LDA",AMBROXOL FLUIDOX,"Ambroxol, cloridrato",30mg/5ml,Xarope,Frasco 200ml
"MEDIS FARMACÊUTICA, LDA",PROTON,Omeprazol,20mg,cápsulas gastro-resistentes,"Blister de 14, 28 e 56 Cápsulas"
"MEDIS FARMACÊUTICA, LDA",AMBROXOL FLUIDOX® COMPRIMIDOS,"Ambroxol, cloridrato",30mg,Comprimidos,EMBALAGEM  DE 20 Comprimidos
WELL WORTH LDA,NEOZOL Suspensão,Metronidazol,200mg/5ml,Suspensão Oral,Frasco 100ml
"ORANE PHARMA, Lda",HEXAVITE,"Vitamina A, Acetato + Colecalciferol + Tiamina, mononitrato + Riboflavina + Ác. Ascórbico + Nicotinamida,",2500UI + 300UI + 1mg + 1mg + 15mg + 7.5mg,Comprimidos,Blisters 10x10
"ORANE PHARMA, Lda",ALBENZ,Albendazol,400mg,Comprimidos,Blisters 1x10
PROFARMA,METAPRED,Prednisolona,5mg,Comprimidos,"Blisters 10x10, 100 blister de 10, Frascos de 500 e 1000 comprimidos"
"MEDIS FARMACÊUTICA, LDA",VITERNUM,Di-hexazina,0.12 g/200ml,Pó para Solução Oral,"Saqueta com 2,5 g de pó e frasco com 200 ml de solvente"
"MEDIS FARMACÊUTICA, LDA",VITERNUM,Di-hexazina,6mg,Comprimidos,Blister de 20 e 60 comprimidos
"MEDIS FARMACÊUTICA, LDA",PARAMOLAN 250,Paracetamol,250mg,Supositórios,Blistres de 5 suposutórios
"MEDIS FARMACÊUTICA, LDA",PARAMOLAN 125,Paracetamol,125mg,Supositórios,Blistres de 5 supositórios
"MEDIS FARMACÊUTICA, LDA",MINOTREX,Minociclina,100mg,Cápsulas,CXS 16 CÁPS
"MEDIS FARMACÊUTICA, LDA",MEDALGINAN,Dietilamina,50mg/g,Gel,Bisnagas 100 g
"MEDIS FARMACÊUTICA, LDA",CICLOVIRAL 800,Aciclovir,800mg,Comprimido,Embalagem  de 25 e de 35 comprimidos
"MEDIS FARMACÊUTICA, LDA",CICLOVIRAL 400,Aciclovir,400mg,Comprimido,EMBALAGEM  DE 25 COMP
"MEDIS FARMACÊUTICA, LDA",CICLOVIRAL 200,Aciclovir,200mg,Comprimido,EMBALAGEM  DE 25 COMP
WELL WORTH LDA,NEOFOL,Ácido Fólico,5mg,Comprimidos,Blisters 10x10
MAPUTO HEALTH CARE Lda,URINEG 300,Ácido Nalidíxico,300mg/5ml,Suspensão Oral,frasco 100ml
"MEDIS FARMACÊUTICA, LDA",URO-VAXOM,Lisado Bactériano de  Escheríchia colí,6mg,Cápsulas,Embalagens de 30 Comp
MAPUTO HEALTH CARE Lda,GRAVICARE,Citrato de ferro amonico + Ácido fólico + Vit. B1 + Vit. B6 + nicotinamida + Vit. B12,45mg + 0.5mg + 1.0mg + 2.0mg + 10mg + 18mcg/5ml,Xarope,frasco de 300ml
"MEDIS FARMACÊUTICA, LDA",BRONCHO-VAXOM Infantil..,"Liofilizado  om-85 - [lisado de bacteriano (H. Influenzae, S. pneumoniae; K. pneumoniae e Ozoneae; S. Aureus; S.Pyogenes eviridans; M.Catarrhalis) + Galhato de propilo + Glutamato de sódio + Manitol]",20mg (3.5mg + 0.042mg + 1.515mg + 20mg),Cápsulas,3 Blisteres de 10 Cápsulas
"MEDIS FARMACÊUTICA, LDA",BRONCHO-VAXOM infantil,"Liofilizado  om-85 - lisado de bacteriano (H. Influenzae, S. pneumoniae; K. pneumoniae e Ozoneae; S. Aureus; S.Pyogenes eviridans; M.Catarrhalis)",20mg (3.5mg + 0.042mg + 1.515mg + 20mg),Granulado,Blisteres de 3 x 10 saquetas
"MEDIS FARMACÊUTICA, LDA",BRONCHO-VAXOM Adulto,Liofilizado  om-85,40mg,Cápsulas,Blisteres de 3 x 10 Comp
MEDIMPORT LDA,AMARYL,Glimepiride,2mg,Comprimidos,6 Carteiras x 10 Comp e de 30 comprimidos
MEDIMPORT LDA,AMARYL,Glimepiride,4mg,Comprimidos,6 Carteiras x 10 Comp e de 30 comprimidos
"MEDIS FARMACÊUTICA, LDA",PARAMOLAN,Paracetamol,120mg/5ml,Solução Oral,Frascos de 200ml
AFRI FARMÁCIA LDA,LYFE - Sais de Rehidratação Oral,Glicose + cloreto de sódio + citrato de sódio + Cloreto de Potássio,13.5g + 2.6g + 2.9g + 1.5g,Pó para Solução Oral,50 saquetas de pó para preparação de 1000ml  Solução e 50 saquetas de pó para preparação de 500ml  Solução
FARMACÊUTICA AUSTRAL,TROPICIL TOP®,Tropicamida,10mg/ml,"Colírio, Solução",Frasco conta gotas de 10ml
FARMACÊUTICA AUSTRAL,TIMOGLAU®,"Timolol, maleato",5mg/ml,"Colírio, Solução",Frasco conta gotas de 7.5ml
FARMACÊUTICA AUSTRAL,PSODERMIL®,Ácido Salicílico + Diproprionato de Betametasona,30mg/g + 0.64mg/g,Pomada,Bisnaga de 30 g
FARMACÊUTICA AUSTRAL,PSODERMIL,Ácido Salicílico + Diproprionato de Betametasona,20mg/ml + 0.5mg/ml,Solução cutânea,FRASCOS DE 100 ML
FARMACÊUTICA AUSTRAL,GENTOCIL,"Gentamicina, Sulfato",3mg/ml,Colírio,Frasco conta gotas de 5 ml
MISSIONPHARMA MOÇAMBIQUE,NISTATINA,Nistatina,100.000 UI/ml,Suspensão Oral,Frasco de 30ml
MISSIONPHARMA MOÇAMBIQUE,CLOTRIMAZOL ÓVULO VAGINAL USP,Clotrimazol,100mg,Comprimidos vaginais,Blister de 6 comprimidos e 10 x 5 inserções
FARMACÊUTICA AUSTRAL,ZP DERMIL CHAMPÓ,Piritionato de zinco,20mg/g,Champô,frasco de 120ml e de 200ml
FARMACÊUTICA AUSTRAL,LASSADERMIL®,Óxido de Zinco + Amido de trigo,250mg/g + 250mg/g,Pomada,Bisnagas de 25g
MAPUTO HEALTH CARE Lda,FUROSEMIDA,Furosemida,10mg/ml,Solução Injectável,frasco 2ml
MAPUTO HEALTH CARE Lda,DANAMAP 200,Danazol,200mg,Cápsulas,3x10 cap
MAPUTO HEALTH CARE Lda,ASTHAGO,"Salbutamol, Sulfato",5mg,Aerossol pressurizado para Nebulização,frasco 15ml
MEDIMPORT LDA,TAXOTERE 80/2,Docetaxel,80mg/2ml,Solução Injectável,1Frasco
MEDIMPORT LDA,TAXOTERE 20/0.5,Docetaxel,20mg/0.5ml,Solução Injectável,1Frasco
"MEDIS FARMACÊUTICA, LDA",AEROMAX NASAL,Budesonida,100mcg/dose,Suspensão para pulverização nasal,Embalagens de 200 Doses
MAPUTO HEALTH CARE Lda,INACAIN,Fenazona + Procaina,5%+1%,Gotas auriculares,frasco 10ml
MAPUTO HEALTH CARE Lda,DERMISIL,Sulfadiazina de Prata,10mg,Creme tópico,BISNAGA DE 15 GR
MAPUTO HEALTH CARE Lda,MILORIC,Alopurinol,100mg,Comprimidos,10 Blisters x 10 comprimidos
MAPUTO HEALTH CARE Lda,LIMPODINE,IODOPOVIDONA,5%w/w,Pomada,CAIXA COM UMA BISNAGA DE 15G
MAPUTO HEALTH CARE Lda,CIPROM,"Ciprofloxacina, Cloridrato","0,3%",Solução Oftálmica,CAIXAS COM FRSCOS  5ML
MAPUTO HEALTH CARE Lda,BENZOATO DE BENZILO 25%,Benzoato de Benzilo,25%,Emulsão Cutânea,FRASCOS PLASTICOS DE 100ML
MAPUTO HEALTH CARE Lda,BELEMET INJECTION,Metoclopramida,5mg/ml,Solução Injectável,frasco de 2ml
"MEDIS FARMACÊUTICA, LDA",TANSULOSINA BALDACCI,"Tansulosina, Cloridrato",0.4mg,Cápsula de libertação prolongada,"Embalagens de 10, 20, 30, 40 e 60 Comp"
"MEDIS FARMACÊUTICA, LDA",HEMOFISSURAL,"Óxido de Zinco + Dioxido de Titânio + tetracaina, cloridrato",8.5g/100g + 3.0g/100g + 1.0g/100g + 1.5g/100g,Pasta cutânea,Bisnagas de 20g
"MEDIS FARMACÊUTICA, LDA",DOXI-OM,Dobesilato de Cálcio,500mg,Cápsulas,CaRTEIRA  DE 2 e 6 x 10 COMP
MAPUTO HEALTH CARE Lda,TIMOT,Timolol,0.0005,Solução Oftálmica,frasco 10ml
MAPUTO HEALTH CARE Lda,MECOSPRIN,Ácido Acetilsalicílico,500mg,Comprimidos,EMBALAGEM 10X10
MAPUTO HEALTH CARE Lda,FENOX - 250,Penicilina V,250mg/5ml,Suspensão Oral,FRASCO 100ml
MAPUTO HEALTH CARE Lda,CLOXACILINA -500,Cloxacilina Sódica,500mg,Cápsulas,10 blister de 10 comprimidos
"GENERICS & SPECIALITIES, Lda",CEDOR,Paracetamol,500mg,Comprimidos,Embalagens 10X10 e 50x10
MAPUTO HEALTH CARE Lda,MOPAR - 125,Paracetamol,125mg/5ml,Suspensão Oral,Frasco 100ml
MAPUTO HEALTH CARE Lda,MOFER-F,sulfato ferroso + ácido folico,200mg+0.25mg,Comprimidos Revestidos,10X10
MAPUTO HEALTH CARE Lda,MHC- CLAVAMOC 625,Amoxicilina + Ácido Clavulânico,500mg + 125mg,Comprimidos Revestidos,1x6
MAPUTO HEALTH CARE Lda,MAXIGEL SUSPENSION,Hidróxido de alumínio + Hidróxido de magnésio + simeticone,300mg + 200mg + 25mg,Suspensão Oral,FRASCOS DE 100 ML
MAPUTO HEALTH CARE Lda,ALBEX-400,Albendazol,400mg,Comprimido Mastigável,1 blister de 1 comprimidos
MAPUTO HEALTH CARE Lda,MOSAL SYRUP,"Salbutamol, Sulfato",2mg/5ml,Xarope,frasco 100ml
PROFARMA,METAMOX-500,Amoxicilina,500mg,Cápsulas,"Blisters 10x10 e 50x10, Frascos de 500 e 1000 comprimidos"
PROFARMA,METADIL,"Clorfeniramina, maleato",4mg,Comprimidos,Blisters 10x10 e 100x10 e Frascos de 500 e 1000 comprimidos
PROFARMA,INDOSULE,Indometacina,25mg,Cápsulas,Blisters 10x10
"GENERICS & SPECIALITIES, Lda",G-ZOLE,Albendazol,400mg,Comprimidos,embalagem de 1 comprimido
"GENERICS & SPECIALITIES, Lda",GENSPRIN,Ácido Acetilsalicílico,500mg,Comprimidos,Embalagens 10X10
"GENERICS & SPECIALITIES, Lda",GENLYTE,Dextrose + Cloreto de Sódio + Cloreto de Potássio + Citrato de Sódio (Sais de rehidratação oral),"13,500mg + 2,600mg + 1,500mg + 2,900mg",Pó para Solução Oral,Saqueta de 21g
"GENERICS & SPECIALITIES, Lda",ANOMEX,"Hidrocortisona, Acetato + Lidocaína + Alantoína + óxido de zinco","0,25%w/w+3%w/w+5%w/w+5%w/w",Supositório,Blister de 5 supositórios
"GENERICS & SPECIALITIES, Lda",IBUGEN,Paracetamol+Ibuprofeno+Cafeina,325mg+200mg+40mg,Comprimidos,Embalagens 10X10 e de 1 x 10
"GENERICS & SPECIALITIES, Lda",GENTOSSE,Hidrobrometo de dextrometorfano + Bromexina + Cloreto de amónio,10mg + 8mg + 100mg,Xarope,Frasco de 100ml
MISSIONPHARMA MOÇAMBIQUE,SULFATO FERROSO,Sulfato ferroso,200mg,Comprimidos,Frasco de 1000 comprimidos
WELL WORTH LDA,NEOSTEN,Clotrimazol,100mg,Comprimidos vaginais,Blister 6 + aplicador
WELL WORTH LDA,NEOSTEN,Clotrimazol,0.01,Creme,Bisnaga de 20g
WELL WORTH LDA,NEOGESIC RAPID FORTE,Salicilato de Metilo BP + Mentol USP + Óleo de Eucalipto + Óleo de Terpentina,15%w/w + 6%w/w + 2%w/w + 1.5%w/w,Pomada,Bisnaga de 25g
WELL WORTH LDA,BENDEX,Albendazol,200mg/5ml,Suspensão Oral,Frasco de 10ml
WELL WORTH LDA,BECLATE 100 HF INHALER,"Betametasona, diproprionato",100mcg/dose (200 doses),Aerossol pressurizado para Nebulização,Frasco com válvula adaptadora e doseador oral (Bomba) de 200 doses
MISSIONPHARMA MOÇAMBIQUE,SULFATO ÁCIDO DE KANAMICINA,"Kanamicina, Sulfato",2g,Pó para Injectável,Embalagem com 25 ampolas
AFRI FARMÁCIA LDA,UMITOL-200,Carbamazepina,200mg,Comprimidos,EMBALAGEM 100 COMP (10x10)
AFRI FARMÁCIA LDA,SPIROLON-25,Espironolactona,25mg,comprimidos revestidos,embalagem de 100 Comprimidos e de 5 x10´s
AFRI FARMÁCIA LDA,ALOPRON 100,Alopurinol,100mg,Comprimidos,EMBALAGEM DE 100 COMP(10x10)
MAPUTO HEALTH CARE Lda,NISMOX DRY SYRUP 250,"Amoxicilina, Trihidrato",250mg/5ml,Pó para Suspensão Oral,frasco 100 e 60ml
MAPUTO HEALTH CARE Lda,NISCLOR 125,Clorafenicol palmitato,125mg/ml,Suspensão Oral,frasco 100ml
MAPUTO HEALTH CARE Lda,BIODEC SYRUP,Vit.A+vitD3+vitB1+vitB2+D-pentenol+Niacinamida+vitB6+vitB12+vitE+monohidrato L-lisina,2500UI+200UI+2.5mg+2.5mg+2.5mg+25mg+1mg+3mcg+10mg+10mg,Xarope,frasco 100ml
MAPUTO HEALTH CARE Lda,AZINIS,Azitromicina,500mg,Cápsulas,10 blister de 6 cápsulas e 2 blisters de 3 capsulas
AFRI FARMÁCIA LDA,UMETAC-300,Ranitidina,300mg,Comprimidos Revestidos,EMBALAGEM 100 COMP Blisters (10x10)
AFRI FARMÁCIA LDA,SALBUTAMOL,"Salbutamol, Sulfato",2mg,Comprimidos,EMBALAGEM 100 COMP(2x5x10)
AFRI FARMÁCIA LDA,MEBENDAZOL,Mebendazol,100mg,Comprimidos,EMBALAGEM 100 COMP Blisters (10x10)
AFRI FARMÁCIA LDA,CLAVOMID 625,Amoxicilina + Ácido Clavulânico,500mg + 125mg,Comprimidos,1 Blister de 20 comp e 2 x 10´s
AFRI FARMÁCIA LDA,CLAVOMID 375,Amoxicilina + Ácido Clavulânico,375mg,Comprimidos,1 Blister de 20 comp e 2 x 10´s
AFRI FARMÁCIA LDA,CIMET-400,Cimetidina,400mg,Comprimidos,EMBALAGEM 100 COMP Blisters (10x10)
AFRI FARMÁCIA LDA,CIMET-200,Cimetidina,200mg,Comprimidos,EMBALAGEM 100 COMP Blisters (10x10)
BAYER SCHERING PHARMA MOÇAMBIQUE,ULTRAPROCT,"FLUOCORTOLONA,pivalato+LIDOCAÍNA,cloridrato",1mg/g+ 20mg/g,Creme,Bisnagas de 30G ou 50G
BAYER SCHERING PHARMA MOÇAMBIQUE,TESTOVIRON DEPOT,"Testosterona, enantato",250mg/ml,Solução Injectável,EMBALGEM DE 1AMPOLA
AFRI FARMÁCIA LDA,SALBUTAMOL,"Salbutamol, Sulfato",4mg,Comprimidos,EMBALAGEM 100 COMP(2x5x10)
BAYER SCHERING PHARMA MOÇAMBIQUE,MIGRASPIRINA,Ácido Acetilsalicílico,500mg,Comprimido Efervescente,Embalagem 12 e 24  Comprimidos
BAYER SCHERING PHARMA MOÇAMBIQUE,MICROGINON,Etinilestradiol + Levonorgestrel,0.03mg + 0.15mg,Comprimidos Revestidos,EMBALAGEM COM BLISTERS DE 21 OU 63 UNIDADES
BAYER SCHERING PHARMA MOÇAMBIQUE,ASPIRINA-500MG,Ácido Acetilsalicílico,500mg,Comprimidos,EMBALAGEM  20 COMP
BAYER SCHERING PHARMA MOÇAMBIQUE,ASPIRINA C,Ácido Acetilsalicílico + Ácido Ascórbico,400mg+240mg,Comprimido Efervescente,EMBALAGEM  10 COMP ENFERVESCENTES
BAYER SCHERING PHARMA MOÇAMBIQUE,ANDROCUR,"Ciproterona, acetato",100mg,Comprimidos,EMBALAGEM  COM (3X10) COMP
BAYER SCHERING PHARMA MOÇAMBIQUE,ADVANTAN POMADA,Aceponato de Metilprednisolona,1mg/g,Pomada,Bisnaga de 30 G
BAYER SCHERING PHARMA MOÇAMBIQUE,ADVANTAN CREME,Aceponato de Metilprednisolona,1mg/g,Creme,Bisnaga de 30 G
"GENERICS & SPECIALITIES, Lda",RINGER LACTATE SOLUTION FOR INJECTION,Lactato de Sódio Composto Bp,0.240g + 0.115g + 0.600g,Solução Injectável,Frasco de 500ml
"GENERICS & SPECIALITIES, Lda",HYGEN,Hidroclorotiazida,50mg,Comprimidos,"Embalagem 10X10, 500"
"GENERICS & SPECIALITIES, Lda",AMILOGEN,"Amilorido, Hidrocloreto",5mg,Comprimidos,Embalagem 10X10 de 500 e 1000 cáps
AFRI FARMÁCIA LDA,UMERAN-75,Diclofenac sódico,75mg/3ml,Injectável,100 Ampolas (10x10)
AFRI FARMÁCIA LDA,CYCLOVAX-400,Aciclovir,400mg,Comprimidos,EMBALAGEM DE 100 COMP(10x10) e de 1 x 10
AFRI FARMÁCIA LDA,CYCLOVAX-200,Aciclovir,200mg,Comprimido,EMBALAGEM DE 100 COMP(10x10) e de 3 x 10
"MEDIS FARMACÊUTICA, LDA",VENOSMIL GEL,Hidrosmina,20mg/g,Gel,Embalagens de 40g ou 100g
"MEDIS FARMACÊUTICA, LDA",VENOSMIL,Hidrosmina,200mg,Cápsulas,Blisteres de 20 e 60 Cápsulas
"MEDIS FARMACÊUTICA, LDA",FENIL-V,Diclofenac sódico,75mg/2ml,Injectável,3 e 60 Ampolas
"GENERICS & SPECIALITIES, Lda",MODUGEN,Amilorido Hidrocloreto + Hidroclortiazida,5mg+50mg,Comprimidos,Embalagem 10X10 de 500 e 1000 cáps
"GENERICS & SPECIALITIES, Lda",EFAVIRENZ 600,Efavirenz,600mg,Comprimidos Revestidos,Frasco de 30 comprimidos
MAPUTO HEALTH CARE Lda,NISGES-25,Indometacina,25mg,Cápsulas,10 blister de 10 cap
MAPUTO HEALTH CARE Lda,MOZVIT,VitA+VitB1+VitB2+VitB6+Ácido Fólico+VitB12+VitD3+VitE,"1600+1+1+0,5+1mg+2mcg+100u.i+5u.i",Comprimidos Revestidos,10blister de 10 comp
MAPUTO HEALTH CARE Lda,GYNACARE-100,Clotrimazol,100mg,Comprimidos vaginais,blister de 6 comp
"MEDIS FARMACÊUTICA, LDA",PANKREOFLAT,Pancreatina + Dimeticone,172mg+80mg,Comprimidos,Blisteres de 60 Comp
"GENERICS & SPECIALITIES, Lda",GENDOX,Doxiciclina,100mg,Cápsulas,Embalagem 10X10
MAPUTO HEALTH CARE Lda,ARTEFAN 40/240,Arteméter + Lumefantrina,40mg + 240mg,Comprimidos,Blisters 2 x 6 comprimidos
MAPUTO HEALTH CARE Lda,ARTEFAN 20/120,Arteméter + Lumefantrina,20mg + 120mg,Comprimidos,"Blisters 3x8 comprimidos, 30x6, 30x12"
PROFARMA,QUININA SULFATO COMP,"Quinina, Sulfato",300mg,Comprimidos revestidos,Blisters 10x10
MEDIMPORT LDA,ARTESUNATE AMODIAQUINE WINTROP,Artesunato + Amodiaquina,50mg + 135mg,Comprimidos,"1x3, 25x3 e 25x6"
MEDIMPORT LDA,ARTESUNATE AMODIAQUINE WINTROP,Artesunato + Amodiaquina,100mg + 270mg,Comprimidos,"1x3, 6, 25x3 e 25x6"
MEDIMPORT LDA,ARTESUNATE AMODIAQUINE WINTROP,Artesunato + Amodiaquina,25mg + 67.5mg,Comprimidos,1x3 e 25x3
MAPUTO HEALTH CARE Lda,NYSTIN,Nistatina,"100,000ui/5ml",Suspensão Oral,frasco 30ml
MAPUTO HEALTH CARE Lda,FENOX - 500,Penicilina V,500mg,Comprimidos,10 blister de 10comp
MAPUTO HEALTH CARE Lda,FENOX - 125,Penicilina V Potássica,125mg/5ml,Suspensão Oral,frasco 100ml
"MEDIMOC, SA",OMEPRAZOL,Omeprazol,20mg,Cápsulas,embalagem de 14 Cápsulas
"MEDIMOC, SA",NISTATINA,Nistatina,100.000UI/ml,Suspensão Oral,Frasco de 50ml
"MEDIMOC, SA",COLÍRIO TEUTO,"Nafazolina, Cloridrato + Sulfato de Zinco","0,15mg/ml+0,3mg/ml",Solução Oftálmica,Frasco de 20ml
"MEDIMOC, SA",CAPTOPRIL,Captopril,25mg,Comprimidos,Embalagem 30 comp
"MEDIMOC, SA",ATENOLOL 50,Atenolol,50mg,Comprimidos,Embalagens 1X28/ 1X30
MAPUTO HEALTH CARE Lda,NYSTIN V,Nistatina,100.000 U.I,Comprimidos vaginais,blister de 14 comp
MAPUTO HEALTH CARE Lda,LUXODOPA-250,Metildopa,250mg,Comprimidos Revestidos,10blister de 10 comp
MAPUTO HEALTH CARE Lda,GENTAMICINA GOTAS OFTÁLMICAS B.P,"Gentamicina, Sulfato",30mg/10ml,Solução Oftálmica,frasco 10ml
MAPUTO HEALTH CARE Lda,CLORANFENICOL GOTAS OFTÁLMICA,Cloranfenicol,"0,5% W/V/ml",Solução Oftálmica,frasco 10ml
AFRI FARMÁCIA LDA,LOKIT,Omeprazol,20mg,Cápsulas,EMBALAGEM 100 CÁPS(10x10)
AFRI FARMÁCIA LDA,CIAVITA,Tiamina (Vit. B1) + Riboflavina (Vit. B2) + Nicotinamida,"1,2mg + 1,2mg + 17,25mg",Comprimidos,EMBALAGEM 100 COMP
MAPUTO HEALTH CARE Lda,CARDICARE RETARD 30ER,Nifedipina,30mg,Comprimidos,Blisters 10x10
MAPUTO HEALTH CARE Lda,CARDICARE RETARD 20ER,Nifedipina,20mg,Comprimidos,Blisters 10x10
"GENERICS & SPECIALITIES, Lda",GENDOL S,Paracetamol,125mg/5ml,Suspensão Oral,"Embalagem contendo frasco ambar, PET de 100ml"
"MEDIMOC, SA",SULFAMETOXAZOL+TRIMETOPRIM,Sulfametoxazol + Trimetoprim,400mg + 80mg,Comprimidos,Embalagen 10X10
"MEDIMOC, SA",SULFAMETOXAZOL+TRIMETOPRIM,Trimetoprim + sulfametoxazol,40mg/ml + 8mg/ml,Suspensão Oral,Frasco de 100ml
"GENERICS & SPECIALITIES, Lda",SPASGEN,"Butilescopolamina,Brometo BP 10mg",10mg,Comprimido revestido,"embalagens de 500 e de 1000 comprimidos, 10x2 comprimidos, 10x10 comprimidos"
"MEDIS FARMACÊUTICA, LDA",GLUCOSAMINA GLUSINA,"Glucosamina, Sulfato de Sódio",1500mg,Pó para Solução Oral,"embalagem de 7, 20 e de 60 saquetas"
"MEDIMOC, SA",FERRONIL,Sulfato Ferroso,40mg,Comprimidos Revestidos,50 comprimidos
"GENERICS & SPECIALITIES, Lda",CLAVUGEN-625,Amoxicilina + Clavulanato de Potássio,500mg + 125mg,Comprimidos,2x10 blisters
MEDIMPORT LDA,NO SPA,Drotaverina,40mg,Comprimidos,Embalagem de 20 e de 100 comprimidos
"MEDIS FARMACÊUTICA, LDA",HIDANTINA,Fenitoína,100mg,Comprimidos Revestidos,Embalagem de 20 e 60 comprimido
"MEDIS FARMACÊUTICA, LDA",FENIL-V Gelcreme,Diclofenac,10mg/g,Gel,Bisnaga de 100g
"MEDIS FARMACÊUTICA, LDA",FENIL V Dispersivel,Diclofenac Sódico,46.5mg,Comprimido Dispersível,Embalagem de 10 e 60 comprimidos
MEDIMPORT LDA,APROVEL,Irbesartan,150mg,Comprimidos,Embalagem de 28 comprimido
MEDIMPORT LDA,APROVEL,Irbesartan,300mg,Comprimidos,Embalagem de 28 comprimido
MAPUTO HEALTH CARE Lda,URINEG 500,Ácido Nalidíxico,500mg,Comprimidos,10 blister de 10comp
MAPUTO HEALTH CARE Lda,T & T NASAL DROPS,Cloreto de Sódio,1%,Solução Nasal,frasco 20ml
MAPUTO HEALTH CARE Lda,MUCORON,"Bromexina, Cloridrato",4mg/5ml,Xarope,frasco 100ml
MAPUTO HEALTH CARE Lda,CIT-C,Ácido Ascórbico + ascorbato de sódio,200mg+338mg,Comprimido Mastigável,embalagem de 10 x10
MAPUTO HEALTH CARE Lda,T & T GRIPE WATER,Bicarbonato de Sódio + mentol + Óleo de semente de anis + Óleo de funcho + Solução de sorbitol a 70%,"40mg + 0,500mg + 0,000375ml + 0,00075ml + 0,11ml",Solução Oral,Frasco de 130ml
PROFARMA,TETRACICLINA CÁPSULAS,Tetraciclina,500mg,Cápsulas,Blisters 10x10 e 50x10 e Frascos de 500 e 1000 cápsulas
PROFARMA,NAPRIL-10,"Enalapril, maleato",10mg,Comprimidos,"Blisters 10x10, 50x10 e 100x10 e Frascos de 1000 comprimidos"
PROFARMA,NALOP-20,"Enalapril, maleato",20mg,Comprimidos,"Blisters 10x10, 50x10 e 10x10 e Frascos de 1000 comprimidos"
"MEDIS FARMACÊUTICA, LDA",BROMALEX,Bromazepam,"1,5mg",Comprimidos,Embalagem de 20 e 40 comprimidos
"MEDIS FARMACÊUTICA, LDA",BROMALEX,Bromazepam,3mg,Comprimidos,Embalagem de 20 e 40 comprimidos
"MEDIS FARMACÊUTICA, LDA",BROMALEX,Bromazepam,6mg,Comprimidos,Embalagem de 20 e 40 comprimidos
AFRI FARMÁCIA LDA,ERGAGIN,"Metilergometrina, maleato",0.2mg/ml,Solução Injectável,10 ampolas de 1ml
"MEDIMOC, SA",NAPROXENO,Naproxeno,500mg,Comprimidos,embalagem de 20 comprimidos
"MEDIMOC, SA",LISINOPRIL,Lisinopril dihidratado,10mg,Comprimidos,30 Comprimidos
"MEDIMOC, SA",DIMEZIN EMULSÃO,Simeticone,75mg/ml,Emulsão Oral,50 frascos de 10ml
"MEDIMOC, SA",CLORIDRATO DE VANCOMICINA,Vancomicina HCL,500mg,Pó liofilizado para solução injectável,1 Frasco de e 50 frascos de
"MEDIMOC, SA",CLORIDRATO DE METOCLOPRAMIDA,"Metoclopramida, Cloridrato",5mg/ml,Injectável,120 ampolas de 2ml
"GENERICS & SPECIALITIES, Lda",GENSONE,Prednisolona,5mg,Comprimidos,embalagem de 10X10
"MEDIMOC, SA",CLORIDRATO DE PROPRANOLOL,"Propranolol, Cloridrato",40mg,Comprimidos,30 e 100 Comprimidos
"MEDIMOC, SA",CLORIDRATO DE AMBROXOL PEDIÁTRICO,"Ambroxol, cloridrato",3mg/ml,Xarope,Frasco de 120ml
"MEDIMOC, SA",CLORIDRATO DE AMBROXOL ADULTO,"Ambroxol, cloridrato",6mg/ml,Xarope,Frasco de 120ml
"GENERICS & SPECIALITIES, Lda",CIPROGEN,Ciprofloxacina,500mg,Comprimidos Revestidos,Blisters de 10x10
"GENERICS & SPECIALITIES, Lda",CLAVUGEN-156.25MG DRY SYRUP,Amoxicilina + Clavulato de Potássio,125mg/5ml + 31.25mg/5ml,Pó para Suspensão Oral,
"MEDIS FARMACÊUTICA, LDA",VENTILAN Inhaler,"Salbutamol, Sulfato",100mcg/dose,Suspensão Pressurizada para inalação,Frasco com 200 doses
"MEDIS FARMACÊUTICA, LDA",DERMOVATE Pomada,Propionato de Clobetasol,0.5mg/g,Pomada,Bisnaga de 30g
"MEDIS FARMACÊUTICA, LDA",BETNOVATE® Creme,"Betametasona, valerato",1mg/g,Creme,Bisnaga de 30g
PROFARMA,PROPRANOLOL COMPRIMIDOS BP 40mg,Propranolol,40mg,Comprimidos,10 blister de 10comp
AFRI FARMÁCIA LDA,MUCO ASTHALIN,Salbutamol + Bromexina + Mentol,2mg/5ml + 4mg/5ml + 1mg / 5ml,Xarope,Frasco de 100ml
PROFARMA,FRUREX,Furosemida,40mg,Comprimidos,"Caixa de 10 blisteres de 10 comp, Frasco de 100, 500, e 1000 comprimidos"
PROFARMA,ERYC- S 500,Eritromicina,500mg,Comprimidos Revestidos,"Blisters de 10x10, Frascos de HDPE de 100 Comp e de 1000 Comp"
MAPUTO HEALTH CARE Lda,TRUPRIM SUSPENSION,Trimetoprim + Sulfametoxazol,205mg + 41mg,Suspensão Oral,frasco de 100ml
MAPUTO HEALTH CARE Lda,COLDGRIP,Paracetamol+Cafeína anidra+ Cloridrato de Fenilefrina+Maleato de Clorfeniramina,500mg + 30mg + 10mg + 2mg,Comprimidos,embalagem de 10 x10 e Embalagem com 25 blisters de 4 comprimidos
PROFARMA,METACYCLINE,"Tetraciclina, Hidrocloreto",30mg/g,pomada,Bisnaga de 15g
"MEDIS FARMACÊUTICA, LDA",BENYLIN With Codeine,"Difenidramina, Hidrocloreto + Fosfato de Codeína + Cloreto de Amónio",12.50mg + 10mg + 125mg/ 5ml,Xarope,100ml e 200ml
"MEDIS FARMACÊUTICA, LDA",BENYLIN Wet Cough,Guaíafenasína,200mg/10ml,Solução Oral,"frasco de 50ml, 100ml, 200ml e saquetas de 10ml"
"MEDIS FARMACÊUTICA, LDA",BENYLIN Original,"Difenidramina, Hidrocloreto + Cloreto de Amónio",12.50mg/5ml + 125mg/5ml,Xarope,100ml e 200ml
"MEDIS FARMACÊUTICA, LDA",BENYLIN Four Flu Liquid,"Difenidramina, Hidrocloreto + Paracetamol + Pseudoefedrína, Hidrocloreto",25mg+ 1000mg + 45mg/ 20ml,Solução Oral,100ml e 200ml
"MEDIS FARMACÊUTICA, LDA",BENYLIN Children´s Wet Cough,Guaíafenasína,100mg,Solução Oral,100ml
"MEDIS FARMACÊUTICA, LDA",BENYLIN Children´s,"Difenidramina, Hidrocloreto + Cloreto de Amónio",12.50mg + 125mg,Xarope,200ml
MAPUTO HEALTH CARE Lda,RHEUMACARE,Diclofenac dietilamina,"11,6mg/g",Gel,Bisnaga de 20g
MAPUTO HEALTH CARE Lda,MHC WHITFIELD,Ácido Benzóico + Ácido Salicílico,60mg/g + 30mg/g,Pomada tópica,Bisnaga com 20g
MAPUTO HEALTH CARE Lda,MHC CANDIFER SOLUTION,Clotrimazol,10mg/ml,Solução tópica,Frasco de 15ml
MAPUTO HEALTH CARE Lda,MHC CANDIFER,Clotrimazol,10mg/g,Creme tópico,Bisnaga de 20g e 30g
MAPUTO HEALTH CARE Lda,ITCHCARE,Diproprionato de Betametasona + ácido folico,0.640mg/g + 30mg/g,Pomada,Bisnaga de 15g
MAPUTO HEALTH CARE Lda,HERPACARE,Aciclovir,50mg/g,Creme,Bisnagas de 5g
"GENERICS & SPECIALITIES, Lda",KONTRAC -200,Misoprostol,200mcg,Comprimidos,1 blister de 2 comprimidos e 10x10
MAPUTO HEALTH CARE Lda,PARAGRAIN,Tartarato de Ergotamina + cafeína,1mg+ 100mg,Comprimidos,embalagem de 1 x10
MAPUTO HEALTH CARE Lda,LUXOGYL -250,Metronidazol,250mg,Comprimidos,embalagem de 10 x10
MAPUTO HEALTH CARE Lda,BRONCOLUX-2.5,"Terbutalina, Sulfato",2.5 mg,Comprimidos,embalagem de 10 x10
"GENERICS & SPECIALITIES, Lda",FOURTS B CÁPSULES,"Tiamina ,Nitrato + Riboflamina + Piridoxina, Hidrocloreto +Nicotinamida+ácido ascórbico+Monohidrato de sulfato de zinco+ Cloreto de crómio+ Selenite de Sódio+ Colec alciferol+Acetil  cesteina+Glicina+ácido glutâmico+ ácido Fólico",12.5mg + 11.5mg + 3.45mg + 54mg + 84.75mg + 55mg + 1.025mg + 0.22mg + 0.24mg + 0.02mg + 25.62mg + 25mg + 27mg + 1.30mg,Cápsulas,embalagem de 3X10
MAPUTO HEALTH CARE Lda,URICARE,Amilorido Hcl+ hidroclorotiazida,5mg+50mg,Comprimidos,10 x10 comp
MAPUTO HEALTH CARE Lda,STERILE PENICILLIN G BENZATHINE USP 1.8G (2.400.000 Units),Penicilina G Benzatínica,2.400.000UI,Pó para Injectável,"1 x 50 frascos, 18 caixas embaladas numa caixa maior"
MAPUTO HEALTH CARE Lda,MUVON FORTE,Paracetamol + Diclofenac,500mg + 50mg,Comprimidos,embalagem de 10 x10
MAPUTO HEALTH CARE Lda,KANAMYCIN ACID SULPHATE FOR INJECTION BP 2.0g,"Kanamicina, Sulfato",2g,Injectável,1 x 50 frascos
MAPUTO HEALTH CARE Lda,DICLOFENAC SÓDICO INJECTÁVEL /25MG/ML,Diclofenac Sódico,25mg/3ml,Injectável,10 x 3ml
AFRI FARMÁCIA LDA,OVA - MIT,Clomifene,50mg,Comprimidos,1blister de 10 comprimidos
AFRI FARMÁCIA LDA,NIFELAT R,Nifedipina,20mg,Comprimidos,10 x10 comp
AFRI FARMÁCIA LDA,MILOREX,"Amilorido, hidrocloreto anidro + Hidroclortiazida",5mg + 50mg,Comprimidos,3 x 10
AFRI FARMÁCIA LDA,METHYLDOPA-250,Metildopa,250mg,Comprimidos,10 x 10
AFRI FARMÁCIA LDA,KETROZOL-200,Ketoconazol,200mg,Comprimidos,10 x10 comp
"GENERICS & SPECIALITIES, Lda",KETOCONAZOLE TABLETS USP 200MG,Ketoconazol,200mg,Comprimidos,10 blister de 10 comprimidos
AFRI FARMÁCIA LDA,CYCLOVAX CREAM,Aciclovir,0%,Creme,Bisnaga de 10g
"GENERICS & SPECIALITIES, Lda",CLOGEN,Clotrimazol,100mg,Comprimidos vaginais,
"MEDIS FARMACÊUTICA, LDA",AUGMENTIN®,Amoxicilina + Ácido Clavulânico,500mg + 125mg,Comprimidos Revestidos,Embalagem de 14 comprimidos
"SHANI, LIMITADA",PROPASHA,"Propanolol, Hidrocloreto",40mg,Comprimidos,10 blister de 10 comprimidos
"SHANI, LIMITADA",PROBESHA,Multivitaminas,"500mg+10g+15mg+0,5mg+5 mcg+2,5mg+1,0mg+25,0mg+3,0mg",Xarope,frasco de 100ml
"SHANI, LIMITADA",GLYSHA,Glibenclamida,5mg,Comprimidos,11 blister de 10 comprimidos
"SHANI, LIMITADA",BUSCOSHA,Hioscina Butilbrometo BP,10mg,Comprimidos Revestidos,10 blister de 10 comprimidos
"SHANI, LIMITADA",BECOSHA,Complexo B,5mg + 2.5mg + 1.5mg + 2.5mcg + 25mg + 2.5mg,Xarope,frasco de 100ml
WELL WORTH LDA,VITAMIX MULTIVITAMINAS,Axeroftol (Vit. A) + Tiamina (Vit. B1) + Riboflavina (vit. B2) + Piridoxina (Vit. B6) + Cianocobalamina (Vit. B12) + Nicotinamida + ácido ascorbico (vit. C),1000IU + 1mg + 1mg + 0.25mg + 1mcg + 5mg + 5mg,Comprimidos Revestidos,10 blister de 10comp
"GENERICS & SPECIALITIES, Lda",HISTAGEN-S,"Clorfeniramina, maleato",2mg,Xarope,Frasco de 100ml
AFRI FARMÁCIA LDA,GLYFORMIN 500,"Metformina, hidrocloreto",500mg,Comprimidos,"blisters de 10x10,"
"GENERICS & SPECIALITIES, Lda",FLUCOGEN,Fluconazol,150mg,Cápsulas,1 blister de 1 cápsula
AFRI FARMÁCIA LDA,DAY- BY -DAY,Vitamina A + Tiamina (Vitamiba B1 +  Riboflavina (vitamina B2) + Piridoxina (vitamina B6) + Cianocobalamina (vitamina B12) + Vitamina D3 + Biotina (vitamina H) + Pantotenato de Cálcio + Dióxido de Selênio + Fosfato de cálcio dibásico + Sulfato de potássio,2000UI + 1mg +1mg + 1.34mg + 1mcg + 200UI + 3mcg + 1mg + 50mcg + 1mg + 75mg +1mg,Comprimidos,3 blister de 10 comp
MAPUTO HEALTH CARE Lda,SWFI-LIQ,Água para Preparação Injectável,Não aplicável,Solução Injectável,1 x 5ml; 1 x 10ml
MAPUTO HEALTH CARE Lda,NIRCIP,Ciprofloxacina,200mg/100ml,Solução Injectável,frasco de 100ml
MAPUTO HEALTH CARE Lda,LACTATO DE RINGER,Lactato de Sódio + Cloreto de Sódio + Cloreto de Potássio+ Cloreto de Cálcio dihidratado,1.60g + 3.0g + 0.2g + 0.135g,Solução Injectável,1 x 500ml; 1 x 1000ml
MAPUTO HEALTH CARE Lda,"CLORETO DE SÓDIO A 0,9 W/V E GLUCOSE A 5%W/V",Cloreto de Sódio  e Glucose anidra,4.5 g  + 25g,Solução Injectável,1 x 500ml; 1 x 1000ml
MAPUTO HEALTH CARE Lda,CLORETO DE SÓDIO,Cloreto de Sódio,0%,Solução injectável,1 x 500ml; 1 x 1000ml
"MEDIMOC, SA",MEPIADRE,"Mepivacaína, Cloridrato + Epinefrina",20mg + 10μg,Solução Injectável,"5 Blisters com 10 ampolas de 1,8ml"
"MEDIMOC, SA",ALPHACAÍNE 100,"Lidocaína, Cloridrato + Epinefrina",20mg/ml + 0.01mg/ml,Solução Injectável,"5 Blisters com 10 ampolas de 1,8ml"
MAPUTO HEALTH CARE Lda,GENTAMICINA  SOLUÇÃO INJECTÁVEL,"Gentamicina, sulfato",40mg/ml,Solução Injectável,Ampolas de 2ml
AFRI FARMÁCIA LDA,LAMIVUDINA + ZIDOVUDINA + NEVIRAPINA,Lamivudina + Zidovudina + Nevirapina,150mg + 300mg + 200mg,Comprimidos,Frasco de 60
"MEDIS FARMACÊUTICA, LDA",TRIAZOL,Fluconazol,150mg,Cápsulas,"embalagem de 1, 2 e 4 cápsulas"
"MEDIS FARMACÊUTICA, LDA",TANTIN,Etinilestradiol + Gestodeno,0.015mg + 0.060mg,Comprimidos Revestidos,"embalagem de 1 x28, 3 x 28, 50 x 28"
"MEDIS FARMACÊUTICA, LDA",SYNTOXIME,Cefotaxima Sódica,1000mg,Pó para Injectável,"embalagem de 10, 50 e 100 frascos"
MEDIMPORT LDA,DAONIL,Glibenclamida,5mg,Comprimidos,embalagem de 60 COMP
"MEDIS FARMACÊUTICA, LDA",COARTEM,Arteméter + Lumefantrina,20mg + 120mg,Comprimidos,"36x6, 4x6"
"SHANI, LIMITADA",CIPROSHA,Ciprofloxacina,500mg,Comprimidos,
"GENERICS & SPECIALITIES, Lda",FRUSEGEN,Furosemida,40mg,Comprimidos,embalagem de 10X10
"MEDIS FARMACÊUTICA, LDA",DEXTROMETORFANO TUSSILENE®,"Dextrometorfano, Bromidrato",2mg/ml,Solução Oral,150ml e 200ml
"MEDIS FARMACÊUTICA, LDA",DERMOFIX ÓVULOS,"Sertaconazol, Nitrato",300mg,Óvulos,1 óvulo
"MEDIS FARMACÊUTICA, LDA",DERMOFIX Creme vaginal,"Sertaconazol, Nitrato",20mg/g,Creme vaginal,bisnaga de 40g
"MEDIS FARMACÊUTICA, LDA",DERMOFIX Comprimidos vaginais,"Sertaconazol, Nitrato",500mg,Comprimidos vaginais,1 comprimido
"MEDIS FARMACÊUTICA, LDA",DERMOFIX Champô,"Sertaconazol, Nitrato",20mg/g,Champô,100g
"GENERICS & SPECIALITIES, Lda",METROGEN S,Metronidazol,200mg/5ml,Suspensão Oral,embalagem de 10X10
"GENERICS & SPECIALITIES, Lda",CONLAX-5,Bisacodil,5mg,Supositório,Bliste de 5 supositórios
"GENERICS & SPECIALITIES, Lda",CONLAX-10,Bisacodil,10mg,Supositório,
MAPUTO HEALTH CARE Lda,B-TRIM,Trimetoprim + Sulfametoxazol,80mg+400mg,Comprimidos,embalagem de 10 x10 comp
"MEDIS FARMACÊUTICA, LDA",SECNIDAZOL,Secnidazol,30mg/ml,Solução Oral,frasco de 30ml
"MEDIS FARMACÊUTICA, LDA",FUROATO DE MOMETASONA,Furoato de Mometasona,1mg/g,Creme dérmico,Bisnaga de 20g
"MEDIS FARMACÊUTICA, LDA",CLOTRIMAZOL,Clotrimazol,10mg/g,Creme vaginal,bisnaga de 35g e 6 aplicadores
"MEDIS FARMACÊUTICA, LDA",CLOTRIMAZOL,Clotrimazol,20mg/g,Creme vaginal,bisnaga de 20g e 3 aplicadores
"MEDIS FARMACÊUTICA, LDA",PREDNISONA,Prednisona,20mg,Comprimidos,1x 10 comprimidos
"MEDIS FARMACÊUTICA, LDA",NITRATO DE MICONAZOL,"Miconazol, Nitrato",20mg,Creme vaginal,frasco de 80g e 14 aplicadores
"MEDIS FARMACÊUTICA, LDA",GLIBENCLAMIDA,Glibenclamida,5mg,Comprimidos,embalagem de 30 comprimidos
"MEDIS FARMACÊUTICA, LDA",CLORIDRATO DE TRAMADOL,"Tramadol, Cloridrato",50mg,Cápsulas,embalagem de 10 cápsulas
MAPUTO HEALTH CARE Lda,VIOLETA DE GENCIANA,Violeta de genciana,10mg/ml,Solução tópica,Frasco de 100ml
"MEDIS FARMACÊUTICA, LDA",FUROATO DE MOMETASONA,Furoato de Mometasona,1mg/g,Pomada dérmica,20g
MAPUTO HEALTH CARE Lda,DEPRAMINE-25,"Imipramina, Hidrocloreto",25mg,Comprimidos,embalagem de 10 x10 comp
MAPUTO HEALTH CARE Lda,CINNAR-25,Cinarizina,25mg,Comprimidos,embalagem de 10 x10 comp
"SHANI, LIMITADA",IBUSHA Suspensão,Ibuprofeno,100mg/5ml,Suspensão Oral,frasco de 100ml
"GENERICS & SPECIALITIES, Lda",PARACIDO,Hidróxido de Alumínio + Hidróxido de Magnésio + Emulsão de Simeticone,250mg+250mg+50mg/5ml,Suspensão Oral,frasco de 200ml
"SHANI, LIMITADA",METROSHA,Metronidazol,125mg/5ml,Suspensão Oral,Frasco de 100ml
"GENERICS & SPECIALITIES, Lda",LUMBRIX,Mebendazol,100mg,Comprimidos,20 blister de 6 comprimidos
"GENERICS & SPECIALITIES, Lda",GEN-Q,"Quinina, Sulfato",300mg,Comprimidos Revestidos,1000 comprimidos
"GENERICS & SPECIALITIES, Lda",GENPRAZOL,Omeprazol,20mg,Cápsulas,
MAPUTO HEALTH CARE Lda,XELON,Gluconato de Clorexidina + Cetrimida,1.5% + 3.0%,Solução tópica,Frasco de 100ml
MAPUTO HEALTH CARE Lda,SOLUÇÃO DE PERÓXIDO DE HIDROGÉNIO,Peróxido de Hidrogénio,3%,Solução tópica,Frasco de 100ml
MAPUTO HEALTH CARE Lda,FERMILAX,Parafina Líquida,1%,Emulsão Oral,frasco de 100ml
"MEDIMOC, SA",CLOCEF,"Cefepima, cloridrato",1g,Pó para Injectável,1 Frasco + ampola de 3ml de diluente
AFRI FARMÁCIA LDA,LAMIVUDINA + ZIDOVUDINA,Lamivudina + Zidovudina,150mg + 300mg,Comprimidos,"1x10, e de 60"
AFRI FARMÁCIA LDA,UMIFLUVIN,Griseofulvina,500mg,Comprimidos,embalagem de 10 x 10
AFRI FARMÁCIA LDA,CIPROFLOXACIN TABLETS USP 500mg,Ciprofloxacina,500mg,Comprimidos Revestidos,1 blister de 10 comp e de 10 x 10 comprimidos
WELL WORTH LDA,BECOVITA,Tiamina (Vit. B1) + Riboflavina (Vit. B2) + Nicotinamida,1mg + 1mg + 10mg,Comprimidos Revestidos,10 blister de 10 comprimidos
AFRI FARMÁCIA LDA,UCILLIN-500,Ampicilina Anidra,500mg,Injectável,Embalagem de 10 e 50 ampolas
"MEDIMOC, SA",TENOFTAL,"Timolol, maleato",5mg/ml,Solução Oftálmica,Frasco de 5ml
"MEDIMOC, SA",PLAGEX,"Metoclopramida, Cloridrato",4mg/ml,Suspensão Oral,Frasco de 10ml
"GENERICS & SPECIALITIES, Lda",PARALOGO,Paracetamol + Diclofenac,500mg + 50mg,Comprimidos,embalagem de 10X10
"GENERICS & SPECIALITIES, Lda",METROGEN,Metronidazol,250mg,Comprimidos,10X10
"MEDIMOC, SA",FOSFATO DISSODICO DE DEXAMETASONA,"Dexametasona, fosfato dissodico",4mg/ml,Injectável,frasco de 2.5ml
AFRI FARMÁCIA LDA,DANAZOL,Danazol,200mg,Comprimidos,3 blister de 10 comp
"GENERICS & SPECIALITIES, Lda",CLOGEN-S,Clotrimazol,1% w/v,Solução tópica,Frasco de 15ml
BAYER SCHERING PHARMA MOÇAMBIQUE,ADALAT AP,Nifedipina,20mg,Comprimidos,Caixa de 20 comprimidos
"GENERICS & SPECIALITIES, Lda",AZITAB - 500,"Azitromicina, Dihidrato",500mg,Comprimidos Revestidos,Embalagem de 1x3
WELL WORTH LDA,NOVACLAV - 375,Trihidrato de Amoxicilina + Ácido Clavulânico,250mg + 125mg,Comprimidos,Blister de 6 comp
"GENERICS & SPECIALITIES, Lda",ZEET EXPECTORANT,"Difenidramina, hidrocloreto + Bromexina, hidrocloreto + Guaifenesina + Cloreto de Amónio + Levomentol",8mg + 4mg + 50mg + 100mg + 1mg,Xarope,Frascos de 100ml
WELL WORTH LDA,NYSTATIN ORAL SUSPENSION,Nistatina,100.000UI,Suspensão Oral,Frasco de 30ml
WELL WORTH LDA,NEOPOVIDONA SOLUÇÃO DÉRMICA,Iodopovidona,5g/100ml,Solução,Frascos de 100ml
MAPUTO HEALTH CARE Lda,TINTURA DE IODO USP,Iodo + Iodeto de Sódio + Álcool,2.0%w/v+2.4%w/v+50%w/v,Solução tópica,Frascos de 100ml
MAPUTO HEALTH CARE Lda,SURGICAL SPIRIT BP,Salicilato de Metilo + Ftalato Dietílico + Óleo de Rícino+  Espírito Metilado Industrial,5ml+20ml+25ml,Solução tópica,Frascos de 100ml
AFRI FARMÁCIA LDA,MEBENDAZOL,Mebendazol,100mg/5ml,Suspensão Oral,Frasco de 30ml
MAPUTO HEALTH CARE Lda,K - WORM - 100,Mebendazol,100mg,Comprimidos,Caixa de 20 blisteres de 6 comp
MAPUTO HEALTH CARE Lda,HYZIDE - 25,Hidroclorotiazida,25mg,Comprimidos,Embalagem de 10 blister de 10 comp
AFRI FARMÁCIA LDA,AMILORIDE,"Amilorido, Hidrocloreto",5mg,Comprimidos,Embalagens de 100 comp (10x10)
AFRI FARMÁCIA LDA,ALBENDAZOL,Albendazol,200mg/5ml,Suspensão Oral,Frasco de 20ml
AFRI FARMÁCIA LDA,TROZ - 250,Metronidazol,250mg,Comprimidos,Embalagens de 100 comp (10x10)
MAPUTO HEALTH CARE Lda,STEROCARE 5,Prednisolona,5mg,Comprimidos,Embalagem de 10 blister de 10 comp
MAPUTO HEALTH CARE Lda,PREGNICARE,Sulfato ferroso seco,200mg,Comprimidos,Embalagem de 10 blister de 10 comp
MAPUTO HEALTH CARE Lda,FLUCOLUX 200,Fluconazol,200mg,Cápsulas,Embalagem de 1 blister de 1 caps
MAPUTO HEALTH CARE Lda,FLUCOLUX 150,Fluconazol,150mg,Cápsulas,Embalagem de 1 blister de 1 caps
"GENERICS & SPECIALITIES, Lda",SALGEN 4,"Salbutamol, Sulfato",4mg,Comprimidos,"Embalagem de 10, 100 blister de 10 comp e frascos de 100/1000 comp"
"GENERICS & SPECIALITIES, Lda",GLYCERIN SUPPOSITORIES,Glicerina,1g,Supositório,Embalagem de 5 supositorios
"GENERICS & SPECIALITIES, Lda",GLYCERIN SUPPOSITORIES,Glicerina,2g,Supositório,Embalagem de 5 supositorios
"GENERICS & SPECIALITIES, Lda",GENVITA TABLES,Vit.B1+Vit.B2+Vit.b6+Vit.B12+Nicotinamida+Ácido Fólico,1mg+1mg+1mg+1mcg+15mg+0.5mg,Comprimidos revestidos,Embalagens de 3x10 e 10x10
"GENERICS & SPECIALITIES, Lda",GENPRIL - 20,"Enalapril, maleato",20mg,Comprimidos,Embalagens de 100 comp (10x10)
MAPUTO HEALTH CARE Lda,TETRACARE,"Tetraciclina, Hidrocloreto",1%w/w,Pomada Oftálmica,Bisnaga de 5g
MAPUTO HEALTH CARE Lda,TECLOMET,Dipropionato de Betametasona,0.64mg,Creme,"Bisnaga de 15g, 30g"
MAPUTO HEALTH CARE Lda,TECLOBET,Propionato de Clobetasol,0.5mg,Pomada,Bisnaga de 30g
MAPUTO HEALTH CARE Lda,ISOVENT 200,Misoprostol,200mcg,Comprimidos,Embalagem de 1 blister de 10 comp e  3 blister de 10 comprimidos
MAPUTO HEALTH CARE Lda,INJECÇÃO DE GENTAMICINA BP,"Gentamicina, Sulfato",80mg/2ml,Solução Injectável,Embalagem com 100 ampolas de 2ml
MAPUTO HEALTH CARE Lda,CANDIFER G,Clotrimazol+Sulfato de Gentamicina,10mg+1mg,Solucao topica,Frasco de15ml
MAPUTO HEALTH CARE Lda,BÁLSAMO,Mentol + Salicilato de Metilo,100mg + 200mg,Pomada,Bisnaga de 20g e de 30g
AFRI FARMÁCIA LDA,VELORIN 50,Atenolol,50mg,Comprimidos,Embalagem de 10 blister de 10 comp
AFRI FARMÁCIA LDA,VELORIN 100,Atenolol,100mg,Comprimidos,Embalagem de 10 blister de 10 comp
AFRI FARMÁCIA LDA,QUININE SULPHATE,"Quinina, Sulfato",300mg,Comprimidos,"Embalagem de 1 blister de 10 comp, 10x10"
AFRI FARMÁCIA LDA,EMFORAL 40,"Propanol, Hidrocloreto",40mg,Comprimidos,Embalagem de 5 blister de 10 comp
PROFARMA,BETAMETASONA VALERATO,"Betametasona, valerato",0.1%w/w,Creme,Bisnaga de 15g e 30g
"MEDIS FARMACÊUTICA, LDA",VALERATO DE BETAMETASONA+SULFATO DE GENTAMICINA+TOLNAFTATO+CLIOQUINOL,Valerato de Betametasona + Sulfato de Gentamicina + Tolnaftato + Clioquinol,0.5mg/g + 1mg/g + 10mg/g + 10mg/g,Pomada,Embalagem de 1 bisnaga com 20g
"MEDIS FARMACÊUTICA, LDA",DIPROPIONATO DE BETAMETASONA + SULFATO DE GENTAMICINA,"Betametasona, Dipropionato + Gentamicina, sultato",0.5mg/g + 1mg/g,Pomada,Embalagem de 1 bisnaga com 30g
"MEDIS FARMACÊUTICA, LDA",DIPROPIONATO DE BETAMETASONA + SULFATO DE GENTAMICINA,"Betametasona, Dipropionato + Gentamicina, sultato",0.5mg/g + 1mg/g,Creme,Embalagem de 1 bisnaga com 30g
"MEDIFARMA, LDA",BETADINE,Iodopovidona,40mg/ml,Espuma Cutânea,Embalagem com 125ml e 500ml
"MEDIS FARMACÊUTICA, LDA",NIMESILAN,Nimesulida,100mg,Comprimidos,12 Comprimidos
"MEDIS FARMACÊUTICA, LDA",MEGALIS 20,Tadalafil,20mg,Comprimidos revestidos,1 x 4 comprimidos
"MEDIS FARMACÊUTICA, LDA",MEGALIS 10,Tadalafil,10mg,Comprimidos revestidos,1 x 4 comprimidos
"MEDIS FARMACÊUTICA, LDA",MALEATO DE DEXCLORFENIRAMINA COMP,"Dexclorfeniramina, maleato",2mg,Comprimidos,20 Comprimidos
"MEDIS FARMACÊUTICA, LDA",MALEATO DE DEXCLORFENIRAMINA,"Dexclorfeniramina, maleato",2mg/5ml,Solução Oral,Frasco de 120ml
"MEDIS FARMACÊUTICA, LDA",LAXODAL,Picossulfato de Sódio,7.5mg/ml,Solução Oral,Frasco de 30ml
"MEDIS FARMACÊUTICA, LDA",FLUOXETINA TUNELUZ,"Fluoxetina, Cloridrato",20mg,Cápsulas,"Embalagens de 10, 20, 30 e 60 caps"
"MEDIS FARMACÊUTICA, LDA",DIPROPIONATO DE BETAMETASONA+ACIDO SALICILICO,Dipropionato de Betametasona + Ácido Salicílico,"0,5mg/g+30mg/g",Pomada,Bisnaga de 30g
"MEDIS FARMACÊUTICA, LDA",AMOXICILINA,Amoxicilina,875mg,Comprimidos,Embalagem de 14 comp
AFRI FARMÁCIA LDA,ZIMAT,"Cetirizina, Hidrocloreto",10mg,Comprimidos,10x10
AFRI FARMÁCIA LDA,UMOXAZOLE-480,Sulfametoxazol + Trimetoprim,400mg + 80mg,Comprimidos,10x10
AFRI FARMÁCIA LDA,UCLOX-500,Cloxacilina,500mg,Cápsulas,10x10
AFRI FARMÁCIA LDA,KANAMYCIN ACID SULPHATE FOR INJECTION  2.0g,"Kanamicina, Sulfato",2g,Injectável,1x25
"MEDIS FARMACÊUTICA, LDA",CLONAZEPAM,Clonazepam,"2,5mg/ml",Solução Oral,1x20ml
"MEDIFARMA, LDA",MIXTARD 30,Insulina isofana humana biossitética,100UI/ml,Solução Injectável,"1x10ml, penset 5x3ml"
"MEDIFARMA, LDA",INSULATARD,Insulina isofana humana bissintética,100UI/ml,Solução Injectável,"1x10ml, penset 5x3ml"
"MEDIFARMA, LDA",ACTRAPID,Insulina Humana Biossintética,100UI/ml,Solução Injectável,"1x10ml, penset 5x3ml"
MAPUTO HEALTH CARE Lda,VINOMEZ,Omeprazol,20mg,Cápsulas,Embalagem contendo 10 blister de 10 caps
MAPUTO HEALTH CARE Lda,METRODIN,Benzoato de Metronidazol,125mg/5ml,Suspensão Oral,Frasco de 120ml
MAPUTO HEALTH CARE Lda,LIDOCAINA INJECÇÃO BP,"Lidocaína, Hidrocloreto",21.4mg/ml (2%),Injectável,Frasco de 50ml
MAPUTO HEALTH CARE Lda,ENATRIM - 480,Sulfametoxazol + Trimetoprim,400mg + 80mg,Comprimidos,Embalagem contendo 10 blister de 10 comp
MAPUTO HEALTH CARE Lda,AZILID 500,Azitromicina,500mg,Comprimidos,Embalagem com 1 blister de 3 comp
MAPUTO HEALTH CARE Lda,ASTHAGO XAROPE,"Salbutamol, Sulfato",2mg/5ml,Xarope,Frasco de 100ml
WELL WORTH LDA,NEOBENDEX,Mebendazol,100mg/5ml,Suspensão Oral,Frasco de 30ml
WELL WORTH LDA,COMYCETIN GOTAS OFTÁLMICAS,"Cloranfenicol + Lignocaína, cloridrato",200mg/2ml + 100mg/2ml,Colírio,Frasco de 10ml
"MEDIS FARMACÊUTICA, LDA",DAFRACLAV®  625,Amoxicilina + Ácido Clavulânico,500mg + 125mg,Comprimidos,Embalagem de 15 comp
"MEDIS FARMACÊUTICA, LDA",DAFRACLAV®  1000,Amoxicilina + Ácido Clavulânico,875mg + 125mg,Comprimidos,Embalagem de 10 comp
"MEDIS FARMACÊUTICA, LDA",DAFRACLAV BD Forte,Amoxicilina + Ácido Clavulânico,400mg + 57mg,Pó para Suspensão Oral,Embalagem de 70ml
"MEDIS FARMACÊUTICA, LDA",DAFRACLAV BD,Amoxicilina + Ácido Clavulânico,200mg/5ml + 28mg/5ml,Pó para Suspensão Oral,Embalagem de 70ml
MAPUTO HEALTH CARE Lda,DIVON GEL,Dietilamina Diclofenac + Óleo de Linhança + Salicilato de Metilo + Mentol,1.16%+3%+10.5%+5%,Gel,Frasco de 30g
"MEDIS FARMACÊUTICA, LDA",MONOPRONT 20,"Isossorbido, Monohidrato",20mg,Comprimidos,Embalagem de 20 e 60 comp
"GENERICS & SPECIALITIES, Lda",DICLOFEN Plus,Paracetamol + Diclofenac,500mg + 50mg,Comprimidos,Embalagem contendo 10 carteirasx10 comp
"SHANI, LIMITADA",CIFRAN,"Ciprofloxacina, Hidrocloreto",500mg,Comprimidos,Embalagens com 10 comp
"MEDIS FARMACÊUTICA, LDA",SINVASTATINA BALDACCI,Sinvastatina,20mg,Comprimidos revestidos,"Embalagens de 20, 30 e 60 comp"
"MEDIS FARMACÊUTICA, LDA",INFRALAX,Paracetamol + Cafeina + Carisoprodol + Diclofenac,300mg+30mg+125mg+50mg,Comprimidos,Embalagem contendo 30 comp 1 blister de 10 comp cada
"MEDIS FARMACÊUTICA, LDA",DENTISPRAY,Benzocaina,50mg/ml,Solução gengival,Frasco de 5ml
"GENERICS & SPECIALITIES, Lda",REDIN PN LIQUID,Citrato de amonio ferico+Proteina hidrolisada+Pentahidrato de lactato de calcio + Cianocobalamina+Acido folico+Heptahidrato de sulfato de zinco+Sulfato de magnesio+Pentahidrato de sulfato de cobre,230mg+50mg+100mg+2.5mg+0.5mg+35mg+25mg+0.25mg+25mg,Solução Oral,Frasco de 200ml
"GENERICS & SPECIALITIES, Lda",FUSIFEN CREAM,Ácido FusÍdico,2% w/w,Creme,Bisnaga de 15g
"GENERICS & SPECIALITIES, Lda",AMBCET SYRUP,Ambroxol + Cetirizina,30mg/5ml + 5mg/5ml,Xarope,Frasco de 60ml
WELL WORTH LDA,SILAGRA 100,Citrato de Sildenafil,100mg,Comprimidos,Embalagem com 1 blister de 4 comp
WELL WORTH LDA,NEOTON XAROPE,"Clorfeniramina, maleato",2mg/5ml,Xarope,Frasco de 100ml
WELL WORTH LDA,AMDIPINE,"Amlodipina, besilato",5mg,Comprimidos,"Embalagens de 30 Comp, 10x10"
WELL WORTH LDA,AMDIPINE,"Amlodipina, besilato",10mg,Comprimidos,"Embalagens de 30 Comp, 10x10"
MAPUTO HEALTH CARE Lda,PREDNISOLONE ACETATE OPHTHALMIC SUSPENSION,"Prednisolona, Acetato",10mg/ml,Suspensão oftálmica,Frasco de 5ml
MAPUTO HEALTH CARE Lda,IBU,Ibuprofeno,100mg/5ml,Suspensão Oral,Frasco de 100ml
MAPUTO HEALTH CARE Lda,BRONZ,"Ambroxol, hidrocloreto + Terbutalina, sulfato + Guaiafenasina + Mentol",15mg/5ml+1.25mg/5ml+50mg/5ml+2.5mg/5ml,Solução Oral,Frasco de 100ml
"MEDIS FARMACÊUTICA, LDA",MONOPRONT RETARD,"Isossorbido, Monohidrato",50mg,Comprimidos de libertação prolongada,Embalagens de 30 comp
"SHANI, LIMITADA",BETAFED,"Pseudoefedrina, Hidrocloreto + Triprolidina, Hidrocloreto","1,25mg+30mg",Xarope,Frasco de 100ml
MAPUTO HEALTH CARE Lda,GASTROPAN,Hioscina Butilbromida,10mg,Comprimidos,10 blisters contendo 10 comp cada
MAPUTO HEALTH CARE Lda,CUATRODERM,Valerato de Betametasona+Sulfato de Gentamicina+Tolnaftato+Clioquinol,0.5mg+1mg+10mg+10mg,Creme,Bisnaga de 15g
MAPUTO HEALTH CARE Lda,ALICORT,"Hidrocortisona, Acetato",10mg,Pomada,Bisnaga de 15g e de 30g
"GENERICS & SPECIALITIES, Lda",ZEDEX COUGH SYRUP,Bromexina + Dextrometorfano + Cloreto de Amónio + Mentol,8mg+10mg+100mg+5mg,Xarope,Frasco de100ml
"GENERICS & SPECIALITIES, Lda",BRO-ZEDEX COUGH SYRUP,Terbutalina Sulfato + Bromexina HCL+ Guaifenesina + Mentol,2.5mg+8mg+100mg+5mg,Xarope,Frasco de100ml
MAPUTO HEALTH CARE Lda,PHYTORAL,Ketoconazol,200mg,Comprimidos,Blisters de 10x10 Comprimidos
MAPUTO HEALTH CARE Lda,MORTIN,Trimetoprim + Sulfametoxazol,80mg + 400mg,Comprimidos,Blisters de 10x10 e Frascos de 1000 comprimidos
PROFARMA,CHEMISPRIN,Ácido Acetilsalicílico,500mg,Comprimidos,"Embalagens de 2x10, 10x10, 50x10, 100x10 e Frasco de 1000 comprimidos"
"MEDIS FARMACÊUTICA, LDA",AZITROMICINA BALDACCI,Azitromicina,500mg,Comprimidos,Embalagens de 2 e 3 comprimidos
"MEDIS FARMACÊUTICA, LDA",RISPERIDONA BALDACCI,Risperidona,1mg,Comprimidos revestidos,Embalagens contendo 20 e 60 comprimidos
"MEDIS FARMACÊUTICA, LDA",RISPERIDONA BALDACCI,Risperidona,2mg,Comprimidos revestidos,Embalagens contendo 20 e 60 comprimidos
MAPUTO HEALTH CARE Lda,SOMOX 250,"Amoxicilina,Trihidrato",250mg/5ml,Suspensão Oral,Frasco de 100ml
MAPUTO HEALTH CARE Lda,SOMOX 125,"Amoxicilina,Trihidrato",125mg/5ml,Suspensão Oral,Frasco de 100ml
MAPUTO HEALTH CARE Lda,K-DOX 100,"Doxiciclina, Hiclato",100mg,Cápsulas,Embalagens contendo 10x10 comp
MAPUTO HEALTH CARE Lda,CALAMINA LOÇÃO,Calamina,80mg/2ml,Loção tópica,Frasco de 100ml
BAYER SCHERING PHARMA MOÇAMBIQUE,ULTRAVIST 370,Iopromide,769mg/ml,Injectável,"Frascos de 10ml, 50ml, 100ml, 200ml e 1000ml"
BAYER SCHERING PHARMA MOÇAMBIQUE,ULTRAVIST 300,Iopromide,623mg/ml,Injectável,"Frascos de 20ml, 50ml, 100ml, 200ml, 500ml e 1000ml"
BAYER SCHERING PHARMA MOÇAMBIQUE,ULTRAVIST 240,Iopromide,499mg/ml,Injectável,Frascos de 10ml e 50ml
BAYER SCHERING PHARMA MOÇAMBIQUE,CLIMARA,Estradiol,"3,9mg",Sistema Transdermico,Saquetas de 4 e 12 Unidades
BAYER SCHERING PHARMA MOÇAMBIQUE,MINIGESTE,Etinilestradiol + Gestodeno,0.02mg + 0.075mg,Comprimidos revestidos,blister com 21 e 63 unidades
PROFARMA,AMINOFILINA,Aminofilina,100mg,Comprimidos,"Blister de 10x10 , 100x10 e frascos com 5000 e 1000 comp"
WELL WORTH LDA,NEOPOVIDONA OINTMENT,Iodopovidona,5g/100ml,Pomada,Bisnaga de 15 g
MAPUTO HEALTH CARE Lda,VARIBION,Vit.B1+Vit.B2+Vit.b6+Vit.B12+D - Pantenol+Nicotinamida,100mg+5mg+1000mcg+50mg+100mg,Injectável,100 ampolas de 2ml
MAPUTO HEALTH CARE Lda,PROMETAZINA,"Prometazina, Hidrocloreto",25mg,Comprimidos,Embalagem contendo 10 blister x 10 comp
MAPUTO HEALTH CARE Lda,PREDNISOLONA FOSFATO SÓDICO INJECTÁVEL,Prednisolona,50mg/10ml,Injectável,5 ampolas de 10ml
MAPUTO HEALTH CARE Lda,PIRIDOXINA,"Piridoxina, Hidrocloreto",50mg,Comprimidos,Frasco contendo 100 comp
MAPUTO HEALTH CARE Lda,LORINOL 10,Loratadina,10mg,Comprimidos,Embalagem com 10 blister x 10 comp
MAPUTO HEALTH CARE Lda,KETOCONAZOL CREAM,Ketoconazol,20mg/g,Creme,Bisnaga de 30g
MAPUTO HEALTH CARE Lda,FAHREN,Paracetamol,125mg/5ml,Suspensão Oral,Frasco de 100ml
"GENERICS & SPECIALITIES, Lda",DICLOFENAC GEL,Diclofenac Dietilamina,1.16%w/w,Gel,Bisnaga de 20g
"GENERICS & SPECIALITIES, Lda",DERMOSONE S OINTMENT,Dipropionato de Betametasona + Acido Salicílico,"0,5mg/g+30mg/g",Pomada,Bisnaga de 10g e 15g e 30g
"MEDIS FARMACÊUTICA, LDA",COARTEM DISPERSIBLE,Arteméter + Lumefantrina,20mg + 120mg,Comprimidos dispersíveis,Embalagem contendo blisters de 6 e 12 comp 1x6 e de 2x6
"GENERICS & SPECIALITIES, Lda",CANDIGEN BG CREAM,"Betametasona, dipropionato + Gentamicina, sulfato + Clotrimazol","0,05%w/w + 0,1%w/w + 1%w/w",Creme tópico,Bisnaga de 10g e 30g
"MEDIFARMA, LDA",BETADINE,Iodopovidona,100mg/ml,Solução vaginal,Frasco de 200ml
"MEDIFARMA, LDA",BETADINE,Iodopovidona,100mg/ml,Solução cutânea,Frasco de 125ml e 500ml
"MEDIFARMA, LDA",BETADINE,Iodopovidona,100mg/ml,Solução para gargarejar,Frasco de 125ml
"MEDIFARMA, LDA",BETADINE,Iodopovidona,100mg/g,Pomada,Bisnagas de 30g e 100g
BAYER SCHERING PHARMA MOÇAMBIQUE,XARELTO,Rivaroxabano,10mg,Comprimidos,"Embalagens contendo  blisters de 10, 30 e 100 comp"
"GENERICS & SPECIALITIES, Lda",CALADIN LOTION,Calamina,150mg,Loção tópica,Frasco de 60ml
"GENERICS & SPECIALITIES, Lda",BENZOSCAB APPLICATION,Benzoato de Benzilo,250mg,Emulsão Cutânea,Frasco de 100ml
WELL WORTH LDA,NUZAC 20,"Fluoxetina, Hidrocloreto",20mg,Cápsulas,Embalagem contendo 10 blister de 10 comp
WELL WORTH LDA,HEALTHEASE CREAM,Dipropionato de Beclometasona + Hidrocloreto de Lignocaina + Clorocresol + Hidrocloreto de Fenilefrina,0.025%+2.50%+0.1%+0.1%,Creme,Bisnaga de 30g
WELL WORTH LDA,COMYCETIN GOTAS OFTÁLMICAS,Cloranfenicol,1%,Gotas Oftálmicas,Frasco de 10ml
"GENERICS & SPECIALITIES, Lda",VIRUCID 400,Aciclovir,400mg,Comprimido,Embalagem contendo 3 blister de 10 comp
"GENERICS & SPECIALITIES, Lda",VIRUCID 200,Aciclovir,200mg,Comprimido,Embalagem contendo 3 blister de 10 comp
BRAZILGENÉRICOS SA,PREDNISONA,Prednisona,5mg,Comprimidos,Embalagens contendo 20 comp
"GENERICS & SPECIALITIES, Lda",OROMUCORAL GEL,"Miconazol, nitrato",2%,Gel,Bisnaga de 40g
BRAZILGENÉRICOS SA,FLUCOCIN,Fluconazol,150mg,Cápsulas,Embalagens contendo 2 comp
BRAZILGENÉRICOS SA,AZITROMICINA,Azitromicina,500mg,Comprimidos,Embalagens contendo 3 comp
BRAZILGENÉRICOS SA,AMOXICILINA,Amoxicilina,500mg,Cápsulas,Embalagens contendo 21 caps
BRAZILGENÉRICOS SA,ALGIFLEX,Ibuprofeno,200mg,Comprimidos,Embalagens contendo 20 comp
"GENERICS & SPECIALITIES, Lda",VALPIN CR 200,Valproato de Sódio + Ácido Valpróico,96mg + 96mg,Comprimidos,Embalagens contendo 10 blisters de 10 comp
"GENERICS & SPECIALITIES, Lda",STERILISED WATER FOR INJECTIONS 10ML BP,Água para injecção,10ml,Líquido Inj,Frasco de 10ml
"GENERICS & SPECIALITIES, Lda",SANTRO 100,Citrato de Sildenafil,100mg,Comprimidos,Embalagens contendo blister de 4 comp
"GENERICS & SPECIALITIES, Lda",NYGEN V,Nistatina,100.000 UI,Comprimidos vaginais,Embalagens contendo blister de1 4 comp
"GENERICS & SPECIALITIES, Lda",DOMIGEN,"Domperidona, maleato",10mg,Comprimidos,Embalagens contendo 10 blisters de 10 comprimidos
"GENERICS & SPECIALITIES, Lda",CLOTRILIN,Clotrimazol,100mg,Comprimidos vaginais,Embalagens contendo blister de 6 comp
"SHANI, LIMITADA",CANDACIDE ORAL SUSPENSIO,Nistatina,100.000 UI,Suspensão Oral,"Frasco de 30ml, 20ml"
WELL WORTH LDA,SINAREST - PD,"Oxymetazolina, Hidrocloreto",0.25mg,Solução,Frasco de 10ml
WELL WORTH LDA,WOODWARD’S GRIPE WATER,Bicarbonato de Sódio + Óleo de dill,0.05mg + 0.005ml,Xarope,Frasco de 150ml
WELL WORTH LDA,ATREST,Alprazolam,0.5 mg,Comprimidos,"Embalagem contendo 10 blisters de 10 comp, 3x10"
WELL WORTH LDA,AMLOPRES 10,"Amlodipina, besilato",10mg,Comprimidos,Embalagem contendo 10 blisters de 10 comp
"SHANI, LIMITADA",SILVERKANT,Sulfadiazina de Prata,1%w/w,Creme,Bisnagas  de 15g e 30g
"GENERICS & SPECIALITIES, Lda",METROGEL,Metronidazol,1%w/w,Gel,Bisnaga de 30g
"GENERICS & SPECIALITIES, Lda",CLOGEN ORAL,Clotrimazol,1% w/v,Gotas orais,Frasco de 15ml
"GENERICS & SPECIALITIES, Lda",CLOBIGEN,Propionato de Clobetasol,0.05% w/w,Creme,Bisnaga de 15g
MAPUTO HEALTH CARE Lda,NISCLOR 250,"Cloranfenicol, Palmitato",250mg/5ml,Suspensão Oral,Frasco de 100ml
MAPUTO HEALTH CARE Lda,K-PHENICOL 250,Cloranfenicol,250mg,Cápsulas,Embalagem contendo 10 blisters de 10 comp
MAPUTO HEALTH CARE Lda,BEESIX 50,"Piridoxina, Hidrocloreto",50mg,Comprimidos,Embalagem contendo 10 blisters de 10 comp
MAPUTO HEALTH CARE Lda,AZMANIL 100,Aminofilina,100mg,Comprimidos,Embalagem contendo 10 blisters de 10 comp
"SHANI, LIMITADA",VOLINI GEL,Diclofenac Sódico,0.01,Gel,Bisnagas de 30g e de 50g
MAPUTO HEALTH CARE Lda,NOVAGRA FORTE,Citrato de Sildenafil,100mg,Comprimidos,Embalagem contendo 1 blister de 4 comp
"MEDIS FARMACÊUTICA, LDA",MYPRODOL ® SUSPENSION,Ibuprofeno + Paracetamol + Fosfato de Codeína,200mg/10ml + 250mg/10ml + 10mg/10ml,Suspensão Oral,Frasco de 100ml
"MEDIS FARMACÊUTICA, LDA",MYPRODOL ® CAPSULES,"Ibuprofeno + Paracetamol + Codeína, fosfato",200mg + 250mg + 10mg,Cápsulas,"Embalagens de 20, 30 e 100 Cáps"
MEDIMPORT LDA,DEPAKINE CHRONO 500,Valproato de Sódio + Ácido Valpróico,333mg + 145mg,Comprimidos,Embalagem com 60 comp
MEDIMPORT LDA,DEPAKINE CHRONO 300,Valproato de Sódio + Ácido Valpróico,200mg + 87mg,Comprimidos,Embalagem com 60 comp
"SHANI, LIMITADA",CONTIFLO OD,"Tansulosina, Hidrocloreto",0.4mg,Cápsulas,Embalagem com 1 blister de 10 caps
MEDIMPORT LDA,ASPEGIC 100,Acetilsalicilato de Lisina,180mg,Pó para Solução Oral,Embalagem com 20 Saquetas
MEDIMPORT LDA,ASPEGIC  500,Acetilsalicilato de Lisina,500mg,Pó para Solução Oral,Embalagem com 20 Saquetas
MEDIMPORT LDA,ASPEGIC  250,Acetilsalicilato de Lisina,450mg,Pó para Solução Oral,Embalagem com 20 Saquetas
MEDIMPORT LDA,ASPEGIC  1000,Acetilsalicilato de Lisina,1800mg,Pó para Solução Oral,Embalagem com 20 Saquetas
"MEDIS FARMACÊUTICA, LDA",ABAC-LZ TABLETS,"Abacavir, sulfato + Lamivudina + Zidovudina",300mg + 150mg + 300mg,Comprimidos,Embalagem com frasco de 60 comp
"MEDIS FARMACÊUTICA, LDA",ABAC TABLETS,"Abacavir, sulfato",300mg,Comprimidos,Embalagem com frasco de 60 comp
AFRI FARMÁCIA LDA,TIMOLOL,Timolol,0.25%m/v,Solução Oftálmica,Frasco de 5ml
AFRI FARMÁCIA LDA,NALIDIXIC ACID TABLETS,Ácido Nalidíxico,500mg,Comprimidos,frasco de 100 comprimidos
"GENERICS & SPECIALITIES, Lda",L-GENTA,"Gentamicina, Sulfato",0.1%w/w,Creme,Bisnagas de 15g
"GENERICS & SPECIALITIES, Lda",GLUCOSE INTRAVENOUS INFUSION BP,Glicose,0.05 (5%),Injectável,Frasco de 500ml
BRAZILGENÉRICOS SA,SIMETICONE,Simeticone,40mg,Comprimidos,Embalagens contendo 20 comp
BRAZILGENÉRICOS SA,SIMETICONE,Simeticone,75mg/ml,Emulsão Cutânea,Frasco de 15ml
BRAZILGENÉRICOS SA,OMEPRAZOL,Omeprazol,20mg,Cápsulas,Embalagens contendo 28 caps
BRAZILGENÉRICOS SA,CLORIDRATO DE DOXICILINA,"Doxiciclina, Cloridrato",100mg,Comprimidos,Embalagens contendo 15 comp
BRAZILGENÉRICOS SA,BENECTRIN,Sulfametoxazol+Trimetoprim,200mg/5ml +40mg/5ml,Suspensão Oral,Frasco de 100ml
BRAZILGENÉRICOS SA,AZITROMICINA,Azitromicina,200mg/5ml,Suspensão Oral,"Frasco de 15ml e 22,5ml"
BRAZILGENÉRICOS SA,AMOXICILINA 250mg/ml Pó para Suspensão Oral,Amoxicilina,250mg/5ml,Pó para Suspensão Oral,Frasco de 150ml
BRAZILGENÉRICOS SA,AMOXICILINA + CLAVULANATO DE POTASSIO,Amoxicilina + Clavulanato de Potassio,500mg + 125mg,Comprimidos,Embalagens contendo 18 comp
MISSIONPHARMA MOÇAMBIQUE,MULTIVITAMINAS,Vit.A + Colecalciferol + Cloridrato de Tiamina + Riboflavina + Nicotinamida,"2,286mg + 0,010mg + 0,714mg + 0,600mg + 8,250mg",Comprimidos,Frascos de 1000 comp
MISSIONPHARMA MOÇAMBIQUE,BENZILPENICILINA,Benzilpenicilina Sódica,10.000.000 UI,Injectável,Frascos de 7ml
WELL WORTH LDA,NEOFENAC GEL,Diclofenac Sódico,1.16%w/w,Gel,Bisnaga de 25g
"GENERICS & SPECIALITIES, Lda",CIPROFLOXACINA INJECTAVEL,"Ciprofloxacina, Hidrocloreto",200mg/100ml,Injectável,Frasco de 100ml
"GENERICS & SPECIALITIES, Lda",AMPICILINA SODICA PARA INJECÇÃO,Ampicilina Sodica,0.5g,Injectável,Frasco de 5ml
"GENERICS & SPECIALITIES, Lda",AMPICILINA SODICA PARA INJECÇÃO,Ampicilina Sodica,1.0g,Injectável,Frasco de 5ml
"MEDIS FARMACÊUTICA, LDA",VITAFER,Sulfato Ferroso,109mg,Comprimidos,Embalagens contendo 50 comp
"MEDIS FARMACÊUTICA, LDA",PANADO PEDIATRIC SYRUP STRAWBERRY,Paracetamol,120mg/5ml,Suspensão Oral,Frascos de 50ml e 100ml
"MEDIS FARMACÊUTICA, LDA",PANADO MEDSIP HONEY LEMON,Paracetamol + Cafeina Anidra + Vitamina C,800mg/5g + 50mg/5g + 10mg/5g,Pó,Embalagens contendo 8 saquetas
MEDIMPORT LDA,COAPROVEL 300/12.5mg,Irbesartan + Hidroclorotiazida,300mg + 12.5mg,Comprimidos,Embalagens contendo 28 comp
MEDIMPORT LDA,COAPROVEL 150/12.5mg,Irbesartan + Hidroclorotiazida,150mg + 12.5mg,Comprimidos,Embalagens contendo 28 comp
"SHANI, LIMITADA",AMILOSHA,Amilorido,5mg,Comprimidos,Embalagens contendo 2 blisters de 14 comp
"MEDIS FARMACÊUTICA, LDA",STOPITCH CREAM,"Hidrocortisona, Acetato",1g/100g,Creme,Bisnaga de 20g
"MEDIS FARMACÊUTICA, LDA",PEDIFEN,Ibuprofeno,100mg/5ml,Xarope,Frasco de 100ml
BRAZILGENÉRICOS SA,CLOTRIMAZOL,Clotrimazol,10mg/g,Creme tópico,Bisnaga de 20g
BRAZILGENÉRICOS SA,CLOTRIMAZOL,Clotrimazol,10mg/g,Creme vaginal,Bisnaga de 35g
BRAZILGENÉRICOS SA,CLORIDRATO DE METFORMINA,"Metformina, Cloridrato",500mg,Comprimidos,Embalagens contendo 30 comp
BRAZILGENÉRICOS SA,CLORIDRATO DE METFORMINA,"Metformina, Cloridrato",850mg,Comprimidos,Embalagens contendo 30 comp
BRAZILGENÉRICOS SA,CEFALEXINA,Cefalexina,250mg/5ml,Suspensão Oral,Frasco de 100ml
BRAZILGENÉRICOS SA,BENEVRAN,Diclofenac Dietilamina,"11,6mg/g",Gel,Bisnaga de 60g
"MEDIS FARMACÊUTICA, LDA",ATORMAC 40,Atorvastatina,40mg,Comprimidos,Embalagens contendo 10 blister de 10 comp
"MEDIS FARMACÊUTICA, LDA",ATORMAC 20,Atorvastatina,20mg,Comprimidos,Embalagens contendo 1 blister de 10 comp
"MEDIS FARMACÊUTICA, LDA",ATORMAC 10,Atorvastatina,10mg,Comprimidos,Embalagens contendo 1 blister de 10 comp
BRAZILGENÉRICOS SA,ALERGALIV,Loratadina,10mg,Comprimidos,Embalagens contendo 1 blister de 15 comp
"MEDIS FARMACÊUTICA, LDA",ADCO-LINCTOPENT SYRUP,"Bromexina, hidrocloreto + Orciprenalina, sulfato",4mg/5ml + 5mg/5ml,Xarope,Embalagem contendo frasco de vidro ambar de 100ml e 200ml
"GENERICS & SPECIALITIES, Lda",PENTOVAS,Pentoxifilina,400mg,Comprimidos,Embalagens contedo 10 de 10 comp
"MEDIS FARMACÊUTICA, LDA",PEDIFEN Adultos,Ibuprofeno,400mg,Comprimidos Revestidos,3 blister de 10 comp
"SHANI, LIMITADA",OFRAMAX,Ceftriaxona,1000mg,Pó para Injectável,Frasco de 1g
"MEDIS FARMACÊUTICA, LDA",NIFADEN 30,Nifedipina,30mg,Comprimidos de libertação prolongada,10 blister de 10 comp e  embalagem de 3x10 comprimidos
"MEDIS FARMACÊUTICA, LDA",GRAND-PA,Ácido Acetilsalicílico + Paracetamol + Cafeína,453.6mg +  324.0mg + 64.8mg,Pó Oral,"Embalagens contedo 10, 25, 38 e 50 saquetas"
"MEDIS FARMACÊUTICA, LDA",CIPRONAT,Ciprofloxacina,500mg,Comprimidos Revestidos,2 blister de 7 comp
"MEDIS FARMACÊUTICA, LDA",AZICURE 500,Azitromicina Anidra,500mg,Comprimidos,Embalagens contendo 1 blister de 3 comp
PLANET PHARMACEUTICAL LIMITADA,ZOXAN 500,Ciprofloxacina,500mg,Comprimidos,Embalagens contendo 10 blisters de 10 comp
PLANET PHARMACEUTICAL LIMITADA,PYRIMON EYE DROP,Dexametasona  + Cloranfenicol,1mg/ml + 10mg/ml,Colírio,Frasco de 5ml
PLANET PHARMACEUTICAL LIMITADA,"ELECTRAL 21,8",Cloreto de Sodio + Cloreto de Potassio + Citrato de Sodio + Glicose Anidra,"2,6g + 1,5g + 2,9g + 13,5g",Pó para solução Oral,"Embalagens com saquetas de 21,8g"
"SHANI, LIMITADA",TURBOZIL CREAM,"Terbinafina, Hidrocloreto",10mg/g,Creme,Bisnagas de 15g
"MEDIS FARMACÊUTICA, LDA",PAROL,Paracetamol,500mg,Comprimidos,Embalagens cotendo 3 blisters de 10 comp
"MEDIS FARMACÊUTICA, LDA",PAROL,Paracetamol,250mg/5ml,Xarope,Frasco de 100ml
MAPUTO HEALTH CARE Lda,MANITOL 20%m/v,Manitol,20g/100ml,Injectável,Frasco de 500ml
"MEDIS FARMACÊUTICA, LDA",ZITHROMAX,Azitromicina,500mg,Comprimidos,1x 3 comprimidos
"MEDIS FARMACÊUTICA, LDA",ZITHROMAX,Azitromicina,200mg/5ml,Pó para Suspensão Oral,Frascos de 15ml e 30ml
"MEDIS FARMACÊUTICA, LDA",ZARATOR,Atorvastatina,10mg,Comprimidos,Embalagens contendo 1 blister de 14 comp
"MEDIS FARMACÊUTICA, LDA",ZARATOR,Atorvastatina,20mg,Comprimidos,Embalagens contendo 1 blister de 28 comp
"MEDIS FARMACÊUTICA, LDA",SAYANA,"Medroxiprogesterona, Acetato",104mg /0.65ml,Injectável,Embalagem de 1 seringa
"MEDIS FARMACÊUTICA, LDA",DEPO-MEDROL,"Metilprednisolona, Acetato",40mg/ml,Injectável,Embalagem de 3 frascos de 1ml
"LUA COMÉRCIO, LDA",INFUMOX,Amoxicilina,125mg/5ml,Pó para Suspensão Oral,Frasco de 100ml
"LUA COMÉRCIO, LDA",INFUMOX,Amoxicilina,250mg/5ml,Pó para Suspensão Oral,Frasco de 100ml
"MEDIS FARMACÊUTICA, LDA",AZICURE 200,"Azitromicina, Dihidrato",200mg/5ml,Suspensão Oral,Frasco de 15ml
BAYER SCHERING PHARMA MOÇAMBIQUE,ANGELIQ,Drospirenona + Estradiol heme-hidratado,2mg + 1mg,Comprimidos,Blister de 84 e 28 comp
MEDIMPORT LDA,WORMFREE,Albendazol,400mg,Comprimidos,Embalagens contendo 1 blisters de 1 comp
"SHANI, LIMITADA",TETRASHA 500,"Tetraciclina, Hidrocloreto",500mg,Cápsulas,Embalagens contendo 10 blisters de 10 caps
WELL WORTH LDA,SEROFLO 250,Xinofoato de Salmetorol PE + Propionato de Fluticasona,25mcg + 250mcg,Suspensão Pressurizada para inalação,Frasco de 120 doses
"SHANI, LIMITADA",PARA-RÁPIDO,Paracetamol,120mg/5ml,Solução oral,Frasco de 100ml
"SHANI, LIMITADA",HISTACAM,"Difenidramina, Hidrocloreto + Cloreto de Amonio + Citrato de Sodio + Fosfato de Codeina + Mentol",10mg +90mg + 40mg + 9mg + 0.09mg,Xarope,Frasco de 100ml
WELL WORTH LDA,DEXWIN,"Dexametasona, Fosfato sódico + Neomicina, Sulfato",1mg +3.5mg,Gotas oftálmicas/Auriculares,Frasco de 5ml
WELL WORTH LDA,AZEE 500,Azitromicina Dihidratado,500mg,Comprimidos,Blister de 3 comp
PLANET PHARMACEUTICAL LIMITADA,ZOXAN,Ciprofloxacina,0.3%w/v,Gotas oftálmicas/Auriculares,Frasco de 5ml
"GENERICS & SPECIALITIES, Lda",VIVIAN,Diclofenac Sódico,25mg/ml,Solução Injectável,Embalagens contendo 10 blister de 10 ampolas de 3ml cada
"GENERICS & SPECIALITIES, Lda",VITAMINA B COMPLEXO INJECTAVEL,Vitamina B1 + Vit.B2-5 Fosfato + Vit.b6 + Nicotinamida + Dexpantenol,10mg+1.5mg+1mg+50mg+4mg,Solução Injectável,Frasco de 10ml
"GENERICS & SPECIALITIES, Lda",SPASLIN-H,Hioscina Butilbrometo,10mg/ml,Solução Injectável,Embalagens contendo 10 blister de 14 ampolas de 2ml
"GENERICS & SPECIALITIES, Lda",RINATADIN,"Ranitidina, Hidrocloreto",150mg,Comprimidos,Embalagens contendo 10 blisters de 10 comp
"LUA COMÉRCIO, LDA",PAPILON,Diclofenac Sódico,50mg,Comprimidos com revestimento intestinal,Embalagens contendo 10 blisters de 10 comp
"GENERICS & SPECIALITIES, Lda",L-GENTA,Gentamicina,0.3%w/v,Gotas Oftálmicas,Frasco de 10ml
"LUA COMÉRCIO, LDA",INOVATE,"Betametasona, valerato",0%,Creme,Bisnagas de 20g
"LUA COMÉRCIO, LDA",INFUMOX 500,Amoxicilina anidra,500mg,Cápsulas,Embalagens contendo 10 blisters de 10 caps  e frasco de 500
"GENERICS & SPECIALITIES, Lda",DIASIX,Furosemida,10mg/ml,Solução Injectável,Embalagens contendo 1 blister de 14 ampolas de 2ml cada
"LUA COMÉRCIO, LDA",D´TEMP 500,Paracetamol,500mg,Comprimidos,Embalagens contendo 10 blisters de 10 comp e frasco de 100
"LUA COMÉRCIO, LDA",D´TEMP 125,Paracetamol,125mg/5ml,Suspensão Oral,Frasco de 60ml e de 100ml
"GENERICS & SPECIALITIES, Lda",CIPROGEN O,"Ciprofloxacina, Cloridrato",0.3%w/v,Gotas Oftálmicas,Frasco de 10ml
"MEDIS FARMACÊUTICA, LDA",VAPORIL,Óleo Essencial de Tomilho + Tintura de Benjoim + Tintura de Eucalipto,"17,5mg/ml + 485mg/ml + 233mg/ml",Solução para Inalação,Frasco de 100ml
BAYER SCHERING PHARMA MOÇAMBIQUE,TRI-GYNERA,Etinilestradiol + Gestodeno,"0,03mg +0,05mg",Comprimidos,Blisters de 21 e 63 comp
"MEDIS FARMACÊUTICA, LDA",NORIDERM,Cetoconazol,20mg/g,Creme,Bisnaga de 20g
"MEDIS FARMACÊUTICA, LDA",NISTATINA,Nistatina,100.000UI/ml,Suspensão Oral,Frasco de 50ml
"MEDIS FARMACÊUTICA, LDA",DAKTARIN ORAL GEL,"Miconazol, nitrato",20mg/g,Gel oral,Bisnaga de 40g
"MEDIS FARMACÊUTICA, LDA",CENEVIT,Ácido Ascórbico,1000mg,Comprimidos efervescente,frasco de 10 comp
"MEDIS FARMACÊUTICA, LDA",CALICIDA INDIANO,Ácido Salicílico + Ácido Láctico,193mg/ml + 232mg/ml,Solução cutânea,Frasco de 12ml
"MEDIS FARMACÊUTICA, LDA",CALICIDA INDIANO,Ácido Salicílico,270mg/g,Pomada,Bisnaga de 5g
"SHANI, LIMITADA",SHEBOX,Mebendazol,100mg/5ml,Suspensão Oral,Frasco de 30ml
"SHANI, LIMITADA",METROSHA 250,Metronidazol,250mg,Comprimidos,Embalagem contendo 10 blisters de 10 comp
"SHANI, LIMITADA",ERECTA 50,Sildenafil,50mg,Comprimidos Revestidos,Embalagem de 4 Comp
"SHANI, LIMITADA",ERECTA 100,Sildenafil,100mg,Comprimidos Revestidos,Embalagem de 4 Comp
"SHANI, LIMITADA",DICLOSHA,Diclofenac Sódico,50mg,Comprimidos,Embalagem contendo 10 blisters de 10 comp
"SHANI, LIMITADA",COTRISHA,Sulfametoxazol+Trimetoprim,200mg/5ml + 40mg/ml,Líquido oral,Frasco de 100ml
"SHANI, LIMITADA",CARBOCISTEINA 5%,Carbocisteína,250mg/5ml,Xarope,Frasco de 100ml
"SHANI, LIMITADA",CARBOCISTEINA 2%,Carbocisteína,100mg/5ml,Xarope,Frasco de 100ml
"SHANI, LIMITADA",BISASHA,Bisacodil,5mg,Comprimidos,Embalagem contendo 10 blisters de 10 comp
"MEDIS FARMACÊUTICA, LDA",XAROPE DE MAÇAS REINETAS,Extracto de Sene + Manitol + Extracto de Maças reinetas,"2,35mg/ml + 0,61mg/ml + 2,70mg/ml",Xarope,Frasco de 100ml
"MEDIS FARMACÊUTICA, LDA",MOTILIUM,"Domperidona, maleato",10mg,Comprimidos,Embalagens contendo 2 blisters de 10 comp
"MEDIS FARMACÊUTICA, LDA",CLORIDRATO DE TRAMADOL,"Tramadol, Cloridrato",100mg/ml,Solução oral,Frasco de 15ml
"MEDIS FARMACÊUTICA, LDA",DERMOSTATIN,Nistatina + Óxido de Zinco,100.000UI/g + 200mg/g,Pomada,Bisnaga de 60g
MOZPHARMA LDA,DAGESIL,Diclofenac Sódico,10mg/g,Gel,"Bisnaga de 30g, 60g e 100g"
MOZPHARMA LDA,BASIFLUX,"Bromexina, Cloridrato",0.8mg/ml,Xarope,Frasco de 200ml
MAPUTO HEALTH CARE Lda,PARADOR FORTE,Paracetamol + Ibuprofeno + Cafeína anidra,325mg + 200mg + 40mg,Comprimidos,Embalagem 2X10
"MEDIS FARMACÊUTICA, LDA",ENO REGULAR,Bicarbonato de Sodio grosso + Bicarbonato de Sódio fino + Ácido Cítrico anidro + Carbonato de Sódio,1.74g/5g + 0.579g/5g + 2.181g/5g + 0.50g/5g,Pó Efervescente,Embalagens de 10 e 72 saquetas e frascos de 100 e 200g
"GENERICS & SPECIALITIES, Lda",CLORETO DE SÓDIO,Cloreto de Sódio,0.9% w/v,Solução para Infusão Intravenosa,"Embalagem contendo 12 frascos de 500ml, 1000ml"
"GENERICS & SPECIALITIES, Lda",METRONIDAZOL INFUSÃO INTRAVENOSA,Metronidazol,0.5% w/v,Infusão Intravenosa,96 frascos de 100ml
"GENERICS & SPECIALITIES, Lda",MANITOL INFUSÃO INTRAVENOSA,Manitol,20% w/v,Infusão Intravenosa,96 frascos de 100ml
"GENERICS & SPECIALITIES, Lda",COMPOSTO LACTATO DE SÓDIO INFUSÃO INTRAVENOSA,Lactato de sódio+Cloreto de sódio+Cloreto de potássio+Cloreto de cálcio,0.32%w/v+0.6%w/v+0.04%w/v+0.027%w/v,Infusão Intravenosa,12 frascos de 1000ml
"SHANI, LIMITADA",PROGESTERONE INJECTION,Progesterona,25mg/ml,Injectável,7 caixas c/ 100 ampolas
"SHANI, LIMITADA",BENZATHINE BENZYLPENICILLIN FOR INJECTION,Penicilina G Benzatínica,2.4mega,Injectável,Caixas c/50frascos
"MEDIS FARMACÊUTICA, LDA",PANADO PEDIATRIC SYRUP ALCOHOL AND SUGAR FREE,Paracetamol,120mg/5ml,Suspensão Oral,Frasco de 100ml e 50ml
WELL WORTH LDA,NEOZYME,D-pantenol + Ácido fólico + Diastâse fúngica + Niacinamida + "Papin" + Simeticone + Vit. B2 + vit. B1 Monohidrato + Vit. B6 + Lactic Acid Bacillus (pain),1mg+75mcg+25mg+15mg+20mg+40mg+2.5mg+1mg+0.5mg + 40 x 106,Cápsulas,Embalagem 3X10
"SHANI, LIMITADA",COTRIKANT,Trimetoprim+Sulfametoxazol,80mg + 400mg,Comprimidos,Embalagem 10X10
"MEDIS FARMACÊUTICA, LDA",COMPRAL HEADACHE TABLETS,Ácido Acetilsalicílico + Paracetamol + Cafeína,400mg + 100mg + 30mg,Comprimidos,Embalagem com blister de 12 e 24
"MEDIS FARMACÊUTICA, LDA",BRONCHOPED,"Terbutalina, Sulfato + Cloreto de Amónio + Citrato de Sódio",1.25mg + 60mg + 25mg,Xarope,Frasco de 100ml
BRAZILGENÉRICOS SA,PROPRIONATO DE CLOBETASOL,Propionato de Clobetasol,0.5mg,Creme dermatológico,Bisnaga de 30g
BRAZILGENÉRICOS SA,PROPRIONATO DE CLOBETASOL,Propionato de Clobetasol,"0,5mg",Pomada dermatológico,Bisnaga de 30g
BRAZILGENÉRICOS SA,MALEATO DE TIMOLOL,"Timolol, maleato",1%,Solução Oftálmica,Frasco de 5ml
BRAZILGENÉRICOS SA,DORICAL SUP. ORAL,"Retinol, Palmitato+ Tiamina, cloridrato + Riboflavina + Colecalciferol + Tocoferol, acetato + Cálcio, pantotenato + Nicotinamida + Sódio, Fluoreto + Cálcio + Ferro","5.000UI+4mg+2mg+500UI+2,25mg+2mg+15mg+0,1mg+85mg+25mg",Suspensão Oral,Frasco de 120ml
BRAZILGENÉRICOS SA,CLORIDRATO DE RANITIDINA,"Ranitidina, Cloridrato",150mg,Comprimidos Revestidos,Embalagem de 20
BRAZILGENÉRICOS SA,CLORIDRATO DE RANITIDINA,"Ranitidina, Cloridrato",300mg,Comprimidos Revestidos,Embalagem de 20
BRAZILGENÉRICOS SA,CLORIDRATO DE OXIMETAZOLINA,"Oximetazolina, Cloridrato","0,25mg",Solução Nasal,Frasco de 20ml e 30ml
BRAZILGENÉRICOS SA,CLORIDRATO DE OXIMETAZOLINA,"Oximetazolina, Cloridrato","0,50mg/ml",Solução Nasal,Frasco de 20ml e 30ml
BRAZILGENÉRICOS SA,CLARITROMICINA,Claritromicina,500mg,Comprimidos Revestidos,Embalagem de 14
BRAZILGENÉRICOS SA,AZITROMICINA,Azitromicina,200mg/5ml,Suspensão Oral,"Frasco de 15ml e 22,5ml"
"MEDIS FARMACÊUTICA, LDA",NIMTECH,Nimesulida,100mg,Comprimidos,"Embalagem 10x10, 1x10 e 3x10"
"MEDIS FARMACÊUTICA, LDA",ENO ORANGE,Bicarbonato de sódio grosso + Bicarbonato de Sódio Fino +Ácido citrico anidro+ Carbonato de sódio,"1,72g/5g + 0,57g/5g + 2,16g/5g + 0,5g/5g",Pó Efervescente,Frasco de 200g e 100g; emb de 72 e 10 ...
"MEDIS FARMACÊUTICA, LDA",ENO LEMON,Bicarbonato de sódio grosso + Bicarbonato de Sódio Fino +Ácido citrico anidro+ Carbonato de sódio,1.72g/5g + 0.57g/5g + 2.16g/5g + 0.5g/5g,Pó Efervescente,Frasco de 200g e 100g; emb de 72 e 10 saquetas
MISSIONPHARMA MOÇAMBIQUE,SAIS DE REHIDRATAÇÃO ORAL (ORS),Glicose de Anidro+ Cloreto de sódio+ Cloreto de potássio+ Citrato de sódio,"(13,5g + 2,6g + 1,5g + 2,9g)/20,5g",Pó para Solução Oral,Embalagem de 25 saquetas
"MEDIS FARMACÊUTICA, LDA",CORENZA-C,Vitamina C + Ácido Acetilsalicílico + Fenilefrina HCL + Morodoxina HCL + Clorfeniramina maleato,500mg + 500mg + 7.5mg + 100mg + 2mg,Comprimido Efervescente,Embalagem de 10
"SHANI, LIMITADA",VENTOSHA,"Salbutamol, Sulfato",2mg/5ml,Xarope,Frasco de 100ml
"SHANI, LIMITADA",FENOSHA 250,Fenoximetilpenicilina,250mg/5ml,Suspensão Oral,Frasco de 100ml
"SHANI, LIMITADA",FENOSHA 125,Fenoximetilpenicilina,125mg/5ml,Suspensão Oral,Frasco de 100ml
"MEDIS FARMACÊUTICA, LDA",ZOLOFT®,Sertralina,50mg,Comprimidos Revestidos,Embalagem 20 e 60 Comprimidos
MOZPHARMA LDA,SUPOSITÓRIOS DE GLICERINA LACTENTE,Glicerina,686mg,Supositório,Embalagem com 12 supositorios
MOZPHARMA LDA,SUPOSITÓRIOS DE GLICERINA ADULTO,Glicerina,2000mg,Supositório,Embalagem com 12 supositorios
MOZPHARMA LDA,SUPOSITÓRIOS DE GLICERINA  INFANTIL,Glicerina,1000mg,Supositório,Embalagem com 12 supositorios
"MEDIS FARMACÊUTICA, LDA",PROVERA,"Medroxiprogesterona, Acetato",5mg,Comprimidos,Emb. 6X10
"SHANI, LIMITADA",PROGESTERONE INJECTION,Progesterona,50mg/2ml,Injectável,caixa c/100 ampolas
"MEDIS FARMACÊUTICA, LDA",PANADO PEDIATRIC SYRUP,Paracetamol,120mg/5ml,Suspensão Oral,Frasco de 50ml e 100ml
"MEDIFARMA, LDA",Lumerax 20/120,Arteméter + Lumefantrina,20mg + 120mg,Comprimidos,"Embalagem contendo 30 blisters de 6, 12, 18 e 24"
"LUA COMÉRCIO, LDA",INFUGESIC-400,Ibuprofeno,400mg,Comprimidos Revestidos,Embalagem 10X10
"SHANI, LIMITADA",BROX-SHA,"Bromexina, Hcl",4mg/5ml,Xarope,Frasco de 100ml
MOZPHARMA LDA,BÁLSAMO ANALGÉSICO BASI,Salicilato de Metilo,61.1mg/g,Pomada,Bisnaga de 20g 50g
"SHANI, LIMITADA",ANTI-GRIPE,"Paracetamol + Cafeína, anidra + Fenilfrina, hidrocleto +  Clorfeniramina, maleato",500mg + 30mg + 10mg + 2mg,Comprimidos,25 Blister de 4
"LIFE Pharma, Lda",LUV 69,Citrato de Sildenafil,50mg,Comprimidos,1 Blister de 2 Comprimidos; 1x4
"SHANI, LIMITADA",LEVONORGESTREL TABLETS,Levonorgestrel,0.03mg,Comprimidos Revestidos,Blister de 1x10
"SHANI, LIMITADA",LEVO - E,Etinilestradiol + Levonorgestrel,0.03mg + 0.15mg,Comprimidos Revestidos,Blister de 21 comp
"SHANI, LIMITADA",BE-TABS TRIFEN EXPECT PAEDIATRIC,"Pseudoefedrina, Cloridrato + Fosfato de codeína + Cloridrato de Triprolidina + Guaifenesin",(12mg + 3mg + 0.6mg + 50mg)/5ml,Solução Oral,Frascos de 100ml
"SHANI, LIMITADA",BE-TABS TRIFEN EXPECT ADULT,"Pseudoefedrina, Cloridrato + Fosfato de codeína + Cloridrato de Triprolidina + Guaifenesin",(20mg + 7.5mg + 1.25mg + 100mg)/5ml,Solução Oral,Frascos de 100ml
"GENERICS & SPECIALITIES, Lda",BENZYLPENICILLIN SODIUM FOR INJECTION,Benzilpenicilina Sódica,10 Mega,Pó para Injectável,Embalagem de 50 frascos de 25ml
MISSIONPHARMA MOÇAMBIQUE,GLUCONATO DE CLOREXIDINA + CETRIMIDA,"Clorexidina, gluconato + Cetrimida",1.5% m/v + 15% m/v,Solução tópica,Frasco de 250ml e 500ml
"MEDIMOC, SA",LADEF 500,Cefepime,500mg,Pó para Solução Injectável,
"MEDIMOC, SA",LADEF 1000,Cefepime,1000mg,Pó para Solução Injectável,
"LUA COMÉRCIO, LDA",PAPILON GEL,Diclofenac + Salicilato de metilo + Racementol + Óleo virgem de linhaça,12.1mg + 105mg + 52.5mg + 30mg,Gel Tópico,Bisnaga de 30g
"MEDIS FARMACÊUTICA, LDA",MED LEMON HOT MEDICATION WITH VITAMIN C,Acido acetil salicílico+ Cafeína Anidra + Ácido Ascórbico + menthol,800mg + 50mg + 45mg + 2.6mg,Pó Efervescente,Embalagem de 8 e 72 saquetas
"GENERICS & SPECIALITIES, Lda",GENCITRIN,"Cetirizina, cloridrato",10mg,Comprimidos Revestidos,Embalagem de 20x10
MAPUTO HEALTH CARE Lda,NOVAFEN,Paracetamol + Ibuprofeno + Cafeína,325mg + 200mg + 40mg,Cápsulas,blisters 2x10
"MEDIS FARMACÊUTICA, LDA",NORVASC 5,"Amlodipina, besilato",5mg,Comprimidos,"Embalagem de 10, 20, 30 e 60"
"MEDIS FARMACÊUTICA, LDA",NORVASC 10,"Amlodipina, besilato",10mg,Comprimidos,Embalagem de 60
AFRI FARMÁCIA LDA,Funginil-K,Ketoconazol,20mg,Creme,Bisnaga de 1x20g
"MEDIS FARMACÊUTICA, LDA",CEFTRIX,Ceftriaxona Sódica,1000mg,Pó para Injectável/Perfusão,Frasco de 10ml
"MEDIS FARMACÊUTICA, LDA",PANADO Tablets,Paracetamol,500mg,Comprimidos,"Embalagem de 12, 24 e 120 e Cartão com 48 saquetas de 2 Comprimidos"
"MEDIS FARMACÊUTICA, LDA",KANAMAC 2G,"Kanamicina, Sulfato",2000mg,Injectável,1 ampola x 10ml
"MEDIS FARMACÊUTICA, LDA",ENO APPLE,Ácido Cítrico Anidro + Bicarbonato de Sódio + Carbonato de Sódio Anidro + Bicarbonato de Sódio grosso,2.181g + 0.579g + 0.50g + 1.74g,Pó Efervescente,"Frasco de 100g e 200g, Embalagem com 10, 20 E 72 saquetas"
"MEDIS FARMACÊUTICA, LDA",AMIZAL,Idebenona,45mg,Comprimidos Revestidos,Embalagem de 20 e 60
"SHANI, LIMITADA",SQUARE ZINC,sulfato de zinco monohidratado,20mg,Comprimidos,3 blister de 10 comprimidos
MAPUTO HEALTH CARE Lda,ZUMACID,Hidróxido de Alumínio + Hidróxido de Magnésio + Dimeticone + trisilicato de Magnésio + Ácido Algínico,250mg/15ml + 250mg/15ml + 125mg/15ml + 250mg/15ml + 200mg/15ml,Suspensão Oral,Frasco de 200ml
MAPUTO HEALTH CARE Lda,VAREES-250,"Eritromicina, etil succinato",250mg/5ml,Suspensão Oral,Frasco de 100ml
MAPUTO HEALTH CARE Lda,VAREES-125,"Eritromicina, etil succinato",125mg/5ml,Suspensão Oral,Frasco de 100ml
MAPUTO HEALTH CARE Lda,TRIOBION FORTE,Tiamina + Riboflavina + Piridoxina + Cianocobalamina + Nicotinamida + Pantotenato de cálcio,10mg + 10mg + 3mg + 15mcg + 45mg + 50mg,Comprimidos Revestidos,10x10
WELL WORTH LDA,SERGIFEX,Ceftriaxona,1000mg,Pó para Injectável,Frasco com pó e ampola de água para 1% de Injecção
WELL WORTH LDA,ROMYCIN SUSPENSÃO,Azitromicina,200mg/5ml,Pó para Suspensão Oral,Frasco de 15ml + Ampola com água esterilizada
MAPUTO HEALTH CARE Lda,PREGNON,Levonorgestrel,0.75mg,Comprimidos,1 x 2 comp
MAPUTO HEALTH CARE Lda,MBPLEX,"Tiamina, Monohidrato + Riboflavina + Piridoxina, Hidrocloreto + Cianocobalamina + Nicotinamida + Pantotenato de Cálcio",10mg + 10mg + 3mg + 15mcg + 45mg + 50mg,Comprimidos Revestidos,10x10
WELL WORTH LDA,LISODIM INJECÇÃO,Diclofenac Sódico,75mg/3ml,Solução Injectável,Ampola de 3ml
MAPUTO HEALTH CARE Lda,CARETENOL-100,Atenolol,100mg,Comprimidos,10 blister de 10 comprimidos
MAPUTO HEALTH CARE Lda,BOLERGIN,"Metilergometrina, maleato","0,125mg",Drageias,"10x10, 500"
"MEDIS FARMACÊUTICA, LDA",ZOLOFT® 20mg/ml,Sertralina,20mg/ml,Solução Oral,Frasco de 60ml
"MEDIS FARMACÊUTICA, LDA",IBUPROFEN ALGIK,Ibuprofeno,20mg/ml,Suspensão Oral,Frasco de 200ml
"MEDIS FARMACÊUTICA, LDA","BÁLSAMO ANALGÉSICO, Creme",ácido Salicílico + Mentol + Nicotinato de Benzilo,65mg/g + 5mg/g + 10mg/g,Creme,Bisnaga de 40g
"MEDIS FARMACÊUTICA, LDA",ALPRAZOLAM PAZOLAM,Alprazolam,0.5 mg,Comprimidos,"Embalagem de 20,40 e 60 Comp"
"SHANI, LIMITADA",NYSTASHA,Nistatina,100000UI,liquido Oral,Frasco de 30ml
BAYER SCHERING PHARMA MOÇAMBIQUE,NEXAVAR,Sorafenib,200mg,Comprimidos Revestidos,Blister de 112 Comp
"SHANI, LIMITADA",NESHADERM,Neomicina Sulfato,"0,5%w/v",Creme,Bisnaga de 30g
"SHANI, LIMITADA",MYCOCID LOTION,Clotrimazol,1%w/w,Solução Tópica,Frasco de 15ml
BAYER SCHERING PHARMA MOÇAMBIQUE,MAGNEVIST,Ácido Gatopentético,469mg/ml,Solução Injectável,Seringa Pré-cheia de 10ml e seringa pré-cheia de 15ml e Frasco para injectáveis de 10ml +Frasco para Injectáveis de 15ml + frasco para Injectáveis de 20ml
"SHANI, LIMITADA",IBUPROFEN ORAL SUSPENSION BP 100MG/5L,Ibuprofeno,100mg/5ml,Suspensão Oral,Frasco de 100ml
"SHANI, LIMITADA",FEMSHA,Clomifeno Citrato,50mg,Comprimidos,3 x10
"SHANI, LIMITADA",ARTEMETHER E LUMEFANTRINE,Arteméter + Lumefantrina,20mg + 120mg,Comprimidos,4 blisters de 6 Comp
WELL WORTH LDA,ZUDICORT CREME,Ácido Fusidico + Betametasona,20mg/g + 1mg/g,Creme,Bisnaga de 5mg e 15mg
"SOCIEDADE MOÇAMBICANA DE MEDICAMENTOS, SA",SMM NEVIRAPINA,Nevirapina,200mg,Comprimidos,frascos de 60 comprimidos
FARMA HOLDINGS SA,LAMIVUDINA + ZIDOVUDINA + NEVIRAPINA 150mg/300mg/200mg,Lamivudina + Zidovudina + Nevirapina,150mg + 300mg + 200mg,Comprimidos,frascos de 60 comprimidos
FARMANATURAL,DICLOFENAC SANDOZ,Diclofenac,10mg,Gel,Bisnagas de 50g e 100g
FARMANATURAL,CALCIUM SANDOZ FORTE,Lactogluconato de Cálcio + Carbonato de Cálcio,1132mg + 875mg,Comprimidos,Embalagens de 20 e 60 comp
FARMANATURAL,AZITROMICINA SANDOZ,Azitromicina,500mg,Comprimidos,Blister de 3 comp
FARMANATURAL,AMOXICILINA Sandoz,Amoxicilina,250mg/5ml,Pó para Suspensão Oral,Frasco de 60ml e 100ml
FARMANATURAL,AMOXICILINA + ÁCIDO CLAVULÂNICO sandoz,Amoxicilina + Ácido Clavulânico,125mg/5ml + 31.25mg/5ml,Pó para Suspensão,Frasco de 100ml
FARMANATURAL,AMOXICILINA + ÁCIDO CLAVULÂNICO sandoz,Amoxicilina + Ácido Clavulânico,500mg + 125mg,Comprimidos,Embalagem de 16 comp
FARMANATURAL,AMOXICILINA + ÁCIDO CLAVULÂNICO sandoz,Amoxicilina + Ácido Clavulânico,875mg + 125mg,Comprimidos,Embalagem de 16 comp
FARMANATURAL,AMOXICILINA + ÁCIDO CLAVULÂNICO sandoz,Amoxicilina + Ácido Clavulânico,250mg/5ml + 62.5mg/5ml,Pó para Suspensão,Frasco de 100ml
FARMANATURAL,AMOXICILINA + ÁCIDO CLAVULÂNICO sandoz,Amoxicilina + Ácido Clavulânico,400mg /5ml+ 57mg/ml,Pó para Suspensão,Frasco de 100ml
"LIFE Pharma, Lda",LUV 69,Citrato de Sildenafil,100mg,Comprimidos,blister de 1 comprimido
PLANET PHARMACEUTICAL LIMITADA,BACTIGEN EYE/EAR DROPS,"Gentamicina, Sulfato","0,30% m/v",Colírio,Frasco de 5ml
"GENERICS & SPECIALITIES, Lda",PARACETAMOL INFUSÃO,Paracetamol,10mg/ml,Injectável,Frascos de 100ml
"GENERICS & SPECIALITIES, Lda",GLUCOSE INTRAVENOUS INFUSION BP (10% W/V),Glicose,10%,Injectável,"Frascos de 500ml, 1000ml e de 250m"
"GENERICS & SPECIALITIES, Lda",GELXIM TABLETS,Cefixima,200mg,Comprimidos,"1 blister de 10 comp,10x10"
"GENERICS & SPECIALITIES, Lda",CFD 500,Cefadroxil,500mg,Cápsulas,10 blisters de 10 caps
"MEDIS FARMACÊUTICA, LDA","XANAX 0,5",Alprazolam,0.5 mg,Comprimidos,Embalagens de 20 e 60 comp
"MEDIS FARMACÊUTICA, LDA","XANAX 0,25",Alprazolam,0.25 mg,Comprimidos,Embalagens de 20 e 60 comp
"MEDIS FARMACÊUTICA, LDA",XALACOM,Timolol + Latanoproste,5mg/ml + 0.05mg/ml,Colírio,"Frasco de 2,5ml"
WELL WORTH LDA,KETO,Ketoconazol,200mg,Comprimidos,10 blisters de 10 comp
"SHANI, LIMITADA",DICLOFENAC GEL,Diclofenac sódico,1% w/w,Gel,Bisnaga de 30g
"MEDIS FARMACÊUTICA, LDA",TRIFENE,Ibuprofeno,100mg/5ml,Suspensão Oral,Frasco de 200ml
"MEDIS FARMACÊUTICA, LDA",NITRATO DE MICONAZOL,"Miconazol, Nitrato",20mg/g,Creme,Bisnaga de 28g
"MEDIS FARMACÊUTICA, LDA",GRAND-PA,Ácido Acetilsalicílico + Paracetamol + Cafeína,226.8mg + 164mg + 32.4mg,Comprimidos,"Embalagens de 10, 96 e frascos de 24, 38 e 76 comp"
"GENERICS & SPECIALITIES, Lda",NOZAAR - 50,Losartan Potássico,50mg,Comprimidos,Embalagem de 10 blisters de 10 comp
"GENERICS & SPECIALITIES, Lda",GLAZIDE,Gliclazida,80mg,Comprimidos,10 blisters de 10 comp
"GENERICS & SPECIALITIES, Lda",AMIDILE - G TABLETS,"Amlodipina, besilato",5mg,Comprimidos,Embalagem de 10 blisters de 10 comp
MAPUTO HEALTH CARE Lda,BACTOCLAV 250,"Amoxicilina, Trihidrato + Clavulanato de Potássio",250mg/5ml + 62.5mg/5ml,Xarope,Frasco de 100ml
"SHANI, LIMITADA",LEVONORGESTREL TABLETS,Levonorgestrel,0.75mg,Comprimidos,Embalagem de 2 comp
MOZPHARMA LDA,FLUCONAZOL BASI,Fluconazol,50mg,Cápsulas,"Blisteres de 7, 1 e2, 7 e 14 unidades"
MOZPHARMA LDA,FLUCONAZOL BASI,Fluconazol,150mg,Cápsulas,"Blisteres de 7, 1 e2, 7 e 14 unidades"
MOZPHARMA LDA,FLUCONAZOL BASI,Fluconazol,200mg,Cápsulas,"Blisteres de 7, 1 e2, 7 e 14 unidades"
"MEDIFARMA, LDA",AZITROMICINA BASI,Azitromicina,500mg,Comprimidos,Blister com 2 comprimidos e 3 comprimidos
AFRI FARMÁCIA LDA,PYRISTAL-25,Piridoxina Hidrocloreto,25mg,Comprimidos,Blisters de 2x5x10 Comprimidos
"MEDIS FARMACÊUTICA, LDA",NIMESULIDA BALDACCI,Nimesulida,100mg,Comprimidos,Embalagens de 20 e 60 comp
"MEDIS FARMACÊUTICA, LDA",DEPO-PROVERA,"Medroxiprogesterona, Acetato",150mg/ml,Suspensão Injectável,1 seringa de 1ml e uma ampola de 1ml
FARMACÊUTICA AUSTRAL,BGLAU,Tartarato de Brimonidina,2mg/ml,Colírio,"Frasco de 1x5ml, 3x5ml"
MOZPHARMA LDA,AMOXICILINA + ACIDO CLAVULANICO BASI,Amoxicilina trihidratada+Clavulanato de potássio,500mg + 125mg,Comprimidos,Blister com 16 comprimidos
"MEDIFARMA, LDA",DILACLAN,Amoxicilina Trihidratada,500mg,Cápsulas,Blister de 16 cápsulas
"MEDIS FARMACÊUTICA, LDA",NORIDERM,Cetoconazol,20mg/ml,Shampoo,Frasco de 100ml
"MEDIS FARMACÊUTICA, LDA",IBUPROFENO AZEVEDOS 400,Ibuprofeno,400mg,Comprimidos revestidos,"Embalagens de  20, 30 e 60 comp"
"MEDIS FARMACÊUTICA, LDA",IBUPROFENO AZEVEDO  600,Ibuprofeno,600mg,Comprimidos revestidos,"Embalagens de  20, 30 e 60 comp"
"MEDIS FARMACÊUTICA, LDA",DERMATISAN,Valerato de Betametasona + Sulfato de Gentamicina + Tolnaftato + Clioquinol,"0,5mg/g + 1mg/g + 10mg/g + 10mg/g",Creme Dermatológico,Bisnaga de 20g
WELL WORTH LDA,ZUDIC CREME,Ácido Fusidico,20mg,Creme,Bisnaga de 15g
WELL WORTH LDA,EROPHENICOL GOTAS AURICULARES,Cloranfenicol,1g,Solução ótica,Frascos de 10ml
WELL WORTH LDA,EROPHENICOL EYE DROPS,Cloranfenicol,0.5mg,Solução Oftálmica,Frascos de 10ml e 15ml
WELL WORTH LDA,EROGENT GOTAS OFTÀLMICAS E AURICULARES,"Gentamicina, Sulfato",0.3mg,Gotas auriculares/Oftálmicas,Frascos de 7.5ml
MISSIONPHARMA MOÇAMBIQUE,ÁCIDO ACETILSALICILICO,Ácido Acetilsalicílico,500mg,Comprimidos,Frasco de 1000 comprimidos
MISSIONPHARMA MOÇAMBIQUE,SULFAMETOXAZOL + TRIMETOPRIM,Sulfametoxazol + Trimetoprim,400mg + 80mg,Comprimidos,Frasco de 500 e 1000 comprimidos
AFRI FARMÁCIA LDA,PYRISTAL-50,Piridoxina Hidrocloreto,50mg,Comprimidos,10 blisters de 10 comprimidos
"SOCIEDADE MOÇAMBICANA DE MEDICAMENTOS, SA",SMM RIBAVIRINA,Ribavirina,250mg,Cápsulas,50 blisters de 10 cápsulas cada
"SOCIEDADE MOÇAMBICANA DE MEDICAMENTOS, SA",SMM AMOXICILINA,Amoxicilina Trihidrato,500mg,Cápsulas,50 e 105 blisters de 10 cáps cada
"MEDIS FARMACÊUTICA, LDA",PARAGIN 500,Acetaminofeno,500mg,Cápsulas,Embalagem de 25 blister de 4 caps e de 10x10
MISSIONPHARMA MOÇAMBIQUE,PARACETAMOL SUSPENSAO ORAL,Paracetamol,120mg/5ml,Suspensão Oral,Frasco de 100 ml
MISSIONPHARMA MOÇAMBIQUE,PARACETAMOL,Paracetamol,500mg,Comprimidos,Frasco de 1000 comprimidos
MISSIONPHARMA MOÇAMBIQUE,FENOXIMETILPENICILINA,Fenoximetilpenicilina Potássica,125mg/5ml,Suspensão Oral,Frasco de 100ml
"MEDIS FARMACÊUTICA, LDA",COOL EYES,Hipromelose,3mg/ml,Colírio,Frasco de 10ml
MISSIONPHARMA MOÇAMBIQUE,CLORIDRATO DE LOPERAMIDA,"Loperamida, Cloridrato",2mg,Comprimidos,Frasco de 25 comprimidos
"MEDIS FARMACÊUTICA, LDA",TRAMADOL AZEVEDOS,"Tramadol, Hidrocloreto",50mg,Cápsulas,Embalagem de 20 e 60 comp
"MEDIS FARMACÊUTICA, LDA",ALPRAZOLAM PAZOLAM,Alprazolam,0.5 mg,Comprimidos de libertação prolongada,"Embalagem de 20, 40 e 60 comp"
AFRI FARMÁCIA LDA,METRONIDAZOLE INJECTION USP 0.5% W/V,Metronidazol,0.5%w/v,Solução Injectável,Frasco de 100ml
AFRI FARMÁCIA LDA,FRUSELION,Furosemida,40mg,Comprimidos,Embalagem de 10 blisters de 10 comp
AFRI FARMÁCIA LDA,CIPROFLOXACIN INJECTION USP,Ciprofloxacina,"0,2g/100ml",Solução Injectável,Frasco de 100ml
"MEDIS FARMACÊUTICA, LDA",SERETIDETM DISKUSTM 50/500,Salmeterol + Propionato de fluticasona,50mcg + 500mcg,Pó para inalação,1 diskus x 60 doses
"MEDIS FARMACÊUTICA, LDA",SERETIDETM DISKUSTM 50/250,Salmeterol + Propionato de fluticasona,50mcg + 250mcg,Pó para inalação,1 diskus x 60 doses
"MEDIS FARMACÊUTICA, LDA",SERETIDETM DISKUSTM 50/1000,Salmeterol + Propionato de fluticasona,50mcg + 100mcg,Pó para inalação,1 diskus x 60 doses
"MEDIS FARMACÊUTICA, LDA",SERETIDE INALADOR 25/50,Salmeterol + Propionato de fluticasona,25mcg + 50mcg,Suspensão Pressurizada para inalação,1 inalador x 120 actuações
"MEDIS FARMACÊUTICA, LDA",SERETIDE INALADOR 25/250,Salmeterol + Propionato de fluticasona,25mcg + 250mcg,Suspensão Pressurizada para inalação,1 inalador x 120 actuações
"MEDIS FARMACÊUTICA, LDA",SERETIDE INALADOR 25/125,Salmeterol + Propionato de fluticasona,25mcg + 125mcg,Suspensão Pressurizada para inalação,1 inalador x 120 actuações
"MEDIMOC, SA",CLORIDRATO DE METFORMINA,"Metformina, Cloridrato",850mg,Comprimidos,"Embalagem de 30, 50 e 60 comp"
"MEDIMOC, SA",CETOCONAZOL,Cetoconazol,200mg,Comprimidos,Embalagem de 10 e 30 comp
"GENERICS & SPECIALITIES, Lda",DERM KETA CREAM,Ketaconazol,2%,creme,Bisnaga de 10g
"GENERICS & SPECIALITIES, Lda",LOGOUT,Alopurinol,100mg,Comprimidos,Frasco de 1000 e embalagem de 10 blister de 10 comp
"GENERICS & SPECIALITIES, Lda",GOUTNIL,Colchicina,"0,5mg",Comprimidos,Caixa de 2 blisters de 10 comp
"GENERICS & SPECIALITIES, Lda",CANINIL,Clotrimazol,100mg,Comprimidos,1 blister de 6 comp
"GENERICS & SPECIALITIES, Lda",BROM,"Bromocriptina, mesilato","2,5mg",Comprimidos,"Frasco de 1000, embalagem de 10 blister de 10 comp e uma tira de 10 Comprimidos (1x10)"
"GENERICS & SPECIALITIES, Lda",TETGLOB,Imunoglobulina Humana Anti-Tétano BP,250UI,Pó para Injecção,Frasco de 2ml
"GENERICS & SPECIALITIES, Lda",RHOCLONE,Imunoglobulina Anti Rho (D) Monoclonal,300mcg,Pó para Injecção,Frasco de 2ml
"GENERICS & SPECIALITIES, Lda",PRAZIQUANTEL,Praziquantel,600mg,Comprimidos,Frascos de 1000 comp
"GENERICS & SPECIALITIES, Lda",GALCORT,Hidrocortisona Succinato Sódico,100mg,Pó para Injecção,Frascos de 2ml
"GENERICS & SPECIALITIES, Lda","CLAVUGEN 312,5",Amoxicilina + Clavulanato de Potássio,250mg/5ml + 62.5mg/5ml,Pó para Suspensão Oral,Frascos de 100ml
"GENERICS & SPECIALITIES, Lda",BRUGEN S,Ibuprofeno,100mg/5ml,Suspensão oral,Frasco de 100ml
"GENERICS & SPECIALITIES, Lda",ASNA ANTI VENOM C (Snake Venom Antiserum African),Bitis gabonica + Bitis arietans + Bitis nasicornis + Dendroaspis jamesonii + Dendroaspis polylepis + Dendroaspis angusticeps + Naja nivea + Naja nigricollis + Naja haje + Naja melanoleuca + Echis carinatus,25 + 25 + 20 + 25 + 25 + 25 + 25 + 20 + 25 + 20 + 25,Injectável,Frascos de 10ml
"MEDIMOC, SA",PROCANAZOL 200,Fluconazol,200mg,Comprimidos,Blisters de 1 comp
"MEDIMOC, SA",PROCANAZOL 150,Fluconazol,150mg,Comprimidos,Blisters de 1 comp
"MEDIMOC, SA",GENOCIN,"Gentamicina, Sulfato",80mg/2ml,Solução Injectável,Frasco de 2ml
"SHANI, LIMITADA",MYCOCID MOUTH WASH,Clotrimazol,1% w/v,Solução oral,Frasco de 15ml
AFRI FARMÁCIA LDA,ARTESUN,Artesunato,60mg,Pó para Injecção,1 ampola de artesunato e 1 ampola de solvente e 1x3
"SHANI, LIMITADA",ALBENSHA,Albendazol,400mg,Comprimidos,blister de 1 comprimido
"MEDIS FARMACÊUTICA, LDA",VEEMOX,Mebendazol,100mg,Comprimidos,Frasco de 1000 e embalagem de 10 blister de 6 comp
"MEDIS FARMACÊUTICA, LDA",SALBUTAMOL ORAL SOLUTION,"Salbutamol, Sulfato",2mg/5ml,Solução oral,Frasco de 100ml
"MEDIS FARMACÊUTICA, LDA",SALBUTAMOL,"Salbutamol, Sulfato",2mg,Comprimidos,Frasco de 1000 e embalagem de 10 blisters de 10 comp
"MEDIS FARMACÊUTICA, LDA",PHENOXYMETHYLPENICILLIN ORAL SOLUTION,Fenoximetilpenicilina Potássica,250mg/5ml,Solução oral,Frasco de 100ml
"MEDIS FARMACÊUTICA, LDA",PHENOXYMETHILPENICILLIN POTASSIUM,Fenoximetilpenicilina Potássica,500mg,Comprimidos,"Frasco de 1000 comp, caixa de 100 e de 500 comprimidos"
"MEDIS FARMACÊUTICA, LDA",ML-METRO,Metronidazol,250mg,Comprimidos,Frasco de 1000 e embalagem de 10 blister de 10 comp
"MEDIS FARMACÊUTICA, LDA",ML-IBUPROFEN ORAL SUSPENSION,Ibuprofeno,100mg/5ml,Suspensão Oral,Frasco de 100ml
"MEDIS FARMACÊUTICA, LDA",ML-GACID,Omeprazol,20mg,Cápsulas,"Frasco de 1000, embalagem de 10 blister de 10 caps, caixa de 500 e 1000 capsulas"
"MEDIS FARMACÊUTICA, LDA",METFORMINA AZEVEDOS,Metformina,500mg,Comprimidos,"Embalagens com 10, 14, 20, 28, 30, 56, 60 e 100 comp"
"MEDIS FARMACÊUTICA, LDA",METFORMINA AZEVEDOS,"Metformina, hidrocloreto",850mg,Comprimidos,"Embalagens com 10, 14, 20, 28, 30, 56, 60 e 100 comp"
DKT MOZAMBIQUE,LEVOPLANT,Levonorgestrel,75mg,Implante Subdermicos,Embalagem de 2 implantes embalados em 10 caixas
"MEDIS FARMACÊUTICA, LDA",FLUOXETINA AZEVEDOS,Fluoxetina,20mg,Cápsulas,Embalagens com 20 e 60 caps
"MEDIS FARMACÊUTICA, LDA",DICLOFENAC SODIUM,Diclofenac sódico,50mg,Comprimidos Revestidos,Frasco de 1000 e embalagem de 10 blister de 10 comp
"MEDIS FARMACÊUTICA, LDA",CIPROMED 500,"Ciprofloxacina, Hidrocloreto",500mg,Comprimidos,Embalagem de 10 blister de 10 comp
"MEDIS FARMACÊUTICA, LDA",ATENOLOL AZEVEDOS,Atenolol,50mg,Comprimidos,"Embalagens com 14, 60 e de 56 comp"
"MEDIS FARMACÊUTICA, LDA",ATENOLOL AZEVEDOS,Atenolol,100mg,Comprimidos,"Embalagens com 14, 60 e de 56 comp"
"MEDIS FARMACÊUTICA, LDA",BILOBAN,Ginkgo Biloba,40mg,Comprimidos Revestidos,Blisters de 20 e 60 comp
"MEDIS FARMACÊUTICA, LDA",DICLODENT,Diclofenac,"0,0074%",Solução Bucal,Frasco de 200ml
FARMACÊUTICA AUSTRAL,EKO,"Dexametasona, Fosfato",1mg/ml,Gotas Auriculares,Frasco de 5ml
FARMACÊUTICA AUSTRAL,OTTOFLOX,Ofloxacina,3mg/ml,Gotas Auriculares,Frasco de 10ml
FARMACÊUTICA AUSTRAL,FLOXEDOL,Ofloxacina,3mg/ml,Gel Oftálmico,Frasco de 10ml
"MEDIS FARMACÊUTICA, LDA",CETAFOR IV,Ceftriaxona,1000mg,Solução Injectável,1 ampola de 10ml e 4ml de solvente; Frasco de vidro de 15ml
"MEDIS FARMACÊUTICA, LDA",CETAFOR IM,Ceftriaxona,1000mg,Solução Injectável,1 ampola de 1000mg de po e 4ml de solvente
DKT MOZAMBIQUE,SEKURE,Levonorgestrel,0.75mg,Comprimidos,1 blisters de 2 comp
DKT MOZAMBIQUE,PROGESTYN,Linestrenol,0.5mg,Comprimidos,4 blisters de 28 comp
DKT MOZAMBIQUE,MICROLENYN 30+,Levonorgestrel + Etinilestradiol + Fumarato Ferroso,"0,15mg + 0,03mg + 75mg",Comprimidos,3 blisters de 21 + 7 comprimidos
"MEDIS FARMACÊUTICA, LDA",OROFER CAPSULES,Ferro Elementar (Hidróxido de Ferro III) + Ácido Fólico,100mg + 550mg,Cápsulas,2 blisters de 20 caps
"MEDIS FARMACÊUTICA, LDA",LENTOCILIN S 2400,Benzilpenicilina Benzatínica,2400000UI,Pó para Injecção,"1 frasco e 1 ampola de 6,5ml"
"MEDIS FARMACÊUTICA, LDA",LENTOCILIN S 1200,Benzilpenicilina Benzatínica,1200000UI,Pó para Injecção,1fresco e 1 ampola de 4ml
"SHANI, LIMITADA",BACQUIRE,Imipenem + Cilastatina sódica,500mg + 500mg,Pó para Injecção,Frasco de 30ml
"MEDIS FARMACÊUTICA, LDA",AZITROMICINA ATRAL,Azitromicina,500mg,Comprimidos Revestidos,Blister de 3 comp
"MEDIS FARMACÊUTICA, LDA",ASOMEX®-5,"Amlodipina, besilato",5mg,Comprimidos,3 blisters de 10 comp
"MEDIS FARMACÊUTICA, LDA",ASOMEX®-2.5,"Amlodipina, besilato","2,5mg",Comprimidos,3 blisters de 10 comp
"MEDIMOC, SA",TEUTOVIT - E,"Racealfatocoferol, Acetato",400mg,Cápsulas,Frascos de 20 e 30 Caps
"MEDIMOC, SA",PROFERGAN,"Prometazina, Cloridrato",25mg,Comprimidos,Embalagens de 20 e 100 comp
"MEDIMOC, SA",MALEATO DE ENALAPRIL,"Enalapril, maleato",5mg,Comprimidos,Embalagens de 30 e 100 comp
"MEDIMOC, SA",MALEATO DE ENALAPRIL,"Enalapril, maleato",10mg,Comprimidos,Embalagens de 30 e 100 comp
"MEDIMOC, SA",MALEATO DE ENALAPRIL,"Enalapril, maleato",20mg,Comprimidos,Embalagens de 30 e 100 comp
"MEDIMOC, SA",FENOXIMETILPENICILINA,Fenoximetilpenicilina,500.000UI,Comprimidos,Embalagens de 12 comp
"MEDIMOC, SA",DEXASON,"Dexametasona, acetato",1mg/g,Creme,Embalagens de 1 e 50 bisnagas de 10g
"MEDIMOC, SA",CETOCONAZOL + DIPROPIONATO DE BETAMETASONA,Cetoconazol + Dipropionato de Betametasona,"20mg /g + 0,5mg/g",Creme,Embalagens de 1 e 50 bisnagas de 30g
"MEDIMOC, SA",BENEVAT,"Betametasona, valerato",1mg/g,Creme,Bisnaga de 30g
AFRI FARMÁCIA LDA,BCG VACCINE (Freeze Dried),Bacillus Calmette Estirpe Guerin,2X105 e 8X105 C.F U/0.1ml,Pó liofilizado para injectável,Ampolas de 1ml de 0.05ml (20 doses) + diluente e ampolas de 0.1ml (10 dose)s
"LUSOFARMA, Lda",REUXEN,Naproxeno,250mg,Comprimidos,Embalagem de 20 comp
BAYER SCHERING PHARMA MOÇAMBIQUE,JADELLE,Levonorgestrel,75mg,Implante Subdermicos,2 unidades; 10 x 2 implantes
"GENERICS & SPECIALITIES, Lda",DOXORUBICIN HYDROCHLORIDE FOR INJECTION,Doxorubicina Hidrocloreto,10mg,Pó para Injecção,Frascos de 25ml
"GENERICS & SPECIALITIES, Lda",DOXORUBICIN HYDROCHLORIDE FOR INJECTION,Doxorubicina Hidrocloreto,50mg,Pó para Injecção,Frascos de 25ml
"SHANI, LIMITADA",SHALYTE,Glucose anidra + Cloreto de Potássio + Cloreto de Sódio + Citrato de Sódio,20g + 1.5g + 3.5g + 2.9g,Pó para Solução oral,Saquetas de 27.9g
"SHANI, LIMITADA",CHLOFENSHA,Cloranfenicol,125mg/5ml,Suspensão Oral,Frasco de 100ml
"SHANI, LIMITADA",CHLOFENSHA,Cloranfenicol,250mg/5ml,Suspensão Oral,Frasco de 100ml
AFRI FARMÁCIA LDA,STALGIN,Hidróxido de Alumínio,500mg,Comprimidos,10 blister de 10 comp
AFRI FARMÁCIA LDA,STALCHLORE,Cloranfenicol,"0,5% w/V",gotas auriculares,Frasco de 10ml
AFRI FARMÁCIA LDA,PRAZISTAL 600,Praziquantel,600mg,Comprimidos,10 blister de 10 comp
AFRI FARMÁCIA LDA,NIFESTA 30,Nifedipina,30mg,Comprimidos,10 blister de 10 comp e 1x28 comprimidos
AFRI FARMÁCIA LDA,NIFESTA 20,Nifedipina,20mg,Comprimidos,10 blister de 10 comp
AFRI FARMÁCIA LDA,NIFESTA 10,Nifedipina,10mg,Comprimidos,3 blister de 10 comp
AFRI FARMÁCIA LDA,NALISTAL,Ácido Nalidíxico,500mg,Comprimidos,10 blister de 10 comp
AFRI FARMÁCIA LDA,METOCLAM,"Metoclopramida, Hidrocloreto",10mg,Comprimidos,10 blister de 10 comp
AFRI FARMÁCIA LDA,CLAREM 500,Claritromicina,500mg,Comprimidos,Embalagem de 14 Comprimidos
AFRI FARMÁCIA LDA,ACYTAL - 400,Aciclovir,400mg,Comprimido,10x10
AFRI FARMÁCIA LDA,ACYTAL - 200,Aciclovir,200mg,Comprimido,10x10
BRAZILGENÉRICOS SA,BESILATO DE AMLODIPINA,"Amlodipina, besilato",5mg,Comprimidos,Embalagens de 30 Comp
BRAZILGENÉRICOS SA,BESILATO DE AMLODIPINA,"Amlodipina, besilato",10mg,Comprimidos,Embalagens de 30 Comp
"MEDIS FARMACÊUTICA, LDA",LOSARTAN AZEVEDOS 50,Losartan Potássico,50mg,Comprimidos revestidos,"Embalagens de 14, 28, 56 e 100 comp"
"MEDIS FARMACÊUTICA, LDA",LOSARTAN AZEVEDOS 100,Losartan Potássico,100mg,Comprimidos revestidos,"Embalagens de 7,14, 28, 30, 56 e 100 comp"
"MEDIS FARMACÊUTICA, LDA",LOSARTAN + HIDROCLOROTIAZIDA AZEVEDOS AZEVEDOS,Losartan PotássiCo + Hidroclorotiazida,"50mg + 12,5mg",Comprimidos,"Embalagens de 14, 28 e 56  comp"
WELL WORTH LDA,ERODEX-N CREME,"Dexametasona, Fosfato sódico + Neomicina, Sulfato",1mgmg/g + 5.5mg/g,Creme,Bisnagas de 15g
DKT MOZAMBIQUE,ENAF 150,"Medroxiprogesterona, Acetato",150mg/3ml,Suspensao esteril injectável,Ampolas de 3ml
MEDIMPORT LDA,DEPAKINE,Valproato de Sódio,200mg/5ml,xarope,Frasco de 200ml
"MEDIS FARMACÊUTICA, LDA",OMEPRAZOL AZEVEDOS,Omeprazol,40mg,Pó para solução,Embalagem de 5 e 10 frascos
"MEDIS FARMACÊUTICA, LDA",LISINOPRIL + HIDROCLOROTIAZIDA AZEVEDOS,Lisinopril + Hidroclorotiazida,20mg + 12.5 mg,Comprimidos,Embalagem de 20 e 60 comp
"MEDIS FARMACÊUTICA, LDA",IBUSOFT 400,Ibuprofeno,400mg,Cápsulas,25 blisters X 4 capsulas
"MEDIS FARMACÊUTICA, LDA",IBUSOFT 200,Ibuprofeno,200mg,Cápsulas,25 blisters X 4 capsulas e 10x10
"MEDIS FARMACÊUTICA, LDA",GLICLAZIDA AZEVEDOS,Gliclazida,80mg,Comprimidos,Embalagem de 20 e 60 comp
"MEDIS FARMACÊUTICA, LDA",ACETILCISTEÍNA TUSSILENE,Acetilcisteina,600mg,Comprimidos efervescentes,Embalagem de 20 comp
PLANET PHARMACEUTICAL LIMITADA,INDO 500,Eritromicina,500mg,Comprimidos,10 blister X 10 comp e frasco de 1000 comp
RK PHARMACEUTICALS SOCIEDADE UNIPESSOAL Lda,ATM 500,Azitromicina,500mg,Comprimidos,1 blister X 3 comp e frasco de 1000 comp
RK PHARMACEUTICALS SOCIEDADE UNIPESSOAL Lda,ABZ,Albendazol,400mg,Comprimidos,Embalagem de 1 comp e frasco de 1000 comp
PLANET PHARMACEUTICAL LIMITADA,RANTAC 150,"Ranitidina, Cloridrato",150mg,Comprimidos Revestidos,Emb. Blister de 10 comp
PLANET PHARMACEUTICAL LIMITADA,CUFO,"Paracetamol + Cafeína Anidra + Fenilefrina, Hidrocloreto + Clorfeniramina, Maleato",500mg + 30mg + 10mg + 2mg,Comprimidos Revestidos,Emb. De 50 blisters com 4 comp. (50 x 4)
PLANET PHARMACEUTICAL LIMITADA,METROGYL INJECT,Metronidazol,500mg/100ml,Pó para solução injectável,Frasco de 100ml
"MEDIS FARMACÊUTICA, LDA",PANADO MEDISIP GINGER,Paracetamol + Cafeina + vitamina C,800mg + 50mg + 10mg,Pó,Embalagem de 8 e 72 saquetas
BAYER SCHERING PHARMA MOÇAMBIQUE,PRIMOVIST,Gadoxetato Dissódico,"0,25mmol/ml",Solução injectável,Seringas de 10ml
BAYER SCHERING PHARMA MOÇAMBIQUE,GADOVIST,Gadobutrol,1mmol/ml,Solução injectável,"Seringas de 5ml, 7,5ml e 15ml"
RK PHARMACEUTICALS SOCIEDADE UNIPESSOAL Lda,ATM 200,Azitromicina,200mg/ml,Pó para reconstituição,frascos de 15ml
"GENERICS & SPECIALITIES, Lda",DIABETNIL,Glibenclamida,5mg,Comprimidos,30 blisters x 10 comp e frascos de 500 comp
Lua Comércio,BIOSULIN*30-70,Insulina ADNr Humana,100UI/ml,Solução Injectável,Frasco de 10ml
Lua Comércio,BIOSULIN R,Insulina ADNr Humana Solúvel,100UI/ml,Solução Injectável,Frasco de 10ml
Lua Comércio,BIOSULIN N,Insulina ADNr Humana Isofano,100UI/ml,Solução Injectável,Frasco de 10ml
AFRI FARMÁCIA LDA,VITACEE 500,Ácido Ascórbico,500mg,Comprimidos mastigáveis,10 blisters de 10 comp
AFRI FARMÁCIA LDA,VITACEE 100,Ácido Ascórbico,100mg,Comprimidos,10 blisters de 10 comp
"MEDIS FARMACÊUTICA, LDA",IBUSOFT-C,Acetaminofeno + Cafeína + Ibuprofeno,325mg + 30mg + 200mg,Cápsulas,"Embalagem de 100 caps,  1X10, 10x10"
"MEDIS FARMACÊUTICA, LDA",AVOCOMB-N,Lamivudina + Zidovudina + Nevirapina,150mg + 300mg + 200mg,Comprimidos Revestidos,Frascos de 60 comprimidos
MAPUTO HEALTH CARE Lda,VIVON,Diclofenac Sódico,25mg/ml,Injectável,5 ampolas de 3ml cada
MAPUTO HEALTH CARE Lda,METKARE 500,"Metformina, hidrocloreto",500mg,Comprimidos,10 blisters de 10 comp
MAPUTO HEALTH CARE Lda,GLUCOFER,"Metformina, hidrocloreto",500mg,Comprimidos,10 blisters de 10 comp
MAPUTO HEALTH CARE Lda,GASTROPAN INJECTION,Hioscina Butilbrometo,20mg/ml,Injectável,10 ampolas de 1ml cada
MISSIONPHARMA MOÇAMBIQUE,PRAZIQUANTEL,Praziquantel,600mg,Comprimidos,Frascos de 30 comp
MISSIONPHARMA MOÇAMBIQUE,Mebendazol USP 100,Mebendazol,100mg,Comprimidos,500 comprimidos num frasco
MISSIONPHARMA MOÇAMBIQUE,HIDROXIDO DE ALUMÍNIO,Hidróxido de Alumínio,500mg,Comprimidos,frasco de 100 comprimidos
MISSIONPHARMA MOÇAMBIQUE,HIDROCLOROTIAZIDA,Hidroclorotiazida,50mg,Comprimidos,Frascos de 100 comp
MISSIONPHARMA MOÇAMBIQUE,CIMETIDINA BP COMPRIMIDOS 200MG,Cimetidina,200mg,Comprimidos,100 blisters de 10 comp
MISSIONPHARMA MOÇAMBIQUE,AMINOFILINA,Aminofilina,100mg,Comprimidos,Frascos de 100 comp
"GENERICS & SPECIALITIES, Lda",TRIAXEN,Ceftriaxona,1000mg,Pó para Injecção IM/IV,frasco de 10ml
"SHANI, LIMITADA",SKAZI-200,Azitromicina,200mg,Suspensão oral,Emb. Frasco de 15ml
"SHANI, LIMITADA",METFORMIN TABLET,"Metformina, hidrocloreto",850mg,Comprimidos,Emb. Blister de 10 x10 comp
"SHANI, LIMITADA",DERM X,"Econazol, Nitrato + Triancinoacetanida + Gentamicina, Sulfato",10mg+1mg+1mg,Creme,Emb. Bisnaga de 15g e de 30g
MAPUTO HEALTH CARE Lda,UNISTAT,Iodopovidona,10% w/w,Solução tópica,Emb. Frasco de 100ml
"MEDIS FARMACÊUTICA, LDA",ÁCIDO ALENDRÓNICO AZEVEDOS,Ácido Alendrónico,70mg,Comprimidos,Emb. De 4 comp
MOZPHARMA LDA,"GLICOSE 5% e CLORETO DE SÓDIO 0,9% BASI",Glicose mono-hidratada e Cloreto de Sódio,"50mg/ml (5ml) + 9mg/ml (0,9%)",Solução para perfusão,"Frascos de 50, 100, 250, 500 e 1000ml"
"LIFE Pharma, Lda",FRETONE PLUS,Ciproheptadina+ m. Tiamina+piridoxina+ribo+ niac+Panto+lact+VA+VD+VB,4mg + 2.5mg + 1mg + 2.5mg + 25mg + 5mg + 100mg + 2500UI + 200UI + 5mcg,Comprimidos Revestidos,Emb. Blister de 3 x 10 comp
"GENERICS & SPECIALITIES, Lda",INGAZOLE 150,Fluconazol,150mg,Comprimidos Revestidos,Blister de 10 comp.
"GENERICS & SPECIALITIES, Lda",NEVIRAPINA USP,Nevirapina,50mg/5ml,Suspensão  Oral,Frasco de 240ml
PLANET PHARMACEUTICAL LIMITADA,VERMOREX,Mebendazol,100mg,Comprimidos,40 blisters de 6  e 10 blister de 6 comprimidos
RK PHARMACEUTICALS SOCIEDADE UNIPESSOAL Lda,MOCIFLOX,Hidróxido de Alumínio + Hidróxido de Magnésio,400mg+400mg,Comprimidos mastigáveis,Emb. Blister de 10x 10 comp e frascos de 1000 comp.
PLANET PHARMACEUTICAL LIMITADA,METROGYL 250,Metronidazol,250mg,Comprimidos,Emb. 10 blisters X 10 comp. E frascos de 1000comp
PLANET PHARMACEUTICAL LIMITADA,IOTIM 0.5 Eye Dropd,"Timolol, maleato",0.5% w/v,Colírio,frascos de 5ml
PLANET PHARMACEUTICAL LIMITADA,CLORANFENICOL EYE DROPS,Cloranfenicol,"0,5% w/v",Colírio,frascos de 10ml
MISSIONPHARMA MOÇAMBIQUE,MEBENDAZOL,Mebendazol,100mg,Comprimidos,Emb. Blister de 10x 10 comp
MISSIONPHARMA MOÇAMBIQUE,CLORFENAMINA,"Clorfeniramina, maleato",4mg,Comprimidos,Emb.  frascos de 500comp.
"LUSOFARMA, Lda",TECNOSAL 300 CÁPSULAS,Triflusal,300mg,Cápsulas,embalagens 20 e 60 cápsulas
MISSIONPHARMA MOÇAMBIQUE,SALBUTAMOL,"Salbutamol, Sulfato",4mg,Comprimidos,Emb.  frascos de 100 comp.
MISSIONPHARMA MOÇAMBIQUE,PARACETAMOL,Paracetamol,500mg,Comprimidos,Embalagem contendo  frasco de 1000 Comp.
PROFARMA,CIPROFLOXACINA SOLUÇÃO OFTÁLMICA/AURICURLARES,Ciprofloxacina,"0,3% w/v",Colírio e Gotas auriculares,Frascos de 5ml
MISSIONPHARMA MOÇAMBIQUE,SULFATO DE QUININA,"Quinina, Sulfato",300mg,Comprimidos,Emb.  frascos de 1000 comp.
FARMANATURAL,ACTILAM PER-OS SOLUÇÃO,Hisperidina Metilchacone + Acetamidobenzoato de Dimetilaminoetanol + Glicerofosfato de Magnésio,50mg + 25mg + 400mg,Solução Oral,20 ampolas de 10ml
"SHANI, LIMITADA","ROGOPHEN® EYE DROPS 0,5%",Cloranfenicol,"0,5%W/V",Solução oftálmica,10ml
"SHANI, LIMITADA",MICLOFENAC 50 PLUS,Diclofenac Sódico + Misoprostol,50mg + 200mcg,Comprimidos,3 Blister de 10 comprimidos
"SHANI, LIMITADA",CAMLODIN® PLUS 50 TABLET,Amlodipina + Atenolol,5mg + 50mg,Comprimidos,embalagem de 3x10 comp
"SHANI, LIMITADA",ACE 500 SUPPOSITORY,Paracetamol,500mg,Supositórios,Emb. Blister de 5 suposi.
"SHANI, LIMITADA",ACE 250 SUPPOSITORY,Paracetamol,250mg,Supositórios,4 Blister de 5 supositorios
AFRI FARMÁCIA LDA,STALOZINE,"Tioridazina, Cloridrato",100mg,Comprimidos,Emb. Blister de 1x 10 comp e frascos de 100comp.
AFRI FARMÁCIA LDA,SPIROSTAL,Espirolactona,25mg,Comprimidos,Emb. com 10 x 10 e frascos de 500 comprimidos
FARMANATURAL,PRILAN 20,"Enalapril, maleato",20mg,Comprimidos,Emb. Blister de 20 e  60 comprimidos
"LUSOFARMA, Lda",NORTEROL,"Nortriptilina, Cloridrato",25mg,Comprimidos Revestidos,2 blister de 10 comprimidos e embalagem de 60 comprimidos
"SHANI, LIMITADA",MULTINOVA,Vitamina A + Vitamina B1 + Vitamina B2 + Vitamina B3 + Pantetonato de Cálcio + Vitamina B6 + Ácido Fólico + Vitamina C + Vitamina D3 + Vitamina E,"750mcg + 1,2mg + 1,6mg + 18,0mg + 1,0mg + 2,0mg +300mcg + 30,0mg + 2,5mg + 10,0mg",comprimidos revestidos,3 blister de 10 comprimidos
FARMANATURAL,LAPOL 30,Lanzoprazol,30mg,Cápsulas,Emb. Blister de 20 e  60 cápsulas
"ORBIS PHARMA, Lda",KEZ,Ketoconazol,20mg,Solução Shampoo,Emb. Frascos de  80ml
"LUSOFARMA, Lda",DIPLEXIL - R,Valproato de Sódio,500mg,Comprimidos gastrorresistentes,Embalagem de 20 e 60 comprimidos
"LUSOFARMA, Lda",DIPLEXIL - R,Valproato de Sódio,250mg,Comprimidos gastrorresistentes,Embalagem de 20 e 60 comprimidos
"LUSOFARMA, Lda",DIPLEXIL,Valproato de Sódio,500mg,Comprimido gastro-resistente,6 blister de 10 comprimidos
"LUSOFARMA, Lda",DIPLEXIL,Valproato de Sódio,500mg,Comprimidos Revestidos,Embalagem de 20 e 60 comprimidos
"LUSOFARMA, Lda",DIPLEXIL,Valproato de Sódio,200mg,Comprimidos Revestidos,Embalagem de 20 e 60 comprimidos
"SHANI, LIMITADA",CARDIPRO® 50 PLUS TABLET,Atenolol + Clortalidona,50mg + 25mg,Comprimidos,Emb. Blister de 3 x 10 comprimidos
AFRI FARMÁCIA LDA,BECOSTAL,Vit B1+B2+B3+B6+ Pantotenato de cal+niamicina,5mg+5mg+2mg+5mg+50mg,Comprimidos,Emb. Frascos de 1000 comp.
AFRI FARMÁCIA LDA,TETRACYCLINE CAPSULES,"Tetraciclina, Cloridrato",500mg,Cápsulas,10 Blister de 10 capsulas e frascos de 1000 cápsulas
"SHANI, LIMITADA",SECLO DR 20 TABLETS,omeprazol,20mg,Comprimidos,6 Blister de 10 comprimidos
"SHANI, LIMITADA",SECLO 20 CAPSULES,Omeprazol,20mg,Cápsulas,Emb. Blister de  10 x 10capsulas
"SHANI, LIMITADA",ROYAL ORS,Cloreto de Sódio + C6H5Na3O7H2O+ Cloreto de potassio +Glicose anidra,2.6g + 2.9g + 1.5g + 13.5g,Pó de uso oral,"Emb. Em caixa com 20 saquetas em pó de 20,5g"
AFRI FARMÁCIA LDA,PHENSTAL,"Prometazina, Cloridrato",10mg,Comprimidos,Emb. Blister de 10x 10 comp e frascos de 100comp.
AFRI FARMÁCIA LDA,PARACOL,Paracetamol,120mg/5ml,Suspensão Oral,Emb. Frascos de  100ml
AFRI FARMÁCIA LDA,HYOSCINE BUTYLBROMIDE,Brometo butil hioscina,10mg,Comprimidos,Emb. com 10 x 10 e frascos de 1000 comprimidos
FARMANATURAL,FUSEXTRINE,ácido fusídico,20mg/g,Creme,Emb. Bisnaga de 15 ou 30g
AFRI FARMÁCIA LDA,ERYTHROMYCIN ETHYLSUCCINATE FOR ORAL SUSPENSION,"Eritromicina, etil succinato",250mg/5ml,Suspensão Oral,Emb. Frascos de  140ml
AFRI FARMÁCIA LDA,ERGAGIN,"Metilergometrina, maleato",0.125mg,Comprimidos,Emb. Blister de 10x 10 comp
"SHANI, LIMITADA",ENTACYD TABLET,Hidróxido de alumínio + Hidróxido de magnésio,250mg + 400mg,Comprimidos,Emb. De 10comprimidos e de 20 x 10 comprimidos
"SHANI, LIMITADA",ENTACYD SUSPENSION,Hidróxido de alumínio + Hidróxido de magnésio,175mg/5ml + 225mg/5ml,Suspensão  Oral,Emb. Frasco plástico de 200ml
"SHANI, LIMITADA",ENTACYD PLUS TABLET,Hidroxido de Alumínio + Hidroxido de magnésio + Simeticona,200mg+400mg+30mg,Comprimidos,Emb. Blister de  10 x 10comprimidos
"SHANI, LIMITADA",ENTACYD PLUS SUSPENSION,Hidr. De Al+Hidrox. Mg+ Simeticona,200mg/ml + 400mg/ml + 30mg/ml,Suspensão  Oral,Emb. Frasco plástico de 200ml
PROFARMA,DICLOFENAC TABLETS BP 50mg,Diclofenac de sódio,50mg,Comprimidos Revestidos,Emb. Blister de 10x 10 comp e frascos de 1000 comp.
"MEDIS FARMACÊUTICA, LDA",DICLOFENAC AZEVEDOS,Diclofenac de sódio,10mg/g,Gel,Emb. Bisnaga de 40g e 100g
AFRI FARMÁCIA LDA,COTRIMOXAZOL PARA SUSPENSÃO ORAL BP 240mg/5ml,Trimetoprim e Sulfametoxazol,40mg+200mg/5ml,Suspensão Oral,Frascos de  100ml
"SHANI, LIMITADA",CAMLODIN  PLUS 25 TABLET,Amilodipina besilato + atenolol,5mg + 25mg,Comprimidos,Emb. Blister de 3 x 10 comprimidos
"SHANI, LIMITADA",ANADOL CAPSULES,"Tramadol, cloridrato",50mg,Cápsulas,Emb. Blister de  03 x 10capsulas
"MEDIS FARMACÊUTICA, LDA",AMIFER,Citrato ferrico de ámonio + ácido fólico + cianocobalamina,"172,41mg + 2.5mg + 0.02mg",Xarope,Emb. Frasco  de 200ml
AFRI FARMÁCIA LDA,TRAMALLION 50,"Tramadol, cloridrato",50mg/ml,Solução injectável,Emb. com 5ampolas de 1ml/50mg
AFRI FARMÁCIA LDA,TRAMALLION 100,"Tramadol, cloridrato",100mg,Solução injectável,Emb. com 5ampolas de 1ml/50mg
AFRI FARMÁCIA LDA,TRAMALLION,"Tramadol, cloridrato",50mg,Cápsulas,Blisters de 10 Cápsulas e Frascos de 100
"ORBIS PHARMA, Lda",TEXA ALLERGY SYRUP,Dicloridrato de cetirizina,1mg/ml,Xarope,Emb. Frascos ambar de  100ml
"ORBIS PHARMA, Lda",TEXA ALLERGY TABLETS,Dicloridrato de cetirizina,10mg,Comprimido revestido,Embalagem contendo blister de Alu/PVC de alumínio de 10 e 30 Comprimidos
AFRI FARMÁCIA LDA,SOMECID,Omeprazol,20mg,Cápsulas,Emb. Blister de 10x 10 cap e frascos de 500cáp.
AFRI FARMÁCIA LDA,SALBUTAMOL ORAL SOLUTION,"Salbutamol, Sulfato",2mg/5ml,Suspensão  Oral,Emb. Frascos de  100ml
"ORBIS PHARMA, Lda",POLLENTYME S,Loratadina,5mg/5ml,Xarope,Emb. Frascos ambar de  100ml
AFRI FARMÁCIA LDA,PHENOXYMETILPENICILIN FOR ORAL SOLUTION 250,Fenoximetilpenicilina,250mg/5ml,Suspensão  Oral,Emb. Frascos de 60 e 100ml
AFRI FARMÁCIA LDA,PHENOXYMETILPENICILIN FOR ORAL SOLUTION 125,Fenoximetilpenicilina,125mg/5ml,Suspensão  Oral,Emb. Frascos de 60 e 100ml
"LUA COMÉRCIO, LDA",INFUMOX CV 625,Trihidrato de amoxicilina + clavulanato de pótassio,500mg + 125mg,Comprimidos Revestidos,Emb. Blister de 03x 06comp e fraco de 100 comprimidos
"ORBIS PHARMA, Lda",EFFERFLU-C COLD & FLU,Paracetamol + ascorbato de sódio + Maleato de clorf.,500mg+250mg+2mg,Comprimidos efervescentes,Emb. Tubo com  12   comp efervescentes
"ORBIS PHARMA, Lda",DYNAFLOC 500,"Ciprofloxacina, Cloridrato",500mg,Comprimidos revestidos por película,Emb. Blister pvc/alu de 10 comp
"LUSOFARMA, Lda",DIPLEXIL,Valproato de Sódio,200mg/ml,solução Oral,Frasco de 50ml
"LUSOFARMA, Lda",DIFRAREL,Antocianósidos Vaccinium myrtillus,100mg,Comprimidos Revestidos,Embalagem de 20 e  60comp
"LUSOFARMA, Lda",DEXAVAL N CREME,Dexametasona valerato + Sulfato de neomicina,1mg/g + 3500 UI/g,Creme,Emb. Bisnaga de 30g
"LUSOFARMA, Lda",DEXAVAL CAPILAR,Dexametasona valerato,1mg/ml,Solução cutânea,Frasco de 50ml
"LUSOFARMA, Lda",DEXAVAL A,Dexametasona valerato + maleato de clorifeniramina,"0,1% +1% (1mg/g + 10mg/g)",Creme,Emb. Bisnaga de 30g
"LUSOFARMA, Lda","DEXAVAL 0,1%",Dexametasona valerato,"0,1% (1mg/g)",Creme,Emb. Bisnaga de 30g
"LUSOFARMA, Lda",COBAXID,Cobalamina,1mg,Cápsulas,Emb. De 20 e  60 cápsulas
"LUSOFARMA, Lda",COBAXID,Cobalamina,2.5mg,Cápsulas,Emb. de 60 cápsulas
AFRI FARMÁCIA LDA,BIOSCINE 20,Brometo de Butil Hioscina,20mg/ml,Solução Injectável,Embalagem com 10 ampolas de 1ml
AFRI FARMÁCIA LDA,PROMETHAZINE HYDROCHLORIDE INJECTION BP,"Prometazina, Hidrocloreto",25mg/ml,Solução injectável,Emb.caixa com 100ampolas de 2ml
AFRI FARMÁCIA LDA,PHENOXYMETHYLPENICILIN TABLETS BP 500,Fenoximetilpenicilina Potássica,500mg,Comprimidos,Emb. Blister de 10x 10 comp e frascos de 500 e  100comp.
AFRI FARMÁCIA LDA,PHENOXYMETHYLPENICILIN TABLETS BP 250,Fenoximetilpenicilina Potássica,250mg,Comprimidos,Emb. Blister de 10x 10 comp e frascos de 500 e  100comp.
AFRI FARMÁCIA LDA,LAXFREE INJECTION,Furosemida,20mg/2ml,Solução Injectável,Embalagem contendo 100 ampolas de 2ml
"SHANI, LIMITADA",BETAD,"Betametasona, diproprionato",0.05% w/w,Creme,Emb. Bisnaga de 30g
AFRI FARMÁCIA LDA,AMOCOL 250,"Amoxicilina,Trihidrato",250mg/5ml,Suspensão Oral,Emb. Frascos de 60 e 100ml
"SHANI, LIMITADA",TRIPEX,salbutamol + cloridrato de bromexina + guaifenesina + mentol,2mg + 4mg + 100mg + 1mg,xarope,frasco de 100ml
WELL WORTH LDA,SURGITEC,Cefotaxima,1000mg,Pó para injectável,ampola dfe 1g de pó e ampola de 5ml de água para injeccao
"SHANI, LIMITADA",MYGRA,citrato de sildenafil,100mg,Comprimidos,blisters de 4 comprimidos
"SHANI, LIMITADA",HYDROKANT,"Hidrocortisona, Acetato",1% w/w,Creme,Emb. Bisnaga de 30g
"SHANI, LIMITADA",CLOFENAC PLUS,diclofenac sódico,75mg + 20mg,Injectável,5 ampolas de  2ml
MOZPHARMA LDA,RINGER COM LACTATO BASI,Cloreto de Cálcio dihidratado+ Cloreto de potássio+ Cloreto de sodio+ lactato de sódio solução a 50&,0.2mg + 0.3mg + 6mg + 6mg,Solução para perfusão,Frasco de 50; 100; 250; 500 e 1000ml
WELL WORTH LDA,NISTATINA USP COMPRIMIDOS VAGINAIS,Nistatina,"100,000UI",Comprimidos Vaginais,Embalagem de 100 comprimidos
PROFARMA,METASKINTON,ácido benzóico + ácido salicílico,60mg +30mg,pomada,bisnaga de 40g e 100g
"SHANI, LIMITADA",HAEMO FORTE SYRUP,"Amónio, Citrato Férrico + Ácido Fólico + Piridoxina (Vit B6) + Tiamina (Vit. B1) + Nicotinamida",1000mg + 11mg + 48mg + 24mg + 220mg,Xarope,"Frasco de  30ml, 90ml e 200ml"
"LUSOFARMA, Lda",DEXAVAL V,Dexametasona valerato + iodo-cloro-hidroquinoleína,1mg/g + 30mg/g,Creme,Bisnaga de 30g
"LUSOFARMA, Lda",DEXAVAL O,Dexametasona + Neomicina,1mg/ml + 5mg/ml,Colírio,Frasco de 5ml
"SHANI, LIMITADA","CIPROCIN 0,3% EYE/EAR DROP",Ciprofloxacina,3mg/ml,Solução Oftálmica/Auricular,frasco de 5ml
"SHANI, LIMITADA",SULTOLIN 100 HFA INHALER,"Salbutamol, Sulfato",100mcg,Inalador,200 puffs numa lata metálica
"SHANI, LIMITADA",ROYAL´S Gripe Water,Óleo de sementes de nedro em terpenos + bicarbonato de sódio,"2,30mg + 52,5mg",Líquido Oral,Frascos de 150ml
"SHANI, LIMITADA",ROGOGENT ®,Gentamicina,0.3%w/v,gotas oftálmicas/ auriculares,frasco com 10ml
MEDIMPORT LDA,ZOLADEX LA 10.8mg,"Goserellina, acetato",10.8mg,"Implante, seringa pré-cheia",Seringa de dose única
MEDIMPORT LDA,ZOLADEX,"Goserellina, acetato",3.6mg,"Implate, seringa pré-cheia",Seringa de dose única
"LUSOFARMA, Lda",VE 150,"Tocoferol a 50%, Acetato",150mg,Cápsulas,Embalagem de 20 cápsulas
"LUSOFARMA, Lda",REUXEN GEL 100mg/g,Naproxeno,100mg/g,Gel,Embalagem 100g
"LUSOFARMA, Lda",REUXEN,Naproxeno,250mg,Supositorios,Embalagem com 12 supositorios
"LUSOFARMA, Lda",REUXEN,Naproxeno,500mg,Comprimidos Revestidos,Embalagem de 20 e 60 comprimidos
"LUSOFARMA, Lda",REUXEN,Naproxeno,500mg,Supositorios,Embalagem com 12 supositorios
"LUSOFARMA, Lda",PAXILFAR,Tramadol,100mg/2ml,Solução Injectável,12 ampolas de 2ml
"LUSOFARMA, Lda",PAXILFAR,Tramadol,100mg,Comprimidos,Embalagem de 20 comprimidos
RK PHARMACEUTICALS SOCIEDADE UNIPESSOAL Lda,LIGNOX 2% A,"Lidocaína, Cloridrato + Adrenalina, Bitartarato",24.64mg e 0.0125mg,Injectável (IM ou IV),Frasco de 30ml
RK PHARMACEUTICALS SOCIEDADE UNIPESSOAL Lda,LIGNOX 2%,"Lidocaina, Cloridrato","21,3mg",Injectável,Frasco de 20ml
"MEDIS FARMACÊUTICA, LDA",CECLOR Retard,Cefaclor,750mg,Comprimidos de libertação,Embalagem de 16 comprimidos
"MEDIS FARMACÊUTICA, LDA",ADCO-LOPERAMIDE,Loperamida,2mg,Comprimidos,Embalagem de 6  e Frasco de 300 comprimidos
"MEDIS FARMACÊUTICA, LDA",PARACETAMOL AZEVEDOS,Paracetamol,500mg,Comprimidos,Embalagem de 20 comprimidos
"MEDIS FARMACÊUTICA, LDA",HALIBUT,Oxido de Zinco,150mg/g,Pomada,Bisnaga de 50g e 100g
"MEDIS FARMACÊUTICA, LDA",CIPROFLOXACINA AZEVEDOS,Ciprofloxacina,500mg,Comprimidos Revestidos,Embalagem de 16 comprimidos
"MEDIS FARMACÊUTICA, LDA",CECLOR,Cefaclor,500mg,Cápsulas,Embalagem com 16 Cápsulas
"MEDIS FARMACÊUTICA, LDA",CECLOR,Cefaclor,250mg/5ml,Pó para suspensão  Oral,Frasco de 120ml
"MEDIS FARMACÊUTICA, LDA",CECLOR,Cefaclor,375mg/5ml,Pó para suspensão  Oral,Frasco de 120ml
BRAZILGENÉRICOS SA,ACETOFLUX,"Medroxiprogesterona, Acetato",10mg,Comprimidos,Blister de 5 comprimidos
BRAZILGENÉRICOS SA,FUMARATO DE CETOTIFENO,"Cetotifeno, Fumarato",0.2mg/ml,Xarope,Frasco de vidro âmbar de 100ml + 1 copo medidor
BRAZILGENÉRICOS SA,Finasterida,Finasterida,5mg,Comprimidos Revestidos,Emb. de 30 comp.
BRAZILGENÉRICOS SA,CARBAMAZEPINA,Carbamazepina,200mg,Comprimidos Revestidos,Emb. de 20 comp.
BRAZILGENÉRICOS SA,ALERGALIV,Loratadina,1mg/ml,Xarope,Frasco de vidro âmbar de 100ml
MEDIMPORT LDA,RANTUDIL,Acemetacina,60mg,Cápsulas,caixa contendo 10 ou 60 cápsulas
MEDIMPORT LDA,PULMICORT,Budesonida micronizada,1mg/2ml,Suspensão  para inalação por nebulização,5 ampolas unidose de 2ml
"GENERICS & SPECIALITIES, Lda",EFAVIRENZ capsulas,Efavirenz,50mg,Cápsulas,Emb. Frasco de 90 cap.
AFRI FARMÁCIA LDA,EFAVIRENZ,Efavirenz,600mg,Comprimidos,Embalagem de 30 comprimidos
WELL WORTH LDA,ASTHALIN RESPIRATOR SOLUTION,"Salbutamol, Sulfato",5mg,Solução,Frasco de 15ml
MISSIONPHARMA MOÇAMBIQUE,TRICLOVERA INJECTION,"Medroxiprogesterona, Acetato",150mg/ml,Suspensão aquosa estéril Injectável,20x frasco de 1ml
"MEDIFARMA, LDA",SUPOFEN COMP,Paracetamol,500mg,Comprimidos revestidos,"Blisters de 20, 100, 500 e 1000 Comprimidos"
MISSIONPHARMA MOÇAMBIQUE,COTRIMOXAZOL SUSPENSÃO ORAL,Sulfametoxazol + Trimetoprim,200mg/5ml + 40mg/5ml,Pó para Suspensão Oral,Frasco de 100ml
"MEDIFARMA, LDA",SUPOFEN XAROPE,Paracetamol,40mg/ml,Xarope,Frasco de 85ml
FARMANATURAL,RANITIDINA SANDOZ,"Ranitidina, Cloridrato",150mg,Comprimidos revestidos,60 Comprimidos
FARMANATURAL,RANITIDINA SANDOZ,"Ranitidina, Cloridrato",300mg,Comprimidos revestidos,60 Comprimidos
FARMANATURAL,METFORMINA SANDOZ 850,"Metformina, Cloridrato",850mg,Comprimidos revestidos,embalagem de 60 comprimidos
FARMANATURAL,CETIRIZINA SANDOZ,"Cetirizina, cloridrato",10mg,Comprimidos revestidos,20 comprimidos
WELL WORTH LDA,BESOL N GOTAS,"Betametasona, Fosfato + Neomicina, Sulfato","0,100mg + 0,500mg","Gotas Oftálmicas, auriculares e nasais","Frasco de 7,5ml"
WELL WORTH LDA,SULFATO DE QUININA USP,"Quinina, Sulfato",300mg,Comprimidos revestidos,Frasco de 1000 comprimidos
"MEDIS FARMACÊUTICA, LDA",AVIRANZ,Efavirenz,200mg,Cápsulas,90 comprimidos
"MEDIS FARMACÊUTICA, LDA",PANTOPRAZOL AZEVEDOS,Pantoprazol,40mg,Pó para injectável,5 e 10 frascos
"MEDIS FARMACÊUTICA, LDA",CLARITROMICINA AZEVEDOS,Claritromicina,500mg,Comprimidos,16 comprimidos
"MEDIS FARMACÊUTICA, LDA",CARVEDILOL AZEVEDOS 6.25,Carvedilol,6.25mg,Comprimidos,10 e 60 comprimidos
"MEDIS FARMACÊUTICA, LDA",CARVEDILOL AZEVEDOS 25,Carvedilol,25mg,Comprimidos,10 e 60 comprimidos
PROFARMA,GENTASONE GOTAS OFTÁLMICAS,Gentamicina,0%,Gotas Oftálmicas e auricular,Frasco de 10ml
BAYER SCHERING PHARMA MOÇAMBIQUE,BEPANTHENE PLUS CREME,Dexpantenol + Cloridrato de Clorohexidina,50mg/g + 5mg/g,Creme,Bisnaga de 30g
BAYER SCHERING PHARMA MOÇAMBIQUE,BENADON,"Piridoxina, Cloridrato",300mg,Comprimidos revestidos,10 comprimidos
"MEDIS FARMACÊUTICA, LDA",MELOXICAM AZEVEDOS 7.5,Meloxicam,7.5mg,Comprimidos,20 e 60 comprimidos
"MEDIS FARMACÊUTICA, LDA",MELOXICAM AZEVEDOS 15,Meloxicam,15mg,Comprimidos,20 e 60 comprimidos
BAYER SCHERING PHARMA MOÇAMBIQUE,BEPANTHENE POMADA,Dexpantenol,50mg,Pomada,"3,5, 30 e 100g"
BAYER SCHERING PHARMA MOÇAMBIQUE,RENNIE DIGESTIF,Carbonato de cálcio + Carbonato de Magnésio Pesado,680mg + 80mg,Comprimidos para mastigar,embalagem de 6 ; 24; 48 e 92 comprimidos
WELL WORTH LDA,NOVOLUX,Bisacodil,5mg,Comprimidos,7x15 e de 45 x 6 comprimidos
BAYER SCHERING PHARMA MOÇAMBIQUE,BEPANTHENE CREME,Dexpantenol,50mg/g,Creme,30g e 100g
BAYER SCHERING PHARMA MOÇAMBIQUE,BECOZYME FORTE,Tiamina + Riboflavina + Cloridrato de Piridoxina + Nicotinamida + Pantotenato de Cálcio + Biotina + Cianocobalamina (B12),"15mg + 15mg + 10mg + 50mg + 25mg + 0,15mg + 0,01mg",Comprimidos revestidos,Embalagem de 20 comprimidos
BAYER SCHERING PHARMA MOÇAMBIQUE,BECOZYME,Riboflavina + Piridoxina + Nicotinamida + Dexpantenol,(5mg + 2mg + 2mg + 20mg + 3mg)/5ml,Xarope,Frasco de 100ml
BAYER SCHERING PHARMA MOÇAMBIQUE,QLAIRA,"Velerato de Estradiol, micro 20 e Valerato de estradiol, micro 20 + Dienogest micro e Valerato de estradiol, micro 20 + Dienogest, micro e Valerato de estradiol e Placebo",3mg e 2mg + 2mg e 2mg + 3mg e 1mg e placebo,Comprimidos revestidos,Blister de 28 comprimidos e 3x28 comprmidos
"SHANI, LIMITADA","DERMASOL 0,05% Creme","Clobetasol, Proprionato",5mg,Creme,Bisnaga de 20g
AFRI FARMÁCIA LDA,VACINA MENINGOCÓCICA CONJUGADA MenAfriVac,"Meningocócica polissacarídicaa, toxóide tetânico (transportadora de proteina9","10mcg, 10 a 33mcg",Pó liofilizado  (para injecçôes),frasco de 10 doses + diluentes
AFRI FARMÁCIA LDA,"VACINA CONJUGADA ADSORVIDA CONTRA DIFTERIA, TÉTANO, COQUELUCHE, HEPATITE B E HAEMOPHILUS INFLUENZA TIPO B","Toxóide Difténico, Toxóide tetânico, B. Vacina Pertussis, HBsAg (rDNA), Polissacarídeo Capsular Purificado Hib (PRP) conjugado","≤2.5Lf (≥30 IU), ≥2.5 Lf (≥40IU), ≤16 ou (≥4IU), ≥ 10µg",suspensâo injectável,"único frasco ou ampolas (1x 0,5ml); 2 frascos de dose ( 2 x 0,5ml); dez frascos de dose (10 x 0,5ml)"
AFRI FARMÁCIA LDA,UMERAN 50,Diclofenac Sódico,50mg,Comprimidos,10 blisters de 10 comprimidos
AFRI FARMÁCIA LDA,UMERAN 25,Diclofenac Sódico,25mg,Comprimidos,10 blisters de 10 comprimidos
"SHANI, LIMITADA",GENACYN EYE/EAR DROPS,Gentamicina,3mg,Gotas auriculares/Oftálmicas,Frasco de 10ml
AFRI FARMÁCIA LDA,ERYTHROMYCIN STEARATE TABLETS,"Eritromicina, Estearato",500mg,Comprimidos,10x10 e Frasco de 1000 comprimidos
AFRI FARMÁCIA LDA,COTRIMOXAZOL 480 BP,Sulfametoxazol + Trimetoprim,400mg+80mg,Comprimidos,"Frasco de 1000 comprimidos, Blister de 10 e 100 comprimidos"
"SHANI, LIMITADA",ACE PAEDIATRIC DROPS,Paracetamol,80mg/ml,Gotas Orais,Frasco de 15ml ou 30ml
AFRI FARMÁCIA LDA,PYRAZINAMIDE,Pirazinamida,400mg,Comprimidos,1000 comprimidos
"MEDIS FARMACÊUTICA, LDA",AVOLAM,Lamivudina,150mg,Comprimidos revestidos,Frasco de 60 comprimidos
"MEDIMOC, SA",ALAXOL SUSPENSÃO,Sulfametoxazol+Trimetoprim,200mg + 40mg,Suspensão Oral,Frasco de 100ml
AFRI FARMÁCIA LDA,LEVOFLOXACIN 250,Levofloxacina Anídrica,250mg,Comprimidos revestidos,20 x 5 comprimidos
AFRI FARMÁCIA LDA,ETHAMBUTOL,"Etambutol, Hidrocloreto",400mg,Comprimidos,Frasco de 1000 e 24x28 comprimidos
AFRI FARMÁCIA LDA,ISONIAZIDA,Isoniazida,100mg,Comprimidos,24x28 e 10 x 10  comprimidos
AFRI FARMÁCIA LDA,ISONIAZIDA,Isoniazida,300mg,Comprimidos,24x28 e  10 x 10 comprimidos
AFRI FARMÁCIA LDA,CLARIMIN 500,Claritromicina,500mg,Comprimidos Revestidos,10x1x10 comprimidos
AFRI FARMÁCIA LDA,CLARIMIN 250,Claritromicina,250mg,Comprimidos revestidos,Embalagem contendo blisters Alu/PVC de 10x1x10 comprimidos
AFRI FARMÁCIA LDA,ATENOLOL 100,Atenolol,100mg,Comprimidos,Frasco de 100 comprimidos
MEDIMPORT LDA,UNIVIR CREME,Aciclovir,5% p/p,Creme,embalagens de 10 bisnagas
PLANET PHARMACEUTICAL LIMITADA,NORQUIN,Ácido Nalidíxico,500mg,Comprimidos revestidos,Embalagem contendo 10 blister de 10 comp; frasco de 1000 comprimidos
"SHANI, LIMITADA",LEBAC PAEDIATRIC DROPS,Cefradina,1.5g,Pó para suspensão oral,frasco de 15ml
"MEDIMOC, SA",CEFLOX EYE/EAR DROPS,Ciprofloxacina Hidroclorato,"0,3 w/v",Gotas Oftálmicas/Auriculares,frasco plastico de 10ml
"SHANI, LIMITADA",ALATROL PAEDIATRIC DROPS,"Cetirizina, cloridrato",2.50mg,Soluçâo oral,Frasco de 15ml
NATUR PHARMA,ZINGMOL,Paracetamol,120mg/5ml,Suspensão Oral,frasco de 100ml e de 60ml
"ORBIS PHARMA, Lda",POLLENTYME TABLETS,Loratadina,10mg,Comprimidos,blister de 10 e 30 comprimidos
NATUR PHARMA,LORCARE,Loratadina,5mg/5ml,Suspensão Oral,frasco de 60ml côr âmbar e frasco de 100ml
NATUR PHARMA,DYUFEN-P,Ibuprofeno + Paracetamol,100mg + 125mg,Suspensão Oral,frasco de 100ml
NATUR PHARMA,DYCOTRA ORAL SUSPENSION,Trimetoprim e Sulfametoxazol,40mg/5ml + 200mg/ 5ml,Suspensão Oral,frasco de 100ml
NATUR PHARMA,DYBUTOL,"Salbutamol, Sulfato",2mg/5ml,Suspensão Oral,frasco ambar de 100ml
"MEDIS FARMACÊUTICA, LDA",AIRALAM,Arteméter + Lumefantrina,20mg + 120mg,Comprimidos,"embalagem com 6, 12, 18 e 24 comprimidos"
"MEDIS FARMACÊUTICA, LDA",ADCO - IBUPROFEN 400MG,Ibuprofeno,400mg,comprimidos,"embalaem contendo 1x12, 2x12 e frasco de 84 e de 1000 comprimidos"
MOZPHARMA LDA,MIDAZOLAM BASI,Midazolam,15mg/3ml,Solução Injectável,Embalagens de 5 e 50 ampolas
MISSIONPHARMA MOÇAMBIQUE,VITAMINA A 200.000UI E VITAMINA E 40UI CÁPSULAS,Vitamina A e Vitamina E,200.000UI + 40UI,Cápsulas,Frasco de 25 cápsulas
MISSIONPHARMA MOÇAMBIQUE,PARACETAMOL COMPRIMIDOS 500MG,Paracetamol,500mg,Comprimidos,Embalagem de 1000 comprimidos
MISSIONPHARMA MOÇAMBIQUE,HIDROXIDO DE ALUMINIO COMPRIMIDO Bp 500MG,Hidróxido de Alumínio,500mg,Comprimidos mastigáveis,frasco de 100 comprimidos
MISSIONPHARMA MOÇAMBIQUE,COTRIMOXAZOL 960MG COMPRIMIDOS,Trimetoprim e Sulfametoxazol,160mg + 800mg,Comprimidos,frasco de 500 comprimidos
MISSIONPHARMA MOÇAMBIQUE,COTRIMOXAZOL 480MG COMPRIMIDOS,Trimetoprim e Sulfametoxazol,80mg + 400mg,Comprimidos,frasco de 1000 comprimidos
MISSIONPHARMA MOÇAMBIQUE,AMOXICILINA CAPSULA,"Amoxicilina,Trihidrato",250mg,Cápsulas,frasco de 1000 capsulas
MISSIONPHARMA MOÇAMBIQUE,AMINOFILINA,Aminofilina,100mg,Comprimidos,Frasco de 100 comprrimidos
MISSIONPHARMA MOÇAMBIQUE,ÁCIDO NALIDÍXICO COMPRIMIDOS BP 500MG,Ácido Nalidíxico,500mg,Comprimidos,embalagem de 500 e de 1000 comprimidos
MISSIONPHARMA MOÇAMBIQUE,METRONIDAZOL COMPRIMIDOS BP 250MG,Metronidazol,250mg,Comprimidos,frasco de 1000 comprimidos
MISSIONPHARMA MOÇAMBIQUE,ESTEARATO DE ERITROMICINA COMPRIMIDOS 250MG BP,"Eritromicina, Estearato",250mg,Comprimidos revestidos,frasco de 1000 comprimidos
MISSIONPHARMA MOÇAMBIQUE,BENZOATO DE BENZILO APLICAÇÂO BP,Benzoato de Benzilo,25%m/v,soluçâo   tópica,frasco de 100ml
MISSIONPHARMA MOÇAMBIQUE,AMOXICILINA SUSPENSAO ORAL BP,Amoxicilina,250mg/5ml,Suspensão Oral,frasco de 100ml
"SHANI, LIMITADA",PREDNISOLONE TABLETS B.P 5MG,Prednisolona,5mg,Comprimidos,caixinhas de 10 blisters de 10 comprimidos
"SHANI, LIMITADA",NALISHA,Ácido Nalidixico,300mg/5ml,Suspensão Oral,garrafa de 100ml
FARMA HOLDINGS SA,ACETAMINOFENO + CAFEÍNA COMPRIMIDOS BP 500/30mg,Acetaminofeno + Cafeína anidra,500mg + 30mg,Comprimidos,5 blisters de 4 comprimidos
"GENERICS & SPECIALITIES, Lda",SALIN GOTAS NASAIS SALINAS,Cloreto de Sódio,"0,65% w/v",gotas nasais,frasco de 15ml
RK PHARMACEUTICALS SOCIEDADE UNIPESSOAL Lda,METCHEK 500,"Metformina, Cloridrato",500mg,Comprimidos revestidos,10 blisters de 10 comprimidos
"GENERICS & SPECIALITIES, Lda",CO - PILL,Levonorgestrel,1.5mg,Comprimidos,blister de 1 comprimido
FARMANATURAL,OMEPRAZOL SANDOZ,omeprazol,20mg,Cápsulas,embalagem de 56 cápsulas
"GENERICS & SPECIALITIES, Lda",MYOKINASE,estreptoquinase recombinante,1.500.000 UI,Pó para ser reconstituido numa soluçao antes de infusâo,frasco 6R claro blow back lyo
FARMANATURAL,CLARITROMICINA SANDOZ,Claritromicina,500mg,Comprimidos,embalagem de 16 comprimidos
"GENERICS & SPECIALITIES, Lda",STERON TABLETS,Noretisterona,5mg,Comprimidos,embalagem de 10 carteiras x 10 comprimidos; 1 blister Alu-PVC de 21 comprimidos
"SHANI, LIMITADA",NIFESHA,Nifedipina,20mg,Comprimidos,10 blisters de 10 comprimidos
"SHANI, LIMITADA",BETASHA-S,"Betametasona, diproprionato + Ácido Salicílico","0,05% w/w + 3% w/w",pomada,bisnaga de 30g
"SHANI, LIMITADA",ALBENSHA,Albendazol,200mg/5ml,Suspensão Oral,frasco de 10ml
MEDIMPORT LDA,ZEBINIX,"Eslicarbazepina, Acetato",800mg,Comprimidos,caixa de cartolina contendo 20 ou 30 comprimidos
MEDIMPORT LDA,RANTUDIL 90 RETARD,Acemetacina pó + Acemetacina (granulos retard),30mg + 60mg,Cápsulas,caixa de cartolina cotendo 60 capsulas
"GENERICS & SPECIALITIES, Lda",NITRO,Nitrufurantoína,100mg,Comprimidos,10 blister x 10 comp
"GENERICS & SPECIALITIES, Lda",LOPNOL-300,Alopurinol,300mg,Comprimidos,10 Blisters x 10 comprimidos
"GENERICS & SPECIALITIES, Lda",LOPNOL-100,Alopurinol,100mg,Comprimidos,10 Blisters x 10 comprimidos
MAPUTO HEALTH CARE Lda,ENZAR FORTE,"Pancreatina 4, Tauracolato e glicolato de sódio",150 + 65.00,Comprimidos revestidos,20 blisteres com 15 comprimidos
"GENERICS & SPECIALITIES, Lda",ACNEGEL-B,"Clindamicina, fosfato + peróxido de benzoil hidratado",1% w/w + 5% w/w,gel,bisnaga de 15g
"LUSOFARMA, Lda",CATABINA,Dropropisina,3mg/ml,xarope,frasco de 200ml
"LUSOFARMA, Lda",DILUM RETARD,"isoxsuprina, Cloridrato",30mg,Comprimidos revestidos de libertação prolongada,Embalagem de 20 e 60 comprimidos
AFRI FARMÁCIA LDA,LAMIVUDINA + ZIDOVUDINA,Lamivudina + Zidovudina,150mg + 300mg,Comprimidos,embalagem de 60 comprimidos
AFRI FARMÁCIA LDA,EFAVIRENZ 600MG COMPRIMIDOS,Efavirenz,600mg,Comprimidos,embalagem de 30 comprimidos
"MEDIS FARMACÊUTICA, LDA",DAFRAZOL,omeprazol,20mg,Cápsulas,2 blisters x 7 cápsulas e de 28 cápsulas
PROFARMA,METAPHAGE-500,metformina,500mg,comprimidos revestidos,"Blister caixa de 14x2 comprimidos, frasco de HDPE 1000 comprimidos"
PROFARMA,HYOSPASM,butil brometo de  hioscina BP,20mg/ml,injectável,embalagem de 10 ampolas
PROFARMA,HYOSPASM,butil brometo de  hioscina BP,10mg,Comprimidos,embalagem de 1000 comprimidos em blisters de 10 x 10
PROFARMA,CYCLOMET,Ciclofosfamida,50mg,Comprimidos revestidos,frasco de HPDE de 100 comp. Em blister de 10 x10 comprimidos
"GENERICS & SPECIALITIES, Lda",INSUGEN - R (REGULAR),Insulina humana Ph.Eur (insulina de origem do ADN humano recombinante,100UI/5ml,Injectável,frasco de 10ml
"GENERICS & SPECIALITIES, Lda",INSUGEN - N (NPH),Insulina humana Ph.Eur (insulina de origem do ADN humano recombinante,100UI/5ml,Injectável,frasco de 10ml
"GENERICS & SPECIALITIES, Lda",INSUGEN - 30/70 (BIFASICO),Insulina humana Ph.Eur (insulina de origem do ADN humano recombinante,100UI/5ml,Injectável,frasco de 10ml
MAPUTO HEALTH CARE Lda,KAMAGRA 50,citrato de sildenafil,50mg,comprimidos revestidos,embalagem de 1 blister de 4 comprimidos
MAPUTO HEALTH CARE Lda,KAMAGRA 100,citrato de sildenafil,100mg,comprimidos revestidos,embalagem de 1 blister de 4 comprimidos
AFRI FARMÁCIA LDA,NEVIRAPINA,Nevirapina,200mg,Comprimidos,Frasco de 60 comprimidos
PROFARMA,FENOBARBITAL COMPRIMIDOS B.P 15 MG,Fenobarbital,15mg,Comprimidos,Embalagem de 100 comprimidos
PROFARMA,CARMAPIN,carbamazepina,200mg,Comprimidos,"Frasco de HDPE de 1000 comprimidos, Em blister caixa de 10x10 comprimidos"
PROFARMA,5-FLURO,Fluorouracilo,50g,solução injectável,10x5ml de ampolas
WELL WORTH LDA,GENTIAN VIOLET SOLUTION,Violeta de genciana,1% w/v,liquido oral,frasco de 25ml
MAPUTO HEALTH CARE Lda,ZOCIN,azitromicina dihidrato,200mg/5ml,Suspensão Oral,Frasco de 15ml
MAPUTO HEALTH CARE Lda,KAMAGRA GEL ORAL 50MG,Citrato de sildenafil,50mg,gel oral,saquetas de 5g
"ORBIS PHARMA, Lda",CARVETREND,Carvedilol,6.25mg,Comprimidos,embalagem blister com 30 comprimidos
"ORBIS PHARMA, Lda",CARVETREND,Carvedilol,"12,5mg",Comprimidos,embalagem blister com 30 comprimidos
MAPUTO HEALTH CARE Lda,APRAMOL,Paracetamol,500mg,Comprimidos efervescentes,2 blisters de 8 comprimidos
MAPUTO HEALTH CARE Lda,AMADAY - 5,"Amlodipina, besilato",5mg,Comprimidos,embalagem de 3 blisters de 10 comp
MAPUTO HEALTH CARE Lda,AMADAY - 10,"Amlodipina, besilato",10mg,Comprimidos,embalagem de 3 blisters de 10 comp
"MEDIS FARMACÊUTICA, LDA",TANTUM VERDE,Benzidamina + benzocaina,3mg + 2.5mg,Pastilhas,embalagem com 20 pastilhas
"MEDIS FARMACÊUTICA, LDA",PARAMOLAN C,Paracetamol + Ácido Ascórbico,500mg + 250mg,pó para solução oral,emblagem de 20 saquetas
FARMACÊUTICA AUSTRAL,DESDEK,Furoato de mometasona,1mg/g,pomada,embalagem de 15g e de 30g
"MEDIS FARMACÊUTICA, LDA",DEFLAZACORT GP,Deflazacorte,6mg,Comprimidos,embalagens de 20 comprimidos
"MEDIS FARMACÊUTICA, LDA",DEFLAZACORT GP,Deflazacorte,30mg,Comprimidos,embalagens de 20 comprimidos
"MEDIS FARMACÊUTICA, LDA",C´NERGIL,Ácido ascórbico,1000mg,granulado,embalagens de 10 saquetas
"MEDIS FARMACÊUTICA, LDA",ASP 100,Ácido Acetilsalicílico,100mg,Comprimidos,"embalagens de 20,  30 e de 60 comprimidos"
"MEDIS FARMACÊUTICA, LDA",TANTUM VERDE,"Benzidamina, Cloridrato",1.5mg/ml,solução para lavagem da boca,Frasco de 240ml e de 500ml
AFRI FARMÁCIA LDA,SIVATIN - 20,Sinvastatina,20mg,Comprimidos,Frasco de 100 comprimidos
"ORBIS PHARMA, Lda",SIMVACOR 40,Sinvastatina,40mg,Comprimidos,blister de 30 comprimidos
"ORBIS PHARMA, Lda",SIMVACOR 20,Sinvastatina,20mg,Comprimidos,blister de 30 comprimidos
AFRI FARMÁCIA LDA,SALBUTAMOL NEBULISER SOLUTION,"Salbutamol, Sulfato",5mg/ml,solução nebulizador,frasco de 20ml
AFRI FARMÁCIA LDA,LIDOCAINA 2%,"Lidocaína, Hidrocloreto",20mg/ml,Solução Injectável,10 x 10 ampolas de 2ml
MEDIMPORT LDA,LANTUS SOLOSTAR 100 UNIDADES/ML,Insulina Glargina,100UI/ml,Solução Injectável,Embalagem com 5 canetas pré-cheias de 3ml
MEDIMPORT LDA,LANTUS 100 UNIDADES/ML,Insulina Glargina,100UI/ml,Solução Injectável,Frasco de 10ml
"MEDIS FARMACÊUTICA, LDA",FLOGORAL,"Benzidamina, Cloridrato",3mg,Pastilhas,embalagem de 20 unidades
"GENERICS & SPECIALITIES, Lda",DAZOL - 200,Danazol,200mg,Cápsulas,1 blister x 10 cápsulas
AFRI FARMÁCIA LDA,AMOXICILLIN CAPSULAS,"Amoxicilina,Trihidrato",500mg,Cápsulas,frasco HDPE contendo 1000 cápsulas 10 x 10
"ORANE PHARMA, Lda",POLYBAC - N,Sulfato de polimixina B + Bacitricina de Zinco + Sulfato de neomicina,"0,7mg + 6,8mg + 5,5mg",Pomada,bisnaga de 15g
"ORANE PHARMA, Lda",PANKRIN - 5,Glibenclamida,5mg,Comprimidos,Blister de 10 x 10 comprimidos
"ORANE PHARMA, Lda",METZOLE - 250,Metronidazol,250mg,Comprimidos,Blister de 10 x 10 comprimidos
"ORANE PHARMA, Lda",DOLMAX GEL,Dietilamina diclofenac,1% w/w,gel,bisnaga de 30g
"ORANE PHARMA, Lda",COTROX,Trimetoprim e Sulfametoxazol,80mg + 400mg,Comprimidos,"Blister de 10 x 10 comprimidos, Frasco de 500 e 1000 comprimidos"
"ORANE PHARMA, Lda","ALPRAM - 0,5",Alprazolam,0.5 mg,Comprimidos,embalagem de 10 x10 comprimidos
AFRI FARMÁCIA LDA,AMOCOL 125,"Amoxicilina,Trihidrato",125mg/5ml,Suspensão Oral,Frasco de 100ml e frasco de 60ml
"MEDIS FARMACÊUTICA, LDA",VEROLAX,Glicerol,6750mg,solução rectal,Blister de 6 microclisteres
PROFARMA,TRIFLUOPERAZINA COMPRIMIDOS B.P 5 MG,"Trifluoperazina, hidrocloreto",5mg,Comprimidos revestidos,frasco de 100 comprimidos e caixa contendo 10 x 10
"MEDIS FARMACÊUTICA, LDA",TIROCULAR,Acetilcisteina,40mg/ml,Colírio,frasco de 10ml
"MEDIS FARMACÊUTICA, LDA",TANTUM GEL,"Benzidamina, Cloridrato",30mg/g,Gel,Bisnaga de 100g e de 30g
"MEDIS FARMACÊUTICA, LDA",TANTUM creme,"Benzidamina, Cloridrato",30mg/g,creme,bisnaga de 30g e bisnaga de 100g
"MEDIS FARMACÊUTICA, LDA",ROSALGIN,"Benzidamina, Cloridrato",500mg,Pó para solução vaginal,embalagem de 20 saquetas
"MEDIS FARMACÊUTICA, LDA",ROSALGIN,Benzidamina cloridrato,1mg/ml,Solução vaginal,Embalagem de 5 frascos de 140ml
"MEDIS FARMACÊUTICA, LDA",PEPSAMAR,Hidróxido de Alumínio,240mg,Comprimidos para mastigar,Embalagem de 20 e 60 unidades
"MEDIS FARMACÊUTICA, LDA",HIPERCOL,Citicolina,100mg/ml,Solução oral,Frasco de 50ml
"MEDIS FARMACÊUTICA, LDA",CEFOLAC 100,Cefixima,100mg/5ml,Pó para suspensão,Frasco de 46ml com marca nos 30ml
"MEDIS FARMACÊUTICA, LDA",OXOLAMINA,Citrato de oxolamina,10mg/ml,xarope,embalagem de 250ml
"MEDIS FARMACÊUTICA, LDA",FLOGORAL,"Benzidamina, Cloridrato",1.5mg/ml,solução para lavagem da boca,frasco de 240ml
"MEDIS FARMACÊUTICA, LDA",BUSANSIL,"Buspirona, Cloridrato",10mg,Comprimidos,Embalagem de 20 e 60 comprimidos
"MEDIS FARMACÊUTICA, LDA",TANTUM VERDE,"Benzidamida, cloridrato",0.15mg/ml,solução para  pulverização bucal,Frasco de 15ml e frasco de 30ml
"MEDIS FARMACÊUTICA, LDA",TANTUM VERDE,"Benzidamida, cloridrato",3mg/ml,solução para  pulverização bucal,Frasco de 15ml e frasco de 30ml
"ORANE PHARMA, Lda",PRILOTEN - 5,"Enalapril, maleato",5mg,Comprimidos,embalagem de 10 x 10
"ORANE PHARMA, Lda",PRILOTEN - 10,"Enalapril, maleato",10mg,Comprimidos,embalagem de 10 x 10
"MEDIS FARMACÊUTICA, LDA",MOMENT 200,Ibuprofeno,200mg,Comprimidos revestidos,embalagem de 12 comprimidos
"MEDIS FARMACÊUTICA, LDA",MOMENDOL,Naproxeno,200mg,comprimidos revestidos,Blister  de 12 unidades e blister de 24 unidades
"MEDIS FARMACÊUTICA, LDA",MOMEN GEL,"Benzidamina, Cloridrato",30mg/g,Gel,Bisnaga de 100g
"ORANE PHARMA, Lda",G - VIT,vitamina A+colecalciferol+vit E+ mononitrato tiamina+ riboflavina+cloridrato de piridoxina+ cianocobalamina+ vit C + biotina + niacinamida + ácido fólico + pantotenato de cálcio + cloreto de manganês + sulfato de obre pentahidratado +fosfato de cálcio + c,15mg + 0.01mg + 65mg + 13mg + 3.9mg + 0.01mg + 111mg + 0.039mg + 65mg + 0.5mg + 12.5mg + 1.4mg + 2.5mg + 162mg + 0.065mg + 0.4mg + 1.00mg + 2.5mg + 36.6mg + 0.06mg,Comprimidos,embalagem de 10 x10 comprimidos
PIRÂMIDE PHARMA,CLORIDRATO DE LOPERAMIDA,"Loperamida, Cloridrato",200mg,Comprimidos,Embalagem de 25 comp e blister de 10X10
"MEDIS FARMACÊUTICA, LDA",CINCOFARM,Oxitriptano,100mg,Cápsulas,embalagem  de 60 cápsulas
WELL WORTH LDA,NOVOPHENICOL,Cloranfenicol-Levo,10mg+5%,Pomada oftálmica,bisnaga de 3.5g
WELL WORTH LDA,NOVOCIN,"Tetraciclina, Cloridrato",10mg,Pomada Oftálmica,bisnaga de 3.5g
"GENERICS & SPECIALITIES, Lda",METRONIDAZOL,Metronidazol,200mg/5ml,Suspensâo oral,Frasco de 60ml com tampa de 10ml para medição
"GENERICS & SPECIALITIES, Lda",VIVIAN GEL BP,"Diclofenac, dietilamina + salicilato de metilo + mentol + óleo de linhaça","1,16% + 10,00% + 5,00% + 3,00%",Gel,embalagem de 30g
"GENERICS & SPECIALITIES, Lda",STROM 50,"Tramadol, cloridrato",50mg,Cápsulas,Embalagem contendo blisters de 10 x10 Cápsulas
"GENERICS & SPECIALITIES, Lda",AMINOGEN,Aminofilina,100mg,Comprimidos,embalagem de 10 x 10
"MEDIS FARMACÊUTICA, LDA",PAUSIGIN,Estriol,0.125mg,creme vaginal,1 bisnaga de 30g com 6 aplicadores
"GENERICS & SPECIALITIES, Lda",K- FUROX,cefuroxima,750mg,Pó para Injecção,frasco de 10ml
"GENERICS & SPECIALITIES, Lda",K- FUROX,cefuroxima,1.5g,Pó para Injecção,frasco de 20ml
MAPUTO HEALTH CARE Lda,BIBA,Vitamina A+colecalciferol+cloridrato de tiamina+ Riboflavina+cloridrato de piridoxina+ ácido ascorbico+ nicotinamida,3000UI + 300UI + 1.5mg + 1.2mg + 1.0mg + 50.0mg + 10.0mg,xarope,Frasco de 100ml
"MEDIS FARMACÊUTICA, LDA",BENDALINA,sal de lisina de Bendazac,500mg,Comprimidos revestidos,embalagem de 30 comprimidos
MAPUTO HEALTH CARE Lda,APFLU,Paracetamol + Maleato de feniramina + ácido ascórbico,500mg +25mg +240mg,Pó efervescente,caixa de 10 saquetas
"MEDIS FARMACÊUTICA, LDA",DAFNEGIL,Nifuratel + nistatina,500mg + 200.000UI,Óvulo vaginal,embalagem de 12 óvulos
"MEDIS FARMACÊUTICA, LDA",TRIFOSFANEURINA,"Tiamina, Cloreto",17.2mg,Comprimidos,embalagem de 60 comprimidos
PIRÂMIDE PHARMA,ASBIDOX - 100,"Doxiciclina, hidrocloreto",100mg,Cápsulas,1 x 150 cápsulas e embalagem de 10 x 10
"MEDIS FARMACÊUTICA, LDA",ANACERVIX® FORTE,Piracetam + vincamina,600mg + 15mg,Comprimidos revestidos,embalagem de 60 comprimidos
SISMED - Sistemas médicos,TRAMALIN - 50,Tramadol,50mg,Comprimidos,2 blister de 10 comprimidos
"MEDIS FARMACÊUTICA, LDA",PARAGIN - C,acetaminofeno + cafeína,500mg + 25mg,Cápsulas,25 blister de 4 cápsulas
"ORANE PHARMA, Lda",DOLMAX - 50,Diclofenac sódico,50mg,Comprimidos,10 blister de 10 comprimidos
"ORANE PHARMA, Lda",COLCHIN - GUT,Colchicina,1mg,Comprimidos,10 blister de 10 comprimidos
AFRI FARMÁCIA LDA,VALSTAL - 200,Valproato de Sódio,200mg,Comprimidos,10 blister de 10 comprimidos
"ORBIS PHARMA, Lda",TRAMADOL KERN PHARMA,Tramadol,50mg,Cápsulas,embalagem de 60 comprimidos
AFRI FARMÁCIA LDA,ISOSORBIDE DINITRATE,Dinitrato de isossorbido,40mg,Comprimidos,embalagem de 100 comprimidos
PROFARMA,PROMETAZINE INJECTION,"Prometazina, Hidrocloreto",25mg/ml,Solução injectável,Caixa de 10 x2ml
"MEDIS FARMACÊUTICA, LDA",KLEAN - PREP,Polietilenoglicol + sulfato de sódio anidro + bicarbonato de sódio + cloreto de sódio + cloreto de potássio,59g + 5.6850g + 1.6850g + 1.4650g + 0.7425g,pó para solução oral,Embalagem de 4 saquetas
AFRI FARMÁCIA LDA,IRON DEXTRAIN INJECTION,Hidroxido de ferro + Dextrano,5%m/v + 20%m/v,injectável,10 ampola de 2ml
PROFARMA,DICLOFENAC SÓDICO INJECTAVEL,Diclofenac Sódico,25mg/ml,injectável,Caixa de 10 x 3ml
"MEDIS FARMACÊUTICA, LDA",NADICLOX 2%,Ácido fusidico,20mg/g,Pomada,1 bisnaga de 15g e 20 bisnaga de 15g
"MEDIS FARMACÊUTICA, LDA",IRBESARTAN AZEVEDOS,Irbesartan,150mg,Comprimidos revestidos por película,28 comprimidos
"MEDIS FARMACÊUTICA, LDA",IRBESARTAN AZEVEDOS,Irbesartan,300mg,Comprimidos revestidos por película,28 comprimidos
"MEDIS FARMACÊUTICA, LDA",GESTRELAN®,Etinilestradiol + Levonorgestrel,0.03mg + 0.15mg,Comprimidos,3 blister de 21 comprimidos
"MEDIS FARMACÊUTICA, LDA",CITALOPRAM AZEVEDOS,Citalopram,10mg,Comprimidos,embalagem de 56 comprimidos
"MEDIS FARMACÊUTICA, LDA",CITALOPRAM AZEVEDOS,Citalopram,20mg,Comprimidos,embalagem de 56 comprimidos
"MEDIS FARMACÊUTICA, LDA",CITALOPRAM AZEVEDOS,Citalopram,40mg,Comprimidos,embalagem de 28 comprimidos
"MEDIS FARMACÊUTICA, LDA",BENDALINA,"Bendazac-Lisina, dihidratado",5mg/ml,Colírio,frasco de 7ml
"MEDIS FARMACÊUTICA, LDA",AULIN®,Nimesulida,100mg,granulo para suspensão oral,embalagem de 18 saquietas
"MEDIS FARMACÊUTICA, LDA",AULIN®,Nimesulida,100mg,Comprimidos,Embalagem de 20 comprimidos
"GENERICS & SPECIALITIES, Lda",OTO - 4 EAR DROPS,"Beclometasona, dipropionato + Clotrimazol + Lidocaina, hidrocloreto + Ofloxacina","0,025%w/v + 1%w/v + 2%w/v + 0,3%w/v",gotas auriculares,Frasco conta gotas de 10ml
"GENERICS & SPECIALITIES, Lda",FESATE,Sulfato ferroso,200mg,Comprimidos,Frasco HDPE de 100 comprimidos
"MEDIS FARMACÊUTICA, LDA",TRITICUM® AC,"Trazodona, cloridrato",150mg,Comprimidos de liberação modificada,Blister de 60 comprimidos
"ORANE PHARMA, Lda",VASIGARA,"Sildenafil, Citrato",50mg,Comprimidos,Blister de 1 x 4 comprimidos (10 caixinha numa caixa)
"ORANE PHARMA, Lda",VASIGARA,"Sildenafil, Citrato",100mg,Comprimidos,caixinha com Blister de 1 x 4 comprimidos (10 caixinha numa caixa)
MAPUTO HEALTH CARE Lda,BENDAZ - 400,Albendazol,400mg,Comprimidos,4 Blisterr de 5  comprimidos
"MEDIS FARMACÊUTICA, LDA",TRITICUM,"Trazodona, cloridrato",100mg,Comprimido revestido,embalagem de 60 comprimidos
NATUR PHARMA,PANTOPRAZOL BRAITER,Pantoprazol sódico,20mg,Comprimidos,embalagem de 60 comprimidos
NATUR PHARMA,PANTOPRAZOL BRAITER,Pantoprazol sódico,40mg,Comprimidos,embalagem de 60 comprimidos
NATUR PHARMA,MIRTAZAPINA FARMOZ,Mirtazapina,15mg,Comprimidos,embalagem de 30 comprimidos
NATUR PHARMA,MIRTAZAPINA FARMOZ,Mirtazapina,30mg,Comprimidos,embalagem de 30 comprimidos
NATUR PHARMA,FINASTERIDA IMPRUVE,Finasterida,5mg,Comprimido revestido,embalagem de 60 comprimidos
NATUR PHARMA,AMLODIPINA MIBRAL,"Amlodipina, besilato",10mg,Comprimidos,embalagem de 60 comprimidos
NATUR PHARMA,AMLODIPINA MIBRAL,"Amlodipina, besilato",5mg,Comprimidos,embalagem de 60 comprimidos
NATUR PHARMA,ACARBOSE ESTABLIX,Acarbose,50mg,Comprimidos,embalagem de 60 comprimidos
NATUR PHARMA,ACARBOSE ESTABLIX,Acarbose,100mg,Comprimidos,embalagem de 60 comprimidos
NATUR PHARMA,TERBINAFINA FARMOZ,"Terbinafina, Cloridrato",250mg,Comprimidos,embalagem de 28 comprimidos
NATUR PHARMA,FLUCONAZOL SUPREMASE,Fluconazol,150mg,Cápsulas,embalagem de 2 comprimidos
NATUR PHARMA,FLUCONAZOL SUPREMASE,Fluconazol,200mg,Cápsulas,embalagem de 7 comprimidos
"MEDIS FARMACÊUTICA, LDA",DONULIDE,Nimesulida,100mg,Granulado para Suspensão Oral,embalagem de 14 saquetas
MEDIMPORT LDA,PLAVIX,Clopidogrel,75mg,Comprimido revestido,Embalagem de 28 comprimidos
"MEDIS FARMACÊUTICA, LDA",DONULIDE,Nimesulida,100mg,Comprimidos,Embalagem de 20 comprimidos
PROFARMA,"TERBUTALINA COMPRIMIDOS BP 2,5MG","Terbutalina, sulfato",2.5mg,Comprimidos,caixa de 10 x 10 e caixa de 100
PROFARMA,METADOL,Doxiciclina,100mg,Cápsulas de gelatina dura,embalagem de 10 x10 cápsulas e Frasco de 1000 cápsulas
MEDIMPORT LDA,LOVENOX,Enoxaparina sódica,40mg/0.4ml,Solução injectável,embalagem de 2 e de 10 serimgas pré- cheias
AFRI FARMÁCIA LDA,RIFAMPICINA + ISONIAZIDA + PIRAZINAMIDA + HIDROCLORETO DE ETAMBUTOL USP,"Rifampicina + Isoniazida + Pirazinamida + Etambutol,  hidrocloreto",150mg + 75mg + 400mg + 275mg,Comprimidos revestidos,Blister Alu/PVC/PVDC de 24 carteiras de 28 comprimidos volume de 1000 Comprimidos
AFRI FARMÁCIA LDA,RIFAMPICINA & ISONIAZIDA,Rifampicina + Isoniazida,150mg + 75mg,Comprimidos,24 carteiras de 28 Comprimidos
AFRI FARMÁCIA LDA,CYCLOSERINA USP 250MG,cicloserina,250mg,Cápsulas de gelatina dura,25 carteiras de10 cápsulas
"GENERICS & SPECIALITIES, Lda",ECERIDOL,Haloperidol,5mg,Comprimidos,frasco de 500 comp
"GENERICS & SPECIALITIES, Lda",AMIZOLE,"Amitriptilina, hidrocloreto",25mg,Comprimidos,frasco de 500 comp
"GENERICS & SPECIALITIES, Lda",ÁCIDO FÓLICO,Ácido Fólico,5mg,Comprimidos,Embalagem de 10 x 10 comp
"GENERICS & SPECIALITIES, Lda",TRAMAGEN,"Tramadol, cloridrato",50mg/ml,injectavél,5 ampolas de 2ml
"GENERICS & SPECIALITIES, Lda",RANIGEN,"Ranitidina, cloridrato",25mg,Solução Injectável,5 ampolas de 2ml
"GENERICS & SPECIALITIES, Lda",AMINOGEN,Aminofilina,25mg/ml,injectavél,10 ampolas de 10ml
"ORANE PHARMA, Lda",GLOZOLE,Fluconazol,150mg,Comprimidos,Embalagem de 1 x 10 comp e 1 X1
MISSIONPHARMA MOÇAMBIQUE,METILDOPA Comprimidos 250mg BP,Metildopa,250mg,Comprimidos,Frasco de 1000 comp
"GENERICS & SPECIALITIES, Lda",ALLPHENICOL,Cloranfenicol,1g,Injectável,Embalagem de 50 frascos
MISSIONPHARMA MOÇAMBIQUE,CLORANFENICOL CÁPSULAS BP 250MG,Cloranfenicol,250mg,Cápsulas,frasco de 1000 cápsulas
"ORBIS PHARMA, Lda",TERBINAFINA KERN PHARMA,Terbinafina,250mg,Comprimidos,Embalagem de 14 e 28 Comprimidos
"MEDIS FARMACÊUTICA, LDA",PRIMACORT 100,"hidrocortisona, succinato sódico",100mg,Pó para injecção,embalagem de 50 frascos de 7.5ml
"MEDIS FARMACÊUTICA, LDA",CHLORAMPHENICOL SODIUM SUCCINATE INJECTION,"Cloranfenicol, succinato sódico",1000mg,Injectável,Embalagem de 50 frascos
"GENERICS & SPECIALITIES, Lda",ERYTHROGEN 250,Eritromicina,250mg/5ml,Po para suspensao,frasco de 100ml
"GENERICS & SPECIALITIES, Lda",ERYTHROGEN 125,Eritromicina,125mg/5ml,Po para suspensao,frasco de 100ml
MEDIMPORT LDA,SYMBICORT TURBOHALER 320/9,Budesonida micronizada + Fumarato de formoterol di-hidratado,320mcg + 9mcg,Pó para inalação,"Embalagem 1, 2, 3, 10 e 18 inaladores de 60 doses"
MEDIMPORT LDA,SYMBICORT TURBOHALER 160/4.5,Budesonida micronizada + Fumarato de formoterol di-hidratado,160mcg + 4.5mcg,Pó para inalação,"Embalagem 1, 2, 3, 10 e 18 inaladores de 60 doses e 120 doses"
"MEDIS FARMACÊUTICA, LDA",SALBUTAMOL GP®,"Salbutamol, Sulfato",100mcg/dose,Suspensão pressurizada para inalação,frasco de 10ml com 200 doses
"MEDIS FARMACÊUTICA, LDA",PRELONE SYRUP,"Prednisolona, acetato",15mg/5ml,Xarope,frasco de 50ml e de 100ml
"MEDIS FARMACÊUTICA, LDA",DILINCT DRY COUGH SYRUP,"Dextrometorfano, Bromidrato",15mg/5ml,Xarope,frasco de 100ml e de 200ml
"MEDIS FARMACÊUTICA, LDA",BIOPLUS ® SYRUP STRAWBERRY,Tiamina (Vit. B1) + Riboflavina (Vit. B2) + Piridoxina (Vit. B6) + Nicotinamida + Cianocobalamina (Vit. 12) + Citrato de cálcio + d-Panterol + Gluconato de Cálcio + Cafeína,16mg + 11mg + 9mg + 42mg + 26mcg + 180mg + 11mg + 900mg + 270mg,Xarope,frasco de 200ml
"MEDIS FARMACÊUTICA, LDA",AMAPINE - 10,"Amlodipina, besilato",10mg,Comprimidos revestidos,3 blister de 10 comprimidos
"MEDIS FARMACÊUTICA, LDA",METHYLDOPA,Metildopa,250mg,Comprimidos revestidos,recipiente de 1000 comprimidosl
"GENERICS & SPECIALITIES, Lda",CEFARIX 125 DS,Cefalexina,125mg,Suspensão Oral,10 Frascos de 100ml
NATUR PHARMA,TANSULOSINA RELIVA,Tansulosina,0.4mg,cápsulas de libertação prolongada,Embalagem de 30 comprimidos
"MEDIS FARMACÊUTICA, LDA",ORASPAS,Hioscina Butilbrometo,10mg,Comprimidos,Embalagem HPDE com 1000 comprimidos; 1blister de 10 comprimidos
"GENERICS & SPECIALITIES, Lda",FETON Syrup,Hidróxido de ferro (III)+ Ácido fólico,"50mg + 0,5mg",Xarope,Frasco de 150ml
"MEDIS FARMACÊUTICA, LDA",QUININE SULPHATE,"Quinino, sulfato",300mg,comprimidos revestidos,recipiente de 1000 comprimidos; 3x10
"MEDIS FARMACÊUTICA, LDA",MILPOL SYRUP,Paracetamol,120mg/5ml,solução oral,frasco de 100ml
"MEDIS FARMACÊUTICA, LDA",MILMALEATE Tablets,"Clorfeniramina, maleato",4mg,comprimidos,Embalagem com 100 comprimidos (10x10) e de 1000 comprimidos
"MEDIS FARMACÊUTICA, LDA",FUROSEMIDE,Furosemida,40mg,comprimidos,Frascos de 1000 comprimidos
MaPUTO HEALTH CARE Lda,SHELCAL 500,Carbonato de cálcio + Vitamina D3,500mg + 250UI,comprimidos revestidos,10 blister de 15 comprimidos
MISSIONPHARMA MOÇAMBIQUE,CO- AMILOZIDE COMPRIMIDOS BP,"Amilorido, cloridrato + Hidroclorotiazida",5mg + 50mg,Comprimidos revestidos,Frasco de 25 comprimidos revestidos
MOZPHARMA LDA,DOPAMINA BASI,"Dopamina, cloridrato",200mg/5ml,soluçao para perfusão,ampola com 5ml
"ORBIS PHARMA, Lda",IBUPROFENO KERN PHARMA,Ibuprofeno,100mg/5ml,Suspensão Oral,embalagem de 200ml
"GENERICS & SPECIALITIES, Lda",GENVIR - 200,Aciclovir,200mg,Comprimido,10 blister de 10 comprimidos
"GENERICS & SPECIALITIES, Lda",APEDINE,"Ciproheptadina, hidrocloreto",2mg/5ml,Xarope,frasco de 100ml
"GENERICS & SPECIALITIES, Lda",NORGEN,Norfloxacina,400g,Comprimidos,10 blister de 10 comprimidos
MEDIMPORT LDA,"SYMBICORT TURBOHALER 80/4,5mcg",Budesonida micronizada + Fumarato de formoterol di-hidratado,"80mcg + 4,5mcg",Pó para inalação,"Embalagem 1, 2, 3, 10 e 18 inaladores de 60 ou 120 doses doses"
MISSIONPHARMA MOÇAMBIQUE,ERYTHROMYCIN ETHYLSUCCINATE,"Eritromicina, etil succinato",250mg/5ml,Pó para suspensão oral,Frasco de 100ml
NATUR PHARMA,PAROXETINA FARMOZ,"Paroxetina, cloridrato",20mg,Comprimidos revestidos,embalagem de 60comprimidos
AFRI FARMÁCIA LDA,LOSAGEN 50,Losartan Potássico,50mg,Comprimidos revestidos,3 blister de 10 comprimidos
AFRI FARMÁCIA LDA,LOSAGEN 100,Losartan Potássico,100mg,Comprimidos revestidos,4 blister de 10 comprimidos
MEDIMPORT LDA,THROMBOCID,Pentosano polissulfato de sódio,15mg/g,Gel,Frasco de 40g e de 100g
"MEDIS FARMACÊUTICA, LDA",UNIDROX,Plolifloxacina,600mg,comprimidos revestidos,Embalagem de 10 comprimidos
"MEDIS FARMACÊUTICA, LDA",CITRO - SODA,Bicarbonato de sódio + ácido Tarrtárico + Ácido Citrico anidro +Citrato de sódio,1716mg + 858mg + 702mg + 613mg,Grânulos,frasco de 60g e de 120g; embalagem de 8 e 30 saquetas
"MEDIS FARMACÊUTICA, LDA","TANTUM Verde, pastilhas, 3mg, sabor a limão","Benzidamina, Cloridrato",3mg,pastilhas,Embalagem de 20 pastilhas
"MEDIS FARMACÊUTICA, LDA",MYCIMAC 500,Eritromicina,500mg,comprimidos revestidos por pelicula,embalagens de 100 comprimidos (10x10)
"Medis FARMACÊUTICA, LDA",ADALGUR N,Paracetamol + Tiocolquicosido,500mg + 2mg,comprimidos,embalagens de 30 e 60 unidades
"MEDIS FARMACÊUTICA, LDA",VERRUFILM,Ácido salicílico,167mg/g,Solução cutânea,Frasco de 10ml
"GENERICS & SPECIALITIES, Lda",PROPRANOLOL TABLES BP,Propranolol,40mg,Comprimidos,10blister de 10 comprimidos
"GENERICS & SPECIALITIES, Lda",LEVORIN,Leucovorina cálcio,15mg,Comprimidos revestidos,embalagem de 30comprimidos
"GENERICS & SPECIALITIES, Lda",GENVIR 400,Aciclovir,400mg,Comprimido,10 blister de 10 comprimidos
"MEDIS FARMACÊUTICA, LDA",CINET,"Domperidona, maleato",1mg/ml,Suspensão Oral,frasco de 100ml e de 200ml
"MEDIS FARMACÊUTICA, LDA",ACTOPHLEM COUGH SYRUP,Teofilina + Etofilina + Difenilpiratina Hcl + Cloreto de Amónio + Citrato de Sódio,100mg + 10mg + 8mg + 720mg + 300mg,Xarope,Frasco de 100ml
NATUR PHARMA,MAGNESIOCARD,"L-aspartato de Magnésio, Cloridrato",1229.60mg,Pó Para solução oral,saquetas de 5g
NATUR PHARMA,ENALAPRIL + HIDROCLORTIAZIDA FARMOZ,Enalapril + Hidroclorotiazida,20mg + 12.5mg,Comprimido,Embalagem contendo blister de 60 comprimidos
"MEDIS FARMACÊUTICA, LDA",AMBROXOL TUSSILENE,"Ambroxol, cloridrato",6mg/ml,xarope,frasco de 100ml e de 200ml
"GENERICS & SPECIALITIES, Lda",FLUCOMOL,"Paracetamol + Dextrometorfano, hidrocloreto + Clorfeniramina, maleato + Fenilefrina, Hidrocloreto",500mg + 15mg + 2mg + 10mg,cápsulas,10 blister de 10 cápsulas
DKT MOZAMBIQUE,SEGURO,Mifepristona + Misoprostol,200mg + 200mcg,Comprimidos,Embalagem de 1 comprimido + 4comprimidos
"UNITEC, Lda",ESZ 500,Eritromicina,500mg,Comprimidos,10 blister de 10 comprimidos e frasco de 1000comp
"MEDIS FARMACÊUTICA, LDA",MEDI-KEEL A® THROAT LOZENGES,"Cetilpirídinio, cloreto + Benzocaína",1.5mg + 12mg,pastilhas,Embalagens de 16 pastilhas
"MEDIS FARMACÊUTICA, LDA",SODIUM CHLORIDE,Cloreto de Sódio,9mg/ml,Colírio,Frasco de 10ml
"MEDIS FARMACÊUTICA, LDA",SEKROL® PAEDIATRIC,"Ambroxol, hidrocloreto",15mg/5ml,Xarope,frascos de 100ml
"MEDIS FARMACÊUTICA, LDA",SEKROL®,"Ambroxol, hidrocloreto",30mg/5ml,Xarope,frascos de 150ml
"MEDIS FARMACÊUTICA, LDA",OTOCAINE,"Polimixina B, Sulfato + Lidocaína, Hidrocloreto",10000UI/ml + 50mg/ml,Gotas auriculares,Frasco de 10ml
"MEDIS FARMACÊUTICA, LDA",OPTOMYCIN-D,Dexametasona  + Cloranfenicol,1mg/ml + 5mg/ml,Colírio,1 frasco com 5ml
"MEDIS FARMACÊUTICA, LDA",OPTIMOL,"Timolol, maleato",5mg/ml,Colírio,Frasco de 5ml
"MEDIS FARMACÊUTICA, LDA",NOVASPORIN,"Neomicina, Sulfato + Polimixina B, Sulfato + Gramicidina",1700UI + 5000UI + 25mcg,Gotas oftálmicas,Frasco de 5ml
"MEDIS FARMACÊUTICA, LDA",NOVAFLOX,Ciprofloxacina,3mg/ml,Colírio,Frasco de 5ml
"MEDIS FARMACÊUTICA, LDA",MEDI-KEEL A® HONEY AND LEMONS LOZENGES,"CETILPIRIDINA, CLORETO  + BENZOCAINA",1.5mg + 12mg,pastilhas,Embalagem de 16 pastilhas
"MEDIS FARMACÊUTICA, LDA",MEDI-KEEL A BLACK CURRANT THROAT LOZENGES,"CETILPIRIDINA, CLORETO  + BENZOCAINA",1.5mg/100g + 12mg/100g,Pastilhas,Embalagem contendo 16 pastilhas
"MEDIS FARMACÊUTICA, LDA",DEXOPTIC - N,"Dexametasona, Fosfato sódico + Neomicina, Sulfato",1mg + 5mg/ 10ml,Gotas oftálmicas,Frasco de 10ml
"MEDIS FARMACÊUTICA, LDA",ACCULOL,Betaxolol,1%,Gotas oftálmicas,Frasco de 5ml
MAPUTO HEALTH CARE Lda,DOMIDONE-DT,"Domperidona, maleato",10mg,Comprimido,Embalagem contendo blister de 10 comprimidos
"GENERICS & SPECIALITIES, Lda",ENALAPRIL MALEATE,"Enalapril, maleato",10mg,Comprimido,Embalagem contendo 10x10 comprimidos
AFRI FARMÁCIA LDA,TAMY 0.4,Tansulosina,0.4mg,Cápsula dura de gelatina,2 blister de 15 cápsulas
NATUR PHARMA,DILTIAZEM FARMOZ,"Diltiazem, Cloridrato",180mg,Comprimido de liberacao prolongada,Frasco de 30 comprimidos
"LUSOFARMA, Lda",DINAXIL XAROPE,"Triprolidona, cloridrato + Pseudoefedrina, cloridrato",0.25mg + 6mg,Xarope,frascos de 100 ml
"LUSOFARMA, Lda",DINAXIL,"Triprolidona, cloridrato + Pseudoefedrina, cloridrato",2.5mg + 60mg,Comprimidos,Embalagem de 20 Comprimidos
"MEDIS FARMACÊUTICA, LDA",OPTOMYCIN,Cloranfenicol,5mg/ml,Gotas oftálmicas,Frasco de 10ml
"MEDIS FARMACÊUTICA, LDA",OPTODEXINE,Cloranfenicol +Fosfato sódico de dexametasona + tetrahidrozolina,5mg/ml + 1mg/ml + 0.25mg/ml,Gotas oftálmicas,Frasco de 5ml
"MEDIS FARMACÊUTICA, LDA",FRAMOPTIC - D,"Framicetina, sulfato + Fosfato sódico de dexametasona + Gramicidina","5mg/ml + 0,50mg/ml + 0,50mg/ml",Gotas oftálmicas/auriculares,Frasco de 10ml
"MEDIMPORT, LDA",STAMARIL,Virus 1da febre amarela estirpe 17 D-204 (vivo e atenuado),>1000UI (DL50),Pó e solvente para Suspensão injectável,frasco de 0.5ml
"GENERICS & SPECIALITIES, Lda",GZOLE - S,Albendazol,200mg/5ml,Suspensâo oral,frasco de 10ml
MAPUTO HEALTH CARE Lda,ZINNIA P,Etinilestradiol + Levonorgestrel,0.03mg + 0.15mg,Comprimidos revestidos,blister de 28 comprimidos
"LUSOFARMA, Lda",UNAKALM,Cetazolam,15mg,cápsulas,Embalagem de 20 e de 60 cápsulas
"LUSOFARMA, Lda",UNAKALM,Cetazolam,30mg,cápsulas,Embalagem de 20 e de 60 cápsulas
MAPUTO HEALTH CARE Lda,PRAZIQUANTEL,Praziquantel,600mg,comprimidos,"Frasco de 100, 500 e 1000 comprimidos"
MEDIMPORT LDA,LISINOPRIL BLUEPHARMA,"lisinopril, dihidrato",5mg,Comprimidos,Embalagem de 14 e de 56 comprimidos
MEDIMPORT LDA,LISINOPRIL BLUEPHARMA,"lisinopril, dihidrato",20mg,Comprimidos,Embalagem de 14 e de 56 comprimidos
MEDIMPORT LDA,LISINOPRIL + HIDROCLORTIAZIDA BLUEPHARMA,Lisinopril + Hidroclorotiazida,20mg + 12.5 mg,Comprimidos,Embalagem de 20 e de 60 Comprimidos
MAPUTO HEALTH CARE Lda,IBUMOL,Ibuprofeno + paracetamol,100mg + 162.5 mg,Suspensão Oral,frasco de 60 ml
MEDIMPORT LDA,ENALAPRIL + HIDROCLORTIAZIDA BLUEPHARMA,Enalapril + Hidroclorotizida,20mg + 12.5mg,Comprimidos,Embalagem de 20 e de 60 Comprimidos
MEDIMPORT LDA,AMLODIPINA BLUEPHARMA,"Amlodipina, besilato",5mg,Comprimidos,Embalagem de 10 e de 60 Comprimidos
MEDIMPORT LDA,AMLODIPINA BLUEPHARMA,"Amlodipina, besilato",10mg,Comprimidos,Embalagem de 60 Comprimidos
AFRICA LAB LDA,VITACID CALCIUM EFFERVESCENT TABLETS,Vitamina C + Carbonato de cálcio,1000mg + 800mg,Comprimidos efervescentes,frasco de 12 comprimidos
NATUR PHARMA,CIPROFLOXACINA FARMOZ,Ciprofloxacina,500mg,Comprimidos revestidos,embalagem de 16 comprimidos
"SHANI, LIMITADA",DANAZOL CAPSULES USP 200mg,Danazol,200mg,cápsulas,embalagem de 3 blisters de 10 cápsulas
"MEDIS FARMACÊUTICA, LDA",FRESHEN BISACODYL LAXATIVE,Bisacodil,5mg,Comprimidos,embalagem de 12 e de 144 (48 x 3) comprimidos
"GENERICS & SPECIALITIES, Lda",METACAIN 2% jelly,"Lidocaína, Hidrocloreto",20mg,Gel,bisnaga de 30g
"UNITEC, Lda",ESZ 125,Eritromicina,125mg/5ml,Pó para Suspensão,Frasco de 100ml
MEDIMPORT LDA,NEXIUM® I.V,Esomeprazol Sódico,40mg,Pó para solução injectável,Embalagem de 10 Frasco
"MEDIS FARMACÊUTICA, LDA",CODIPRONT,"Codeina, resinato + Feniltoloxamina, resinato",30mg + 10mg,cápsulas de libertação prolongada,Embalagem de 10 cápsulas
MEDIMPORT LDA,OMEPRAZOL Bluepharma,Omeprazol,20mg,Cápsulas,Blister de 14 e 56 unidades
MEDIMPORT LDA,NIMESULIDA Bluepharma,Nimesulida,100 mg,comprimidos,blister de 20 unidades
MEDIMPORT LDA,ENALAPRIL Bluepharma 20mg,"Enalapril, maleato",20mg,comprimidos,blister de 60 unidades
MEDIMPORT LDA,ENALAPRIL bluepharma  5mg,"Enalapril, maleato",5mg,comprimidos,blister de 20 e 60 unidades
MEDIMPORT LDA,CIPROFLOXACINA Bluepharma,ciprofloxacina,250mg,comprimidos,blister de 8 e 16 unidades
MEDIMPORT LDA,CIPROFLOXACINA Bluepharma,ciprofloxacina,500mg,comprimidos,"blister de 1, 8 e 16 unidades"
MEDIMPORT LDA,CIPROFLOXACINA Bluepharma,ciprofloxacina,750mg,comprimidos,blister de 16 unidades
MEDIMPORT LDA,AZITROMICINA Bluepharma,Azitromicina,500mg,comprimidos revestidos,Blister com 3 unidades
MEDIMPORT LDA,ALPRAZOLAM Bluepharma 2mg comprimidos de libertacao modificada,alprazolam,2mg,comprimidos de libertacao modificada,blister de 60 unidades
MEDIMPORT LDA,ALPRAZOLAM Bluepharma 1mg comprimidos de libertacao modificada,alprazolam,1mg,comprimidos de libertacao modificada,blister de 20 e 60 unidades
MEDIMPORT LDA,ALPRAZOLAM Bluepharma 1 mg,Alprazolam,1mg,comprimidos,blister de 20 e 60 unidades
MEDIMPORT LDA,ALPRAZOLAM Bluepharma 0.5 mg comprimidos de libertacao modificada,alprazolam,0.5 mg,comprimidos de libertacao modificada,blister de 20 e 60 unidades
MEDIMPORT LDA,ALPRAZOLAM Bluepharma 0.5 mg,Alprazolam,0.5 mg,comprimidos,blister de 20 e 60 unidades
MEDIMPORT LDA,"ALPRAZOLAM Bluepharma 0,25 mg",Alprazolam,0.25 mg,comprimidos,blister de 20 e 60 unidades
MISSIONPHARMA MOÇAMBIQUE,ACIDO ACETILSALICILICO,Ácido Acetilsalicílico,500mg,comprimidos,Frascos de 500 e 1000 comprimidos
"MEDÁFRICA, Lda",CEROL,Omeprazol,40mg,Pó para injecção liofilizado,ampola de 10ml
"MEDÁFRICA, Lda",BALTRIM,Sulfametoxazol + Trimetoprim,400mg + 80mg,Comprimidos,10 blister de 10 comprimidos
"SHANI, LIMITADA",HEALSER,Omeprazol,20mg,Cápsulas,10 blister de 10 cápsulas
"MEDIS FARMACÊUTICA, LDA",VIFEX SYRUP,"Bromexina,HCl + Salbutamol, Sulfato + Guaiafenasina",2mg + 1mg + 50mg,Xarope,Frasco de 100ml
"MEDIS FARMACÊUTICA, LDA",OROFERTM  SYRUP,Ferro Elementar,50mg,Xarope,Frasco de 150ml
"MEDIS FARMACÊUTICA, LDA",METPURETM - XL 50,"Metoprolol, tartarato",50mg,Comprimidos de libertação prolongada,3 blister de 10 comprimidos
"MEDIS FARMACÊUTICA, LDA",METPURETM - XL 25,"Metoprolol, tartarato",25mg,Comprimidos de libertação prolongada,3 blister de 10 comprimidos
"MEDIS FARMACÊUTICA, LDA",DEXPURETM,Dexrabeprazol,10mg,Comprimidos revestidos,3 blister de 10 comprimidos
"MEDIS FARMACÊUTICA, LDA",ASOMEXTM - D,Amlodipina + Hidroclorotiazida,2.5mg + 12.5mg,Comprimidos,3 blister de 10 comprimidos
MEDIMPORT LDA,MARCAÍNA ESPINAL PESADA,"Bupivacaina, Cloridrato",20mg/4ml,Solução injectável,5 ampolas de 4ml
AFRI FARMÁCIA LDA,ANATERO,Anastrozol,1mg,Comprimidos revestidos,Frasco de 30 comprimidos
"ORBIS PHARMA, Lda",METFORMIN KERN PHARMA,Metformina,850mg,Comprimidos Revestidos,Embalagem de 50 comp
"ORBIS PHARMA, Lda",IRBESARTAN KERN PHARMA,Irbesartan,150mg,Comprimidos Revestidos,Embalagem de 28 comprimidos
"ORBIS PHARMA, Lda",IRBESARTAN KERN PHARMA,Irbesartan,300mg,Comprimidos Revestidos,Embalagem de 28 comprimidos
"ORBIS PHARMA, Lda",FINASTERIDA KERN PHARMA,Finasterida,5mg,Comprimidos Revestidos,Embalagem de 28 comprimidos
"MEDÁFRICA, Lda",BUSOBAN,"Butilescopolamina, brometo",10mg,Comprimidos Revestidos,10 blister de 10 comprimidos
AFRI FARMÁCIA LDA,LETERO,Letrozol,2.5mg,Comprimidos Revestidos,Frasco de 30 comprimidos
MEDIMPORT LDA,IB-U-RON,Ibuprofeno,75mg,Supositório,10 supositórios
MEDIMPORT LDA,IB-U-RON,Ibuprofeno,150mg,Supositório,10 supositórios
MEDIMPORT LDA,BEN-U-RON 1000,Paracetamol,1000mg,Comprimidos,"Embalagem de 9, 18, 27, 36 comprimidos"
MEDIMPORT LDA,BEN-U-RON,Paracetamol,500mg,Cápsulas,Embalagem de 10 e 20 Cápsulas
"MEDIS FARMACÊUTICA, LDA",MUCODRENOL®,"Ambroxol, cloridrato",6mg/ml,Xarope,frasco de 200ml e 100ml
"MEDIS FARMACÊUTICA, LDA",MAGNORAL®,Cloreto de Magnésio Hexahidratado,"1028,4mg/10ml",Solução,20 ampolas de 10ml
FARMACÊUTICA AUSTRAL,LIDINA®,"Cetotifeno, hidrogenofumarato",0.125mg/0.5ml (0.25mg/ml),"Colírio, Solução","embalagem de 10, 20, 30, 60, 120 frascos de 0.5ml"
FARMACÊUTICA AUSTRAL,DESDEK®,Furoato de mometasona,1mg/g,Creme tópico,Bisnaga de 15g e de 30g
"MEDIS FARMACÊUTICA, LDA",CINET®,"Domperidona, maleato",10mg,Comprimidos dispersíveis,Blister de 20 e de 60 comprimidos dispersíveis
"MEDÁFRICA, Lda",LOX 2%,"Lidocaína, Hidrocloreto",2%,liquido para injecçâo,frasco de 20ml
"GENERICS & SPECIALITIES, Lda",OMEPRAZOL Pó  liofilizado para infusão I.V.,Omeprazol,40mg,pó para injecção,Frasco de 10ml
WELL WORTH LDA,NEOCLAV 625,Amoxicilina + Ácido Clavulânico,500mg + 125mg,Comprimidos revestidos,"embalagem de 1x6, 3x6 e de 2x7"
WELL WORTH LDA,NEOCLAV 312.5mg,Amoxicilina + Ácido Clavulânico,250mg/5ml + 62.5mg/5ml,Suspensão  Oral,Frasco de 100ml
AFRI FARMÁCIA LDA,SULFAMETOXAZOL + TRIMETOPRIM,Sulfametoxazol + Trimetoprim,400mg+80mg,Comprimidos,Frasco de 1000 comprimidos
AFRI FARMÁCIA LDA,SODIUM CHLORIDE Injection,Cloreto de Sódio,45mg/5ml,Solução injectável,Embalagem de 5 x 240 ampolas
AFRI FARMÁCIA LDA,PARACETAMOL,Paracetamol,500mg,Comprimidos,Frasco de 1000 comprimidos
AFRI FARMÁCIA LDA,METRONIDAZOL,Metronizadol,250mg,Comprimidos,Frasco de 1000 comprimidos 10x10
AFRI FARMÁCIA LDA,IBUPROFENO 200,Ibuprofeno,200mg,Comprimidos,Frascos de 100 comprimidos
AFRI FARMÁCIA LDA,ACETYSALICYLIC ACID TABLETS,Ácido Acetilsalicílico,500mg,Comprimidos,Frasco de 1000 comprimidos
MTM PHARMA,EURARTESIM,"Piperaquina, tetrafosfato + Artenimol",320mg + 40mg,Comprimidos revestidos,"embalagem de 3, 6, 9 e de 12 comprimidos"
MTM PHARMA,EURARTESIM,"Piperaquina, tetrafosfato + Artenimol",160mg + 20mg,Comprimidos revestidos,"embalagem de 3, 6, 9 e de 12 comprimidos"
AFRI FARMÁCIA LDA,PANTIN 20,Pantoprazol sódico,20mg,Comprimidos revestidos,10 blister de 10 comprimidos e 3x10
"MEDIS FARMACÊUTICA, LDA",LOMOH - 60,Enoxaparina sódica,"60mg/0,6ml",Injectável,seringa de 1ml
"MEDIS FARMACÊUTICA, LDA",LOMOH - 40,Enoxaparina sódica,40mg,Injectável,seringa de 1ml
"LUSOFARMA, Lda",MORFEX,Flurazepam Monocloridrato,15mg,cápsulas,Embalagem de 20 cápsulas
"LUSOFARMA, Lda",MORFEX,Flurazepam Monocloridrato,30mg,cápsulas,Embalagem de 20 cápsulas
"LUSOFARMA, Lda",COBAXID INFANTIL,Cobalamina,1mg,Pó Para solução oral,Embalagem de 15 saquetas
"MEDIS FARMACÊUTICA, LDA",LORATOL®,Loratadina,5mg/5ml,Suspensão Oral,Frasco de 100ml
"MEDIS FARMACÊUTICA, LDA",LORATOL,Loratadina,10mg,Comprimidos,Embalagem de 10 comprimidos
"GENERICS & SPECIALITIES, Lda",SILVADEX CREAM,Sulfadiazina de Prata,10mg,Creme tópico,Boiao de 500mg
"GENERICS & SPECIALITIES, Lda",RUBIGEL,Óleo de Linhança + Diclofenac dietil de Amónio + Mentol + Salicilato de metil,30mg + 12.18mg + 50mg + 100mg,Gel Tópico,Bisnaga de 30g
"LUSOFARMA, Lda",MEDIPAX 5mg,"Dipotássio, clorozepato",5mg,Cápsulas,Embalagem de 20 e 60 cápsulas
"LUSOFARMA, Lda",MEDIPAX 15mg,"Dipotássio, clorozepato",15mg,Cápsulas,Embalagem de 20 e 60 cápsulas
"LUSOFARMA, Lda",MEDIPAX 10mg,"Dipotássio, clorozepato",10mg,Cápsulas,Embalagem de 20 e 60 cápsulas
AFRI FARMÁCIA LDA,TRAMAGESIC 100,"Tramadol, Hidrocloreto",100mg/2ml,Injectável,Ampola de 2ml
"MEDIS FARMACÊUTICA, LDA",LAEVOLAC,Lactulose,666.7mg/ml,Xarope,Frasco de 200ml e 20 saquetas de 15ml
"MEDIS FARMACÊUTICA, LDA",CODIPRONT®,Codeina + Feniltoloxamina,"2,22mg/ml + 0.733mg/ml",Xarope,Frasco de 90ml
"MEDÁFRICA, Lda",BALSOLONE®-5,Prednisolona,5mg,Comprimidos,10 blister de 10 comprimidos
"MEDIMOC, SA",PAROX®,"Paroxetina, cloridrato",20mg,Comprimidos revestidos,Embalagem de 20 e de 30 Comprimidos
"MEDIMOC, SA",METRONIDAZOL,Metronidazol,100mg/g,Gel vaginal,Embalagem de 1 e de 50 Bisnaga de 50g
"MEDIMOC, SA",MALEATO DE DEXCLORFENIRAMINA,"Dexclorfrniramina, maleato",0.40mg/ml,Solução oral,Embalagem de 1 e de 50 frascos de 100ml
"MEDIS FARMACÊUTICA, LDA",CERVARIX®,"Proteina L12,3,4 do Papiloma virus Humana do tipo 16 + Proteina L12,3,4 do Papiloma virus Humana do tipo 18",20mcg + 20mcg,suspensão injectável,Seringa pre cheia de 0.5ml dose única
AFRI FARMÁCIA LDA,TRUSTIVA,Efavirenz + Emtricitabina + Tenofovir disoproxil fumarato,600mg + 200mg + 300mg,Comprimidos Revestidos,frasco de 30 comprimidos
"LIFE PHARMA, Lda",CELCARB 450,Carboplatina,450mg/45ml,Injectável,Embalagem de 1 frasco de …
AFRI FARMÁCIA LDA,BICATERO 50,Bicalutamida,50mg,Comprimidos Revestidos,Frasco de 30 comprimidos
AFRI FARMÁCIA LDA,BICATERO 150,Bicalutamida,150mg,Comprimidos Revestidos,Frasco de 30 comprimidos
"LIFE PHARMA, Lda",ALKACEL,Melfalan,5mg,Comprimidos,Embalagem de 25 comp
AFRI FARMÁCIA LDA,PARACOL,Paracetamol,500mg,Comprimidos,Frasco de 1000 comprimidos e caixa de 100x10
AFRI FARMÁCIA LDA,ALBENDAZOL,Albendazol,200mg,Comprimidos,Frasco de 25 comprimidos
"PHARMANOVA, Lda",PHARMA-Q HYOSCINE BUTYLBROMIDE INJECTION/INSPUITING,butil brometo de  hioscina BP,20mg,Solução Injectável,10 ampolas de 2ml
"LIFE PHARMA, Lda",DOPAN 200,"Dopamina, hidrocloridrato",200mg/5ml,liquido injectável,5 ampolas de 5ml
"LIFE PHARMA, Lda",CYCLOCEL 50,Ciclofosfamida,50mg,Comprimidos,10 blister de 10 comprimidos
MEDIMPORT LDA,TANSULOSINA BLUEPHARMA,Tansulosina,0.4mg,cápsulas,Embalagem de 10 e de 30 capsulas
MEDIMPORT LDA,PANTOPRAZOL BLUEPHARMA 40MG,Pantoprazol sódico,40mg,cápsulas gastro-resistentes,Embalagem de 14 e de 56 comprimidos
MEDIMPORT LDA,PANTOPRAZOL BLUEPHARMA 20MG,Pantoprazol sódico,20mg,cápsulas gastro-resistentes,Embalagem de 14 e de 56 comprimidos
MEDIMPORT LDA,LOSARTAN BLUEPHARMA 50MG,Losartan Potássico,50mg,Comprimidos revestidos,Embalagem de 10 e de 60 comprimidos
MEDIMPORT LDA,LOSARTAN BLUEPHARMA 100MG,Losartan Potássico,100mg,Comprimidos revestidos,Embalagem de 60 comprimidos
MEDIMPORT LDA,LANZOPRAZOL BLUEPHARMA 30MG,Lanzoprazol,30mg,cápsulas gastro-resistentes,Embalagem de 56 comprimidos
MEDIMPORT LDA,LANZOPRAZOL BLUEPHARMA 15MG,Lanzoprazol,15mg,cápsulas gastro-resistentes,Embalagem de 14 e de 56 comprimidos
MEDIMPORT LDA,GLICLAZIDA BLUEPHARMA,Gliclazida,80mg,Comprimidos revestidos,Embalagem de 20 e de 60 comprimidos
MEDIMPORT LDA,CETIRIZINA BLUEPHARMA,"cetirizina, dicloridrato",10mg,Comprimidos revestidos,Embalagem de 20 comprimidos
"MEDÁFRICA, Lda",CORTIDERM,"Betametasona, diproprionato",0.05% m/m,Creme tópico,bisnaga de 30g
"MEDÁFRICA, Lda",BALERYTHRO - 500,Eritromicina,500mg,Comprimidos,embalagem de 10ml
AFRI FARMÁCIA LDA,ATENOLOL,Atenolol,100mg,Comprimidos,Frasco de 1000 comprimidos
AFRI FARMÁCIA LDA,ASCORBIC ÁCIDO,Ácido ascórbico,100mg,Comprimidos,"Frasco de 1000 comprimidos, 10x 10"
MAPUTO HEALTH CARE Lda,ZOCIN 500,Azitromicina,500mg,Comprimidos,1 blister de 3 comprimidos
MAPUTO HEALTH CARE Lda,IBUMOL 400,Paracetamol + Ibuprofeno,325mg + 400mg,Comprimidos,3 blister de 10 comprimidos
MAPUTO HEALTH CARE Lda,ATORFIT 20,Atorvastatina Cálcica,20mg,Comprimidos,3 blister de 10 comprimidos
NATUR PHARMA,BRONCOLIBER 6mg,"Ambroxol, cloridrato",6mg/ml,Xarope,Frasco de 200ml
NATUR PHARMA,BRONCOLIBER 3mg,"Ambroxol, cloridrato",3mg/ml,Xarope,Frasco de 200ml
AFRI FARMÁCIA LDA,BUPIVACAINA HIDROCLORIDO,"Bupivacaína, hidrocloreto",5mg/ml,Solução Injectável,frasco de 20ml
"MEDIMOC, SA",NITRATO DE MICONAZOL,"Miconazol, Nitrato",20mg/g,creme vaginal,Bisnaga de 80g
AFRI FARMÁCIA LDA,"EFAVIRENZ, LAMIVUDINE AND TENOFOVIR DISOPROXIL FUMARATE TABLETS",Efavirenz + Lamivudina + Tenofovir disoproxil fumarato,600mg + 300mg + 300mg,Comprimidos,frasco de 30 comprimidos
AFRI FARMÁCIA LDA,HYOSCINE BUTYLBROMIDE,Hioscine Butilbromido,20mg/ml,Injectável,ampola de 1ml
WELL WORTH LDA,ELA,Levonorgestrel,1.5mg,Comprimidos,Caixa de 1 comprimido
"MEDÁFRICA, Lda",COMBIGESIC PLUS,Paracetamol + Diclofenac,500mg + 50mg,Comprimidos,10 blister de 10 comprimidos
AFRI FARMÁCIA LDA,CARBAMAZEPINE,Carbamazepina,200mg,Comprimidos,"Frasco de 1000 comprimidos, 10x10"
"MEDIS FARMACÊUTICA, LDA",PANPURE®,Pantoprazol sódico,20mg,Comprimidos com revestimento entérico,Embalagem contendo 1 blister de 10 comprimidos e embalagem com 10  blisters de 10 Comprimidos
MEDIMPORT LDA,TERBINAFINA BLUEPHARMA,"Terbinafina, Cloridrato",250mg,Comprimidos,Blister de 14 e de 28 unidades
MEDIMPORT LDA,MELOXICAM BLUEPHARMA,Meloxicam,7.5mg,Comprimidos,Blister de 20 e de 60 comprimidos
MEDIMPORT LDA,MELOXICAM BLUEPHARMA,Meloxicam,15mg,Comprimidos,Blister de 60 comprimidos
MEDIMPORT LDA,LOSARTAN + HIDROCLOROTIAZIDA BLUEPHARMA,Losartan PotássiCo + Hidroclorotiazida,50mg + 12.5mg,Comprimidos revestidos,Blister de 10 e de 60 comprimidos
MEDIMPORT LDA,LOSARTAN + HIDROCLOROTIAZIDA BLUEPHARMA,Losartan PotássiCo + Hidroclorotiazida,100mg +25mg,Comprimidos revestidos,Blister de 30 comprimidos
MEDIMPORT LDA,FINASTERIDA BLUEPHARMA,Finasterida,5mg,Comprimidos revestidos,Blister de 14 e de 56 unidades
MEDIMPORT LDA,DONEPEZILO BLUEPHARMA,"Donepezilo, cloridrato",5mg,Comprimidos revestidos,embalagem de 28 e 56 comprimidos
MEDIMPORT LDA,DONEPEZILO BLUEPHARMA,"Donepezilo, cloridrato",10mg,Comprimidos revestidos,embalagem de 28 e 56 comprimidos
"MEDÁFRICA, Lda",KETOVATE CREAM,Ketoconazol,2%m/m,Creme,Bisnaga de 15mg
"MEDÁFRICA, Lda",GRISORAL 500,Griseofulvina,500mg,Comprimidos,10 blister de 10 comprimidos
"MEDÁFRICA, Lda",BALNAC - 50,Diclofenac sódico,50mg,Comprimidos entericos revestidos,10 blister de 10 comprimidos
"MEDÁFRICA, Lda",BALDOX,Doxiciclina Hidrocloreto,100mg,cápsulas,10 blister de 10 cápsulas
"MEDIS FARMACÊUTICA, LDA",AVAMYS®,"Fluticasona, Furoato",27.5mcg,Suspensão para pulverização nasal,frasco com 120 pulverizações
AFRI FARMÁCIA LDA,MONAST 5,Montelucaste de Sódio,5mg,Comprimidos mastigaveis,embalagem de 3x10
AFRI FARMÁCIA LDA,MONAST 10,Montelucaste de Sódio,10mg,comprimidos,embalagem de 3 blistersx 10 comprimidos
PROFARMA,QUININO DIHIDROCHLORIDE,"Quinina, Dihidrocloreto",300mg/ml,Solução injectavel,Embalagem de 10 ampolas de 2ml
"MEDIS FARMACÊUTICA, LDA",MAXISPORIN EYE DROPS,"Neomicina, Sulfato + Sulfato de Polimixina B + Dexametasona",5mg + 6000UI + 1mg,Colírio,frasco de 5ml
"MEDIS FARMACÊUTICA, LDA",ENCIFER,Ferro elementar,100mg/5ml,Injectável,5 ampolas de 5ml
"MEDIS FARMACÊUTICA, LDA",CROMAX - 2 EYE DROPS,Cromolina sódica,20mg,Colírio,frasco de 10ml
"MEDIS FARMACÊUTICA, LDA",ASOMEX - LT,"Amlodipina, besilato + Losartan potássico",2.5mg + 50mg,Comprimidos,embalagem de 60 comprimidos
AFRI FARMÁCIA LDA,THIOPENTAL,Tiopental,1g,pó estéril para injecçâo,frasco de 20ml
AFRI FARMÁCIA LDA,SODIUM CHLORIDE 20%,Cloreto de Sódio,200mg/ml,Solução injectável,Ampola de 20ml
AFRI FARMÁCIA LDA,RIFAMPICINA + ISONIAZIDA + PIRAZINAMIDA,Rifampicina + Isoniazida + pirazinamida,30mg + 60mg + 150mg,Comprimidos dispersível,3 blister de 28 comprimidos
AFRI FARMÁCIA LDA,MONOPAS 4G,Aminosalicilato Sódico,600mg/g,Grânulos,30 saquetas
AFRI FARMÁCIA LDA,KAPOCIN,Capreomicina,1000mg,Injectável,Frasco de10 ml
"MEDIS FARMACÊUTICA, LDA",NUSAR - H,Losartan PotássiCo + Hidroclorotiazida,50mg + 12.5mg,Comprimidos revestidos,3 blister de 10 comprimidos
"MEDIS FARMACÊUTICA, LDA",C-TRI,Ceftriaxona,1g,pó para injecção,ampola de 10ml + 1 frasco com pó
"MEDIS FARMACÊUTICA, LDA",ANTIPLAR,Clopidogrel,75mg,Comprimidos revestidos,4 blister de 10 comprimidos
"LUSOFARMA, Lda",ZELDILON® 5%,Minoxidil,50mg/ml,Solução cutânea,frasco de 100ml
"LUSOFARMA, Lda",QUINOSTASA®,Hidroquinona,40mg,Creme,Bisnaga de 25g
"LUSOFARMA, Lda",DYAZIDE,Hidroclorotiazida + Triamtereno,25mg + 50mg,Comprimidos,Embalagem de 60 comprimidos
"LUSOFARMA, Lda",DRENOFLUX®,"Difenidramida, cloridrato",2.8mg/ml,xarope,Frasco de 200ml
"LUSOFARMA, Lda",DONEPEZILO GENEDEC,"Donepezilo, cloridrato",5mg,Comprimidos revestidos,Embalagem de 56 comprimidos
"LUSOFARMA, Lda",DONEPEZILO GENEDEC,"Donepezilo, cloridrato",10mg,Comprimidos revestidos,Embalagem de 56 comprimidos
"LUSOFARMA, Lda",CITALOPRAM GENEDEC,"Citalopram, bromidrato",10mg,Comprimidos revestidos,Embalagem de 60 comprimidos
"LUSOFARMA, Lda",CITALOPRAM GENEDEC,"Citalopram, bromidrato",20mg,Comprimidos revestidos,Embalagem de 60 comprimidos
"LUSOFARMA, Lda",CITALOPRAM GENEDEC,"Citalopram, bromidrato",40mg,Comprimidos revestidos,Embalagem de 60 comprimidos
"LUSOFARMA, Lda",CERVOXAN,Vinburnina,40mg,cápsulas de gelatina,Embalagem de 60 comprimidos
"LUSOFARMA, Lda",ZORIX,Moclobemida,150mg,comprimidos revestidos,Blister de 60 comprimidos
"LUSOFARMA, Lda",ZORIX,Moclobemida,300mg,comprimidos revestidos,Blister de 60 comprimidos
"LUSOFARMA, Lda",SERTRALINA GENEDEC,Sertralina,50mg,Comprimidos,Blister de 60 Comprimidos
"LUSOFARMA, Lda",SERTRALINA GENEDEC,Sertralina,100mg,Comprimidos,Blister de 60 Comprimidos
"LUSOFARMA, Lda",RISPERIDONA GENEDEC,Risperidona,1mg,Comprimidos revestidos,Blister de 60 comprimidos
"LUSOFARMA, Lda",RISPERIDONA GENEDEC,Risperidona,2mg,Comprimidos revestidos,Blister de 60 comprimidos
"LUSOFARMA, Lda",RISPERIDONA GENEDEC,Risperidona,3mg,Comprimidos revestidos,Blister de 60 comprimidos
"LUSOFARMA, Lda",PAROXETINA GENEDEC,"Paroxetina, cloridrato",20mg,Comprimidos revestidos,Blister de 60 comprimidos
"LUSOFARMA, Lda",GENEXIN,"Venlafaxina, cloridrato",37.5mg,Comprimidos de libertação prolongada,Blister de 30 comprimidos
"LUSOFARMA, Lda",GENEXIN,"Venlafaxina, cloridrato",75mg,Comprimidos de libertação prolongada,Blister de 30 comprimidos
"LUSOFARMA, Lda",GENEXIN,"Venlafaxina, cloridrato",150mg,Comprimidos de libertação prolongada,Blister de 30 comprimidos
"LUSOFARMA, Lda",CIM,Cimetidina,200mg,Comprimidos revestidos,Blister de 60 comprimidos
"LUSOFARMA, Lda",CIM,Cimetidina,400mg,Comprimidos revestidos,Blister de 60 comprimidos
"LUSOFARMA, Lda",VENEX FORTE,Diosmina,450mg,Comprimidos revestidos,Blister de 60 comprimidos
"LUSOFARMA, Lda",VENEX,Diosmina,300mg,Cápsulas,Blister de 60 cápsulas
"LUSOFARMA, Lda",LEPICORTINOLO 5,Prednisolona,5mg,Comprimidos,Blister de 60 comprimidos
"LUSOFARMA, Lda",LEPICORTINOLO 20,Prednisolona,20mg,Comprimidos,Blister de 60 comprimidos
"LUSOFARMA, Lda",LEPICORTINOLO,Prednisolona,250mg/2ml,Solução injectavel,Embalagem de 1 ampola e embalagem de 10 ampolas
AFRI FARMÁCIA LDA,TENOF,Tenofovir Disoproxil Fumarato,300mg,Comprimidos,Frasco de 30 comprimidos
AFRI FARMÁCIA LDA,GLUMAC®,Arteméter + Lumefantrina,20mg + 120mg,Comprimidos,"embalagem com 6, 12, 18 e 24 comprimidos"
AFRI FARMÁCIA LDA,ASAQ GPSC,Artesunato + Amodiaquina,100mg + 270mg,Comprimidos,embalagem de 6 comprimidos
AFRI FARMÁCIA LDA,ASAQ GPSC,Artesunato + Amodiaquina,50mg + 135mg,Comprimidos,embalagem de 3 comprimidos
AFRI FARMÁCIA LDA,ASAQ GPSC,Artesunato + Amodiaquina,"25mg + 67,5mg",Comprimidos,embalagem de 3 comprimidos
MEDIMPORT LDA,RISIDON 850,Metformina,850mg,Comprimidos revestidos,Embalagem de 60 comprimidos
MEDIMPORT LDA,RISIDON 1000,Metformina,1000mg,Comprimidos revestidos,Embalagem de 60 comprimidos
"MEDIMPORT, LDA",NIMBEX,Cisatracúrio,2mg/ml,Solução injectável,"embalagem com 5 ampolas de 2.5ml, 5ml e de 10ml"
MEDIMPORT LDA,GLUCOVANCE,"Metformina, cloridrato + Glibenclamida",500mg + 2.5mg,Comprimidos revestidos,Embalagem de 60 comprimidos
MEDIMPORT LDA,GLUCOPHAGE,Metformina,500mg,Comprimidos revestidos,Embalagem de 50 comprimidos
MEDIMPORT LDA,SINVASTATINA BLUEPHARMA,Sinvastatina,10mg,Comprimidos revestidos,"Embalagem de 7, 14 e 28 comprimidos"
MEDIMPORT LDA,SINVASTATINA BLUEPHARMA,Sinvastatina,20mg,Comprimidos revestidos,Embalagem de 56 comprimidos
MEDIMPORT LDA,SINVASTATINA BLUEPHARMA,Sinvastatina,40mg,Comprimidos revestidos,Embalagem de 56 comprimidos
MEDIMPORT LDA,IRBESARTAN BLUEPHARMA,Irbesartan,75mg,Comprimidos revestidos,Embalagem de 14 e de 28 comprimidos
MEDIMPORT LDA,IRBESARTAN BLUEPHARMA,Irbesartan,150mg,Comprimidos revestidos,Embalagem de 28 comprimidos
MEDIMPORT LDA,IRBESARTAN BLUEPHARMA,Irbesartan,300mg,Comprimidos revestidos,Embalagem de 28 comprimidos
MEDIMPORT LDA,CLARITROMICINA BLUEPHARMA,Claritromicina,250mg,Comprimidos revestidos,Embalagem de 16 comprimidos
MEDIMPORT LDA,CLARITROMICINA BLUEPHARMA,Claritromicina,500mg,Comprimidos revestidos,Embalagem de 16 comprimidos
MEDIMPORT LDA,CANDESARTAN + HIDROCLOROTIAZIDA BLUEPHARMA,"Candesartan, xilexetil + Hidroclorotiazida",16mg + 12.5mg,Comprimidos,Embalagem de 14 e de 56 comprimidos
MEDIMPORT LDA,ATENOLOL BLUEPHARMA,Atenolol,50mg,Comprimidos,Embalagem de 10 e de 60 comprimidos
MEDIMPORT LDA,ATENOLOL BLUEPHARMA,Atenolol,100mg,Comprimidos,Embalagem de 60 comprimidos
MEDIMPORT LDA,ÁCIDO ALENDRÓNICO BLUEPHARMA,Ácido Alendrónico,70mg,Comprimidos,Embalagem de 4 comprimidos
MEDIMPORT LDA,RANITIDINA BLUEPHARMA,"Ranitidina, cloridrato",150mg,Comprimidos revestidos,Embalagem de 20 e de 60 comprimidos
MEDIMPORT LDA,RANITIDINA BLUEPHARMA,"Ranitidina, cloridrato",300mg,Comprimidos revestidos,Embalagem de 60 comprimidos
MEDIMPORT LDA,RAMIPRIL BLUEPHARMA,Ramipril,2.5mg,Comprimidos,Blister de 10 e de 60 comprimidos
MEDIMPORT LDA,RAMIPRIL BLUEPHARMA,Ramipril,5mg,Comprimidos,Blister de 60 comprimidos
MEDIMPORT LDA,RAMIPRIL BLUEPHARMA,Ramipril,10mg,Comprimidos,Blister de 60 comprimidos
MEDIMPORT LDA,PARACETAMOL BLUEPHARMA,Paracetamol,500mg,Comprimidos,Embalagem de 20 comprimidos
MEDIMPORT LDA,IB-U-RON,Ibuprofeno,20mg/ml,Suspensão Oral,Frasco de 200ml
MEDIMPORT LDA,CANDESARTAN BLUEPHARMA,"Candesartan, xilexetil",8mg,Comprimidos,Blister de 14 e 28 comprimidos
MEDIMPORT LDA,CANDESARTAN BLUEPHARMA,"Candesartan, xilexetil",16mg,Comprimidos,Blister de 56 comprimidos
MEDIMPORT LDA,CANDESARTAN BLUEPHARMA,"Candesartan, xilexetil",32mg,Comprimidos,Blister de 56 comprimidos
MEDIMPORT LDA,ATORVASTATINA BLUEPHARMA,Atorvastatina Cálcica,10mg,Comprimidos revestidos,Embalagem de 14 e de 56 comprimidos
MEDIMPORT LDA,ATORVASTATINA BLUEPHARMA,Atorvastatina Cálcica,20mg,Comprimidos revestidos,Embalagem de 28 comprimidos
MEDIMPORT LDA,ATORVASTATINA BLUEPHARMA,Atorvastatina Cálcica,40mg,Comprimidos revestidos,Embalagem de 28 comprimidos
"MEDIS FARMACÊUTICA, LDA",PAUSE-500,Ácido tranexâmico,500mg,Comprimidos revestidos,3 Blister de 10 comprimidos
"MEDIS FARMACÊUTICA, LDA",NUSAR-50,Losartan Potássico,50mg,Comprimidos revestidos,3 Blister de 10 comprimidos
MEDIMPORT LDA,FLUOXETINA Bluepharma,Fluoxetina,20mg,Cápsulas,Blister de 10 e 60 unidades
HEALTH SCIENCE FARMACEUTICA LDA,PLEMAZOL TABLETS 10mg,"Metoclopramida, Hidrocloreto",10mg,Comprimidos,Embalagem de 20 comprimidos
MOZPHARMA LDA,TRAMADOL BASI,"Tramadol, cloridrato",100mg/2ml,Solução Injectável,embalagem de 10 ampolas
MEDIMPORT LDA,SERTRALINA BLUEPHARMA,Sertralina,50mg,Comprimidos,Blister de 20 e de 60 comprimidos
MEDIMPORT LDA,SERTRALINA BLUEPHARMA,Sertralina,100mg,Comprimidos,Blister de 60 comprimidos
MEDIMPORT LDA,ACARBOSE BLUEPHARMA,Acarbose,50mg,Comprimidos revestidos,Blister de 20 e de 50 comprimidos
MEDIMPORT LDA,ACARBOSE BLUEPHARMA,Acarbose,100mg,Comprimidos revestidos,Blister de 50 comprimidos
"SOCIEDADE MOÇAMBICANA DE MEDICAMENTOS, SA",SMM HIDROCLOROTIAZIDA,Hidroclorotiazida,25mg,Comprimidos,25 blister de 20 comprimidos
"SOCIEDADE MOÇAMBICANA DE MEDICAMENTOS, SA",SMM ÁCIDO FÓLICO,Ácido fólico,5mg,Comprimidos,25 blister de 20 comprimidos
WELL WORTH LDA,NEOFENOPEN 250,Fenoxmetilpenicilina,250mg/5ml,Solução oral,Frasco de 100ml
WELL WORTH LDA,NEOFENOPEN 125,Fenoxmetilpenicilina,125mg/5ml,Solução oral,Frasco de 100ml
"LUSOFARMA, Lda",VITAMINOFTALMINA A,"Retinol, palmitato",50.000UI/g,Pomada oftálmica,Bisnaga de 5g
"LUSOFARMA, Lda",TOPIRAMATO GENEDEC,Topiramato,25mg,Comprimidos revestidos,Embalagem de 60 comprimidos
"LUSOFARMA, Lda",TOPIRAMATO GENEDEC,Topiramato,50mg,Comprimidos revestidos,Embalagem de 60 comprimidos
"LUSOFARMA, Lda",TOPIRAMATO GENEDEC,Topiramato,100mg,Comprimidos revestidos,Embalagem de 60 comprimidos
"LUSOFARMA, Lda",SYNALAR® RECTAL,Acetonido de Fluocinolona + Cloridrato de lidocaína + Subgalhato de bismuto,0.10mg/g + 20mg/g + 50mg/g,Pomada rectal,Bisnaga 40g
"LUSOFARMA, Lda",SYNALAR® N,"Neomicina, Sulfato + Acetonido de Fluocinolona",3.5mg/g + 0.25mg/g,Creme,Bisnaga de 40g
"LUSOFARMA, Lda",SYNALAR®,Acetonido de Fluocinolona,0.25mg/g,Creme,Bisnaga de 30g
"LUSOFARMA, Lda",OLANZAPINA GENEDEC 5mg,Olanzapina,5mg,comprimidos orodispersível,Blister de 28 comprimidos
"LUSOFARMA, Lda",OLANZAPINA GENEDEC 10mg,Olanzapina,10mg,comprimidos orodispersível,Blister de 28 comprimidos
"LUSOFARMA, Lda",NEO- DAVISOLONA,"Neomicina, Sulfato + Prednisolona",3.500UI/ml + 2.5mg/ml,Colírio,frasco de 10ml
"LUSOFARMA, Lda",MIDRIODAVI,"Ciclopentolato, cloridrato",10mg/ml,Colírio,frasco de 10ml
"LUSOFARMA, Lda",MICETINOFTALMINA,Cloranfenicol,10mg/g,Pomada oftálmica,Bisnaga de 9g
"LUSOFARMA, Lda",DAVINEFRINA,"Fenilefrina, Cloridrato",100mg/ml,Colírio,frasco de 10ml
"LUSOFARMA, Lda",CLONIX,Clonixina,300mg,Cápsulas,Embalagem de 40 comprimidos
"LUSOFARMA, Lda",ALERGIFTALMINA,"Antazolina, Fosfato + Nafazolina, Cloridrato",5mg/ml + 0.5mg/ml,Colírio,frasco de 10ml
"MEDILINK - Comércio e Representações, Lda",CIPROFLOXACINA LINK,Ciprofloxacina,250mg,Comprimidos revestidos,Embalagem de 16 comprimidos
"MEDILINK - Comércio e Representações, Lda",CIPROFLOXACINA LINK,Ciprofloxacina,500mg,Comprimidos revestidos,Embalagem de 16 comprimidos
"MEDILINK - Comércio e Representações, Lda",NALIXCOR,Ácido Nalidíxico,500mg,Comprimidos revestidos,10 blister de 10 comprimidos
MEDIMPORT LDA,EUTIROX 50mcg,Levotiroxina sódica,0.05mg,comprimidos,Embalagem de 60 comprimidos
MEDIMPORT LDA,EUTIROX 100mcg,Levotiroxina sódica,0.1mg,comprimidos,Embalagem de 60 comprimidos
"MEDILINK - Comércio e Representações, Lda",DECIP 500,Ciprofloxacina,500mg,Comprimidos,10 blister de 10 comprimidos
"MEDILINK - Comércio e Representações, Lda",COREMYCIN 500,Eritromicina,500mg,Comprimidos revestidos,10 blister de 10 comprimidos
MEDIMPORT LDA,CONCOR® IC 5mg,"Bisoprolol, fumarato",5mg,comprimidos revestidos,Embalagem de 28 comprimidos
MEDIMPORT LDA,CONCOR®  IC 2.5mg,"Bisoprolol, fumarato",2.5mg,comprimidos revestidos,Embalagem de 20 comprimidos e 30 comprimidos
MEDIMPORT LDA,CONCOR®  IC 10mg,"Bisoprolol, fumarato",10mg,comprimidos revestidos,Embalagem de 28 comprimidos
MEDIMPORT LDA,CONCOR 10 PLUS,"Bisoprolol, fumarato + Hidroclorotiazida",10mg + 25mg,comprimidos revestidos,Embalagem de 28 comprimidos
"MEDÁFRICA, Lda",REGAMOL,Paracetamol,500mg,Comprimidos,10 blister de 10 comprimidos
"MEDÁFRICA, Lda",REGACYCLINE,"Tetraciclina, Cloridrato",500mg,Cápsulas,10 blister de 10 cápsulas
"MEDIS FARMACÊUTICA, LDA","TANTUM Verde, pastilhas, 3mg, sabor Eucalipto","Benzidamina, Cloridrato",3mg,Pastilhas,Embalagem de 20 pastilhas
"MEDIS FARMACÊUTICA, LDA","TANTUM Verde, pastilhas, 3 mg, sabor a laranja mel","Benzidamina, Cloridrato",3mg,Pastilhas,Embalagem de 20 pastilhas
"MEDIS FARMACÊUTICA, LDA",CLAMOXYL®,Amoxicilina,500mg,Cápsulas,embalagem de 16 cápsulas
"MEDILINK - Comércio e Representações, Lda",DACLOR,Cloranfenicol,250mg,cápsulas,embalagem de 100 comprimidos
"AFRIEUROPHARMA, LDA",ESAPHARMA LEMOVATE CREAM,Propionato de clobetasol,50mg,Creme,Bisnaga de 30g
AFRI FARMÁCIA LDA,ZIDOVUDINA TABLETS,Zidovudina,300mg,Comprimidos,Embalagem de 60 comprimidos
"MEDIS FARMACÊUTICA, LDA",GALVUSMET,Vildaglipina + Metformina,50mg + 500mg,Comprimidos revestidos,Embalagem de 30 comprimidos
"MEDIS FARMACÊUTICA, LDA",GALVUSMET,Vildaglipina + Metformina,50mg + 850mg,Comprimidos revestidos,Embalagem de 30 comprimidos
"MEDIS FARMACÊUTICA, LDA",GALVUSMET,Vildaglipina + Metformina,50mg + 1000mg,Comprimidos revestidos,Embalagem de 30 comprimidos
"MEDIS FARMACÊUTICA, LDA",GALVUS,Vildaglipina,50mg,Comprimidos,Embalagem de 28 comprimidos
AFRI FARMÁCIA LDA,G - COSPE,Sulfadoxina + Pirimetamina,500mg + 25mg,Comprimidos,"Blister de 3 comprimidos, embalagem de 100 comprimidos e frasco de 1000 comprimidos"
"MEDIS FARMACÊUTICA, LDA",EXFORGE HCT 5/160/25,Amlodipina +  Valsartam +Hidroclorotiazida,5mg + 160mg + 25mg,Comprimidos revestidos,Embalagem de 28 comprimidos
"MEDIS FARMACÊUTICA, LDA",EXFORGE HCT 5/160/12.5,Amlodipina +  Valsartam +Hidroclorotiazida,5mg + 160mg + 12.5mg,Comprimidos revestidos,Embalagem de 28 comprimidos
"MEDIS FARMACÊUTICA, LDA",EXFORGE HCT 10/160/25,Amlodipina +  Valsartam +Hidroclorotiazida,10mg + 160mg + 25mg,Comprimidos revestidos,Embalagem de 28 comprimidos
"MEDIS FARMACÊUTICA, LDA",EXFORGE HCT 10/160/12.5,Amlodipina +  Valsartam +Hidroclorotiazida,10mg + 160mg + 12.5mg,Comprimidos revestidos,Embalagem de 28 comprimidos
"MEDIS FARMACÊUTICA, LDA",EXFORGE  5/80,Amlodipina +  Valsartam,5mg + 80mg,Comprimidos revestidos,Embalagem de 28 comprimidos
"MEDIS FARMACÊUTICA, LDA",EXFORGE  5/160,Amlodipina +  Valsartam,5mg + 160mg,Comprimidos revestidos,Embalagem de 28 comprimidos
"MEDIS FARMACÊUTICA, LDA",EXFORGE  10/160,Amlodipina +  Valsartam,10mg + 160mg,Comprimidos revestidos,Embalagem de 28 comprimidos
"SOCIEDADE MOÇAMBICANA DE MEDICAMENTOS, SA",PROPRANOLOL,Propranolol,40mg,comprimidos,25 blister de 20 comprimidos
"SOCIEDADE MOÇAMBICANA DE MEDICAMENTOS, SA",CAPTOPRIL,Captopril,25mg,comprimidos,25 blister de 20 comprimidos
"MICJONATH PHARMACEUTICAL, LDA",VAGID - CL,Clindamicina + Clotrimazol,100mg + 200mg,Supositorios vaginais,embalagem de 3supositórios vaginais
"MICJONATH PHARMACEUTICAL, LDA",POVID,Iodopovidona,200mg,óvulos vaginais,embalagem de 7 ovulos vaginais
"MICJONATH PHARMACEUTICAL, LDA",GVFLUC,Fluconazol,50mg,Pó para suspensão oral,frasco de 35ml
AFRI FARMÁCIA LDA,GEMTERO 1g,"Gemcitabina, hidrocloreto",1g,Pó para solução injectável,frasco de 1g
AFRI FARMÁCIA LDA,GEMTERO,"Gemcitabina, hidrocloreto",200mg,Pó para solução injectável,frasco de 200mg
AFRI FARMÁCIA LDA,GEMCITAPAR,"Gemcitabina, hidrocloreto",200mg,Injectável,Frasco de 50ml
AFRI FARMÁCIA LDA,STREPTOMYCIN,"Estreptomicina, Sulfato",1g,Injectável,Embalagem de 50 ampolas de 10ml
AFRI FARMÁCIA LDA,PACLIPAR -100,Paclitaxel,100mg/16.7ml,Injectável,Frasco de 50ml
AFRI FARMÁCIA LDA,MEASLES VACCINE live Attenuated (Freeze-Dried),Virus do sarampo,1000 CCID50,Injecção liofilizada,Frasco de 10 doses de 5ml
AFRI FARMÁCIA LDA,MEASLES AND RUBELLA VACCINE live Attenuated (Freeze-Dried),Virus do sarampo + virus da Rubéola,1000 CCID50 + 1000 CCID50,Injecção liofilizada,Frasco de 10 doses de 5ml
AFRI FARMÁCIA LDA,LAMIVUDINE TABLETS,Lamivudina,150mg,Comprimidos,embalagem de 60comprimidos
AFRI FARMÁCIA LDA,REPOITIN 4000,Eritropoetina Humana Recombinante (rHuEPO),4000IU/1.0ml,Solução injectavel,Embalagem de 1 ampola e embalagem de 10 ampolas
AFRI FARMÁCIA LDA,REPOITIN 2000,Eritropoetina Humana Recombinante (rHuEPO),2000IU/0.5ml,Solução injectavel,Embalagem de 1 ampola e embalagem de 10 ampolas
AFRI FARMÁCIA LDA,ESTAVUDINE,Estavudina,30mg,comprimidos,frasco de 60 cápsulas
"SHANI, LIMITADA",AMINOVIT,Leucina + Isoleucina + Lisina+ Fenilamina + Treonina + metionina +Triptofano + valia + Tiamina + Riboflavina + Piridoxina + Arginina + Histidina + Nicotinamida+ pantotenato de c]alcio + ácido Folico + cianocobalamina + ácido ascorbico + vitamina A + colec,18.30mg + 5.90mg + 25.0mg + 5.00mg + 4.20mg + 9.20mg + 5.00mg + 6.70mg + 5.00mg + 3.00mg + 1.50mg + 13.28mg + 3.71mg + 25.00mg +5.00mg + 0.750mg + 2.5mcg + 40.00mg + 2500UI +200UI + 7.5UI,xarope,frasco de 200ml
FARMACÊUTICA AUSTRAL,PROTIZOL,"Timolol, maleato + Dorzolamina, cloridrato",5mg /ml+ 20mg/ml,Colírio,"Embalagem de 1, 3 e 6 frascos de 5ml"
FARMACÊUTICA AUSTRAL,ENICIL,Latanoprost,0.05mg/ml,Colírio,"Embalagem de 1, 3 e 6 frascos de 2.5ml"
MEDIMPORT LDA,YODAFAR 300,Iodeto de Potássio,300mcg,comprimidos,emabalagem de 50 comprimidos
MEDIMPORT LDA,TETRACYCLINE HYDROCHLORIDE 1%,"Tetraciclina, Hidrocloreto",10mg/g,Pomada Oftálmica,bisnaga de 5g
"GENERICS & SPECIALITIES, Lda",LABOCAINE GEL,"Lidocaína, Hidrocloreto",20mg/g,Gel,bisnaga de 15g
"GENERICS & SPECIALITIES, Lda",IBULAB - 200,Ibuprofeno,200mg,comprimidos revestidos,frasco de 1000 comprimidos
"GENERICS & SPECIALITIES, Lda",BISCOLAB- 5,Bisacodil,5mg,Comprimidos revestidos,Frasco de 100 comprimidos
"SHANI, LIMITADA",REMAC 500,Claritromicina,500mg,comprimidos,1 blister de 6 comprimidos
"SHANI, LIMITADA",PERIDOM,"Domperidona, maleato",5mg/5ml,Liquido oral,Frasco de 30ml
"SHANI, LIMITADA",OFLOXAN,Ofloxacina,200mg,Comprimidos revestidos,2 Blister de 10 comprimidos
"SHANI, LIMITADA",LORAMED,Loratadina,200mg,comprimidos,10 blister de 10 comprimidos
"SHANI, LIMITADA",FIZZVIT-C 500,Ácido ascórbico,500mg,Comprimidos efervescentes,Embalagem de 4 blister de 4 comprimidos e de 6 x 4
"SHANI, LIMITADA",EROMYCIN PAEDIATRIC DROPS,Eritromicina,20mg/5ml,Suspensão Oral,Frasco de 60ml
"SHANI, LIMITADA",CLOMED,Clopidogrel,75mg,comprimidos,3 blister de 10 comprimidos
"SHANI, LIMITADA",CEEVIT FORTE,Ácido ascórbico,1000mg,Comprimidos efervescentes,frasco de 10 comprimidos
"SHANI, LIMITADA",ANZITOR® 10,Atorvastatina Cálcica,10mg,comprimidos,3 Blister de 10 comprimidos
"MEDILINK - Comércio e Representações, Lda",TRIMETHOX SUSPENSION,Sulfadoxina + Pirimetamina,240mg/5ml,Comprimidos,Frasco de 100ml
"MEDILINK - Comércio e Representações, Lda",MIRTAZAPINA LINK,Mirtazapina,15mg,Comprimidos,Embalagem de 30 comprimidos
"MEDILINK - Comércio e Representações, Lda",MIRTAZAPINA LINK,Mirtazapina,30mg,Comprimidos,Embalagem de 30 comprimidos
"MEDILINK - Comércio e Representações, Lda",FALPAR,Sulfadoxina + Pirimetamina,500mg + 25mg,Comprimidos,10 blister de 10 comprimidos
"MEDILINK - Comércio e Representações, Lda",CARVEDILOL LINK,Carvedilol,6.25mg,Comprimidos,Embalagem de 60 comprimidos
"MEDILINK - Comércio e Representações, Lda",CARVEDILOL LINK,Carvedilol,25mg,Comprimidos,Embalagem de 60 comprimidos
"MEDIFARMA, LDA",DILACLAN,Amoxicilina,125mg,Suspensão Oral,Frasco de 100ml
MOZPHARMA LDA,DABENZOL,Metronidazol,250mg,Comprimidos revestidos,Embalagem de 20 comprimidos
MOZPHARMA LDA,CLARITROMICINA BASI,Claritromicina,250mg,comprimidos revestidos,Embalagem de 16 comprimidos
"MEDIFARMA, LDA",BRONCOSIL,"Ambroxol, cloridrato",6mg/ml,xarope,Frasco de 200ml
MOZPHARMA LDA,BASIFLUX,Bromexina,1.6mg/ml,xarope,Frasco de 200ml
"MEDIFARMA, LDA",SPINEFE,"Efedrina, cloridrato",30mg/ml,Solução injectavel,embalagem de 10 ampolas de 2ml
"MEDIFARMA, LDA",SINVASTATINA BASI,Sinvastatina,40mg,Comprimidos revestidos,Embalagem de 60 comprimidos
"SHANI, LIMITADA",POLYGYNAX®,"Neomicina, Sulfato +Polimixina B, Sulfato + Nistatina",35 000 IU + 35 000 IU + 100 000 IU,Cápsula vaginal,"Embalagem de 6, 12 e de 60 cápsulas"
"ORBIS PHARMA, Lda",NARGORAN,"cetirizina, dicloridrato",10mg,Comprimidos revestidos,Embalagens de 20 comprimidos
"ORBIS PHARMA, Lda",LISINOPRIL TOLIFE,Lisinopril,20mg,Comprimidos,Embalagens de 60 comprimidos
"ORBIS PHARMA, Lda",LISINOPRIL + HIDROCLORTIAZIDA TOLIFE,Lisinopril + Hidroclorotiazida,20mg + 12.5mg,Comprimidos,Embalagem de 60 comprimidos
"MEDIFARMA, LDA",FLUMINOC,Arteméter + Lumefantrina,20mg + 120mg,Comprimidos,Embalagens de 24 comprimidos
"ORBIS PHARMA, Lda",FLUCONAZOL TOLIFE,Fluconazol,150mg,Cápsulas,Embalagem de 2 comprimidos
"ORBIS PHARMA, Lda",CIPROFLOXACINA TOLIFE,Ciprofloxacina,500mg,Comprimidos revestidos,Embalagens de 16 comprimidos
"ORBIS PHARMA, Lda",AMLODIPINA TOLIFE,Amlodipina,5mg,Comprimidos,Embalagens de 60 comprimidos
"ORBIS PHARMA, Lda",AMLODIPINA TOLIFE,Amlodipina,10mg,Comprimidos,Embalagens de 60 comprimidos
"SHANI, LIMITADA",MOTIGUT PAEDIATRIC DROPS,"Domperidona, maleato",5mg,Gotas orais,frasco de 15ml
"SHANI, LIMITADA",CLOFENAC INJECTION,Diclofenac sódico,75mg/3ml,Injectável,10 ampola de 3ml
"SHANI, LIMITADA",CEEVIT 250,Ácido ascórbico,250mg,Comprimidos mastigáveis,20 blister de 10 comprimidos
"SHANI, LIMITADA",ANZITOR® 20,Atorvastatina Cálcica,20mg,Comprimidos revestidos,2 Blister de 10 comprimidos
"SHANI, LIMITADA",AMBROX PAEDIATRIC DROPS,"Ambroxol, cloridrato",6mg/ml,Gotas orais,frasco de 15ml
MEDIMPORT LDA,,Tramadol + Paracetamol,37.5mg + 325mg,Comprimidos,Blister de 20 comprimidos
"SHANI, LIMITADA",PARA- TIS,Paracetamol,1g,Solução Injectavel,Frasco de 100ml
MEDIMPORT LDA,IRBESARTAN + HIDROCLOROTIAZIDA BLUEPHARMA,Irbesartan + Hidroclorotiazida,150mg +12.5mg,Comprimidos revestidos,Blister de 14 e de 28 comprimidos
MEDIMPORT LDA,IRBESARTAN + HIDROCLOROTIAZIDA BLUEPHARMA,Irbesartan + Hidroclorotiazida,300mg +12.5mg,Comprimidos revestidos,Blister de 28 comprimidos
MEDIMPORT LDA,BROMEXINA BLUEPHARMA,"Bromexina, cloridrato",0.8mg/ml,xarope,Frasco de 200ml
MEDIMPORT LDA,BROMEXINA BLUEPHARMA,"Bromexina, cloridrato",1.6mg/ml,xarope,Frasco de 200ml
AFRI FARMÁCIA LDA,LOPINAVIR & RITONAVIR,Lopinavir + Ritonavir,200mg + 50mg,Comprimidos,Frasco de 120 comprimidos
AFRI FARMÁCIA LDA,"EFAVIRENZ, EMTRICITABINE & TENOFOVIR DISOPROXIL FUMARATO",Efavirenz + Emtricitabina + Tenofovir disoproxil fumarato,600mg + 200mg + 300mg,Comprimidos,Frasco de 30 comprimidos
"MEDIS FARMACÊUTICA, LDA",EPISTAXOL,"Epinefrina, cloridrato + Rutósido + Nafazolina, cloridrato + Fenazona",0.5mg/ml + 0.2mg/ml + 0.5mg/ml + 30mg/ml,Solução cutânea,Frasco de 10ml
FARMA HOLDINGS SA,OSELTAMIVIR PHOSPHATE,"Oseltamivir, fosfato",30mg,Cápsulas,frasco de 30 cápsulas e blister de 10 cápsulas
FARMA HOLDINGS SA,OSELTAMIVIR PHOSPHATE,"Oseltamivir, fosfato",45mg,Cápsulas,frasco de 30 cápsulas e blister de 10 cápsulas
FARMA HOLDINGS SA,OSELTAMIVIR PHOSPHATE,"Oseltamivir, fosfato",75mg,Cápsulas,frasco de 30 cápsulas e blister de 10 cápsulas
"GENERICS & SPECIALITIES, Lda",VIBLE (Complexo B),"Tiamina, hidrocloreto (Vit B1) + Riboflavina (Vit B2) + Piridoxina (vit B6) + Nicotinamida + Acido fólico + Cianocobalamina ( vit B13)",1mg + 1mg + 1mg + 15mg + 500mg + 15mg,comprimidos revestidos,Frasco de 1000 comprimidos
"GENERICS & SPECIALITIES, Lda",LACHLOR ORAL SUSPENSION,"Cloranfenicol, palmitato",250mg/5ml,Suspensão oral,frasco de 100ml
"GENERICS & SPECIALITIES, Lda",LABOZINE - 50,Hidralazina,50mg,Comprimidos revestidos,Frasco de 1000 comprimidos
"GENERICS & SPECIALITIES, Lda",LABMET - 10,"Metoclopramida, hidrocloreto",10mg,Comprimidos revestidos,Frasco de 1000 comprimidos
BRAZILGENÉRICOS SA,PREDINIS,Prednisona,20mg,Comprimidos,Blister de 10 comprimidos
BAYER SCHERING PHARMA MOÇAMBIQUE,XARELTO,Rivaroxabano,15mg,Comprimidos revestidos,"Blisters de 14, 28 e 42 comp"
BAYER SCHERING PHARMA MOÇAMBIQUE,XARELTO,Rivaroxabano,20mg,Comprimidos revestidos,Blisters de 28 comp
MEDIMPORT LDA,VITAMINA A 200.000UI,Vitamina A (palmitado de retinol),200.000UI,Cápsulas,Frasco de 500 e blister de 10X10 cápsulas
"MICJONATH PHARMACEUTICAL, LDA",RETRYL,Glimepirida,2mg,Comprimidos,2 Blister de 10 comprimidos
"MICJONATH PHARMACEUTICAL, LDA",RETRYL,Glimepirida,4mg,Comprimidos,2 Blister de 10 comprimidos
MEDIMPORT LDA,PHENOXYMETHYLPENICILLIN,Fenoxmetilpenicilina,500mg,Comprimidos,Frasco de 1000 comprimidos
PHARMALIFE Lda,PARACETAMOL RATIOPHARM,Paracetamol,500mg,Comprimidos,Blister de 20 comprimidos
PHARMALIFE Lda,METFORMINA TEVA 850mg,"Metformina, cloridrato",850mg,comprimidos revestidos,blister de 60 comprimidos
PHARMALIFE Lda,METFORMINA TEVA 500mg,"Metformina, cloridrato",500mg,comprimidos revestidos,blister de 60 comprimidos
PHARMALIFE Lda,METFORMINA TEVA 1000mg,"Metformina, cloridrato",1000mg,comprimidos revestidos,blister de 60 comprimidos
"MICJONATH PHARMACEUTICAL, LDA",ESOR - 40,Esomeprazol Sódico,40mg,cápsula gastrorresistente,2 Blister de 7 cápsulas
MEDIMPORT LDA,DIPHENHYDRAMINE INJECTION,"Difenidramina, cloridrato",50mg/5ml,injectável,10 ampola de
MEDIMPORT LDA,DESLORATADINA BLUEPHARMA,Desloratadina,5mg,Comprimidos revestidos,Blister de 20 comprimidos
MEDIMPORT LDA,BENZYLPENICILLIN SODIUM,Benzilpenicilina Sódica,10.000.000UI,Pó para solução injectável,10 frasco de 10000000UI
AFRI FARMÁCIA LDA,KABIMOL,Paracetamol,1%w/v,Injectável,frasco de 100ml
"SOCIEDADE MOÇAMBICANA DE MEDICAMENTOS, SA",SMM LAMIVUDINA + ZIDOVUDINA,Lamivudina + Zidovudina,150mg + 300mg,Comprimidos revestidos,Frasco de 60 comprimidos
"SOCIEDADE MOÇAMBICANA DE MEDICAMENTOS, SA",HALOPERIDOL,Haloperidol,5mg,comprimidos,Cartucho de 20 envelopes de 10 comprimidos
"GENERICS & SPECIALITIES, Lda",GLISEN MF2,"Glimepirida + Metformina, Hidrocloreto",2mg + 500mg,Comprimidos,3 Blister de 10 comprimidos
"GENERICS & SPECIALITIES, Lda",GLISEN MF1,"Glimepirida + Metformina, Hidrocloreto",1mg + 500mg,Comprimidos,Blister de 10 comprimidos
"GENERICS & SPECIALITIES, Lda",AXOGURD 75,Pregabalina,75mg,Cápsulas,3 blister de 10 cápsulas
"GENERICS & SPECIALITIES, Lda",AXOGURD 300,Pregabalina,300mg,Cápsulas,3 blister de 10 cápsulas
"GENERICS & SPECIALITIES, Lda",AXOGURD 150,Pregabalina,150mg,Cápsulas,3 blister de 10 cápsulas
MOZPHARMA LDA,FLUCONAZOLE,Fluconazol,50mg,Cápsulas,10 caixas de 7 blister
"MEDIFARMA, LDA",FLUCONAZOLE,Fluconazol,200mg,Cápsulas,10 caixas de 7 blister
AFRI FARMÁCIA LDA,LIDOCAINE 2%,"Lidocaína, hidrocloreto",2%,Gel,Bisnaga de 20g
AFRI FARMÁCIA LDA,FLUCONAZOLE,Fluconazol,200mg,Comprimidos,Frasco de 100 comprimidos
"GENERA, Lda",OMEPRAZOL GERMED,Omeprazol,20mg,Cápsulas gastrorresistentes,Blister de 56 cápsulas
"GENERA, Lda",IBUPROFENO GERMEG,Ibuprofeno,400mg,Comprimidos revestidos,Blister de 20 e de 60 comprimidos
"GENERA, Lda",IBUPROFENO GERMED,Ibuprofeno,600mg,Comprimidos revestidos,Blister de 20 e de 60 comprimidos
"GENERA, Lda",DICLOFENAC GERMED,Diclofenac sódico,10mg/g,Gel,Bisnaga de 100g
"GENERA, Lda",CIPROFLOXACINA GERMED,Ciprofloxacina,250mg,Comprimidos revestidos,Embalagens de 16 comprimidos
"GENERA, Lda",CIPROFLOXACINA GERMED,Ciprofloxacina,500mg,Comprimidos revestidos,Embalagens de 16 comprimidos
"GENERA, Lda",CIPROFLOXACINA GERMED,Ciprofloxacina,750mg,Comprimidos revestidos,Embalagens de 16 comprimidos
"GENERA, Lda",AZITROMICINA GERMED,Azitromicina,500mg,Comprimidos revestidos,embalagem de 3 comprimidos
"GENERA, Lda",ACICLOVIR GERMED,Aciclovir,50mg/g,Creme,Bisnaga de 2g e de 10g
AFRI FARMÁCIA LDA,SILVER SULFADIAZINE CREAM USP,Sulfadiazina de Prata,1%,Creme,bisnaga de 15g
"MEDÁFRICA, Lda",PENMED 500,Fenoxmetilpenicilina,500mg,comprimidos revestidos,10 blisters de 10 comprimidos
"MEDÁFRICA, Lda",PENMED 250,Fenoxmetilpenicilina,250mg,Pó para solução oral,frasco de 100ml
"MEDÁFRICA, Lda",PENMED 125,Fenoxmetilpenicilina,125mg,Pó para solução oral,frasco de 100ml
AFRI FARMÁCIA LDA,MOXIMAC,Moxifloxacina,400mg,Comprimidos revestidos,1blister de 5 comprimidos
"MEDÁFRICA, Lda",MEDIMOX 125,Amoxicilina,125mg/5ml,Suspensão Oral,frasco de 100ml
"MEDÁFRICA, Lda",MEDFLAM,Ibuprofeno,100mg/5ml,Suspensão oral,frasco de 100ml
"MEDÁFRICA, Lda",MEDCLOR,Cefaclor,125mg/5ml,Suspensão oral,frasco de 100ml
AFRI FARMÁCIA LDA,MANNITOL INTRAVENOUS INFUSION,Manitol,0.2,Infusão Intravenosa,Frasco de 500ml
AFRI FARMÁCIA LDA,LUMITER,Arteméter + Lumefantrina,20mg +120mg,Comprimidos,"Embalagem de 24, 1x6, 2x6, 4x6, 30x6, 1x8, 1x12, 1x18, 1x24, 2x8, 3x8, 30x12, 30x18, 30x24comprimidos"
MISSIONPHARMA MOÇAMBIQUE,INDOMETACIN,Indometacina,25mg,comprimidos,Frascos de 1000 comprimidos
AFRI FARMÁCIA LDA,GLUCOSE INTRAVENOUS INFUSION B.P,Glicose,300g/l,Injectável,frasco de 500ml
MISSIONPHARMA MOÇAMBIQUE,DOXYCYCLINE,Doxiciclina,100mg,cápsulas,Frascos de 1000 cápsulas
"MEDÁFRICA, Lda",CARMED,Carbamazepina,200mg,comprimidos,10 blisters de 10 comprimidos
"MEDÁFRICA, Lda",BALMOX,Amoxicilina,500mg,cápsulas,Embalagem de 10 blister de 10 cápsulas
"MEDIS FARMACÊUTICA, LDA",COARTEM 80/480,Arteméter + Lumefantrina,80mg + 480mg,Comprimidos,Embalagem de 6 comprimidos (Blister 1x6 Comprimidos)
"GENERICS & SPECIALITIES, Lda",MORAL 5,Montelucaste sódico,5mg,Comprimidos mastigáveis,3 blister de 10 comprimidos
"GENERICS & SPECIALITIES, Lda",MORAL 4,Montelucaste sódico,4mg,Comprimidos mastigáveis,3 blister de 10 comprimidos
"GENERICS & SPECIALITIES, Lda",MORAL 10,Montelucaste sódico,10mg,Comprimidos revestidos,3 blister de 10 comprimidos
FARMA HOLDINGS SA,LAMIVUDINE +NEVIRAPINE + ZIDOVUDINA,Lamivudina + Nevirapina + Zidovudina,30mg + 50mg + 60mg,Comprimidos dispersível,Frasco de 60 comprimidos
FARMA HOLDINGS SA,ANZAVIR-R,Atazanavir + Ritonavir,300mg + 100mg,Comprimidos,Frasco HDPE com 30 comprimidos
AFRI FARMÁCIA LDA,PREDNISOLONE TABLETS,Prednisolona,20mg,Comprimidos,Frasco de 100 comprimidos
AFRI FARMÁCIA LDA,LEVOMAC 500,Levofloxacina,500mg,Comprimidos revestidos,1 blister de 5 comprimidos
FARMA HOLDINGS SA,KOMEFAN 280,Arteméter + Lumefantrina,40mg + 240mg,Comprimidos,Embalagem em blisters de 1x12
FARMA HOLDINGS SA,KOMEFAN 140,Arteméter + Lumefantrina,20mg + 120mg,Comprimidos,"Blisters de 1x6, 2x6, 3x6 e 4x6"
AFRI FARMÁCIA LDA,GABAPENTIN CAPSULES,Gabapentina,300mg,Cápsulas,Frasco de 100 Cápsulas
AFRI FARMÁCIA LDA,DIGOXIN TABLETS,Digoxina,0.25mg,Comprimidos nao revestidos,Embalagem em frasco de 100 comprimidos
AFRI FARMÁCIA LDA,AMLODIPINE TABLETS,"Amlodipina, besilato",10mg,Comprimidos,Frasco de 100 comprimidos e 10 blister de 10 comprimidos
"GENERICS & SPECIALITIES, Lda",VIBEL TONE,"tiamina, hidrocloreto (Vit B1) + Riboflavina (Vit B2) + Piridoxina Hcl (vit B6) + Cianocobalamina ( vit B13) +Nicotinamida +carmosina",1.5mg + 2.0mg + 1mg + 1mcg + 15mg +,xarope,Embalagem com frasco PET de cor ambar de 100ml
"GENERICS & SPECIALITIES, Lda",LABOCALAMINE LOTION,Calamina,0.2% w/v,Locao,Embalagem com 1 frasco de cor ambar de 200ml
"GENERICS & SPECIALITIES, Lda",KANALAB 1g,"Kanamicina, sulfato",1g/3ml,Solucao injectavel,Embalagem em ampolas com 1g/3ml
"GENERICS & SPECIALITIES, Lda",HYOCIN-10 TABLETS,Butilbrometo de hioscina,10mg,Comprimidos,Embalagem em frasco PEAD de 1000 comprimidos
"GENERICS & SPECIALITIES, Lda",DIXILABOS,Acido nalidixico,300mg/5ml,Suspensao oral,Embalagem em frasco PET ambar de 100ml
"GENERICS & SPECIALITIES, Lda",CHLORANPHENICOL EAR DROPS,Cloranfenicol,50mg/ml,Gotas auriculares,Embalagem em frasco plastico de 10ml
"GENERICS & SPECIALITIES, Lda",CANDILAB,Clotrimazol,1%,Creme tópico,Embalagem com 1 bisnaga de 30g
"GENERICS & SPECIALITIES, Lda",BETALAB-S,"Betametasona, diproprionato + Ácido Salicílico",0.05% + 3%,Pomada,Embalagem com 1 bisnaga de 30g
"GENERICS & SPECIALITIES, Lda",ACILAB - 400,Aciclovir,400mg,Comprimidos Revestidos,Embalagem em frasco PEAD de 500 comprimidos
MEDIMPORT LDA,CLOTRIMAZOL BLUEPHARMA,Clotrimazol,10mg/g,Creme tópico,Embalagem com 1 bisnaga de 20g
MEDIMPORT LDA,CLOTRIMAZOL BLUEPHARMA,Clotrimazol,10mg/g,Creme vaginal,Embalagem com 1 bisnaga de 50g + 7 aplicadores
"SHANI, LIMITADA",RANOZYP MD TABLETS 10mg,Olanzapina,10mg,comprimidos orodispersível,Embalagem com 4blisters x 7 comprimidos
"SHANI, LIMITADA",RANOZYP MD TABLETS,Olanzapina,5mg,Comprimidos,Embalagem com 4blisters x 7 comprimidos
"SHANI, LIMITADA",OMESK,Omeprazol,20mg,Cápsulas,Embalagem com 10 blister de 10 cápsulas
"SHANI, LIMITADA",MUCOLEX,"Ambroxol, cloridrato + Sulfato de salbotamol + Guaifenesina",30mg + 1.0mg + 50mg,xarope,Embalagem em frasco de vidro ambar de 100ml
"SHANI, LIMITADA",GO! GEL,Diclofenac dietilamina,1.16% W/W,Gel,Embalagem com bisnaga de 30g
"SHANI, LIMITADA",CILENTRA TABLETS 20mg,"Escitalopram, Oxalato",20mg,Comprimidos,Embalagem com 4blisters x 7 comprimidos
"SHANI, LIMITADA",CILENTRA TABLETS 10mg,"Escitalopram, Oxalato",10mg,Comprimidos,Embalagem com 4blisters x 7 com
"SHANI, LIMITADA",CANI- MAKS V2,Clotrimazol,2% W/W,Creme vaginal,Embalagem com 1 bisnaga de 20g
"NEOPHARMA, LDA",OMNICAINA,"Lidocaina, Cloridrato",36.0mg,Solução Injectável,Embalagem de 50 cartuchos (1 blisters x 10 cartuchos/ampolas)
"SHANI, LIMITADA",MOTIGUT TABLET,"Domperidona, maleato",10mg,Comprimidos,Embalagens em 10 blisters x 10 comprimidos
"SHANI, LIMITADA",IVENTI 0.5% EYE DROPS,"Moxifloxacina, Cloridrato",5mg,Gotas oftálmicas,Frasco de 5ml
"NEOPHARMA, LDA",F.D,"Lidocaina, cloridrato + Epinefrina",36.0mg + 0.018mg,Solução Injectável,Embalagem de 50 cartuchos (1 blisters x 10 cartuchos/ampolas)
"SHANI, LIMITADA",CLOFENAC DT,Diclofenac,50mg,Comprimidos dispersiveis,Embalagens em 10 blisters x 10 comprimidos
"SHANI, LIMITADA",ALACOT 0.1% EYE DROPS,"Olopatadina, Cloridrato",0.1% equ. 1mg,Gotas oftálmicas,Frasco de 5ml
"MEDIS FARMACÊUTICA, LDA",FLURIFEN,Fluriprofen,100mg,Comprimidos revestidos,Embalagem contendo blister de 15 comprimidos
"MEDIS FARMACÊUTICA, LDA","TANTUM Verde, pastilhas, 3 mg, sabor a menta","Benzidamina, Cloridrato",3mg,Pastilhas,Embalagem de 20 pastilhas
AFRI FARMÁCIA LDA,SODIUM CHLORIDE INTRAVENOUS INFUSION BP 0.9% W/V,Cloreto de Sódio,0.9% W/V,Infusão Intravenosa,Frasco de polietileno de 500ml
"MEDIMOC, SA",RONFENAC,"Diclofenac, dietilamina + salicilato de metilo + mentol",1.16% + 8% + 2%,Gel,Bisnaga de 30g
"MEDIMOC, SA",RANIRON 300,"Ranitidina, cloridrato",300mg,comprimidos,10 blisters de 10 comprimidos
AFRI FARMÁCIA LDA,PYRIDOXINE,"Piridoxina, Cloridrato",50mg,comprimidos revestidos,Frasco de 100 comprimidos
"MEDIMOC, SA",METRON 400,Metronidazol,400mg,Comprimidos,10 blisters de 10 comprimidos
"MEDIMOC, SA",METRON 200,Metronidazol,200mg,Comprimidos,10 blisters de 10 comprimidos
"MEDIMOC, SA",KETRON,Ketoconazol,200mg,comprimidos,10 blisters de 10 comprimidos
AFRI FARMÁCIA LDA,CLONAZEPAM TABLETS,Clonazepam,2mg,Comprimidos,Frasco de 100 comprimidos
AFRI FARMÁCIA LDA,AMITRIPTYLINE HYDROCHLORIDE TABLETS USP 25mg,"Amitriptilina, Cloridrato",25mg,comprimidos revestidos por pelicula,Frasco de 100 comprimidos
"LUSOFARMA, Lda",TIMOLEN FORTE,"Timolol, maleato",5mg/ml,Colírio,frasco de 5ml
"LUSOFARMA, Lda",DAVISAN,Pirenoxina sódica,0.85mg,Colírio,frasco de 15ml
"MEDIFARMA, LDA",COTRIMOXAZOL PEDRIÁTICO ORAL SUSPENSION BP,Sulfametoxazol + Trimetoprim,200mg + 40mg,Suspensao oral,Frasco de vidro ambar  100 ml
"MEDIFARMA, LDA",CIPROFLOXACIN TABLETS 500,Ciprofloxacina,500mg,Comprimidos revestidos,10 blisters de 10 comprimidos
MEDIMPORT LDA,DORMIDINA,"Doxilamina, Succinato",25mg,Comprimidos revestidos,Blister de 14 comprimidos
"MEDÁFRICA, Lda",NIFEM SR 30,Nifedipina,30mg,Comprimidos de libertação prolongada,Blister de 10 comprimidos
"MEDÁFRICA, Lda",M-FLU,Fluconazol,200mg,Cápsulas,Blister de 10 cápsulas
"MEDÁFRICA, Lda",MEDOXIN 0.25,Digoxina,0.25mg,Comprimidos,Blister de 10 x 10
"MEDÁFRICA, Lda",MEDIMOX 250,Amoxicilina,250mg,Pó para reconstituição,Frasco de 100ml
"MEDÁFRICA, Lda",M - ZOLE,Mebendazol,100mg,Suspensão oral,frasco de 30ml
"MEDÁFRICA, Lda",LOPEMED,"Loperamida, Cloridrato",2mg,Cápsulas,Blister de 10 cápsulas
"MEDÁFRICA, Lda",ALZOLE - S,Albendazol,100mg/5ml,Suspensão oral,Frasco de 30ml
"SHANI, LIMITADA",ROGOGENT,"Gentamicina, sulfato",80mg/2ml,Solução Injectavel,100 ampolas de 2ml
"SHANI, LIMITADA",DYCLORAN,Diclofenac,75mg/3ml,Solução Injectavel,10 ampolas de 3ml
"MEDIFARMA, LDA",COTRIMOXAZOL TABLETS,Sulfametoxazol + Trimetoprim,400mg + 80mg,Comprimidos,Frasco de 1000 comprimidos
AFRI FARMÁCIA LDA,SODIUM CHLORIDE INTRAVENOUS INFUSION BP 0.45% W/V,Cloreto de Sódio,0.45% W/V,Solução injectável,Frasco de polietileno de 500ml
AFRI FARMÁCIA LDA,SINVASTATIN TABLETS BP,Sinvastatina,20mg,Comprimidos,Frasco de 100 comprimidos e 10 blister de 10 comprimidos
AFRI FARMÁCIA LDA,KANAMAC 1000,"Kanamicina, Sulfato",1000mg,Po para injeccao,Frasco de vidro tipo III de 10ml
AFRI FARMÁCIA LDA,GLICLAZIDE TABLETS BP,Gliclazida,80mg,Comprimidos,Frasco de 100 comprimidos
AFRI FARMÁCIA LDA,CARBIMAZOLE TABLETS BP,Carbimazol,5mg,Comprimidos,Frasco de 100 comprimidos e 10 blister de 10 comprimidos
"GENERICS & SPECIALITIES, Lda",EFAVIRENZ + LAMIVUDINE + TEENOFOVIR DISPROXIL FUMARATE,Efavirenz + Lamivudine + Tenofovir disoproxil fumarato,600mg + 300mg + 300mg,Comprimidos,Frasco de 30 comprimidos
"MEDIFARMA, LDA",CO - AMOXICLAV,Amoxicilina + Ácido Clavulânico,500mg + 125mg,Comprimidos revestidos,7 blister de 2 comprimidos
MOZPHARMA LDA,SULTRIMIX,Sulfametoxazol + Trimetoprim,200mg/5ml + 40mg/5ml,xarope,Frasco de 100ml
MOZPHARMA LDA,FINATUX,Carbocisteina,50mg/ml,xarope,Frasco de 200ml
MOZPHARMA LDA,ENSER,Ácido fólico,5mg,Comprimidos,Embalagem de 60 comprimidos
"MEDIS FARMACÊUTICA, LDA",LOVASTATINA AZEVEDOS,Lovastatina,10mg,comprimidos,"Embalagem  de 20, 30 e 40mg"
"MEDIS FARMACÊUTICA, LDA",LOVASTATINA AZEVEDOS,Lovastatina,20mg,comprimidos,"Embalagem  de 20, 30 e 40mg"
"MEDIS FARMACÊUTICA, LDA",LOVASTATINA AZEVEDOS,Lovastatina,40mg,comprimidos,"Embalagem  de 20, 30 e 40mg"
MOZPHARMA LDA,TRIPLEXIL,"Betametasona, diproprionato + Clotrimazol + Gentamicina, Sulfato",0.5mg/g + 10mg/g + 1mg/g,Creme tópico,Bisnaga de 30mg
MOZPHARMA LDA,URTICUR,"Prometazina, cloridrato","0,1% w/w (1mg/ml)",Xarope,Frasco de 100ml
MOZPHARMA LDA,PARACETAMOL BASI,Paracetamol,500mg,Comprimidos,Blister de 20 e de 1000 comprimidos
MOZPHARMA LDA,GLUCOSE BASI,Glucose mono - hidratada,300mg/ml,Solução para perfusão,frasco de 500ml e de 1000ml
MOZPHARMA LDA,CLOTRIMAZOL BASI,Clotrimazol,10mg/g,Creme tópico,Bisnaga de 20g
MOZPHARMA LDA,CLOTRIMAZOL BASI,Clotrimazol,10mg/g,Creme vaginal,Bisnaga de 50mg
MOZPHARMA LDA,AGUA PARA PREPARAÇÕES INJECTÁVEIS BASI,Água para preparações injectáveis,10ml,Solução Aquosa,100 Ampolas de 10ml
"MEDIS FARMACÊUTICA, LDA",DUOSKIN,"Isoconazol, Nitrato + Diflucortolona, Valerato",10mg + 1mg,Creme,bisnaga de 15g
MEDIMPORT LDA,CRESTOR,Rosuvastatina Cálcica,5mg,Comprimidos revestidos,Embalagem de 20 e de 60 comprimidos
MEDIMPORT LDA,CRESTOR,Rosuvastatina Cálcica,10mg,Comprimidos revestidos,Embalagem de 20 e de 60 comprimidos
MEDIMPORT LDA,CRESTOR,Rosuvastatina Cálcica,20mg,Comprimidos revestidos,embalagem de 30 comprimidos
"MEDIFARMA, LDA",CLOROFENIRAMINA MALEATO BASI,"Clorfeniramina, maleato",0.4mg/ml,Solução oral,Frasco de 100ml
MOZPHARMA LDA,DIMIDON,Ibuprofeno,20mg/ml,suspensão oral,Frasco de 200ml
MOZPHARMA LDA,CLARUS,Desloratadina,0.5mg/ml,Solução oral,frasco de 150ml
"MEDIS FARMACÊUTICA, LDA",TRICOVIVAX,Minoxidil,20mg/ml,Solução cutânea,"Frasco de 75ml, 100ml e 200ml"
"MEDIS FARMACÊUTICA, LDA",TRICOVIVAX,Minoxidil,50mg/ml,Solução cutânea,"Frasco de 75ml, 100ml e 200ml"
"SHANI, LIMITADA",SHADID,Clotrimazol,10mg/g,Creme vaginal,Bisnaga de 50g
"SHANI, LIMITADA",PELASONE,Betametasona,1mg/g,Pomada,Bisnaga de 30g
"MEDIS FARMACÊUTICA, LDA",NAPROXENO GP,Naproxeno,500mg,Comprimidos gastrorresistentes,"Embalagem de 10, 20, 30 e de 60 comprimidos"
"MEDIS FARMACÊUTICA, LDA",BETA - HISTINA GP,"Beta- histina, cloridrato",16mg,comprimidos,Embalagem de 20 e de 60 comprimidos
"SHANI, LIMITADA",BALSAMO ANALGÉSICO,Salicilato de Metilo,61.1mg/g,Pomada,Bisnaga de 20g e de 50g
"MEDIS FARMACÊUTICA, LDA",AMIODARONA GP,"Amiodarona, cloridrato",200mg,comprimidos,"Embalagem de 10, 20, 30 e de 60 comprimidos"
AFRI FARMÁCIA LDA,SPIRONOLACTONE TABLETS BP,Espironolactona,25mg,Comprimidos,Frasco de 100 comprimidos
AFRI FARMÁCIA LDA,NIFEDIPINE EXTENDED RELEASE,Nifedipina,30mg,Comprimidos,Frasco de 100 comprimidos
MOZPHARMA LDA,AMOXICILINA + ÁCIDO CLAVULÂNICO BASI,Amoxicilina + Ácido Clavulânico,875mg + 125mg,Comprimidos revestidos,Embalagem de 16 comprimidos
AFRI FARMÁCIA LDA,AMIODARONA HCL,"Amiodarona, cloridrato",200mg,comprimidos,Frasco de 100 comprimidos
AFRI FARMÁCIA LDA,ACICLOVIR TABLETS BP 400MG (DISPERSIBLE),Aciclovir,400mg,Comprimido,Frasco de 100 comprimidos
MOZPHARMA LDA,ENTIX,Furosemida,40mg,comprimidos,Blister de 20 e 60 comprimidos
"MEDÁFRICA, Lda",MYLIDE 250,Eritromicina,250mg,Pó para reconstituição,Frasco de 100ml
"MEDÁFRICA, Lda",MYLIDE 125,Eritromicina,125mg,Pó para reconstituição,Frasco de 100ml
"MEDÁFRICA, Lda",MEDCLAV 625,Amoxicilina + Ácido Clavulânico,500mg + 125mg,Comprimidos revestidos,2 blister de 10 cápsulas
"MEDÁFRICA, Lda",IBUMED,Ibuprofeno + paracetamol + Cafeina,200mg + 325mg + 30mg,Cápsula de gelatina,2 blister de 10 cápsulas
"MEDÁFRICA, Lda",CLOVIR,Aciclovir,200mg,Comprimido,3 blister de 10 caomprimidos
"MEDIS FARMACÊUTICA, LDA",EXFORGE HCT 10/320/25mg,Amlodipina + Valsartan + Hidroclorotiazida,10mg + 320mg + 25mg,Comprimidos,Embalagens de 28 comprimidos
"MEDIMOC, SA",AZIRON - 200,Azitromicina,200mg/ml,Suspensão oral,Frasco de 15ml
MEDIMPORT LDA,LEVOFLOXACINA BLUEPHARMA,Levofloxacina,250mg,Comprimidos,Blister de 7 e de 10 comrimidos
MEDIMPORT LDA,LEVOFLOXACINA BLUEPHARMA,Levofloxacina,500mg,Comprimidos,Blister de 7 e de 10 comrimidos
AFRI FARMÁCIA LDA,PROMETAZINE HYDROCHLORIDE,"Prometazina, cloridrato",25mg,Comprimidos,Frasco de 100 comprimidos
AFRI FARMÁCIA LDA,PRESARTAN H 50,Losartan PotássiCo + Hidroclorotiazida,50mg + 12.5mg,Comprimidos revestidos,2 blister de 14 comprimidos
AFRI FARMÁCIA LDA,PHENYTOIN SODIUM,Fenitoína Sódica,100mg,Comprimidos revestidos,Frasco de 100 comprimidos
AFRI FARMÁCIA LDA,LIZOMAC,Linezolida,600mg,Comprimidos revestidos,6 blister de 10 comprimidos
AFRI FARMÁCIA LDA,LEVOMAC 750,Levofloxacina,750mg,Comprimidos revestidos,10 blister de 10 comprimidos
AFRI FARMÁCIA LDA,CHLORPROMAZINE,"Clorpromazina, cloridrato",100mg,Comprimidos revestidos,Frasco de 100 comprimidos
MOZPHARMA LDA,MULTIVITAMINAS BASI,Cianocobalamina + Tiamina + Piridoxina + Nicotinamida + Colecalciferol + Ácido ascórbico + Riboflavina + Palmitato de retinol,16.650mcg + 7.371mg + 9.331mg + 106.800mg + 33.33mcg + 532mg + 9.283mg + 187.130mg,xarope,Frasco de 100ml
MOZPHARMA LDA,LISINOPRIL BASI,Lisinopril,5mg,Comprimidos,Embalagem de 60 comprimidos
"MEDIS FARMACÊUTICA, LDA",DELTACEF,Cefepima,1g,Pó para injectável/infusão,frasco de 15ml
PLANET PHARMACEUTICAL LIMITADA,COLD TABS FORTINSA,"Paracetamol + fenilefrina, hidrocloreto + Clorfenamina, Maleato + Cafeína",500mg + 5mg + 2mg + 30mg,Comprimidos,25x1x4
MOZPHARMA LDA,CLARITROMICINA BASI,Claritromicina,500mg,Comprimidos revestidos,Embalagem de 16 comprimidos
MOZPHARMA LDA,CARPLEXIL,Hidrocortisona,10mg/g,Creme,Bisnaga de 30g
MOZPHARMA LDA,BETAMETASONA BASI,Betametasona,1mg/g,Pomada,Bisnaga de 30g
MOZPHARMA LDA,AMOXICILINA + ÁCIDO CLAVULÂNICO BASI,Amoxicilina + Ácido Clavulânico,250mg/5ml + 62.5mg/5ml,Pó para suspensão oral,Frasco de 100ml
"MEDIFARMA, LDA",AMLODIPINA BASI,Amlodipina,10mg,Comprimidos,Embalagem de 60 comprimidos
MEDIMPORT LDA,QUETIAPINA BLUEPHARMA,"Quetiapina, Fumarato",25mg,Comprimidos revestidos,Blister de 10 e 20 comprimidos
MEDIMPORT LDA,QUETIAPINA BLUEPHARMA,"Quetiapina, Fumarato",100mg,Comprimidos revestidos,Blister de 60 comprimidos
MEDIMPORT LDA,QUETIAPINA BLUEPHARMA,"Quetiapina, Fumarato",200mg,Comprimidos revestidos,Blister de 60 comprimidos
MEDIMPORT LDA,QUETIAPINA BLUEPHARMA,"Quetiapina, Fumarato",300mg,Comprimidos revestidos,Blister de 60 comprimidos
MEDIMPORT LDA,LEVETIRACETAM BLUEPHARMA,Levetiracetam,250mg,Comprimidos,Blister de 20 e de 60 comprimidos
MEDIMPORT LDA,LEVETIRACETAM BLUEPHARMA,Levetiracetam,500mg,Comprimidos,Blister de 60 comprimidos
MEDIMPORT LDA,LEVETIRACETAM BLUEPHARMA,Levetiracetam,1000mg,Comprimidos,Blister de 60 comprimidos
MEDIMPORT LDA,LEVETIRACETAM BLUEPHARMA,Levetitracetam,100mg/ml,solução oral,Frasco de 300ml
MEDIMPORT LDA,GLUCOSAMINA BLUEPHARMA,"Glucosamina, Sulfato",1500mg,Pó para solução oral,"saquetas de 20, 30 e 60 unidades"
MEDIMPORT LDA,BETA - HISTINA BLUEPHARMA,"Beta- histina, cloridrato",16mg,comprimidos,Blister de 20 e de 60 comprimidos
"LUSOFARMA, Lda",TRAZONE OD,"Trazodona, Cloridrato",150mg,Comprimidos de libertação prolongada,Embalagem de 10 comprimidos
"LUSOFARMA, Lda",TRAZONE OD,"Trazodona, Cloridrato",300mg,Comprimidos de libertação prolongada,Embalagem de 30 comprimidos
"LUSOFARMA, Lda",TRAZONE AC,"Trazodona, Cloridrato",150mg,Comprimidos de libertação prolongada,Embalagem de 60 comprimidos
"LUSOFARMA, Lda",LOVOS,Levetiracetam,250mg,Granulado revestido,Embalagem de 60 saquetas
"LUSOFARMA, Lda",LOVOS,Levetiracetam,500mg,Granulado revestido,Embalagem de 60 saquetas
"LUSOFARMA, Lda",LOVOS,Levetiracetam,1000mg,Granulado revestido,Embalagem de 60 saquetas
"LUSOFARMA, Lda",ESCITALOPRAM GENEDEC,"Escitalopram, Oxalato",10mg,Comprimidos revestidos,Embalagem de 56 comprimidos
"LUSOFARMA, Lda",ESCITALOPRAM GENEDEC,"Escitalopram, Oxalato",20mg,Comprimidos revestidos,Embalagem de 56 comprimidos
"LUSOFARMA, Lda",DIPLEXIL 500,Valproato de Sódio,500mg,Granulado de libertação prolongada,Embalagem de 50 saquetas
"LUSOFARMA, Lda",DIPLEXIL 300,Valproato de Sódio,300mg,Cápsula de libertação prolongada,Embalagem de 50 cápsulas
"LUSOFARMA, Lda",DIPLEXIL 150,Valproato de Sódio,150mg,Cápsula de libertação prolongada,Embalagem de 50 cápsulas
"LUSOFARMA, Lda",DIPLEXIL 1000,Valproato de Sódio,1000mg,Granulado de libertação prolongada,Embalagem de 50 saquetas
"LUSOFARMA, Lda",DIPLEXIL,Valproato de Sódio,100mg/ml,Solução injectável,5 ampolas de 3ml
"LUSOFARMA, Lda",DAVILOSE FORTE,Hipromelose,10mg/ml,Colírio,Frasco de 10ml
"LUSOFARMA, Lda",DAVILOSE,Hipromelose,5mg/ml,Colírio,Frasco de 10ml
"ORBIS PHARMA, Lda",CITRATO DE SILDENAFIL,"Sildenafil, Citrato",50mg,Comprimidos revestidos,Embalagem de 4 comprimidos
AFRI FARMÁCIA LDA,THEOCLAV - 625,Amoxicilina + Ácido Clavulânico,500mg + 125mg,comprimidos revestidos,2 blister de 10 comprimidos
AFRI FARMÁCIA LDA,THEOCLAV - 375,Amoxicilina + Ácido Clavulânico,250mg + 125mg,comprimidos revestidos,2 blister de 10 comprimidos
AFRI FARMÁCIA LDA,THEOCLAV - 228.5,Amoxicilina + Ácido Clavulânico,200mg + 22.8mg,Pó para suspensão oral,Frasco de 100ml
AFRI FARMÁCIA LDA,THEOCLAV - 156.25,Amoxicilina + Ácido Clavulânico,125mg + 31.25mg,Pó para suspensão oral,Frasco de 100ml
AFRI FARMÁCIA LDA,THEOCLAV - 1000,Amoxicilina + Ácido Clavulânico,875mg + 125mg,comprimidos revestidos,2 blister de 10 comprimidos
AFRI FARMÁCIA LDA,ARTESUN®,Artesunato,30mg,Pó para injecção,Embalagem contendo 1 frasco com 1 ampola  de 2ml de Bicarbonato de sódio e 1 ampola de 10ml de cloreto de sódio
AFRI FARMÁCIA LDA,ARTESUN®,Artesunato,120mg,Pó para injecção,Embalagem contendo 1 frasco com 1 ampola  de 2ml de Bicarbonato de sódio e 1 ampola de 10ml de cloreto de sódio
IBERXAM S.A,SINVASTATINA LIPAZ,Sinvastatina,20mg,comprimidos revestidos por pelicula,Embalagem de 60 Unidades
IBERXAM S.A,SINVASTATINA LIPAZ,Sinvastatina,40mg,comprimidos revestidos por pelicula,Embalagem de 60 Unidades
MDS - Medicamento e Diagnóstico na Saúde S.A,HIDROSPOT 40mg/g GEL,Hidroquinona,40mg/g,Gel,10 bisnagas de 30g
MDS - Medicamento e Diagnóstico na Saúde S.A,FOLCARE,Minoxidil,50mg/ml,Solução  Cutânea,Frasco de 60ml
"NEOPHARMA, LDA",CEFTRIAXONE FOR INJECTION,Ceftriaxona,1g,Pó para Injecção,50 frascos
"NEOPHARMA, LDA",CEFTAZIDINE FOR INJECTION,Ceftazidima,1g,Pó para Injecção,50 frascos
"NEOPHARMA, LDA",AMPICILLIN SODIUM FOR INJECTION,Ampicilna Sódico,500mg,Pó para Injecção,50 frascos
MEDIMPORT LDA,TOPIRAMATO BLUEPHARMA,Topiramato,25mg,Comprimidos revestidos,Blister de 20 e de 60 comprimidos
MEDIMPORT LDA,TOPIRAMATO BLUEPHARMA,Topiramato,50mg,Comprimidos revestidos,Blister de 60 comprimidos
MEDIMPORT LDA,TOPIRAMATO BLUEPHARMA,Topiramato,100mg,Comprimidos revestidos,Blister de 60 comprimidos
MEDIMPORT LDA,TOPIRAMATO BLUEPHARMA,Topiramato,200mg,Comprimidos revestidos,Blister de 60 comprimidos
MEDIMPORT LDA,RISPERIDONA BLUEPHARMA,Risperidona,1mg,Comprimidos revestidos,Blister de 20 e de 60 comprimidos
MEDIMPORT LDA,RISPERIDONA BLUEPHARMA,Risperidona,2mg,Comprimidos revestidos,Blister de 60 comprimidos
MEDIMPORT LDA,RISPERIDONA BLUEPHARMA,Risperidona,3mg,Comprimidos revestidos,Blister de 60 comprimidos
MEDIMPORT LDA,RINIALER,Rupatadina,1mg/ml,Solução oral,frasco de 120ml
MEDIMPORT LDA,PAROXETINA BLUEPHARMA,"Paroxetina, cloridrato",20mg,Comprimidos revestidos,Blister de 10 e de 60 comprimidos
MEDIMPORT LDA,NEXIUM,Esomeprazol Sódico,20mg,Comprimidos,"Blister de 14, 28 e de 56 comprimidos"
MEDIMPORT LDA,NEXIUM,Esomeprazol Sódico,40mg,Comprimidos,"Blister de 14, 28 e de 56 comprimidos"
"MEDIS FARMACÊUTICA, LDA",RUPAN FEMME,Ibuprofeno,400mg,comprimidos revestidos,embalagem de 10 comprimidos e 2x10 comprimidos
"MEDIS FARMACÊUTICA, LDA",MEDOMYCIN,Doxicilina,100mg,cápsulas,embalagem de 1 x 10 e 1x20  comprimidos
"MEDIS FARMACÊUTICA, LDA",MEDAXONE,Ceftriaxona,1g,Pó para solução injectável,embalagem de 10 frasco e blister 1x1 ampola
"ORBIS PHARMA, Lda",GRANI - DENK 1mg/ml,Granissetrom,1mg/ml,Solução,5 ampolas de 1ml e 5 ampolas de 3ml
"MEDÁFRICA, Lda",CLOVIR 400,Aciclovir,400mg,Comprimido,3 blister de 10 comprimidos
"MEDIS FARMACÊUTICA, LDA",CEFIMED,Cefixima,400mg,Comprimidos revestidos,embalagem de 1x10 comprimidos e blister 1x8 comprimidos
"MEDIS FARMACÊUTICA, LDA",BERMOXEL,Praziquantel,600mg,Comprimidos,embalagem de 10 comprimidos
"MEDIS FARMACÊUTICA, LDA",AMESOL,Levofloxacina,500mg,comprimidos revestidos,1 blister de 10 comprimidos
"SHANI, LIMITADA",BESTVIT- C,Ácido Ascorbico,500mg,Comprimidos mastigaveis,10 blister de 10 comprimidos
"GENERICS & SPECIALITIES, Lda",TELLZY H,Telmisartan + Hidroclorotiazida,40mg + 12.5mg,Comprimidos,3 blister de 10 comprimidos
"GENERICS & SPECIALITIES, Lda",TELLZY 80,Telmisartan,80mg,Comprimidos,3 blister de 10 comprimidos
"GENERICS & SPECIALITIES, Lda",TELLZY 40,Telmisartan,40mg,Comprimidos,3 blister de 10 comprimidos
"GENERICS & SPECIALITIES, Lda",T3 MYCIN GEL,Clindamicina,1%w/w,Gel,Bisnaga de 25g
"GENERICS & SPECIALITIES, Lda",ROSAVE 20,Rosuvastatina Cálcica,20mg,Comprimidos,3 blister de 10 comprimidos
"GENERICS & SPECIALITIES, Lda",ROSAVE 10,Rosuvastatina Cálcica,10mg,Comprimidos,3 blister de 10 comprimidos
"MEDÁFRICA, Lda",REGAMOL SYRUP,Paracetamol,125mg/5ml,xarope,Frasco de 100ml
"MEDÁFRICA, Lda",REGAFEN,Ibuprofeno,200mg,Comprimidos,10 blister de 10 comprimidos
"GENERICS & SPECIALITIES, Lda",MOXOFT 400,Moxifloxacina,400mg,comprimidos,Comprimidos revestidos
"MEDÁFRICA, Lda",MEDCLAV 228.5,Amoxicilina + Ácido Clavulânico,200mg + 28.5mg,Pó para suspensão oral,Frasco de 100ml
"GENERICS & SPECIALITIES, Lda",H- CORT CREAM,Hidrocortisona,1%w/w,Creme,bisnaga de 15g
"MEDÁFRICA, Lda",GRIPCOLD COMPRIMIDOS,Paracetamol + Cafeina + Fenilefrina + Clorfeniramina,500mg + 30mg + 2.5mg + 2mg,Comprimidos,25 x 1 x 4 comprimidos
"GENERICS & SPECIALITIES, Lda",GLISEN 2,Glimepirida,2mg,Comprimidos,3 blister de 10 comprimidos
"GENERICS & SPECIALITIES, Lda",FOBANCORT CREAM,Àcido Fusidico + Diproprionato de Betametasona,2%w/w + 0.064%w/w,Creme,bisnaga de 5g e de 15g
"MEDÁFRICA, Lda",BALTRIM SUSPENSION,Sulfametoxazol + Trimetoprim,200mg + 40mg,Suspensão oral,Frasco de 100ml
"MEDÁFRICA, Lda",BALGYL SUSPENSION,Metronidazol,200mg/5ml,suspensão oral,Frasco de 100ml
FARMA HOLDINGS SA,ZINNIA F,Etinilestradiol + Levonorgestrel + Ferro,0.03mg + 0.15mg + 75mg,Comprimidos revestidos,blister de 28 comprimidos
MAPUTO HEALTH CARE Lda,LUSIA F,Norgestrel + Etnil estradiol,0.3mg + 0.0306mg,Comprimidos revestidos com açucar,blister de 28 comprimidos
MOZPHARMA LDA,OMEPRAZOL BASI,Omeprazol,20mg,Cápsulas gastrorresistentes,Embalagem contendo blisters PVC/Alu de 56 cápsulas
MOZPHARMA LDA,DIMIDON,Ibuprofeno,400mg,Comprimidos revestidos,blister de 20 comprimidos
"ORBIS PHARMA, Lda",ZOLEDRO - DENK,Ácido Zoledrónico,4mg/5ml,Solução para perfusão,Frasco de 5ml
"ORBIS PHARMA, Lda",ON. SETRON - DENK 8mg ODT,Ondansetron,8mg,comprimido oro dispersível,1 blister de 6 comprimidos
"ORBIS PHARMA, Lda",,Ondansetron,4mg,comprimido oro dispersível,1 blister de 6 comprimidos
MDS - Medicamento e Diagnóstico na Saúde S.A,PIRIDOXINA LABESFAL,"Piridoxina, Cloridrato",40mg,Comprimidos,Embalagem de 1000 comprimidos
ACE HEALTH CARE LDA,AMOX 500,Amoxicilina,500mg,câpsulas,10 blister de 10 comprimidos
ACE HEALTH CARE LDA,AMOX 250,Amoxicilina,250mg/5ml,Pó para Suspensão Oral,Frasco de 100ml
ACE HEALTH CARE LDA,AMOX 125,Amoxicilina,125mg/5ml,Pó parasuspensão oral,Frasco de 100ml
ACE HEALTH CARE LDA,ACEPEN 500,Fenoxmetilpenicilina,500mg,Comprimidos,10 blister de 10 comprimidos
ACE HEALTH CARE LDA,ACEPEN 250,Fenoxmetilpenicilina,250mg/5ml,Pó para suspensão oral,Frasco de 100ml
ACE HEALTH CARE LDA,ACEPEN 125,Fenoxmetilpenicilina,125mg/5ml,Pó para suspensão oral,Frasco de 100ml
ACE HEALTH CARE LDA,ACECLAV,Amoxicilina + ácido clavulânico,500mg + 125mg,Comprimidos revestidos,2 blister de 10 comprimidos
KWALITY PHARMACEUTICAL,VENEGRA,"Sildenafil, Citrato",100mg,Comprimidos revestidos,embalegm de 4 comprimidos
MOZPHARMA LDA,SUPOFEN,Paracetamol,500mg,Supositórios,embalagem de 12
MOZPHARMA LDA,SUPOFEN,Paracetamol,250mg,Supositórios,embalagem de 12
"MEDIFARMA, LDA",LOMEXIN,"Fenticonazol, nitrato",200mg,Óvulos,Embalagem de 6 unidades
"MEDIFARMA, LDA",LOMEXIN,"Fenticonazol, nitrato",20mg/g,creme,bisnaga de 30g
KWALITY PHARMACEUTICAL,CLAVUSUN SUSPENSION PEDRIATRICS,Amoxicilina + ácido clavulânico,250mg + 62.5mg,Pó para suspensão oral,Frasco de 100ml
KWALITY PHARMACEUTICAL,CLAVUSUN INJECTION,Amoxicilina + ácido clavulânico,1000mg/2ml + 200mg/2ml,Pó para solução injectável,ampolas de 2ml
AFRI FARMÁCIA LDA,TENOFOVIR DISOPROXIL FUMARATO+ LAMIVUDINA,Tenofovir disopropil fumarato + Lamivudina,300mg + 300mg,Comprimidos revestidos,Frasco de 30 comprimidos
"MEDÁFRICA, Lda",WELQUINE,Levofloxacina,500mg,solução para infusão,frasco de 100ml
"MEDÁFRICA, Lda",JOYCLAV - 625,Amoxicilina + ácido clavulânico,500mg + 125mg,comprimidos revestidos,embalagem de 30 comprimidos
"MEDÁFRICA, Lda",JOYCLAV - 375,Amoxicilina + ácido clavulânico,250mg + 125mg,comprimidos revestidos,embalagem de 30 comprimidos
"MEDÁFRICA, Lda",JOYCLAV - 1000,Amoxicilina + ácido clavulânico,875mg + 125mg,comprimidos revestidos,embalagem de 6 comprimidos
MOZPHARMA LDA,DESLORATADINA BASI,Desloratadina,5mg,Comprimidos revestidos,blister de 20 comprimidos
"MEDÁFRICA, Lda",CORTUM 500,Cefuroxima,500mg,comprimidos revestidos,embalagem de 1x10 comprimidos
"MEDÁFRICA, Lda",CORTUM 250,Cefuroxima,250mg,comprimidos revestidos,embalagem de 1x10 comprimidos
MOZPHARMA LDA,CIPROFLOXACINA BASI,Ciprofloxacina,250mg,Comprimidos revestidos por pelicula,Embalagem de 16 comprimidos
AFRI FARMÁCIA LDA,MERIGENTA,"Gentamicina, sulfato",20mg/2ml,Injectável,50 ampolas de 2ml
AFRI FARMÁCIA LDA,AZIMER PLUS,Azitromicina,200mg/5ml,suspensão oral,Frasco de 15ml
"MEDÁFRICA, Lda",REGAFEN,Ibuprofeno,400mg,Comprimidos revestidos,10 blister de 10 comprimidos
"MEDÁFRICA, Lda",MEDCLOR,Cefaclor,500mg,cápsulas,1 blister de 3 cápsula
MOZPHARMA LDA,REVIFORCE,Cianocobalamina + Tiamina + Piridoxina + Nicotinamida + Colecalciferol + Ácido ascórbico + Riboflavina + Palmitato de retinol,41.625mcg + 18.4275mg + 23.3275mg + 267mg + 83.325mcg + 1330mg + 23.2075mg +467.825mg,xarope,frasco de 250ml
MOZPHARMA LDA,EKISEM,"Neomicina, Sulfato + Bacitracina",3300UI/g + 250UI/g,creme,Bisnaga de 15g
"MEDIFARMA, LDA",AMITRIPTYLINE TABLETS,"Amitriptilina, Cloridrato",25mg,Comprimidos,embalagem de 500 comprimidos
MOZPHARMA LDA,TANSULOSINA BASI,"Tansulosina, cloridrato",0.4mg,Cápsula de libertação prolongada,embalagem de 30 cápsulas
MOZPHARMA LDA,VITASMA,"Salbutamol, Sulfato",2mg/5ml,xarope,frasco de 100ml
"MEDIFARMA, LDA",RISPERIDONA BASI,Risperidona,1mg,Comprimidos revestidos,blister de 60 comprimidos
"MEDIFARMA, LDA",LOSARTAN BASI,Losartan Potássico,50mg,Comprimidos revestidos,embalagem de 56 comprimidos
"MEDIFARMA, LDA",LOSARTAN BASI,Losartan Potássico,100mg,Comprimidos revestidos,embalagem de 56 comprimidos
"MEDIFARMA, LDA",LISINOPRIL + HIDROCLORTIAZIDA BASI,Lisinopril + Hidroclorotiazida,20mg + 12.5mg,Comprimidos,embalagem de 56 comprimidos
MOZPHARMA LDA,FUNGUR,Terbinafina,250mg,comprimidos,blister de 28 comprimidos
"MEDIFARMA, LDA",DILACLAN,"Amoxicilna, trihidratada",250mg/5ml,Pó para Suspensão Oral,Frasco de 100ml
MOZPHARMA LDA,DABENZOL,"Metronidazol, benzoato",125mg/5ml,Suspensão oral,Frasco de 100ml
AFRI FARMÁCIA LDA,RENOL 50,Atenolol,50mg,comprimidos,Frasco 100 comprimidos
"ORBIS PHARMA, Lda",PARACETAMOL + CODEÍNA,Paracetamol + codeína,500mg + 30mg,comprimidos,embalagem de 12 comprimidos
AFRI FARMÁCIA LDA,DOLAC 50,Diclofenac,50mg,comprimidos,Frasco 500 comprimidos
"ORBIS PHARMA, Lda",AZITROMICINA,Azitromicina,500mg,comprimidos,embalagem de 3 comprimidos
"MEDIS FARMACÊUTICA, LDA",MOXICLAV BIS,Amoxicilina +Ácido clavulanico,400mg/5ml + 75mg/5ml,Pó para susoensão oral,frasco de 70ml e de 140ml
"MEDIS FARMACÊUTICA, LDA",MEDOFED COMPOUND,"Guaifenasina + Dextrometorfano, hidrobrometo + pseudoefedrin, hidrocloreto + Triprolidina, hidrcloreto",100mg + 15mg + 20mg + 1.25mg,Solução oral,frasco de 100ml
KWALITY PHARMACEUTICAL,CLAVUSUN 625,Amoxicilina + Clavulanato de Potássio,500mg + 125mg,comprimidos,embalagem de 10 comprimidos
KWALITY PHARMACEUTICAL,CLAVUSUN 1000,Amoxicilina + Clavulanato de Potássio,825mg + 125mg,comprimidos,7 blister de 2 comprimidos
"MEDIS FARMACÊUTICA, LDA",BROT,Metformina,500mg,Comprimidos revestidos,caixa de 50 comprimidos e 3x10 comprimidos
"MEDIS FARMACÊUTICA, LDA",BROT,Metformina,850mg,Comprimidos revestidos,caixa de 50 comprimidos E BLISTERS DE 3X10
AFRI FARMÁCIA LDA,T - STAT,Ácido tranexâmico,500mg/5ml,injectável,25 ampolas de 5ml
AFRI FARMÁCIA LDA,LOPINAVIR & RITONAVIR,Lopinavir + Ritonavir,200mg + 50mg,Comprimidos,Frasco de 120 comprimidos
AFRI FARMÁCIA LDA,CLARITHROMYCIN,Claritromicina,250mg,comprimidos,10 blister de 10 comprimidos
MDS - Medicamento e Diagnóstico na Saúde S.A,PROPOFOL 1% MCT/LCT FRESENIUS,Propofol,10mg/ml,Emulsão injectável,5 ampolas de 20ml e 10 frascos de 50ml
MDS - Medicamento e Diagnóstico na Saúde S.A,CEFEPIMA KABI,Cefepima,1000mg,Pó para solução injectável,Frasco de 20ml
"MEDÁFRICA, Lda",CORFEX - 500,Cefalexina,500mg,Cápsulas,10x10
"MEDÁFRICA, Lda",CORFEX - 250,Cefalexina,250mg,Cápsulas,10x10
"MEDÁFRICA, Lda",AKUMERO,Meropenem,1000mg,pó para injecção,1 frasco + 2 ampolas
MAPUTO HEALTH CARE Lda,TYPBAR®,Polissacarídeo capsular Vi de Salmonella Typhi Ty2 perificada,25µg,Liquido para injecção,Frasco
"MEDÁFRICA, Lda",THERMODOL,Paracetamol,1000mg/100ml,Solucao injectavel,Frasco de 100ml
MAPUTO HEALTH CARE Lda,REVAC - B+®,HBsAg Purificado,10mcg + 10mcg,Suspensão para injectável,Frasco de 100ml
"MEDÁFRICA, Lda",PLENMOXI,Moxifloxacina,400mg,Solução para infusão,Frasco de 100ml
MAPUTO HEALTH CARE Lda,INDIRAB,β Propiolacteno inactivado do virus da raiva purificado preparado em células vero Pitman-Moore estirpe do vírus da raiva,≥ 2.5UI,Pó liofilizado para injectáveis,1frasco + 1 ampola com diluente
"MEDIMPORT, LDA",HEXAXIM VACCINE,Toxoide Difteria + Toxoide Tetanus + Toxoide Pertussis + Filamento Haemagglutinina + Polio Virus Tipo 1 + Polio Virus Tipo 2 + Polio Virus Tipo 3 + Antigeno da Hepatite B + Polissacarideos da Haemofilus Influenza tipo B,≥ 20IU + ≥ 40IU + 25mcg + 25mcg + 40D + 8D +32D + 10mcg + 12mcg +,Suspensão para injectável,Frasco de 0.5ml
AFRI FARMÁCIA LDA,ZERODOL,Aceclofenac,100mg,comprimidos,3 blisters de 10 comprimidos
AFRI FARMÁCIA LDA,ETOVA-500,Etodolac,500mg,Comprimidos,3 blisters de 10 comprimidos
AFRI FARMÁCIA LDA,ETOVA-400,Etodolac,400mg,Comprimidos,3 blisters de 10 comprimidos
"ORBIS PHARMA, Lda",FEDALOC SR 60,Nifedipina,60mg,Comprimidos,embalagem de 28 e 30 comprimidos
"ORBIS PHARMA, Lda",FEDALOC SR 30,Nifedipina,30mg,Comprimidos,embalagem de 28 e 30 comprimidos
"ORBIS PHARMA, Lda",BILOCOR,"Bisoprolol, fumarato",5mg,Comprimidos,embalagem de 30 comprimidos
"ORBIS PHARMA, Lda",BILOCOR,"Bisoprolol, fumarato",10mg,Comprimidos,embalagem de 30 comprimidos
"MEDÁFRICA, Lda",C - VITA,Ácido ascórbico,500mg,comprimidos mastigáveis,3 blister de 10 comprimidos
"MEDÁFRICA, Lda",BALGYL 250,Metronidazol,250mg,Comprimidos,10 blister de 10 comprimidos
FARMA HOLDINGS SA,TETRASIM,Tetraciclina,250mg,cápsulas,10 blister de 10 cápsulas
FARMA HOLDINGS SA,OMEPRAZOL CÁPSULAS BP 20mg,Omeprazol,20mg,Cápsulas,3 blister de 10 comprimidos
"MEDIS FARMACÊUTICA, LDA",SILDENAFIL AZEVEDOS,"Sildenafil, Citrato",25mg,Comprimidos revestidos,Embalagem de 4 comprimidos
"MEDIS FARMACÊUTICA, LDA",SILDENAFIL AZEVEDOS,"Sildenafil, Citrato",50mg,Comprimidos revestidos,Embalagem de 4 e 8 comprimidos
"MEDIS FARMACÊUTICA, LDA",SILDENAFIL AZEVEDOS,"Sildenafil, Citrato",100mg,Comprimidos revestidos,Embalagem de 4 comprimidos
FARMA HOLDINGS SA,NALIDIXIC ACID,Ácido Nalidíxico,500mg,comprimidos,Frasco de 100 comprimidos
"MEDÁFRICA, Lda",MEDCLAV 312.5,Amoxicilina + Ácido Clavulânico,250mg + 62.5mg,Pó para suspensão oral,Frasco de 100ml
"MEDÁFRICA, Lda",MEDCLAV 156,Amoxicilina + Ácido Clavulânico,125mg + 32.25mg,Pó para suspensão oral,Frasco de 100ml
FARMA HOLDINGS SA,MEBENDAZOL COMPRIMIDOS MASTIGÁVEIS BP 100mg,Mebendazol,100mg,Comprimidos,10 blister de 10 comprimidos
FARMA HOLDINGS SA,KNZ 200,Cetoconazol,200mg,comprimidos,10 blister de 10 comprimidos
FARMA HOLDINGS SA,EREKTA,"Sildenafil, Citrato",50mg,Comprimidos revestidos,Embalagem de 4 comprimidos
FARMA HOLDINGS SA,DOXICILINA CÁPSULAS 100mg,Doxiciclina,100mg,Cápsulas,10 blister de 10 cápsulas
FARMA HOLDINGS SA,DICLOSAL 50,Diclofenac,50mg,comprimidos,2 blister de 10 comprimidos
FARMA HOLDINGS SA,CHLORAMPHENICOL CAPSULES BP 250mg,Cloranfenicol,250mg,cápsulas,10 blister de 10 cápsulas
FARMA HOLDINGS SA,BACLOFEN,Baclofeno,10mg,comprimidos,2 blister de 14 comprimidos
"MICJONATH PHARMACEUTICAL, LDA",LOFNAC - 100,Diclofenac sódico,100mg,comprimidos,Blister de 10 comprimidos
"MICJONATH PHARMACEUTICAL, LDA",KLOVINAL,Metronidazol + clotrimazol + esporos de lactobacillus,500mg + 100mg + 150.000UI,óvulos vaginais,Embalagem de 10 óvulos
"MEDIFARMA, LDA",ZANIPRESS,Enalapril + Lerconidipina,20mg + 10mg,Comprimidos revestidos por pelicula,Embalagem contendo blisters poliamida Alu? PVC - Alu de 56 comprimidos
MOZPHARMA LDA,NYGEN,Paracetamol - Cafeína,500mg + 20mg,comprimidos,Blister de 20 comprmidos
"MEDIFARMA, LDA",MORFINA BASI,"Morfina, Cloridrato",10mg/ml,solução injectável,Ampola de 2ml
FARMA HOLDINGS SA,INDOSIM,Indometacina,25mg,cápsulas,10 blister de 10 cápsulas
"MEDIFARMA, LDA",GUROSAN,Ácido ascórbico + Cafeína + Glucoronamida,500mg +50mg + 400mg,Comprimido efervescentes,Tubo de 20 comprimidos
FARMA HOLDINGS SA,GLIBENCLAMIDE TABLETS BP 5mg,Glibenclamida,5mg,comprimidos,10 blister de 10 comprimidos
"ORBIS PHARMA, Lda",ENAP,"Enalapril, maleato",5mg,comprimidos,30 comprimidos
"ORBIS PHARMA, Lda",ENAP,"Enalapril, maleato",10mg,comprimidos,30 comprimidos
"ORBIS PHARMA, Lda",ENAP,"Enalapril, maleato",20mg,comprimidos,30 comprimidos
MOZPHARMA LDA,CLOTRIMAZOL BASI,Clotrimazol,10mg/ml,Solução,Frasco de 20ml
FARMA HOLDINGS SA,CLARITRON 500,Claritromicina,500mg,Comprimidos revestidos,2 blister de 7 comprimidos
"MEDIFARMA, LDA",CALCHEK - 10,Amlodipina,10mg,Comprimidos,3 blister de 10 comprimidos
FARMA HOLDINGS SA,STRIDOPA,Metil dopa,250mg,comprimidos revestidos,10 blister de 10 comprimidos
AFRI FARMÁCIA LDA,RIFAMPICIN + ISONIAZID + PYRAZINAMIDE,Rimfapicina + Isoniazida + Pirazinamida,75mg + 50mg + 150mg,Comprimidos dispersivel,Frasco de 100 comprimidos e blisters de 3 blisters de 28 comprimidos
AFRI FARMÁCIA LDA,PRESARTAN 50,"Losartan, potássico",50mg,comprimidos revestidos,2 blister de 14 comprimidos
MDS - Medicamento e Diagnóstico na Saúde S.A,MORFINA LABESFAL,"Morfina, Cloridrato",10mg/ml,solução injectável,10 ampolas de 1ml
MDS - Medicamento e Diagnóstico na Saúde S.A,MEROPENEM KABI,Meropenem,1g,Pó para solição injectável,10 ampolas de 20ml
AFRI FARMÁCIA LDA,LOPINAVIR & RITONAVIR,Lopinavir + Ritonavir,100mg + 25mg,Comprimidos,Frasco de 120 comprimidos
FARMA HOLDINGS SA,GRISEOFULVINA COMPRIMIDOS BP 500mg,Griseofulvina,500mg,comprimidos,10 blister de 10 comprimidos
FARMA HOLDINGS SA,ERY 250,ERITROMICINA,250mg,comprimidos revestidos,10 blister de 10 comprimidos
MDS - Medicamento e Diagnóstico na Saúde S.A,EFEDRINA LABESFAL,"Efedrina, sulfato",50mg/ml,solução injectável,50 ampolas de 1ml
FARMA HOLDINGS SA,CLOPISTAR,Clopidogrel,75mg,comprimidos revestidos,10 blister de 10 comprimidos
FARMA HOLDINGS SA,COMPLEXO B COMPRIMIDOS,Tiamina (vitB1) + Riboflavina (Vit. B2) + Piridoxina (Vit. B6) + Nicotinamida (Vit. B3),1mg + 1mg + 1mg + 15mg,Comprimidos,10 blister de 10 comprimidos
AFRI FARMÁCIA LDA,AZIFAST - 500,Azitromicina,500mg,comprimidos revestidos,blister de 3 comprimidos
FARMA HOLDINGS SA,ARCONIFED-SR,Nifedipina,20mg,Comprimidos de libertação prolongada,3 blister de 10 comprimidos
AFRI FARMÁCIA LDA,ALOVIR 800,Aciclovir,800mg,Comprimido,embalagem de 10 x 10 comprimidos
AFRI FARMÁCIA LDA,ALOVIR 400,Aciclovir,400mg,Comprimido,Frasco de 100 comprimidos
"MEDÁFRICA, Lda",VOVENIL,"Diclofenac, sódico",25mg,Solução injectável,10 ampolas de 3ml
"MEDÁFRICA, Lda",TRADMIN,"Tramadol, cloridrato",100mg,injectável,ampolas de 2ml
"LUSOFARMA, Lda",LEPICORTINOLO,Prednisolona,25mg/ml,Pó para solução injectável,10 ampolas de 1ml
"MEDÁFRICA, Lda",DAMPHOS,Clindamicina + Clotrimazol,100mg + 100mg,Supositório vaginal de gelatina,blister de 7 supositório
"MEDÁFRICA, Lda",CEFTRIAXONE 1000,Ceftriaxona,1000mg,pó para injecção,frasco de 10ml
"MEDÁFRICA, Lda",CEFIWEL - 100 DT,Cefixima,100mg,Comprimidos dispersível,blister de 10 comprimidos
FARMA HOLDINGS SA,VITAPRO 750,Ciprofloxacina,750mg,comprimidos revestidos,2 blisters de 10 comprimidos
FARMA HOLDINGS SA,CIPROFLOXACIN TABLETS USP 500mg,Ciprofloxacina,500mg,Comprimidos revestidos,1 blister de 10 comprimidos
FARMA HOLDINGS SA,CIPROFLOXACINA COMPRIMIDOS USP 250mg,Ciprofloxacina,250mg,Comprimidos revestidos,2 blisters de 10 comprimidos
FARMA HOLDINGS SA,STRIMIDE,Indapamida,2.5mg,Comprimidos revestidos,4 blister de 7 comprimidos
FARMA HOLDINGS SA,STARFER,Sulfato Ferroso + Ácido Fólico,150mg + 0.5mg,Cápsulas,3 blisters de 10 cápsulas
FARMA HOLDINGS SA,PREDNISOLONE TABLETS BP 5mg,Prednisolona,5mg,comprimidos,Frasco de 100 comprimidos
FARMA HOLDINGS SA,PIROXICAM,Piroxicam,10mg,Cápsula,4 blister de 14 comprimidos
MDS - Medicamento e Diagnóstico na Saúde S.A,PARACETAMOL KABI,Paracetamol,10mg/ml,Solução para perfusão,10 frascos de 100ml
FARMA HOLDINGS SA,DOMPERIDONE,"Domperidona, maleato",10mg,Comprimidos,3 blisters de 10 comprimidos
"MEDÁFRICA, Lda",AZIWIN-500,"Azitromicina, Dihidrato",500mg,Comprimidos Revestidos,Embalagem de 1x3
FARMA HOLDINGS SA,AMLOSTAR - 5,Amlodipina,5mg,comprimidos,3 blisters de 10 comprimidos
FARMA HOLDINGS SA,AMLODIPINA COMPRIMIDOS 10mg,Amlodipina,10mg,comprimidos,3 blisters de 10 comprimidos
FARMA HOLDINGS SA,METFORMINA COMPRIMIDOS BP 500mg,"Metformina, hidrocloreto",500mg,Comprimidos revestidos,10 blister de 10 comprimidos
"MEDÁFRICA, Lda",REGAMOL IV,Paracetamol,1g/100ml,Infusão Intravenosa,Frasco de 100ml
FARMA HOLDINGS SA,DOSULEPIN,Dosulepina,25mg,Cápsula de gelatina dura,2 blister de 14 cápsulas
"MEDIS FARMACÊUTICA, LDA",SAYANA PRESS,"Medroxiprogesterona, Acetato",104mg /0.65ml,suspensão Injectável,Embalagem de 1 seringa de  0.65ml
"MEDIS FARMACÊUTICA, LDA",CO-TAREG,Valsartan + Hidroclorotiazida,160mg + 25mg,comprimidos,Embalagem de 28 comprimidos
FARMA HOLDINGS SA,STARCID,Hidroxido de Aluminio + Hidroxido de magnésio + Simeticone,200mg + 200mg + 25mg,comprimidos mastigáveis,10 blister de 10 comprimidos
"MEDIS FARMACÊUTICA, LDA",MERONEM IV,Meropenem,500mg,Pó para solução injectável ou perfusão,Frasco de 20ml
"MEDIS FARMACÊUTICA, LDA",MERONEM IV,Meropenem,1000mg,Pó para solução injectável ou perfusão,Frasco de 20ml
FARMA HOLDINGS SA,FUROSEMIDE TABLETS BP 40mg,Furosemida,40mg,Comprimidos,10 blister de 10 comprimidos
AFRI FARMÁCIA LDA,TEMOTERO 250,Temozolomida,250mg,Cápsula,Frasco de 5 cápsulas
AFRI FARMÁCIA LDA,TEMOTERO 20,Temozolomida,20mg,Cápsula,Frasco de 5 cápsulas
AFRI FARMÁCIA LDA,TEMOTERO 100,Temozolomida,100mg,Cápsula,Frasco de 5 cápsulas
FARMA HOLDINGS SA,LISINOPRIL TABLETS BP 5mg,Lisinopril,5mg,Comprimidos,3 blister de 10 comprimidos
FARMA HOLDINGS SA,STRIPIL 10,Lisinopril,10mg,Comprimidos,3 blister de 10 comprimidos
AFRI FARMÁCIA LDA,PACLITERO,Paclitaxel,30mg/5ml,injectável,Frasco de 5ml
FARMA HOLDINGS SA,NOURIC,Alopurinol,100mg,comprimidos,2 blister de 14 comprimidos
"MEDÁFRICA, Lda",NIAGRA 100,"Sildenafil, Citrato",100mg,Comprimidos,embalagem contendo 1 blister de 4 comprimidos
FARMA HOLDINGS SA,METOCLOPRAMIDE TABLETS BP 10mg,Metoclopramida,10mg,comprimidos,10 blister de 10 comprimidos
FARMA HOLDINGS SA,MELONAX 7.5,Meloxicam,7.5mg,Comprimidos,2 blister de 10 comprimidos
FARMA HOLDINGS SA,MELONAX 15,Meloxicam,15mg,Comprimidos,2 blister de 10 comprimidos
"MEDÁFRICA, Lda",MEDOPIN 10,Amlodipina,10mg,comprimidos,10 blister de 10 comprimidos
AFRI FARMÁCIA LDA,LAMIVUDINE ORAL SOLUTION,Lamivudina,10mg/ml,Solução oral,Frasco de 240ml
ACE HEALTH CARE LDA,GENTAMICIN FOR INJECTION 5 MEGA,"Gentamicina, sulfato",80mg/2ml,solução injectável,10 Ampolas de 2ml
ACE HEALTH CARE LDA,DICLOFENAC INJECTION,"Diclofenac, sódico",75mg/3ml,solução injectável,10 Ampolas de 3ml
ACE HEALTH CARE LDA,CEFTRIAXONE SODIUM FOR INJECTION,"Ceftriaxona, sódica",1g,Pó para solução injectável,Ampola de 10ml
ACE HEALTH CARE LDA,BENZATHINE BENZYLPENICILLIN FOR INJECTION 5 MEGA,Benzilpenicilina sódica,5mega,Pó para solução injectável,50 ampolas de 6ml
ACE HEALTH CARE LDA,BENZATHINE BENZYLPENICILLIN FOR INJECTION 2.4 MEGA,Benzilpenicilina benzatina,2.4mega,Pó para solução injectável,50 ampolas de 6ml
ACE HEALTH CARE LDA,ARTEMETHER INJECTION 80MG/ML,Arteméter,80mg/ml,solução injectável,6 ampolas de 1ml
"MEDIFARMA, LDA",THROMBOFLUX,Estreptoquinase,1500000UI,solução injectável,Frasco de 5ml
"MEDÁFRICA, Lda",WELQUINE 500,Levofloxacina,500mg,Comprimidos revestidos,blister de 10 comprimidos
"MEDÁFRICA, Lda",WELQUINE 250,Levofloxacina,250mg,Comprimidos revestidos,blister de 10 comprimidos
MDS - Medicamento e Diagnóstico na Saúde S.A,METRONIDAZOL LABESFAL,Metronidazol,5mg/ml,Solução para perfusão,Frasco de 100ml
"MEDÁFRICA, Lda",MEDOPIN 5,Amlodipina,5mg,comprimidos,10 blister de 10 comprimidos
"MEDIMPORT, LDA",SHANCHOL VACCINE,V. Cholerae O1 inaba E1 Tor strain Phil 6973 formaldeido inactivo + V. Cholerae O1 Ogawa classical strain Cairo 50 formaldeido inactivo + V. Cholerae O1 inaba classical strain Cairo 48 quente inactivo + V. Cholerae O139 strain 4260B  formaldeido inactivo,600EU + 300EU + 300EU + 600EU,Suspensão para injecção,Frasco de 1.5ml
"MEDIMPORT, LDA",IMOVAX POLIO VACCINE,Poliovirus tipo 1 + poliovirus tipo 2 +  poliovirus tipo 3,40D + 8D + 32D,Suspensão para injecção,1 frasco com 1 seringa de 1 dose
"MEDIS FARMACÊUTICA, LDA",TIVICAY,Dolutegravir,50mg,Comprimidos revestidos por película,frasco de 30 comprimidos
MDS - Medicamento e Diagnóstico na Saúde S.A,AMPICILINA LABESFAL,Ampicilina Sódico,500mg,Pó para solução injectavel,50 frascos de 2ml e frascos com solvente
MDS - Medicamento e Diagnóstico na Saúde S.A,AMPICILINA LABESFAL,Ampicilina Sódico,1000mg,Pó para solução injectavel,50 frascos de 3ml
MDS - Medicamento e Diagnóstico na Saúde S.A,QUINOX,Ciprofloxacina,2mg/ml,Pó para solução para perfusão,Frasco de 100ml
MDS - Medicamento e Diagnóstico na Saúde S.A,IMIPENEM + CILASTINA KABI,Imipenem + Cilastina,500mg + 500mg,Pó para solução para perfusão,10 frasco de 20ml
MDS - Medicamento e Diagnóstico na Saúde S.A,CEFTAZIDIMA LABESFAL,"Ceftazidima, penta hidratada",1000mg/3ml,Pó para solução injectavel,Frasco de 3ml
MDS - Medicamento e Diagnóstico na Saúde S.A,CEFTAZIDIMA LABESFAL,"Ceftazidima, penta hidratada",500mg/1.5ml,Pó para solução injectavel,Frasco de 1.5ml
MDS - Medicamento e Diagnóstico na Saúde S.A,ADRENALINA LABESFAL,"Adrenalina, tartarato",1mg/ml,Solução Injectável,50 ampolas de 1ml
"GENERICS & SPECIALITIES, Lda",ComBE Five®,Toxóide Diftérico + Toxóide tetânico + Toxóide pertussis + R-HBsAg + Polissacárido capsular purificado de Hib ligado a toxóide tetânico,25Lf + 5.5Lf + 161OU + 12.5mcg + 11mcg,Suspensão para injectável,48 Frascos de 1 dose de 0.5ml e 24 frascos de 10 doses de 5ml
"MEDÁFRICA, Lda",MODMAD 5,"Amilorido, hidroclorido",5mg,Comprimidos revestidos,10 x 10 comprimidos
MDS - Medicamento e Diagnóstico na Saúde S.A,ATROPINA LABESFAL,"Atropina, sulfato",0.5mg/ml,Solução injectável,50 ampolas de 1ml
AFRI FARMÁCIA LDA,ZOLID,Linezolida,600mg,comprimidos,1 blster de 10 comprimidos
"MEDÁFRICA, Lda",MODMAD - H,"Amilorido, hidroclorido + Hidroclorotiazida",5mg + 50mg,comprimidos,10 x 10 comprimidos
"MEDIMOC, SA",VAGIRON,Clotrimazol,1% w/w,Crème vaginal,Bisnaga de 30g
MOZPHARMA LDA,TOCELIV,"Dextrometorfano, HCl",2mg/ml,xarope,Frasco de 20ml
"MEDIMOC, SA",RONVAST 20,Sinvastatina,20mg,comprimidos,10 blister de 10 comprimidos
"MEDIMOC, SA",RONCOLD,"Paracetamol + Fenilefrina, hidrocloreto + Clorfenamina, Maleato",125mg/ml + 2.5mg/ml + 1.0mg/ml,xarope,Frasco de 100ml
"MEDIMOC, SA",RONCET,"Ceterizina, hidrocloreto",10mg,comprimidos,10 blister de 10 comprimidos
"MEDIMOC, SA",PARAQUIK JUNIOR,Paracetamol,125mg,xarope,Frasco de 60ml
"MEDIMOC, SA",METRON,Metronidazol,125mg/ml,Suspensão oral,Frasco de 100ml
"MEDIMOC, SA",GRISERON - 500,Griseofulvina,500mg,comprimidos,20 blister de 5 comprimidos
"MEDIMOC, SA",FLANAREM,Diclofenac sódico,50mg,comprimidos revestidos,embalagem de 20 comprimidos
"ORBIS PHARMA, Lda",ENAP - CO,"Enalapril, maleato + Hidroclorotiaziada",20mg + 12.5mg,Comprimids,Embalagem de 30 comprimidos
"MEDIMOC, SA",DICLOFENACO DIETILAMÔNIO GEL,Diclofenac,11.6mg/g,gel,bisnaga de 60g
"MEDIMOC, SA",AZIRON - 500,Azitromicina,500mg,Comprimidos,10 blister de 3 comprimidos
"MEDIS FARMACÊUTICA, LDA",ROTARIX,"Estirpe RIX4414 atenuada do rotavirus humano, vivo",≥ 106.0  + DICC 50,Suspensão oral,"Embalagem de 1, 10 e 50 bisnaga de 1.5ml e aplicador oral pré-cheio"
MEDIMPORT LDA,GLUCOPHAGE XR 500,"Metformina, cloridrato",500mg,Comprimidos de libertação prolongada,Embalagem de 28 comprimidos e de 30 comprimidos
MEDIMPORT LDA,GLUCOPHAGE XR 1000,"Metformina, cloridrato",1000mg,Comprimidos de libertação prolongada,Embalagem de 28 comprimidos e de 30 comprimidos
FARMA HOLDINGS SA,MOZOXX CV 312.5,Amoxicilina + Ácido Clavulânico,250mg + 62.5mg,Pó para suspensão oral,Frasco de 100ml
FARMA HOLDINGS SA,MOZOXX CV 228.5,Amoxicilina + Ácido Clavulânico,200mg + 28.5mg,Pó para suspensão oral,Frasco de 100ml
FARMA HOLDINGS SA,MOZOXX CV 156.25,Amoxicilina + Ácido Clavulânico,125mg + 31.25mg,Pó para suspensão oral,Frasco de 100ml
FARMA HOLDINGS SA,MOZAXIM 50 DS,Cefixima,50mg,Pó para suspensão oral,Frasco de 60ml
FARMA HOLDINGS SA,MOZAXIM 100 DS,Cefixima,100mg,Pó para suspensão oral,Frasco de 100ml
FARMA HOLDINGS SA,MOZATOR 20,Atorvastatina Cálcica,20mg,Comprimidos revestidos,10 blister de 10 comprimidos
FARMA HOLDINGS SA,MOZARID TAB,Levocetirizina,5mg,Comprimidos revestidos,10 blister de 10 comprimidos
FARMA HOLDINGS SA,MOZALEV 500,Levofloxacina,500mg,Comprimidos revestidos,1 blister de 10 comprimidos
FARMA HOLDINGS SA,MOZALEV 250,Levofloxacina,250mg,Comprimidos revestidos,1 blister de 10 comprimidos
FARMA HOLDINGS SA,MOZAFEN P,Aceclofenac + Paracetamol,100mg + 500mg,Comprimidos revestidos,10 blister de 10 comprimidos
MDS - Medicamento e Diagnóstico na Saúde S.A,GLUCOSE 5 % LABESFAL,Glucose,5%,Solução injectável,20 frascos de 500ml e 10 frascos de 1000ml
MDS - Medicamento e Diagnóstico na Saúde S.A,GLUCOSE 30 % LABESFAL,Glucose,30%,Solução injectável,100 ampolas de 20ml e 20 ampolas de 500ml
MOZPHARMA LDA,METRONIDAZOL BASI,Metronidazol,5mg/ml,Solução para perfusão,frasco de 100ml
MOZPHARMA LDA,FENACALM,Nitrofuranzona,2mg/g,Creme,Bisnaga de 50g
MISSIONPHARMA MOÇAMBIQUE,SULFATO FERROSO + ÁCIDO FOLICO,Sulfato Ferroso + Ácido Fólico,300mg + 1mg,Comprimidos,100 blister de 10 comprimidos
MISSIONPHARMA MOÇAMBIQUE,SAIS DE REHIDRATAÇÃO ORAL,Glicose anidra + Cloreto de Sódio + Cloreto de potassio + Citrato de sódio,13.5mg + 2.6g + 1.5g + 2.9g,Pó para suspenção oral,50 saquetas de 20g
MISSIONPHARMA MOÇAMBIQUE,PARACETAMOL TABLETS,Paracetamol,500mg,comprimidos,100 blister de 10 comprimidos
MISSIONPHARMA MOÇAMBIQUE,METRONIDAZOL,Metronidazol,250mg,comprimidos,Frasco de 1000
MISSIONPHARMA MOÇAMBIQUE,MEBENDAZOL,Mebendazol,500mg,Comprimidos,10 blister de 10 comprimidos
MISSIONPHARMA MOÇAMBIQUE,DISPERSIBLE PARACETAMOL TABLETS BP 250 mg,Paracetamol,250mg,Comprimido dispersível,50 blisters de 10 comprimidos dispersíveis
MISSIONPHARMA MOÇAMBIQUE,AMOXICILLIN,Amoxicilina,125mg,Comprimidos dispersiveis,9 blister de 10 comprimidos
MISSIONPHARMA MOÇAMBIQUE,AMOXICILINA,Amoxicilina,250mg,Comprimidos dispersíveis,26 blister de 10 comprimidos
MISSIONPHARMA MOÇAMBIQUE,AMINOFILINA,Aminofilina,100mg,Comprimidos,10 blister de 10 comprimidos
MEDIMPORT LDA,IB-U-RON,Ibuprofeno,600mg,Comprimidos revestidos,Embalagem de 20 e de 60 comprimidos
MEDIMPORT LDA,IB-U-RON,Ibuprofeno,400mg,Comprimidos revestidos,Embalagem de 20 e de 60 comprimidos
"GENERICS & SPECIALITIES, Lda","DIPHTHERIA AND TETANUS VACCINE (ADSORBED, REDUCED ANTIGEN (S)CONTENT) BE Td®",Toxóide Diftérico + Toxóide tetânico,2LF (≥2UI) + 8.8LF (≥20UI),suspenção para injecção,48 ampolas de dose unica de 0.5ml e 24 ampolas de 10 doses de 5ml
"GENERICS & SPECIALITIES, Lda",ADSORBED TETANUS VACCINE BP BETT,Toxóide tetânico,≥40UI,suspenção para injecção,48 ampolas de 0.5ml e 30 ampolas de 5ml
"MEDIFARMA, LDA",TIROFIBAN,"Tirofiban, hidrocloreto",50mcg/ml,Solução para perfusão,100 balões de 250ml
"MEDIFARMA, LDA",LARINATE - 60,Artesunato,60mg,Pó para solução Injectável,Frasco de ml + ampola de 5ml  de Cloreto de sódio+ ampola de 1ml de Bicarbonato de sódio
"MEDIFARMA, LDA",NORADRENALINA BASI,Noradrenalina,1mg/ml,Solução injectavel,Ampola de 5ml e 10ml
MDS - Medicamento e Diagnóstico na Saúde S.A,CEFTRIAXONA FRESENIUS,Ceftriaxona,1000mg/3.5ml,Pó para solução Injectável,1 Frasco + ampola de de 3.5ml e 50 frascos de 3.5ml
AFRI FARMÁCIA LDA,SOFGEN,Sofosbuvir,400mg,Comprimidos revestidos,Frascos de 28 comprimidos
AFRI FARMÁCIA LDA,LAMIVUDINA + EFAVIRENZ + TENOFOVIR DISOPROXIL FUMARATO,Lamivudina + Efavirenz + Tenofovir Disopropil Fumarato,300mg + 600mg + 300mg,Comprimidos,Frasco de 30 e 90 comprimidos
AFRI FARMÁCIA LDA,INACTIVATED POLIMYTIS VACCINE SUSPENSION FOR INJECTION ONE DOSE,Pólio virus tipo 1 + Pólio virus tipo 2 + Pólio virus tipo 3,40D + 8D + 32D Unidades antígenos,Suspensão para injectável,Frasco de 0.5ml
AFRI FARMÁCIA LDA,INACTIVATED POLIMYTIS VACCINE SUSPENSION FOR INJECTION  MULTI DOSE,Pólio virus tipo 1 + Pólio virus tipo 2 + Pólio virus tipo 3,40D + 8D + 32D Unidades antígenos,Suspensão para injectável,Frasco de 2.5ml
AFRI FARMÁCIA LDA,BINFIN,Finasterida,5mg,Comprimidos,2 blister de 15 comprimidos
AFRI FARMÁCIA LDA,ATAZANAVIR SULFATE AND RITONAVIR,Atazanavir + Ritonavir,300mg + 100mg,Comprimidos revestidos,Frasco de 30 comprimidos
FARMA HOLDINGS SA,MOZOXX CV 375,Amoxicilina + Àcido Clavulânico,250mg + 125mg,Comprimidos,Blister de 10 comprimidos
FARMA HOLDINGS SA,MOZOXX CV 1000,Amoxicilina + Àcido Clavulânico,875mg + 125mg,Comprimidos,Blister de 10 comprimidos
FARMA HOLDINGS SA,MOZOXA 200,Ofloxacina,200mg,Comprimidos,10 blister de 10 comprimidos
FARMA HOLDINGS SA,MOZODOXX 100 DT,Cefpodoxima proxetil,100mg,Comprimidos dispersíveis,Blister de 10 comprimidos
FARMA HOLDINGS SA,MOZARTEL 40,Telmisartan,40mg,Comprimidos revestidos,10 blister de 10 comprimidos
FARMA HOLDINGS SA,MOZALOR,Loratadina,10mg,Comprimidos,10 blister de 10 comprimidos
FARMA HOLDINGS SA,LOPERAMIDE HYDROCLORIDE,"Loperamida, Cloridrato",2mg,Cápsulas,3 blister de 10 cápsulass
FARMA HOLDINGS SA,ÁCIDO FÓLICO COMPRIMIDOS BP 5mg,Ácido fólico,5mg,Comprimidos,10 blister de 10 comprimidos
FARMA HOLDINGS SA,ALLUPURINOL,Alopurinol,300mg,Comprimidos,2 blister de 14 comprimidos
MDS - Medicamento e Diagnóstico na Saúde S.A,PREDNISOLONA LABESFAL,Prednisolona,5mg,Comprimidos,Embalagem de 500 comprimidos
MDS - Medicamento e Diagnóstico na Saúde S.A,PREDNISOLONA LABESFAL,Prednisolona,20mg,Comprimidos,Embalagem de 500 comprimidos
MDS - Medicamento e Diagnóstico na Saúde S.A,MANITOL LABESFAL 20%,Manitol,20%,Solução injectavel,20 frascos de 250ml
MDS - Medicamento e Diagnóstico na Saúde S.A,CLINCINA,"Clindamicina, fosfato",600mg/4ml,Solução injectável,60 ampolas de 4ml
"MEDIS FARMACÊUTICA, LDA",VASCOTEN,Atenolol,100mg,Comprimidos revestidos,embalagem de 100 comprimidos e Blister 3x10 comprimidos
"MEDIS FARMACÊUTICA, LDA",SNIP PAIN,Paracetamol + Cafeína,500mg + 50mg,Comprimidos,Embalagem de 1x10 e 2x20 comprimidos
"MEDIS FARMACÊUTICA, LDA",SNIP,"Paracetamol + Pseudoefrina, hidrocloreto + Clorfeniramina, maleato",325mg + 15mg + 1mg,Comprimidos,Embalagem contendo 1 blister de 10 comprimidos e 2 blisters de 10 comprimidos
"MEDIS FARMACÊUTICA, LDA",MOXICLAV FORTE,Amoxicilina + Ácido Clavulânico,250mg/5ml + 62.5mg/5ml,Pó para suspenção oral,Frasco de 100ml
"MEDIS FARMACÊUTICA, LDA",MOXICLAV 625g,Amoxicilina + Ácido Clavulânico,500mg + 125mg,Comprimidos revestidos,embalagem de 16 comprimidos
"MEDIS FARMACÊUTICA, LDA",MOXICLAV 1g,Amoxicilina + Ácido Clavulânico,875mg + 125mg,Comprimidos revestidos,embalagem de 14 comprimidos
NATUR PHARMA,ZAPCOLD SYRUP,"Paracetamol + feniefrina, cloridrato + Clorfeniramina",125mg + 2.5mg + 1mg,Xarope,Frasco de 60ml
NATUR PHARMA,DYVORM - 200,Albendazol,200mg,Suspensão oral,Frasco de 10ml
NATUR PHARMA,DYTETRA - 500,"Tetraciclina, cloridrato",500mg,cápsulas,10 blister de 10 cápsulas
WELL WORTH LDA,OPTOPRED OPHTHALMIC SUSPENSION,"Prednisolona, acetato",10mg/ml,Suspensão oftálmica,Frasco de 5ml
MEDIMPORT LDA,VALSARTAN BLUESAR,Valsartan,80mg,Comprimidos,Embalagem de 28 e de 56 comprimidos
MEDIMPORT LDA,VALSARTAN BLUESAR,Valsartan,160mg,Comprimidos,Embalagem de 28 e de 56 comprimidos
MEDIMPORT LDA,SILDENAFIL BLUEPHARMA,"Sildenafil, Citrato",25mg,Comprimidos revestidos,embalagem de 4 comprimidos
MEDIMPORT LDA,SILDENAFIL BLUEPHARMA,"Sildenafil, Citrato",50mg,Comprimidos revestidos,"embalagem de 1, 4 e 8 comprimidos"
MEDIMPORT LDA,SILDENAFIL BLUEPHARMA,"Sildenafil, Citrato",100mg,Comprimidos revestidos,embalagem de 4 comprimidos
MEDIMPORT LDA,IB-U-RON,Ibuprofeno,40mg/ml,suspensão oral,Frasco de 150ml
MEDIMPORT LDA,CELECOXIB BLUEPHARMA,Celecoxib,100mg,Cápsulas,Embalagem de 20 e de 60 cápsulas
MEDIMPORT LDA,CELECOXIB BLUEPHARMA,Celecoxib,200mg,Cápsulas,Embalagem de 20 e de 60 cápsulas
"MEDÁFRICA, Lda",UNOSEMIDE - 10,Furosemida,10mg/ml,Solução Injectável,10 ampolas de 2ml
"MEDÁFRICA, Lda",TRALAMES 100,"Tramadol, cloridrato",100mg,cápsulas,10 blister de 10 comprimidos
"MEDÁFRICA, Lda",OMEPRAZOL CAPSULES,Omeprazol,20mg,cápsulas,10 blister de 10 comprimidos
"MEDÁFRICA, Lda",NYSTATIN PESSARIES,Nistatina,100.000UI,comprimidos vaginais,2 blister de 6 comprimidos
FARMA HOLDINGS SA,MOZOXA 400,Ofloxacina,400mg,Comprimidos revestidos,10 blister de 10 comprimidos
FARMA HOLDINGS SA,MOZAXIM 400 DT,Cefixima,400mg,comprimidos dispersíveis,10 blister de 10 comprimidos
FARMA HOLDINGS SA,MOZAXIM 100 DT,Cefixima,100mg,comprimidos dispersíveis,10 blister de 10 comprimidos
FARMA HOLDINGS SA,SPIRONOLACTONE TABLETS BP 25mg,Espironolactona,25mg,Comprimidos revestidos,10 blister de 10 comprimidos
FARMA HOLDINGS SA,MOZARTEL 20,Telmizartan,20mg,Comprimidos revestidos,10 blister de 10 comprimidos
FARMA HOLDINGS SA,MOZAROS- 10,Rosuvastatina Cálcica,10mg,Comprimidos revestidos,10 blister de 10 comprimidos
FARMA HOLDINGS SA,MOZARAB,Rabeprazol,20mg,Comprimidos revestidos,10 blister de 10 comprimidos
FARMA HOLDINGS SA,MOZALOR D,Desloratadina,5mg,Comprimidos revestidos,10 blister de 10 comprimidos
FARMA HOLDINGS SA,MOZAFEN,Aceclofenac,100mg,Comprimidos revestidos,Blister de 10 comprimidos
FARMA HOLDINGS SA,MOZACEF 500,Cefalexina,500mg,Comprimidos revestidos,Blister de 10 comprimidos
FARMA HOLDINGS SA,MOZACEF 250 DT,Cefalexina,250mg,comprimidos dispersíveis,10 blister de 10 comprimidos
FARMA HOLDINGS SA,MOZACEF 125 DRY SYRUP,Cefalexina,125mg/ml,Pó para reconstituição,Frasco de 100ml
"MEDÁFRICA, Lda",MAHACILLIN-S 1.5g,"Ampicilina, sódica + Sulbactam",1000mg + 500mg,Pó para solução injectavel,Frasco de 20ml
"MEDÁFRICA, Lda",GL - ZOLE - V,Clotrimazol,100mg,comprimidos vaginais,1 blister de 6 comprimidos
"MEDÁFRICA, Lda",GENTAWEL,"Gentamicina, sulfato",40mg/ml,solução injectável,5 ampolas de 2ml
"MEDÁFRICA, Lda",CEFTRISONE-S 1.5g,Ceftriaxona sódica + Sulbactam,1000mg + 500mg,Pó para solução Injectável,frasco de 20ml e ampola de 10ml
MOZPHARMA LDA,PANTOPRAZOL BASI,Pantoprazol,40mg,Pó para solução injectavel,Embalagem de 1 e de 50 frascos de 15ml
"MEDIFARMA, LDA",SNAKE VENOM ANTIRERUM,"Polyvalente, enzyme Refined, Equine immunoglobulin (Dendroaspis polylepis  venom + Bitis gabonica rhinoceros venom + Vipera russeli venom + Echis Carinatus venom)",0.495mg/ml + 0.660mg/ml + 0.660mg/ml + 0.495mg/ml,Pó e solvente para solução injectavel,Frasco de 10ml
"MEDIFARMA, LDA",NORADRENALINA BASI,Noradrenalina,2mg/ml,concentrado para solução para perfusão,10 unidades de 5ml e de 10ml
MOZPHARMA LDA,FUNGUR,Terbinafina,10mg/g,creme,bisnaga de 15mg
MOZPHARMA LDA,CIPROFLOXACINA BASI,Ciprofloxacina,500mg,Comprimidos revestidos por pelicula,Embalagem de 16 comprimidos
MOZPHARMA LDA,BESILATO DE ATRACÚRIO BASI,"Atracúrio, Besilato",10mg/ml,Solução injectável,Ampola de 5ml
PROFARMA,ANTIGARA 50,"Sildenafil, Citrato",50mg,Comprimidos revestidos,Embalagem de 10x1x4
PROFARMA,ANTIGARA 100,"Sildenafil, Citrato",100mg,Comprimidos revestidos,Embalagem de 10x1x5
AFRI FARMÁCIA LDA,SEPGARD,Feracrilum,10g,gel,Bisnaga de 15g
MDS - Medicamento e Diagnóstico na Saúde S.A,TIAMINA LABESFAL,"Tiamina (vitB1), cloridrato",100mg/2ml,solução injectável,50 ampolas de 2ml
MDS - Medicamento e Diagnóstico na Saúde S.A,BROMETO DE ROCURÓNIO KABI,"Rocurónio,Brometo",10mg/ml,solução injectável,10 frascos de 5ml
AFRI FARMÁCIA LDA,pH7 EFFERVESCENT GRANULES,Bicarbonato de Sódio + ácido Tarrtárico + Ácido Citrico,2.8g + 1.33g + 0.82g,Grânulos efervescentes,56 saquetas de 5g
MEDIMPORT LDA,VERFEN,"Fentanil, citrato",50mcg/ml,Solução injectável,
MEDIMPORT LDA,TRAM-U-RON®OD,"Tramadol, cloridrato",100mg,Cápsulas de libertação prolongada,blister de 20 comprimidos
"SHANI, LIMITADA",TERNABINE GEL,Terbinafina,10mg,Gel,Bisnaga de 15g
"SHANI, LIMITADA",ERYTHROKANT,"Eritromicina, estearato",500mg,Comprimidos revestidos,10 blister de 10 comprimidos
"GENERICS & SPECIALITIES, Lda",EFAVIRENZ + EMTRICITABINA + TEENOFOVIR DISPROXIL FUMARATE,Efavirenz + Emtricitabina + Tenofovir disoproxil fumarato,600mg + 200mg + 300mg,Comprimidos,Frasco de 30 comprimidos
MEDIMPORT LDA,DOL-U-RON® FORTE,Paracetamol + Codeína,1000mg + 60mg,Comprimidos,blister de 18 comprimidos
"SHANI, LIMITADA",DINAC GEL,Diclofenac dietilamina,1.16% w/w,gel,bisnaga de 30g
"SHANI, LIMITADA",DELVAC TABLETS,Diclofenac sódico,100mg,Comprimidos revestidos,10 blister de 10 comprimidos
"GENERICS & SPECIALITIES, Lda",AMPHOTRET,Anfotericina B,50mg,Pó liofilizado para injectáveis,Frasco de 10ml
PLANET PHARMACEUTICAL LIMITADA,VISCID GEL,Hidroxido de Aluminio + Hidroxido de magnésio + Simeticona,306mg + 100mg + 25mg,Suspensão oral,Frasco de 200ml
RK PHARMACEUTICALS SOCIEDADE UNIPESSOAL Lda,ABZ SUSPENSION,Albendazol,200mg/5ml,Suspensão oral,Frasco de 10ml
ACE HEALTH CARE LDA,TOPGYL 250,Metronidazol,250mg,Comprimidos revestidos,10 blister de 10 comprimidos
ACE HEALTH CARE LDA,LBEN - 400,Albendazol,400mg,comprimidos,blister de 1 comprimido
ACE HEALTH CARE LDA,AZICIN - 500,Azitromicina,500mg,comprimidos,blister de 3 comprimidos
ACE HEALTH CARE LDA,ALIVIADOR,Paracetamol + Diclofenac,500mg + 50mg,Comprimidos,10 blister de 10 comprimidos
ACE HEALTH CARE LDA,ACETRIM-480,Sulfametoxazol + Trimetoprim,400mg + 80mg,comprimidos,10 blister de 10 comprimidos
ACE HEALTH CARE LDA,ACENAC - 50,"Diclofenac, sódico",50mg,Comprimidos revestidos,10 blister de 10 comprimidos
ACE HEALTH CARE LDA,ACEMOL,Paracetamol,500mg,comprimidos,10 blister de 10 comprimidos
ACE HEALTH CARE LDA,ACEFEN - 400,Ibuprofeno,400mg,Comprimidos revestidos,10 blister de 10 comprimidos
ACE HEALTH CARE LDA,ACEFEN - 200,Ibuprofeno,200mg,Comprimidos revestidos,10 blister de 10 comprimidos
"SHANI, LIMITADA",SPOTCLAV 625,"Amoxicilina, tri hidratado + Clavulanato de potássio",500mg + 125mg,Comprimidos mastigáveis,2 blister de 10 comprimidos
"SHANI, LIMITADA",SPAMOX ORAL SUSPENSION,"Amoxicilina, tri hidratado",250mg/5ml,Suspensão Oral,Frasco de 100ml
"SHANI, LIMITADA",SPAMOX ORAL SUSPENSION,"Amoxicilina, tri hidratado",125mg/5ml,Suspensão Oral,Frasco de 100ml
"SHANI, LIMITADA",SPAMOX CAPSULES 500,"Amoxicilina, tri hidratado",500mg,Comprimidos,10 blister de 10 comprimidos
MOZ - IN LDA,BENGEN TABLETS,Albendazol,400mg,comprimidos mastigáveis,20 blister de 1 comprimidos
MDS - Medicamento e Diagnóstico na Saúde S.A,NORADRENALINA LABESFAL,"Noradrenalina,bitartarato",1mg/ml,Solucao injectavel,12 ampolas de vidro ambar de 2ml
MDS - Medicamento e Diagnóstico na Saúde S.A,IONOSTERIL® LACT,"Cloreto de potassio + Cloreto de sodio +  Lactato de sodio, solucao a 50% + Cloreto de calcio di-hidratado","0.40g + 6,0g + 6.34g + 0.27g",Solução injectável,10 Frascos de polietileno de 1000ml e 20 frascos de polietileno de 500ml
RK PHARMACEUTICALS SOCIEDADE UNIPESSOAL Lda,CLOBEN G SKIN CREAM,Clotrimazol + Diproprionato de Beclometasona + Sulfato de gentamicina,1.00%w/w + 0.025% w/w + 0.1 %w/w,Creme,Bisnaga de 15g
PROFARMA,PENZATH,Penicilina Benzatinica,2.4mega eq. 2g,Po para suspensao injectavel,1 frasco de vidro tipo III de 10ml
FARMA HOLDINGS SA,MOZOXA OZ,Ofloxacina + Ornidazol,200mg + 500mg,Comprimidos Revestidos,Embalagem contendo 1 x 10
FARMA HOLDINGS SA,MOZARID D SYRUP,Desloratadina,5mg/ml,xarope,Frasco de 60ml
FARMA HOLDINGS SA,MOZAPRIN 150,Acido acetil salicílico,150mg,Comprimidos gastro-resitentes,Embalagem contendo 10 x 10
FARMA HOLDINGS SA,MOZALITE,Cloridrato de ambroxol + Guaifenesina + Sulfato de levosalbutamol,30mg + 50mg + 1mg/5ml,xarope,Frasco de 100ml
FARMA HOLDINGS SA,MOZAIR,Monteleucaste,10mg,Comprimidos Revestidos,Embalagem contendo 10 x 10
FARMA HOLDINGS SA,MOZAGYL,Metronidazol,200mg/5ml,suspensâo oral,Frasco de 100ml
FARMA HOLDINGS SA,MOZAGLIPT 50,Sitagliptina,50mg,Comprimidos Revestidos,Embalagem contendo 10 x 10
FARMA HOLDINGS SA,MOZAGLIPT 100,Sitagliptina,100mg,Comprimidos Revestidos,Embalagem contendo 10 x 10
FARMA HOLDINGS SA,MOZAGLIM 2,Glimiperida,2mg,Comprimidos,Embalagem contendo 10 x 10
FARMA HOLDINGS SA,MOZA IF,Ferro + Ácido Fólico,50mg +0.5mg,xarope,Frasco de 200ml
FARMA HOLDINGS SA,MOZA CPM,"Clorfeniramina, maleato",4mg,Comprimidos,Embalagem contendo 10 x 10
FARMA HOLDINGS SA,MET - 850,Metformina,850mg,Comprimidos Revestidos,Embalagem contendo 10 x 10
NATUR PHARMA,VITOLDYN-P,Caseina + Ferro elementar + Vitamina B12 +  Vitamina B1 +  Vitamina B2  +  Vitamina B6 + Niacinamida + D-Pantenol + Sulfato de zinco,1mg+15mg+ 0.5mcg + 2mg + 2.5mg + 25mg + 3mg + 7.5mg,xarope,Frasco de 200ml
NATUR PHARMA,VITOLDYN-L,Caseina + Ferro elementar + Vitamina B12 +  Vitamina B1 +  Vitamina B2  +  Vitamina B6 + Sulfato de zinco + L-Lisina,300mg+5mg+ 0.5mcg + 1mg + 0.5mg + 0.5mg + 1.5mg + 25mg,xarope,Frasco de 200ml
NATUR PHARMA,DYNTOX-DS-250,"Amoxicilina,Trihidrato",250mg/5ml,Suspensão Oral,Frasco de 100ml
NATUR PHARMA,DYNTOX-DS-125,"Amoxicilina,Trihidrato",125mg,Suspensão Oral,Frasco de 100ml
NATUR PHARMA,DYNCLOFEN-50,"Diclofenac, sodico",50mg,Comprimidos Revestidos,Embalagem contendo 10 x 10
RK PHARMACEUTICALS SOCIEDADE UNIPESSOAL Lda,CYCLOPAM SUSPENSION,"Dicicloverina, hidrocloreto + Simeticone",10mg + 40mg,Suspensao oral,Frasco de 30ml
RK PHARMACEUTICALS SOCIEDADE UNIPESSOAL Lda,CLOBEN SKIN CREAM,Clotrimazol + Diproprionato de Beclometasona,1.00%w/w + 0.025% w/w,Creme,Bisnaga de 15g
AFRI FARMÁCIA LDA,AZUMA 500,Azitromicina,500mg,comprimidos,blister de 6 comprimidos
AFRI FARMÁCIA LDA,AZUMA 250,Azitromicina,250mg,comprimidos,blister de 6 comprimidos
MOZ - IN LDA,SALMIN,"Salbutamol, Sulfato",4mg,comprimidos,10 blister de 10 comprimidos
MOZ - IN LDA,MOZAR - 500,Azitromicina,500mg,comprimidos revestidos,5 blister de 3 comprimidos
MOZ - IN LDA,IBUDEN 400,Ibuprofeno,400mg,comprimidos revestidos,10 blister de 10 comprimidos
"ORBIS PHARMA, Lda",LISORETIC 20/12.5,Lisonopril + Hidroclorotiazida,20mg + 12.5mg,Comprimidos revestidos,Blister de 30 comprimidos
"ORBIS PHARMA, Lda",LISORETIC 10/12.5,Lisonopril + Hidroclorotiazida,10mg + 12.5mg,Comprimidos revestidos,Blister de 30 comprimidos
RK PHARMACEUTICALS SOCIEDADE UNIPESSOAL Lda,TUSPRESS COUGH SUPPRESSANT,"Dextrometorfano, bromidrato + Fenilefrina + Clorfeniramina",10mg/5ml,Xarope,Frasco de 100ml
MISSIONPHARMA MOÇAMBIQUE,TRICLOFEN,"Medroxiprogesterona, acetato",150mg/ml,suspensão injectável,20 frasco de 1ml
MISSIONPHARMA MOÇAMBIQUE,SULFATO DE ZINCO,Sulfato de Zinco,20mg,Comprimidos,10 blister de 10 comprimidos
MISSIONPHARMA MOÇAMBIQUE,NISTATINA SUSPENSÂO ORAL,Nistatina,100000UI/ml,Suspensão Oral,frasco de 30ml
KWALITY PHARMACEUTICAL,LIDOKWAL,Lidocaina + Adrenalina,10mg + 22.5mcg,Solução injectável,5 ampolas de
MISSIONPHARMA MOÇAMBIQUE,INFUSÃO DE GLICOSE BP 50g/l,Glicose,50g/l,Solução para perfusão,"Frasco de 250ml, 500ml e 1000ml"
MISSIONPHARMA MOÇAMBIQUE,INFUSÃO DE CLORETO DE SÓDIO BP 0.9%,Cloreto de Sódio,"0,9mg/1000ml",Solução injectável,"Frasco de 250ml, 500ml, e 1000ml"
MISSIONPHARMA MOÇAMBIQUE,COMPOSTO DE LACTATO DE SÓDIO,Lactato de Sódio + Cloreto de Sódio + Cloreto de Potássio + Cloreto de Cálcio,"0,32g + 0,60g + 0,04g + 0,027g",Solução injectável,Frasco de 500ml
MISSIONPHARMA MOÇAMBIQUE,CLOTRIMAZOL CREME 1%,Clotrimazol,10mg/g,creme,Bisnaga de 30g
KWALITY PHARMACEUTICAL,CLAVUSUN suspension NEONATE,Amoxicilina + ácido clavulânico,125mg/5ml + 31.25mg/5ml,Pó para suspensao oral,ampolas de 2ml
MISSIONPHARMA MOÇAMBIQUE,AMOXICILINA COMPRIMIDOS PARA SUSPENSÃO ORAL,Amoxicilina,250mg,Comprimidos dispersíveis,26 blister de 10 comprimidos
MISSIONPHARMA MOÇAMBIQUE,AMOXICILINA COMPRIMIDOS PARA SUSPENSÃO ORAL,Amoxicilina,125mg,Comprimidos dispersíveis,10 blister de 9 comprimidos
MISSIONPHARMA MOÇAMBIQUE,ÁGUA ESTERILIZADA PARA INJECTÁVEL,Água para preparações injectáveis,não aplicavel,Solução injectável,25 ampolas de 10ml
PLANET PHARMACEUTICAL LIMITADA,IBUFIL F 400,Ibuprofeno,400mg,comprimidos revestidos,10 blister de 10 comprimidos
PLANET PHARMACEUTICAL LIMITADA,DICLOFEN 50,Diclofenac,50mg,Comprimidos,10 blister de 10 comprimidos
PLANET PHARMACEUTICAL LIMITADA,BETAFIL,Atenolol,100mg,Comprimidos,10 blister de 10 comprimidos
MEDIMPORT LDA,MONTELUCASTE BLUEPHARMA,Montelucaste sódico,4mg,Comprimidos mastigáveis,Embalagem de 14 e 28 comprimidos
MEDIMPORT LDA,MONTELUCASTE BLUEPHARMA,Montelucaste sódico,5mg,Comprimidos mastigáveis,Embalagem de 14 e 28 comprimidos
MEDIMPORT LDA,MONTELUCASTE BLUEPHARMA,Montelucaste sódico,10mg,Comprimidos revestidos,Embalagem de 14 e 28 comprimidos
NATUR PHARMA,ZINGMOL - 500,Paracetamol,500mg,comprimidos,10 blister de 10 comprimidos
ACE HEALTH CARE LDA,METOCLOPRAMIDE INJECTION,Metoclopramida,10mg/2ml,Pó para solução injectavel,Ampolas de 2ml
ACE HEALTH CARE LDA,DZIRE - 100,"Sildenafil, Citrato",100mg,comprimidos revestidos,blister de 4 comprimidos
NATUR PHARMA,DYZEPIN - 200,Carbamazepina,200mg,comprimidos,10 blister de 10 comprimidos
NATUR PHARMA,DYVORM - 400,Albendazol,400mg,comprimidos,blister de 1 comprimido
NATUR PHARMA,DYTRIPTIN - 25,Amitripilina,25mg,comprimidos,10 blister de 10 comprimidos
NATUR PHARMA,DYNCLOFEN PLUS-EC,Paracetamol + Diclofenac,500mg + 50mg,comprimidos,10 blister de 10 comprimidos
ACE HEALTH CARE LDA,AMPICILLIN SODIUM FOR INJECTION,"Ampicilina, sódica",1g,Pó para solução injectavel,Ampolas de 7ml
"LUSOFARMA, Lda",PREDNIFTALMINA,Cloranfenicol + Prednisolona,10mg/g + 2.5mg/g,Pomada oftálmica,bisnaga de 9g
"LUSOFARMA, Lda",OTO - SYNALAR N,"Fluocinolona, acetonido + Neomicina + Polimixina B",0.25mg/ml + 3.5mg/ml + 1000UI/ml,Gotas auriculares,frasco de 10ml
"LUSOFARMA, Lda",ÓLEO - DERMOSINA SIMPLES,Óxido de zinco,400mg/g,suspensão cutânea,frasco de 100g
"ORBIS PHARMA, Lda",ZITHROSUN - 500,Azitromicina,500mg,Comprimidos revestidos,1 blister de 3 comprimidos
"ORBIS PHARMA, Lda",SUNIF ER,Nifedipina,10mg,Cápsulas de libertação prolongada,10 blister de 10 comprimidos
"ORBIS PHARMA, Lda",RISOPINE,Carbamazepina,200mg,Comprimidos,10 blister de 10 comprimidos
"ORBIS PHARMA, Lda",CARDISUN - SR,Nifedipina,20mg,Comprimidos de libertação prolongada,10 blister de 10 comprimidos
"MEDÁFRICA, Lda",PROSTAR,Progesterona,100mg,Cápsula de geletina dura,10 blister de 10 comprimidos
"MEDÁFRICA, Lda",PROSTAR,Progesterona,200mg,Cápsula de geletina dura,10 blister de 10 comprimidos
ACE HEALTH CARE LDA,PREDNACE 5,Prednisolona,5mg,comprimidos,10 blister de 10 comprimidos
ACE HEALTH CARE LDA,PREDNACE 20,Prednisolona,20mg,comprimidos,10 blister de 10 comprimidos
ACE HEALTH CARE LDA,PHENIREX,Clorfeniramina,4mg,comprimidos,10 blister de 10 comprimidos
ACE HEALTH CARE LDA,MBEN,Mebendazole,100mg,comprimidos,1 blister de 6 comprimidos
ACE HEALTH CARE LDA,LOPERIX,"Loperamida, Cloridrato",2mg,Cápsulas,10 blister de 10 cápsulas
ACE HEALTH CARE LDA,GASTROTAB,HIdroxido de Aluminio,500mg,comprimidos mastigáveis,10 blister de 10 comprimidos
ACE HEALTH CARE LDA,ACECARDIA,Nifedipina,30mg,comprimidos de libertação prolongada,10 blister de 10 cápsulass
ACE HEALTH CARE LDA,ACECARB,Carbamazepina,200mg,comprimidos,10 blister de 10 comprimidos
AFRI FARMÁCIA LDA,CELOFEN 200,Celecoxib,200mg,Cápsula,2 blister de 10 cápsulas e  2x10
WELL WORTH LDA,PILL 72,Levonorgestrel,0.75mg,Comprimidos,1 blister de 10 comprimidos
MISSIONPHARMA MOÇAMBIQUE,GLUCOSE INFUSION,Glucose,10g/1000ml,Infusão Intravenosa,"balão de 250ml, 500ml e de 1000ml"
"ORBIS PHARMA, Lda",TRIPSUN 25,Amitripilina,25mg,comprimidos revestidos,10 blisters de 10 comprimidos
"ORBIS PHARMA, Lda",LEVOSUN - 500,Levofloxacina,500mg,comprimidos revestidos,10 blisters de 10 comprimidos
RK PHARMACEUTICALS SOCIEDADE UNIPESSOAL Lda,TUSPEL PLUS COUGH SYRUP,"Bromexina, cloridrato + Salbutamol + cloreto de amonio + mentol",8mg + 2mg + 100mg + 1.5mg,Suspensão oral,Frascos de 100ml
RK PHARMACEUTICALS SOCIEDADE UNIPESSOAL Lda,FEBREX PLUS TABLETS,Parecetamol + Fenilefrina + clorfeniramina,500mg + 10mg +2mg,Comprimidos,2 blister de 10 comprimidos
RK PHARMACEUTICALS SOCIEDADE UNIPESSOAL Lda,FEBREX PLUS SYRUP,Paracetamol + Citrato de sódio + Fenilefrina + Clorfeniramina,125mg + 60mg + 2.5mg + 1mg,Xarope,Frasco de 100ml
MDS - Medicamento e Diagnóstico na Saúde S.A,TIAMINA LABESFAL,"Tiamina (vitB1), cloridrato",100mg,Comprimidos,Blister de 20 comprimidos
"ORBIS PHARMA, Lda",ORBIS PÁRA JÁ,Paracetamol,500mg,comprimidos,10 blister de 10 comprimidos
MDS - Medicamento e Diagnóstico na Saúde S.A,KABIVEN,"Óleo de soja purificado + Glucose mono-hidratada + Alanina + Arginina + Ácido aspártico + Ácido glutâmico + Glicina + Histidina + Isoleucina + Leucina + Lisina, cloridrato + Metionina + Fenilalanina + Prolina + Serina + Treonina + Triptofano + Tirosina +","80g + 200g + 9.6g + 6.8g + 2.0g + 3,4g + 4,7g + 4,1g + 3,4g + 4,7g + 5.4g + 3.4g + 4,7g + 4,1g + 2,7g + 3,4g + 1,1g + 0.14g + 4.4g + 0,44g + 3,0g + 0.96g + 3,6g + 2,9",Emulsão para perfusão,Embalagem contendo 4 frascos tricompertimentado de 1053ml+ 600ml + 400ml (2053 ml)
"ORBIS PHARMA, Lda",IBURISE 400,iBuprofeno,400mg,comprimidos revestidos,10 blister de 10 comprimidos
"ORBIS PHARMA, Lda",AZITROMICINA DIHIDRATADA,Azitromicina,200mg/5ml,Pó para suspensão oral,Frasco de 15ml
"ORBIS PHARMA, Lda",AMOXICILINA,Amoxicilina,250mg/5ml,Pó para Suspensão Oral,Frasco de 150ml
"ORBIS PHARMA, Lda",LETROZOLE DENK 2.5,Letrozole,2.5mg,comprimidos revestidos,3 blister de 10 comprimidos
"MEDIS FARMACÊUTICA, LDA",INFEN -25,"Dexcetoprofeno, trometamol",25mg,Comprimidos revestidos por película,10 blisters de 10 comprimidos
"MEDIS FARMACÊUTICA, LDA",AZITROMICINA AZEVEDOS,Azitromicina,500mg,comprimidos revestidos,blister de 3 comprimidos
"MEDIS FARMACÊUTICA, LDA",ACEM - 500,Claritromicina,500mg,comprimidos revestidos,10 x1x 10 comprimidos
"MEDÁFRICA, Lda",OFLOTECH,Ofloxacina,200mg,Solução para infusão,embalagem de 100ml
"TMI - HEALTHCARE, LDA",PARACETAMOL CICLUM,Parecetamol,1000mg,Comprimidos,Embalagem de 20 comprimidos
"TMI - HEALTHCARE, LDA",OMEPRAZOL STADA,Omeprazol,20mg,Cápsulas,Embalagem de 56 cápsulas
"TMI - HEALTHCARE, LDA",FLUOXETINA CICLUM,Fluoxetina,20mg,Cápsulas,Embalagem de 60 comprimidos
"TMI - HEALTHCARE, LDA",ENALAPRIL CICLUM,Enalapril,5mg,Comprimidos,Embalagem de 20 e de 60 comprimidos
"TMI - HEALTHCARE, LDA",ENALAPRIL CICLUM,Enalapril,20mg,Comprimidos,Embalagem de 56 comprimidos
"TMI - HEALTHCARE, LDA",CIPROFLOXACINA CICLUM,Ciprofloxacina,500mg,Comprimidos revestidos,Embalagem de 16 comprimidos
"TMI - HEALTHCARE, LDA",ALOPURINOL CICLUM,Alopurinol,300mg,Comprimidos,embalagem de 20 e de 60 comprimidos
"GENERICS & SPECIALITIES, Lda",ENBLOK 5,"Nebivolol, hdrocloreto",5mg,Comprimidos,3 Blisters com 10 comprimidos
"GENERICS & SPECIALITIES, Lda",ENBLOK 20,"Nebivolol, hdrocloreto",20mg,Comprimidos,3 Blisters com 10 comprimidos
"GENERICS & SPECIALITIES, Lda",ENBLOK 2.5,"Nebivolol, hdrocloreto",2.5mg,Comprimidos,3 Blisters com 10 comprimidos
"GENERICS & SPECIALITIES, Lda",ENBLOK 10,"Nebivolol, hdrocloreto",10mg,Comprimidos,3 Blisters com 10 comprimidos
"TMI - HEALTHCARE, LDA",IBUPROFENO CICLUM,Ibuprofeno,400mg,Comprimidos,Blister em caixa de cartão
"TMI - HEALTHCARE, LDA",IBUPROFENO CICLUM,Ibuprofeno,600mg,comprimidos,Blister em caixa de cartão
"TMI - HEALTHCARE, LDA",GLIMEPIRIDA CICLUM,Glimipirida,2mg,comprimidos,Embalagem de 60 comprimidos
"TMI - HEALTHCARE, LDA",GLIMEPIRIDA CICLUM,Glimipirida,4mg,comprimidos,Embalagem de 60 comprimidos
"TMI - HEALTHCARE, LDA",FLUCONAZOL CICLUM,Fluconazol,50mg,Cápsulas,Blister de 7 cápsulas
"TMI - HEALTHCARE, LDA",FLUCONAZOL CICLUM,Fluconazol,150mg,cápsulas,Blister de 2 cápsulas
"TMI - HEALTHCARE, LDA",CARVEDILOL CICLUM,Carvedilol,6.25mg,Comprimidos,Blister de 56 comprimidos
"TMI - HEALTHCARE, LDA",CARVEDILOL CICLUM,Carvedilol,25mg,Comprimidos,Blister de 56 comprimidos
"MEDIS FARMACÊUTICA, LDA",TAREG 80MG,Valsartan,80mg,Comprimidos revestidos,Embalagem contendo 28 comprimidos revestidos
"MEDIS FARMACÊUTICA, LDA",TAREG 160MG,Valsartan,160mg,Comprimidos,Embalagem contendo 28 comprimidos revestidos
MDS - Medicamento e Diagnóstico na Saúde S.A,MIDAZOLAM LABESFAL 15MG/3ML,Midazolam,15mg/3ml,Solução injectável,Ampolas de 10 unidades
MDS - Medicamento e Diagnóstico na Saúde S.A,FUROSEMIDA LABESFAL,Furosemida,20mg/2ml,Solução injectável,Embalagem com 50 ampolas
MDS - Medicamento e Diagnóstico na Saúde S.A,FENITOÍNA LABESFAL,Fenitoína Sódica,250mg/5ml,Solução injectável,10 ampolas de 5ml
MEDIMPORT LDA,TRAM-U-RON OD 200MG,"Tramadol, cloridrato",200mg,Cápsula de libertação prolongada,embalagem de 20 cápsulas
MEDIMPORT LDA,TRAM-U-RON OD 150MG,"Tramadol, cloridrato",150mg,Cápsula de libertação prolongada,embalagem de 20 cápsulas
"MICJONATH PHARMACEUTICAL, LDA",SIROFEN SUSPENSION,ibuprofeno,20mg/ml,suspensão oral,Frascos de 100ml
MEDIMPORT LDA,NEUROBION,Cianocobalamina + Tiamina + Piridoxina  (B6),0.2mg + 100mg + 200mg,Comprimidos Revestidos,Blister de 20 e de 60 comprimidos
"MICJONATH PHARMACEUTICAL, LDA",LOFNAC GEL,Diclofenac,30mg,comprimidos,Bisnaga de 30g
"MICJONATH PHARMACEUTICAL, LDA",LOFNAC - 50,Diclofenac,50mg,comprimidos,Blister de 10 x10 comprimidos
"MICJONATH PHARMACEUTICAL, LDA",GETACIN,Gentamicina,0.3% w/v,colírio,frasco de 5ml
"MICJONATH PHARMACEUTICAL, LDA",FENAMEX - DT,Ácido Mefenâmico,100mg,comprimidos,1 blister de 10 comprimidos
"MICJONATH PHARMACEUTICAL, LDA",FENAMEX - 500,Ácido Mefenâmico,500mg,comprimidos,blister de 10 comprimidos
MEDIMPORT LDA,DOL-U-RON® FORTE,Paracetamol + Codeína,1000mg + 60mg,Supositório,10 blister de 10 comprimidos
"MICJONATH PHARMACEUTICAL, LDA",BGMET,Metformina,500mg,Comprimidos,10 blister de 10 comprimidos
"MICJONATH PHARMACEUTICAL, LDA",BG - COLD,Paracetamol + Cafeina + Fenilefrina + Clorfeniramina,500mg + 30mg + 5mg + 2mg,Comprimidos,Bisnaga de 30g
"PROSMED, LDA.",ZINCOL®,Sulfato de Zinco monohidratado,20mg,Comprimidos dispersíveis,Embalagem com 10 blisters de 10 comprimidos cada
"PROSMED, LDA.",VARIPAN SYRUP,Paracetamol,120mg/5ml,Xarope,Embalagem com frasco de 100ml
"PROSMED, LDA.",VARI-HYDRASALTS,"Cloreto de sódio + Glicose anidra + Cloreto de potássio + Citrato Trissódico, dihidrato",2.6g/l+13.5g/l+1.5g/l+2.9g/l,Pó oral,"Embalagem com 20,5g e 10,25g"
"PROSMED, LDA.",VARIGLIBEN TABLETS,Glibenclamida,5mg,Comprimidos,Embalagem com frasco de 100 e 1000 comprimidos
"PROSMED, LDA.",NEUTRAGEL ® PLAIN SUSPENSION,Hidróxido de alumínio + Hidróxido de magnésio + Simeticone,400mg + 318.4mg + 50mg,Suspensão oral,Embalagem com frasco de 200ml
"PROSMED, LDA.",NEUTRACID TABLETS,Trissilicato de magnésio + Hidróxido de alumínio,250mg + 120mg,Comprimidos,Embalagem com 3 blisters de 10 comprimidos e em recipientes de 100 e 1000 comprimidos
"PROSMED, LDA",MICOVAR ORAL GEL,Miconazol,2%m/m,Gel oral,Embalagem com 10 bisnagas de 40g
"PROSMED, LDA.",MICORT CREAM,Hidrocortisona + Nitrato de miconazol,2%w/w + 1%w/w,creme,Embalagem com bisnaga de 15g
"PROSMED, LDA.",KOSOREX®STRONG SYRUP,Guaifenesina,100mg/5ml,xarope,Embalagem com Frasco de 100ml
"PROSMED, LDA.",FLUMED TABLETS,Paracetamol + Maleato de clorfeniramina + Cloridrato de fenilefrina,500mg + 2mg + 10mg,Comprimidos,Embalagem com frasco de 24 comprimidos e embalagem com blister de 12 comprimidos
"PROSMED, LDA.",VCS FLUMED SYRUP,Paracetamol + Maleato de clorfeniramina + Cloridrato de fenilefrina + Dextrometorfano,120mg/5ml + 0.5mg/5ml + 2.5mg/5ml + 2mg/5ml,xarope,Embalagem com frasco de 100ml
"PROSMED, LDA.",DERVACORT CREAM,Hidrocortisona,1%w/w,creme,Embalagem com bisnagas de 15g e 20g
"PROSMED, LDA.",BETASONE®CREAM,valerato de betametasona,0.1%m/m,creme,Embalagem com bisnagas de 15g e 20g
"ORANE PHARMA, Lda",RYTHRO- 500,"Eritromicina, estearato",500mg,comprimidos revestidos,10 blister de 10 comprimidos
"ORANE PHARMA, Lda",PARAPLUS,"Paracetamol + Cafeína anidra + Clorfenamina, maleato",500mg + 30mg + 2mg,comprimidos,10 blister de 10 comprimidos
"ORANE PHARMA, Lda",PAMOL,Paracetamol,500mg,comprimidos,10 blister de 10 comprimidos e frascos de 1000 comprimidos
NATUR PHARMA,NOVACORT,Cetoconazol + Dipropionato de Betametasona + Sulfato de Neomicina,20mg/g + 0.64mg/g + 2.5mg/g,Creme,Bisnaga de 30g
NATUR PHARMA,NOVACORT,Cetoconazol + Dipropionato de Betametasona + Sulfato de Neomicina,20mg/g + 0.64mg/g + 2.5mg/g,Pomada,Bisnaga de 30g
FARMA HOLDINGS SA,MOZODOXX 200 DT,Cefpodoxima,200mg,comprimidos revestidos,Embalagem com blister de 10 comprimidos revestidos
FARMA HOLDINGS SA,MOZARID D SYP,Desloratadina,2.5mg/5ml,xarope,Embalagem contendo frasco de 60ml
FARMA HOLDINGS SA,MOZANERV 500,Metilcobalamina,500mcg,Comprimidos,Blister de 10 x 10 comprimidos
FARMA HOLDINGS SA,MOZANERV 1500,Metilcobalamina,1500mcg,Comprimidos,Blister de 10 x 10 comprimidos
FARMA HOLDINGS SA,MOZAIR LC,Montelucaste sódica + Levocetirizina,10mg + 5mg,Comprimido revestido,Blister 10 x 10
FARMA HOLDINGS SA,MOZAGLIC,Gliclazida,80mg,Comprimidos,Blísters de 10 x 10 comprimidos
"ORANE PHARMA, Lda",MINCY - 500,Ácido ascorbico,500mg,comprimidos,10 blister de 10 comprimidos
"ORANE PHARMA, Lda",KEZOLE CREAM,Ketoconazole,2% w/w,Creme,Bisnaga de 15g
FARMA HOLDINGS SA,G-PRAM-10,Oxalato de Escitalopram,10mg,Comprimido revestido,Blister 10 x 10
"ORANE PHARMA, Lda",FUNGITER CREAM,"Terbinafina, cloridrato",1%w/w,creme,Bisnaga de 10g
NATUR PHARMA,FOSFATO SÓDICO DE PREDINISOLONA,Prednisolona,3mg/ml,Solução oral,embalagem de 60ml
"ORANE PHARMA, Lda",FORMETIN - 500,"Metformina, cloridrato",500mg,comprimidos revestidos,10 blister de 10 comprimidos
NATUR PHARMA,FLAGASS,Simeticone,75mg/ml,Emulsão oral,frasco de 10ml
NATUR PHARMA,FLAGASS,Simeticone,40mg,comprimidos,embalagem de 20 comprimidos
"ORBIS PHARMA, Lda",REGOVAL CO 80/12.5,Valsartam + Hidroclorotiazida,80mg + 12.5mg,comprimidos revestido,Embalagem de 30 comprimidos
"ORBIS PHARMA, Lda",REGOVAL CO 160/25,Valsartam + Hidroclorotiazida,160mg + 25mg,comprimidos revestido,Embalagem de 30 comprimidos
"ORBIS PHARMA, Lda",REGOVAL CO 160/12.5,Valsartam + Hidroclorotiazida,160mg + 12.5mg,comprimidos revestido,Embalagem de 30 comprimidos
"ORBIS PHARMA, Lda",DYNAFIL 50mg,"Sildenafil, Citrato",50mg,Comprimidos,Embalagem de 12 e de 4 comprimidos
"ORBIS PHARMA, Lda",DYNAFIL 100mg,"Sildenafil, Citrato",100mg,Comprimidos,Embalagem de 12 e de 4 comprimidos
"ORBIS PHARMA, Lda",DYNACEF SUSPENSION,Cefpodoxima,40mg/5ml,Suspensão Oral,Frasco de 50ml e de 100ml
"ORANE PHARMA, Lda",COFFNIL,"Paracetamol + Guaifenesina + Bromexina, cloridrato + Fenilefrina, cloridrato + Clorfenamina, maleato",500mg + 100mg + 8mg + 5mg + 2mg,comprimidos revestidos,10 blister de 10 comprimidos
"ORANE PHARMA, Lda",CIPRIN - 500,Ciprofloxacina,500mg,comprimidos,10 blister de 10 comprimidos
"ORANE PHARMA, Lda",CAFTOFEN,Ibuprofeno + Paracetamol + Cafeina,400mg + 325mg +,comprimidos,10 blister de 10 comprimidos
MEDIMPORT LDA,SAIS DE REHIDRATAÇÃO ORAL,"Glicose , anidra + Citrato Trissódico + cloreto de sódio + Cloreto de potássio",13.5g + 2.9g + 2.6g + 1.5g,Saquetas de 20.5g,saquetas de 20.5g
"ORBIS PHARMA, Lda",RISEGRA 50,"Sildenafil, Citrato",50mg,comprimidos revestidos,1 blister de 4 comprimidos
"ORBIS PHARMA, Lda",RISEGRA 100,"Sildenafil, Citrato",100mg,comprimidos revestidos,1 blister de 4 comprimidos
NATUR PHARMA,ZINGMOL 250 SUSPENSION,Paracetamol,250mg/5ml,Suspensão Oral,frasco de 100ml
AFRI FARMÁCIA LDA,WOSULIN 30/70,Insulina Humana recombinante,100UI/ml,Suspensão injectavel,Ampola de 3ml
AFRI FARMÁCIA LDA,WOSULIN - R,Insulina Humana Isofano,100UI/ml,Suspensão injectavel,Ampola de 10ml
AFRI FARMÁCIA LDA,WOSULIN® - N,Insulina Humana Isofano,100UI/ml,Suspensão injectavel,Ampola de 10ml
AFRI FARMÁCIA LDA,NJOI,"Sildenafil, Citrato",50mg,comprimidos,embalagem de 30 comprimidos
NATUR PHARMA,DYLUCID TABLETS,Hidróxido de Aluminio gel + Hidróxido de Magnésio,120mg + 250mg,Comprimidos revestidos,10 blister de 10 comprimidos
ACE HEALTH CARE LDA,TOPGYL IV,Metronidazol,0.5g,solução injectável,Balão de 100ml
ACE HEALTH CARE LDA,SODIUM CHLORIDE INTRAVENOUS INFUSION B.P 0.9% W/V,Cloreto de Sódio,0.9%w/v,Solução injectável,frasco de 500ml e de 1000ml
ACE HEALTH CARE LDA,FUNGIZOLE - 200,Fluconazol,200mg,comprimidos,1 blister de 1 comprimidos
MDS - Medicamento e Diagnóstico na Saúde S.A,PETIDINA LABESFAL,"Petidina, cloridrato",100mg/2ml,solução injectável,10 ampolas de 2ml
MDS - Medicamento e Diagnóstico na Saúde S.A,METOCLOPRAMIDA LABESFAL,Metoclopramida,10mg/2ml,solução injectável,50 ampolas de 2ml
MDS - Medicamento e Diagnóstico na Saúde S.A,LIDOJECT 2%,"Lidocaína, cloridrato",100mg/5ml,Solução Injectável,100 ampolas de 5ml
MDS - Medicamento e Diagnóstico na Saúde S.A,LIDOJECT 2%,"Lidocaína, cloridrato",400mg/20ml,Solução Injectável,25 ampolas de 20ml
MDS - Medicamento e Diagnóstico na Saúde S.A,LIDOJECT 1%,"Lidocaína, cloridrato",50mg/5ml,Solução Injectável,100 ampolas de 5ml
MDS - Medicamento e Diagnóstico na Saúde S.A,LIDOJECT 1%,"Lidocaína, cloridrato",200mg/20ml,Solução Injectável,25 ampolas de 20ml
MDS - Medicamento e Diagnóstico na Saúde S.A,FENOBARBITAL LABESFAL,Fenobarbital sódico,40mg/ml,solução injectável,50 ampolas de 1ml
MDS - Medicamento e Diagnóstico na Saúde S.A,FENOBARBITAL LABESFAL,Fenobarbital sódico,100mg/ml,solução injectável,50 ampolas de 1ml
MDS - Medicamento e Diagnóstico na Saúde S.A,FENOBARBITAL LABESFAL,Fenobarbital sódico,200mg/2ml,solução injectável,50 ampolas de 2ml
MDS - Medicamento e Diagnóstico na Saúde S.A,DIAZEPAM LABESFAL,Diazepam,10mg/2ml,solução injectável,50 ampolas de 2ml
MDS - Medicamento e Diagnóstico na Saúde S.A,CLORETO DE POTÁSSIO 7.5% LABESFAL,Cloreto de potassio,75ml/ml,solução injectável,100 Ampolas de 10ml
MDS - Medicamento e Diagnóstico na Saúde S.A,CEFAZOLINA LABESFAL,Cefazolina,1000mg/10ml,Pó para solução injectável,50 frascos de 10ml e solvente
MOZ - IN LDA,VIGOR,"Sildenafil, Citrato",100mg,Comprimidos revestidos,25 blister de 4 comprimidos
MOZ - IN LDA,TRIMOZ 480,Sulfametazol + Trimetoprim,400mg + 80mg,Comprimidos,10 blister de 10 comprimidos
MOZ - IN LDA,HIT COLD TABLETS,Paracetamol + Cafeína + Clorfeniramina,500mg + 32mg + 2mg,Comprimidos revestidos,25 blister de 4 comprimidos
MOZ - IN LDA,DICLOMOZ,"Diclofenac, Sódico",50mg,comprimidos revestidos,10 blister de 10 comprimidos
MOZ - IN LDA,CLO- V6 INSERTS,Clotrimazol,100mg,Óvolus vaginais,blister de 6 óvulos
MOZ - IN LDA,ALMOSE 10,Amlodipina,10mg,Comprimidos,3 blister de 10 comprimidos
ACE HEALTH CARE LDA,PRIMECIP IV,Ciprofloxacina,200mg,Solução injectável,Frasco de 100ml
ACE HEALTH CARE LDA,FEBRENIX IV,Paracetamol,10mg/ml,Solução injectável,Frasco de 100ml
ACE HEALTH CARE LDA,COMPOUND SODIUM LACTATE INTRAVENOUS (Ringer Lactate),Lactato de sodio + Cloreto de sodio + cloreto de potassio + cloreto de cálcio,032g + 0.6g + 40mg + 27mg,Solução injectável,embalagem de 500 e de 1000ml
"MICJONATH PHARMACEUTICAL, LDA",SECNAGYL,Secnidazol,1g,Comprimidos,Embalagem de 2 comprimidos
MOZPHARMA LDA,URTICUR,"Prometazina, cloridrato",25mg,Comprimidos revestidos,embalagem de 20 comprimidos
NATUR PHARMA,EXODUS,"Escitalopram, Oxalato",10mg,comprimidos revestidos,30 comprimidos
NATUR PHARMA,DECADRON NAZAL,"Dexametasona, fosfato disódico + Neomicina, sulfato + Fenilefrina, Cloridrato",0.5mg/ml + 3.5mg/ml + 5mg/ml,Solução nazal,Frasco de 20ml
MDS - Medicamento e Diagnóstico na Saúde S.A,SUXAMETÓNIO LABESFAL,"Suxametónio, cloreto",100mg/2ml,Solução injectável,100 ampolas de 2ml
MDS - Medicamento e Diagnóstico na Saúde S.A,FENTANILO LABESFAL,"Fentanil, citrato",0.05mg/ml,Solução injectável,Embalagem de 10 ampolas de 2ml e de10 ampolas de 10ml
MDS - Medicamento e Diagnóstico na Saúde S.A,CLORETO DE SÓDIO 20% LABESFAL,Cloreto de sódio,200mg/ml,Solução injectável,100 ampolas de 20ml
MDS - Medicamento e Diagnóstico na Saúde S.A,CLORETO DE SÓDIO 0.9% LABESFAL,Cloreto de sódio,9mg/ml,Solução injectável,"Ampola de 10ml, frasco de 500ml e frasco de 1000ml"
MDS - Medicamento e Diagnóstico na Saúde S.A,amiNOFILINA LABESFAL,Aminofilina,240mg/10ml,Solução injectável,100 ampolas de 10ml
MDS - Medicamento e Diagnóstico na Saúde S.A,AMICACINA LABESFAL,Amicacina,250mg/ml,Solução injectável,50 ampolas  de 2ml
"ORANE PHARMA, Lda",MALIDAR,PIrimetamina + Sulfadoxina,25mg + 500mg,Comprimidos,3 blister de 10 comprimidos
"ORANE PHARMA, Lda",GLOSIM - 20,Sinvastatina,20mg,Comprimidos,10 blister de 10 comprimidos
"ORANE PHARMA, Lda",GLODOM,Domperidona,10mg,Comprimidos,10 blister de 10 comprimidos
"ORANE PHARMA, Lda",FOLICID - 5,Ácido fólico,5mg,Comprimidos,10 blister de 10 comprimidos
"ORANE PHARMA, Lda",FERAMIN,Metilcobalamina + ferro carbonila + ácido folico + Sulfato de Zinco,500mcg + 50mg + 1mg + 61.8mg,Comprimidos,10 blister de 10 comprimidos
"ORANE PHARMA, Lda",COLDOUT- E,Paracetamol + Cafeína anidra + cloridrato de fenilefrina + Maleato de Clorfeniramina,500mg + 55mg + 5mg + 2mg,Comprimidos,10 blister de 10 comprimidos e 10 blister de 4 comprimidos
PROFARMA,DESONE,"Dexametasona, fosfato sódico",4mg/ml,Solução injectável,10 ampolas de 1ml
PROFARMA,ANENORM,Metoclopramida,5mg/ml,Solução injectável,10 ampolas de 1ml
PROFARMA,ANCIPRO - 500,Ciprofloxacina,500mg,comprimidos revestidos,10 ampolas de 1ml
WELLWORTH LDA,BLEOCIP,"Bleomicina, Sulfato",7.5mg/5ml,Pó para injectavel,frasco de 5ml
"LUSOFARMA, Lda",AZITROMICINA Krka,Azitromicina,500mg,comprimidos revestidos,embalagem de 3 comprimidos
"LUSOFARMA, Lda",ATORVASTATINA Krka,Atorvastatina Cálcica,10mg,comprimidos revestidos,embalagem de 56 comprimidos
"LUSOFARMA, Lda",ATORVASTATINA Krka,Atorvastatina Cálcica,20mg,comprimidos revestidos,embalagem de 28 comprimidos
"MICJONATH PHARMACEUTICAL, LDA",GVGYL - V,Metronidazol,500mg,Supositório,2 blister de 6 comprimidos
ACE HEALTH CARE LDA,PROCAINE PENICILLIN FOR INJECTION 3 MEGA,Procaína Benzilpenicilina + benzilpenicilina de Sódio,2.250000IU + 750.000IU,Pó para reconstituição,Frasco de 20ml
ACE HEALTH CARE LDA,GLUCOSE INTRAVENOUS INFUSION,Glicose,5%m/v,solução injectável,frasco de 500 e de 1000ml
"ORBIS PHARMA, Lda",ZENTIRISE,Albendazol,200mg,suspensão oral,Frasco de 10ml
"ORBIS PHARMA, Lda",SUNMIDE 5,Glibenclamida,5mg,comprimidos não revetidos,10 blister Alu-PVC de 10 Comprimidos
"ORBIS PHARMA, Lda",SUNFENAC 50,Diclofenac sodico,50mg,Comprimidos,Embalagem contendo 10 blisters de 10 comprimidos
FARMA HOLDINGS SA,MOZASET,Ondansetron,2mg/ml,solução injectável,10 ampolas de 2ml
FARMA HOLDINGS SA,MOZAPAN 40,Pantoprazol,40mg,comprimidos revestidos,10 blister de 10 comprimidos
FARMA HOLDINGS SA,MOZAKACIN 250,Amicacina,250mg/ml,solução injectável,Frasco de 2ml
"ORBIS PHARMA, Lda",DUTASUN PLUS,Dutasterida + Tansulosina,0.5mg + 0.4mg,cápsulas,3 blister de 10 cápsulas
"ORBIS PHARMA, Lda",CIPSUN 500,Ciprofloxacina,500mg,Comprimidos,10 blister de 10 comprimidos
"SHANI, LIMITADA",TOP - ROLL SOFT,Ginseng + Lecitina + palmitato de retinol +  Ergocalciferol +  cloridrato de tiamina + Riboflavina + Cloridrato de Piridoxina + Cianocobalamina + ácido ascórbico + acetato de tocoferol + nicotinamida + Pantotenato de cálcio + Fosfato de cálcio dibásico an,100mg + 9.5mg + 2400IU + 240IU + 2.5mg + 2.5mg + 1.0mg + 4.9 mg + 40.0mg + 2.0mg + 20.0mg + 10.0 mg + 100mg + 10.0mg +33.0 mg + 5.0mg + 2.0mg +1.0mg,Cápsulas,6 blister de 5 comprimidos
"SHANI, LIMITADA",SUPRAMULT SOFT CAPS,Ácido ascórbico + Lecitina + Retinol acetato + Ergocalciferol Acetato de tocoferol + nitrato de tiamina + Riboflavina + Cloridrato de piridoxina + Ácido fólico + Cabo aloés + Sulfato de potássio + Sulfato de manganês + Dibásico fosfato de cálcio +  Óxido,60mg + 50mg + 5.000IU + 400IU + 45mg + 2mg + 2mg + 2mg + 1mg + 5mg + 18mg + 3mg + 307.5mg + 5mg + 66.34mg + 7.86mg + 54.76mg + 6µg + 15.3mg + 20mg,Cápsulas,6 blister de 5 comprimidos
"SHANI, LIMITADA",SUPRAMULT PLUS SOFT  CAPSULE,Ácido ascórbico + Lecitina + Retinol acetato + Ergocalciferol Acetato de tocoferol + nitrato de tiamina + Riboflavina + Cloridrato de piridoxina + Ácido fólico + extrato de aloés + selenio em levedura seca + 70% de extrato de ginseng Etanol + Sulfato de p,60mg + 50mg + 5.000IU + 400IU + 45mg + 2mg + 2mg + 2mg + 1mg + 5mg + 46.3mg + 40mg + 18mg + 3mg + 307.5mg + 5mg + 66.34mg + 7.86mg + 54.76mg + 6µg + 15.3mg + 20mg,Cápsulas,6 blister de 5 comprimidos
MDS - Medicamento e Diagnóstico na Saúde S.A,TRAMADOL LABESFAL,"Tramadol, cloridrato",100mg/2ml,Solução injectável,50 ampolas de 2ml
MAPUTO HEALTH CARE Lda,SODIUM CHLORIDE INTRAVENOUS INFUSION B.P 0.9% W/V,Cloreto de sódio,0.90%,Solução injectável,24 frascos de 500ml
AFRI FARMÁCIA LDA,PRAZIQUANTEL TABLETS,Praziquantel,600mg,Comprimidos,"10 blister de 10 comprimidos, frasco de 100 e 500 comprimidos"
MAPUTO HEALTH CARE Lda,GLUCOSE INTRAVENOUS INFUSION B.P 5%,Glucose,5%,Liquido para injecção,24 frascos de 500ml
ACE HEALTH CARE LDA,ACE - FORTE,Ibuprofeno + Paracetamol + Cafeína,200mg + 325mg + 40mg,cápsulas,10 blister de 10 capsulas
ACE HEALTH CARE LDA,TOPGYL-S,"Metronidazol, benzoato",125mg/5ml,suspensão oral,frasco de 100ml
MDS - Medicamento e Diagnóstico na Saúde S.A,SULFATO DE MAGNÉSIO LABESFAL,Sulfato de magnésio,2000mg/10ml,Solução Injectável,50 ampolas de 10ml
ACE HEALTH CARE LDA,SALBUREST - S,"Salbutamol, Sulfato",2mg/5ml,Solução oral,frasco de 100ml
MDS - Medicamento e Diagnóstico na Saúde S.A,PIRIMETAMINA LABESFAL,Pirimetamina,25mg,comprimidos,500 comprimidos
MEDIMPORT LDA,PARACETAMOL BLUEPHARMA,Paracetamol,1000mg,comprimidos,embalagem de 20 comprimidos
MDS - Medicamento e Diagnóstico na Saúde S.A,ONDANSETROM LABESFAL,Ondansetron,4mg/2ml,Solução Injectável,5 ampolas de 2ml
MDS - Medicamento e Diagnóstico na Saúde S.A,ONDANSETROM LABESFAL,Ondansetron,8mg/4ml,Solução Injectável,5 ampolas de 4ml
MOZPHARMA LDA,OMEPRAZOL BASI,Omeprazol,40mg/10ml,Pó para solução injectavel,1 Frasco de + solvente
ACE HEALTH CARE LDA,LBEN - S,Albendazol,200mg/5ml,suspensão oral,Frasco de 10ml
"ORBIS PHARMA, Lda",IMATINIB DENK 400,Imatinib,400mg,Comprimidos revestidos,embalagem de 30 comprimidos
"ORBIS PHARMA, Lda",IMATINIB DENK 100,Imatinib,100mg,Comprimidos revestidos,embalagem de 30 comprimidos
MDS - Medicamento e Diagnóstico na Saúde S.A,GLUCONATO DE CÁLCIO LABESFAL 10%,Gluconato de cálcio hidratado,97mg,Solução para injectavel,100 ampolas de 10ml
MDS - Medicamento e Diagnóstico na Saúde S.A,GENTAMICINA LABESFAL,Gentamicina,80mg/2ml,Solução Injectável,50 ampolas de 2ml
MDS - Medicamento e Diagnóstico na Saúde S.A,GELOPLASMA,Gelatina Liquida + Cloreto de sódio + cloreto de magnésio + cloreto de potassio + solução de s-lactato de sódio,3.000g + 0.5382g+ 0.0305g + 0.0373g + 03360g,Solução para perfusão,20 sacos de 500ml
MDS - Medicamento e Diagnóstico na Saúde S.A,FLUCONAZOL KABI,Fluconazol,2mg/ml,Solução para perfusão,10 frascos de 50ml
ACE HEALTH CARE LDA,FEBRENIX - S,Paracetamol,125mg/5ml,suspensão oral,frasco de 100ml
ACE HEALTH CARE LDA,ERINOCIN,Eritromicina,500mg,Comprimidos revestidos,10 blister de 10 comprimidos
MDS - Medicamento e Diagnóstico na Saúde S.A,DOLACEN,Diclofenac,75mg/2ml,Solução Injectável,50 ampolas de 2ml
ACE HEALTH CARE LDA,PRIMECIP® 500,Ciprofloxacina,500mg,Comprimidos revestidos,10 blister de 10 comprimidos
ACE HEALTH CARE LDA,BUSCOCINE,Hioscina Butilbrometo,10mg,comprimidos revestidos,10 blister de 10 comprimidos
MAPUTO HEALTH CARE Lda,"BIOPOLIO® (Poliomyelitis Vaccine, Live)",Virus do Polio Tipo 1 + Virus do Polio Tipo 2 + Virus do Polio Tipo 3,NLT106.0 CCID50 + NLT105.0 CCID50 + NLT105.0 CCID50,suspensão,embalagem de 2ml com 20 doses
MDS - Medicamento e Diagnóstico na Saúde S.A,BICARBONATO DE SÓDIO 8.4%  LABESFAL,Bicarbonato de Sódio,84mg/ml,Solução Injectável,100 ampolas de 20ml
MDS - Medicamento e Diagnóstico na Saúde S.A,AMOXICILINA + ÁCIDO CLAVULÂNICO KABI,Amoxicilina + ácido clavulânico,1000mg + 100mg,Solução para injectavel,10 frascos de 50ml
MDS - Medicamento e Diagnóstico na Saúde S.A,AGUA PARA PREPARAÇÕES INJECTÁVEIS LABESFAL,água,NA,Solução Injectável,100 ampolas de 5ml
ACE HEALTH CARE LDA,ACETRIM - S (PEDRIATRIC CO-TRIMOXAZOLE ORAL SUSPENSION BP),Trimetoprim + Sulfametoxazol,40mg + 200mg,suspensão oral,frasco de 100ml
ACE HEALTH CARE LDA,ACECLAV - 228.5,Amoxicilina + ácido clavulânico,200mg + 28.5mg,Pó para suspensão oral,Frasco de 100ml
ACE HEALTH CARE LDA,ACECLAV - 1000,Amoxicilina + ácido clavulânico,875mg + 125mg,Comprimidos revestidos,1 blister de 10 comprimidos
ACE HEALTH CARE LDA,ACE - C,Acido Ascórbico + Ascorbato de sódio,100mg + 400mg,comprimidos revestidos,3 blister de 10 comprimidos
"MEDIS FARMACÊUTICA, LDA",MACROLYN,Azitromicina,500mg,Comprimidos revestidos,1 blister de 3 comprimidos
WELL WORTH LDA,SEROFLO 125 INHALER,Salmeterol + Propionato de Fluticasona,25mcg + 125mcg,Suspensão Pressurizada para inalação,Frasco com 120 doses
"EVEREADY PHARMA, LDA",KOMBIZID,Ampicilina Sódica,500mg,pó para injectável,Frasco de 10ml
"MEDIS FARMACÊUTICA, LDA",IRBESARTAN + HIDROCLOROTIAZIDA AZEVEDOS,Irbesatan + Hidroclorotiazida,150mg + 12.5mg,Comprimidos revestidos,Embalagem de 28  comprimidos
"MEDIS FARMACÊUTICA, LDA",IRBESARTAN + HIDROCLOROTIAZIDA AZEVEDOS,Irbesatan + Hidroclorotiazida,300mg + 12.5mg,Comprimidos revestidos,Embalagem de 28  comprimidos
"MEDIS FARMACÊUTICA, LDA",IRBESARTAN + HIDROCLOROTIAZIDA AZEVEDOS,Irbesatan + Hidroclorotiazida,300mg + 25mg,Comprimidos revestidos,Embalagem de 56 comprimidos
NATUR PHARMA,FULCOVER,Itraconazol,100mg,cápsulas,1 blister de 10 cápsulas
"MEDIS FARMACÊUTICA, LDA",DESLORATADINA AZEVEDOS,Desloratadina,0.5mg/ml,solução oral,Frasco de 150ml com seringa e colher
"MEDIS FARMACÊUTICA, LDA",CLOPIDOGREL AZEVEDOS,"Clopidogrel, hidrogenossulfato",75mg,Comprimidos revestidos,embalagem de 28 comprimidos
"EVEREADY PHARMA, LDA",CIPRO - BKRS,Ciprofloxacina,2mg/ml,Liquido para injecção,frasco de 100ml
"MEDIS FARMACÊUTICA, LDA",METFORMINA AZEVEDOS,Metformina,1000mg,Comprimidos revestidos,embalagem de 60 comprimidos
"MEDIS FARMACÊUTICA, LDA",CIPRONAT 200 IV,Ciprofloxacina,200mg/100ml,Solução para perfusão,frasco de 100ml
AFRI FARMÁCIA LDA,THEOSTAT - 20,Atorvastatina Cálcica,20mg,Comprimidos,10 blister de 10 comprimidos
AFRI FARMÁCIA LDA,THEOSTAT - 10,Atorvastatina Cálcica,10mg,Comprimidos,10 blister de 10 comprimidos
AFRI FARMÁCIA LDA,THEOGRA - 50,"Sildenafil, Citrato",50mg,Comprimidos,10 blister de 4 comprimidos
AFRI FARMÁCIA LDA,THEOFIX - 400,Cefixime,400mg,Comprimidos,10 blister de 10 comprimidos
MEDIMPORT LDA,YODAFAR 200,Iodeto de Potássio,262mcg,Comprimidos,embalagem de 50 comprimidos
"SHANI, LIMITADA",PRAZIKANT,Praziquantel,600mg,comprimidos revestidos,frasco de 100 e de 1000 comprimidos
PROFARMA,ANVASC - 5,Amlodipina,5mg,comprimidos,10 blister de 10 comprimidos
PROFARMA,ANVASC - 10,Amlodipina,10mg,comprimidos,10 blister de 10 comprimidos
MEDIMPORT LDA,VERBITAL - 15,Fenobarbital sódico,15mg,comprimidos,5 blister de 10 comprimidos
WELL WORTH LDA,TOSLIX - M,Clorfeniramina + Bromexina + Dextrometorfano + Guaifenesina + Mentol,2mg + 4mg + 5mg + 50mg + 1.5mg,Xarope,Frasco de 100ml
"EVEREADY PHARMA, LDA",FLUCO - BKRS,Fluconazol,2mg/ml,Solução para perfusão,Frasco de 100ml
MEDIMPORT LDA,VERZEPAM,Diazepam,5mg/2ml,solução injectável,10 ampolas de 2ml
MEDIMPORT LDA,VERMOR - 10,"Morfina, sulfato",10mg,Pó para solução injectável,10 ampolas de 1ml
MEDIMPORT LDA,VERKET,Cetamina,50mg,solução injectável,5 ampolas de 10ml
MAPUTO HEALTH CARE Lda,SOLOCEF 1000,Ceftriaxona,1000mg,pó para solução injectável,Frasco de 10ml
MEDIMPORT LDA,QU -DI,"Quinina, dicloridrato",300mg/ml,solução injectável,ampola de 2ml
MEDIMPORT LDA,N-XONE,Naloxona,0.4mg,solução injectável,10 ampolas de 1ml
MAPUTO HEALTH CARE Lda,HEPAVEN,Heparina,5000UI,Injectável,Frasco de 5ml
MEDIMPORT LDA,EPHEVER,Efedrina,50mg/ml,solução injectável,10 ampolas de 1ml
MAPUTO HEALTH CARE Lda,ELTAZ - 4.5G,Piperacilina + Tazobactam,4g + 0.5g,Pó para solução injectável,embalagem de 30ml
MAPUTO HEALTH CARE Lda,ELPENEM,Meropenem,500mg,solução injectável,Frasco de 20ml
MAPUTO HEALTH CARE Lda,ELPENEM,Meropenem,1000mg,solução injectável,Frasco de 20ml
MEDIMPORT LDA,DYCLOVER,Diclofenac Sódico,25mg/3ml,Pó para solução injectável,5 ampolas de 3ml
MEDIMPORT LDA,DIGIVER,Digoxina,250mcg/ml,solução injectável,10 ampolas de 2ml
MEDIMPORT LDA,ADEVER,"Adrenalina, tartarato",1mg,solução injectável,10 ampolas de 1ml
AFRI FARMÁCIA LDA,TOLPIDOL OD,"Tolperisona, Cloridrato",450mg,Comprimidos,1 blister de 6 comprimidos
AFRI FARMÁCIA LDA,TOLPIDOL 150,"Tolperisona, Cloridrato",150mg,Comprimidos,1 blister de 10 comprimidos
"MEDIFARMA, LDA",SNAKE ANTIVENOM - AFRICAN 10,Naja Melanoleuca 20LD50 + Naja Nigricollis 20LD50  + Naja Haje 25LD50 + Dendroaspis Polylepis 25LD50 +  Dendroaspis Viridis 25LD50  +  Dendroaspis Jamesini  25LD50 + Bitis Gabonica 25LD50 + Bitis Arietans  25LD50 + Echis leucogaster 25LD50 + Echis Bocella,20LD50 +20LD50  + 25LD50 + 25LD50 + 25LD50  +  25LD50 + 25LD50 + 25LD50 + 25LD50 + 25LD50,Pó para solução injectavel,frasco de 10ml
AFRI FARMÁCIA LDA,POLIOMYELITIS VACCINE,poliovirus tipo 1 (sabin) +  poliovirus tipo 3 (sabin),≥ 106.0 log CCID50 +≥ 5.8 log CCID50,Suspensão oral,1 ampola de 1ml com 10 doses
AFRI FARMÁCIA LDA,HEMOLOK,Feracrylum,10mg/ml,solução esteril,Frasco de 100ml
"MICJONATH PHARMACEUTICAL, LDA",FUNBACT- A CREAM,Clotrimazol + Betametazona + Neomicina Sulfato,1.0% + 0.05% + 0.5%,creme,Bisnaga de 30g
SAM PHARMA,EROMIR - 500,"Eritromicina, estearato",500mg,comprimidos revestidos,10 blister de 10 comprimidos
SAM PHARMA,ALEXUS,Azitromicina,500mg,Comprimidos,1 blister de 3 comprimidos
"MEDIS FARMACÊUTICA, LDA",MILOXY 250 DT,Amoxicilina,250mg,Comprimidos dispersiveis,Frasco de 1000 comprimidos; Embalagem contendo 10 blisters de Alu-PVC x 10 comprimidos
"MEDIS FARMACÊUTICA, LDA",ATAZOR - R,Atazanavir + Ritonavir,300mg + 100mg,comprimidos revestidos,Frasco de 30 comprimidos
MOZ - IN LDA,PANAHOLD 500,Paracetamol,500mg,comprimidos,10 blister de 10 comprimidos
AFRI FARMÁCIA LDA,THEOSTAT - 40,Atorvastatina Cálcica,40mg,Comprimidos,3 blister de 10 comprimidos
NATUR PHARMA,SORINE SSC,Cloreto de sódio,9mg,Solução nasal,Frasco de 50ml
NATUR PHARMA,SORINE INFANTIL,Cloreto de sódio,9mg,Solução nasal,Frasco de 30ml
"PROSMED, LDA.",AMLOVAR,"Amlodipina, besilato",5mg,Comprimidos,10 blisters de 10 comprimidos
MEDIMPORT LDA,VERZEPAM,Diazepam,5mg,comprimidos,5 blister de 10 comprimidos
MEDIMPORT LDA,VERPAT,"Petidina, hidrocloridrato",100mg/2ml,solução injectável,10 ampolas de 2ml
MEDIMPORT LDA,QU -DI 300,"Quinina, dicloridrato",300mg,comprimidos,5 blister de 10 comprimidos
MEDIMPORT LDA,MIDAZOLAM INJECTION BP,Midazolam,5mg/3ml,solução injectável,5 ampolas de 3ml
ACE HEALTH CARE LDA,SALBUREST,"Salbutamol, Sulfato",4mg,comprimidos,10 blister de 10 comprimidos
ACE HEALTH CARE LDA,PALUSTOP-300,"Quinina, sulfato",300mg,Comprimidos,10 blister de 10 comprimidos
ACE HEALTH CARE LDA,MISOTOL,Misoprostol,200mcg,comprimidos,1 blister de 10 comprimidos
ACE HEALTH CARE LDA,MBEN-S,Mebendazole,100mg,Suspensão oral,Frasco de 30ml
ACE HEALTH CARE LDA,HERPIRAX 400,Aciclovir,400mg,Comprimido,10 blister de 10 comprimidos
ACE HEALTH CARE LDA,HERPIRAX 200,Aciclovir,200mg,Comprimido,10 blister de 10 comprimidos
ACE HEALTH CARE LDA,ERINOCIN,Eritromicina,125mg/ml,suspensão oral,frasco de 100ml
ACE HEALTH CARE LDA,ERINOCIN,Eritromicina,250mg/ml,suspensão oral,frasco de 100ml
ACE HEALTH CARE LDA,CYPROPLEX,"ciproheptadina, Cloridrato",2mg/5ml,Solução oral,frasco de 200ml
ACE HEALTH CARE LDA,CLOTRISAN V6,Clotrimazol,100mg,comprimidos vaginal,1 blister de 6 comprimidos + aplicador
ACE HEALTH CARE LDA,BROMOVAN,"Bromexina, cloridrato",4mg/5ml,Xarope,frasco de 100ml
ACE HEALTH CARE LDA,ASSUTOR 20,Atorvastatina Cálcica,20mg,Comprimidos,3 blister de 10 comprimidos
ACE HEALTH CARE LDA,ASSUTOR 10,Atorvastatina Cálcica,10mg,Comprimidos,1 blister de 10 comprimidos
ACE HEALTH CARE LDA,ACEPHENICOL-S,Cloranfenicol,125mg/5ml,Suspensão oral,Frasco de 100ml
ACE HEALTH CARE LDA,ACEPHENICOL,Cloranfenicol,250mg,cápsulas,10 blister de 10 cápsulas
ACE HEALTH CARE LDA,ACEDIXIC,Acido nalidixico,500mg,comprimidos,10 blister de 10 comprimidos
ACE HEALTH CARE LDA,ACE-CYCLINE,"Tetraciclina, cloridrato",500mg,cápsulas,10 blister de 10 cápsulas
ACE HEALTH CARE LDA,ACE-CONAZOLE,Ketoconazole,200mg,comprimidos,10 blister de 10 comprimidos
ACE HEALTH CARE LDA,ACE - FULVIN,Griseofulvina,500mg,comprimidos,10 blister de 10 comprimidos
ACE HEALTH CARE LDA,ACE - DOX,Doxiciclina,100mg,cápsulas,10 blister de 10 cápsulas
FARMA HOLDINGS SA,TENOFOVIR DISOPROXIL FUMARATO,Tenofovir disopropil fumarato,300mg,Comprimidos revestidos,Frasco de 30 comprimidos
"MEDIS FARMACÊUTICA, LDA",ROSUVASTATINA AZEVEDOS 5MG,Rosuvastatina Cálcica,5mg,Comprimidos revestidos,"Embalagem de 14, 56 e 60 comprimidos"
"MEDIS FARMACÊUTICA, LDA",ROSUVASTATINA AZEVEDOS 40MG,Rosuvastatina Cálcica,40mg,Comprimidos revestidos,Embalagem de 56 comprimidos
"MEDIS FARMACÊUTICA, LDA",ROSUVASTATINA AZEVEDOS 20MG,Rosuvastatina Cálcica,20mg,Comprimidos revestidos,Embalagem de 30 comprimidos
"MEDIS FARMACÊUTICA, LDA",ROSUVASTATINA AZEVEDOS 10MG,Rosuvastatina Cálcica,10mg,Comprimidos revestidos,"Embalagem de 28, 56 e de 60 comprimidos"
"EVEREADY PHARMA, LDA",PARA - BKRS,Paracetamol,1g/100ml,Solução Injectável,frasco de 100ml
"MEDIS FARMACÊUTICA, LDA",OMEPRAZOL AZEVEDOS,Omeprazol,20mg,cápsulas,Embalagem de 14 e de 56 comprimidos
"EVEREADY PHARMA, LDA",METRO - BKRS,Metronidazol,5mg/ml,Solução para perfusão,frasco de 100ml
"MEDIS FARMACÊUTICA, LDA",MERONIA 500IV,Meropenem,500mg,Pó para solução oral,Frasco de 20ml
"MEDIS FARMACÊUTICA, LDA",MERONIA 1000IV,Meropenem,1000mg,Pó para solução oral,Frasco de 30ml
"EVEREADY PHARMA, LDA",IZITSIN - 100,Amicacina,100mg/2ml,Solução Injectável,frasco de 2ml
"EVEREADY PHARMA, LDA",IZIPARIN,Heparina,5000UI,Solução Injectável,frasco de 5ml
"EVEREADY PHARMA, LDA",IZIDINE,"Ranitidina, cloridrato",25mg/ml,Solução Injectável,5 ampolas de 2ml
"EVEREADY PHARMA, LDA",HYDROZID - 100,Hidrocortisona,100mg/5ml,Solução Injectável,frasco de 5ml
"MEDIS FARMACÊUTICA, LDA",FLUCLOXACILINA AZEVEDOS,Flucloxacilina,500mg,Cápsulas,Embalagem de 24 comprimidos
FARMA HOLDINGS SA,PARACETAMOL TABLETS BP 500mg,Paracetamol,500mg,Comprimidos,10 blisters de 10 comprimidos e Frasco de 1000 Comprimidos
AFRI FARMÁCIA LDA,NEVIRAPINA,Nevirapina,200mg,Comprimidos,Frasco de 60 comprimidos
AFRI FARMÁCIA LDA,LAMIVUDINA 150MG + ZIDOVUDINA 300MG + NEVIRAPINA 200MG,Lamivudina + Zidovudina + Nevirapina,150mg + 300mg + 200mg,Comprimidos,Frasco de 60 comprimidos
AFRI FARMÁCIA LDA,CELOFEN - 100,Celecoxib,100mg,Cápsula,2 blister de 10 cápsulas
MEDIMPORT LDA,VERMOR SR - 30,"Morfina, sulfato",30mg,comprimidos de libertação prolongada,10 Blister de 10 comprimidos
MEDIMPORT LDA,VERMOR SR - 10,"Morfina, sulfato",10mg,comprimidos de libertação prolongada,10 Blister de 10 comprimidos
MEDIMPORT LDA,VERMOR - 10,"Morfina, sulfato",10mg,comprimidos,10 blister de 10 comprimidos
MEDIMPORT LDA,VERMIDE,Furosemida,10mg/ml,Solução injectável,10 ampolas de 2ml
MEDIMPORT LDA,VERBITAL - 30,Fenobarbital sódico,30mg,comprimidos,5 blister de 10 comprimidos
MEDIMPORT LDA,VERBITAL - 100,Fenobarbital sódico,100mg,comprimidos,5 blister de 10 comprimidos
"MEDÁFRICA, Lda",S- OMEJEL,"Esomeprazol, magnesio",40mg,comprimidos,Embalagem de 30 comrpimidos
"MEDÁFRICA, Lda",PROSTAR 200,Progesterona,200mg,Injectável,5 ampolas de 2ml
"MEDÁFRICA, Lda",PROSTAR 100,Progesterona,100mg,Injectável,5 ampolas de 1ml
"MEDÁFRICA, Lda",PLENOX,Ofloxacina,200mg,comprimidos revestidos,Embalagem de 100 comrpimidos
NATUR PHARMA,MISS MATE,Levonorgestrel,0.75mg,comprimidos,1 blister de 2 comprimidos
MEDIMPORT LDA,MICROLUNAR,Levonorgestrel + Etinilestradiol e Fumarato Ferroso,0.015mg + 0.03mg e 75mg,Comprimidos,Embalagem de 21 comprimidos + 7 comprimidos
NATUR PHARMA,IBUPROFENO LABESFAL 600,Ibuprofeno,600mg,Comprimidos revestidos,embalagem de 20 e de 60 comprimidos
NATUR PHARMA,IBUPROFENO LABESFAL 400,Ibuprofeno,400mg,Comprimidos revestidos,embalagem de 20 e de 60 comprimidos
NATUR PHARMA,FLUMAX,"Paracetamol + Cafeína + fenilefrina, Hidrocloreto + feniramina, maleato",750mg + 30mg + 10mg + 20mg,Granulos,5 saquetas de 5g
NATUR PHARMA,DICLOFENAC LABESFAL GEL,Diclofenac,10mg/g,Gel,bisnaga de 100g
NATUR PHARMA,AZITROMICINA LABESFAL,Azitromicina,500mg,comprimidos revestidos,embalagem de 3 comprimidos
MEDIMPORT LDA,AMRONE,Amiodarona,50mg/5ml,solução Injectável,ampola de 3ml
NATUR PHARMA,AMOXICILINA LABESFAL,Amoxicilina,500mg,Cápsulas,embalagem de 16 cápsulas
"MEDIMOC, SA",COLPATRIN,Metronidazol + Nistatina,100mg/g + 20.000UI,Creme vaginal,1 bisnaga de 50g + 10 aplicadores
"MEDIMOC, SA",CETOCONAZOL creme Dermatologico,Cetoconazol,20mg/g,Creme dermatologico,Bisnaga de 30g
MEDIMPORT LDA,METRONIDAZOL,Metronidazol,500mg/100ml,Solução Injectável,Frasco de 100ml
MEDIMPORT LDA,METRONIDAZOL,Metronidazol,250mg/5ml,suspensão oral,frasco de 100ml
WELL WORTH LDA,HEALTHEASE WHITFIELD OITMENT,Acido salicílico + Acido Benzoico,3% + 6%,pomada,bisnaga de 30g
WELL WORTH LDA,HEALTHEASE ALBENDAZOLE - 400,Albendazol,400mg,comprimidos revestidos,1 blister de 1 comprimidos; 20 blister de 1 comprimidos
"MEDÁFRICA, Lda",AKUROSE,sacarose de Ferro,20mg/ml,Solução Injectável,5 ampolas de 5ml
"PROSMED, LDA.",AMLOVAR,"Amlodipina, besilato",10mg,Comprimidos,03 blisters de 10 comprimidos
WELL WORTH LDA,HEALTHEASE NIFEDIPINA 20 - XR,Nifedipina,20mg,comprimidos de libertação prolongada,Embalagem de 10x10 e de 3x10
WELL WORTH LDA,HEALTHEASE NIFEDIPINA 10 - XR,Nifedipina,10mg,comprimidos de libertação prolongada,10 blister de 10 comprimidos
WELL WORTH LDA,HEALTHEASE AZITHROMYCIN-500,Azitromicina,500mg,comprimidos revestidos,1 blister de 3 comprimidos
"MEDIFARMA, LDA",ALBUNORM 5%,Albumina Humana,50g/l,Solução para perfusão,Frasco de 250ml e de 100ml
"MEDIFARMA, LDA",ALBUNORM 20%,Albumina Humana,200g/l,Solução para perfusão,Frasco de 50ml e de 100ml
RK PHARMACEUTICALS SOCIEDADE UNIPESSOAL Lda,ZINCOVIT TABLETS,Palmitato de retinol (vit. A) + Colecalciferol (vit. D3) + Tocoferol ( Vit. E) + Tiamina + Riboflavina + Piridoxina + cianocobalamina + nicotinamida + Pentotenato de cálcio + ácido ascórbico + óxido de magnésio + sulfato pentahidratado  de cobre + sulfato,500IU + 400IU + 15mg + 10mg + 10mg + 2mg + 7.5mcg + 50mg+0.50mg + 5.00mg + 50.00mg + 100mcg + 22.20mg,Liquido oral,Frasco de 200ml
RK PHARMACEUTICALS SOCIEDADE UNIPESSOAL Lda,ZINCOVIT SYRUP,Palmitato de retinol (vit. A) + Colecalciferol + Thiamina + Riboflavina + Piridoxina + cianocobalamina + nicotinamida + Dexpantenol + Lisina + iodeto de potássio + Sulfato pentahidratado + sulfato de zinco,800iU + 100IU + 2.50mg + 0.75mg + 0.75mg + 0.50mg + 0.50mg + 7.50mg+0.50mg + 5.00mg + 50.00mg + 100mcg + 22.20mg,Liquido oral,Frasco de 200ml
"LUA COMÉRCIO, LDA",XTR-ON 50,"Sildenafil, Citrato",50mg,Comprimidos,Embalagem contendo blisters Alu/Pvc
"LUA COMÉRCIO, LDA",XTR - ON 100,"Sildenafil, Citrato",100mg,comprimidos,1 blister de 4 comprimidos
PLANET PHARMACEUTICAL LIMITADA,CIPROGYL IV,Ciprofloxacina,200mg/100ml,Solução Injectável,Garrafas esteris de 100ml
FARMA HOLDINGS SA,VIRSO,Sofosbuvir,400mg,comprimidos,Frasco de 28 comprimidos
FARMA HOLDINGS SA,VIRPAS,Sofosbuvir + Ledipasvir,400mg + 90mg,comprimidos,Frasco de 28 comprimidos
FARMA HOLDINGS SA,SULFRAN,Sulfametoxazol + Trimetoprim,400mg/5ml + 40mg/5ml,suspensão oral,Frasco de 60ml e de 100ml
"INOCULATE LIFE, LDA",SEFTRAN - SS,Sulfadoxina + Pirimetamina,400mg + 80mg,Comprimidos,10 blister de 10 comprimidos
"INOCULATE LIFE, LDA",REFORÇO,"Sildenafil, Citrato",100mg,comprimidos,blister de 4 comprimidos e 4x10 comprimidos
"INOCULATE LIFE, LDA",RAPIDEX - 500,Paracetamol,500mg,comprimidos,10 blister de 10 comprimidos
"INOCULATE LIFE, LDA",PREDSUN - 5,Prednisolona,5mg,comprimidos revestidos,10 blister de 10 comprimidos
"INOCULATE LIFE, LDA",OCUDOX- 100,"Doxiciclina, Hidrocloreto",100mg,Cápsulas,10 blister de 10 cápsulas
"INOCULATE LIFE, LDA",NEUROTONE,Tiamina (Vit. B1 + vit. B6) + Piridoxina (vit.B12) + Cianocobalamina (vit. B12),50mg + 50mg + 250mcg,comprimidos revestidos,10 blister de 10 comprimidos
FARMA HOLDINGS SA,NELZOLE,Metronidazol,200mg,suspensão oral,Frasco de 60ml e de 100ml
"INOCULATE LIFE, LDA",METZ,Metronidazol,250mg,comprimidos revestidos,10 blister de 10 comprimidos
"INOCULATE LIFE, LDA",L - BENDA,Albendazol,400mg,comprimidos mastigáveis,10 blister de 10 comprimidos
"INOCULATE LIFE, LDA",IBUDEC PLUS,Paracetamol + Ibuprodeno + Cafeína,500mg + 400mg + 30mg,comprimidos revestidos,10 blister de 10 comprimidos
"INOCULATE LIFE, LDA",IBUDEC - 400,Ibuprofeno,400mg,comprimidos revestidos,10 blister de 10 comprimidos
FARMA HOLDINGS SA,EFAVIRENZ,Efavirenz,200mg,comprimidos revestidos,Frasco de 30 comprimidos
"INOCULATE LIFE, LDA",DIZO,Paracetamol + Diclofenac sódico,500mg + 50mg,comprimidos,10 blister de 10 comprimidos
"INOCULATE LIFE, LDA",DAZ - 500,Azitromicina,500mg,comprimidos,1 blister de 3 comprimidos
"INOCULATE LIFE, LDA",CETZ,"cetirizina, dicloridrato",10mg,comprimidos,10 blister de 10 comprimidos
"INOCULATE LIFE, LDA",B - COM,Tiamina + Riboflavina + Nicotinamida + Piridoxina + Acido folico + cianocobalamina + D pantonato de Cálcio + Biotina  + ]Acido Ascorbico,10mg + 10mg + 50mg + 3mg + 1.5mg + 15mcg + 50mg + 100mcg+75mg,Cápsulas,10 blister de 10 cápsulas
FARMA HOLDINGS SA,METRONIDAZOLE TABLETS BP 250mg,Metronidazol,250mg,comprimidos,10 blister de 10 comprimidos e frasco de 500 Comprimidos
FARMA HOLDINGS SA,NELSTAT,Nistatina,100.000UI,suspensão oral,Frasco de 12 e de 30ml
FARMA HOLDINGS SA,FLUCONAZOL,Fluconazol,200mg,comprimidos,10 blister de 10 comprimidos
MEDIMPORT LDA,CONCOR AMLO® 5mg/5mg,"Bisoprolol, fumarato + amlodipina",5mg + 5mg,Comprimidos,embalagem de 30 e de 90 comprimidos
MEDIMPORT LDA,CONCOR AMLO® 5mg/10mg,"Bisoprolol, fumarato + amlodipina",5mg + 10mg,Comprimidos,embalagem de 30 e de 90 comprimidos
MEDIMPORT LDA,CONCOR AMLO® 10mg/5mg,"Bisoprolol, fumarato + amlodipina",10mg + 5mg,Comprimidos,embalagem de 30 e de 90 comprimidos
MEDIMPORT LDA,CONCOR AMLO® 10mg/10mg,"Bisoprolol, fumarato + amlodipina",10mg + 10mg,Comprimidos,embalagem de 30 e de 90 comprimidos
FARMA HOLDINGS SA,AZITHRIN-500,Azitromicina,500mg,cápsulas,1 blister de 3 cápsulas
HEALTH SCIENCE FARMACEUTICA LDA,SYNPARA,Paracetamol,500mg,comprimidos gastro resistentes,10 blister de 10 comprimidos
HEALTH SCIENCE FARMACEUTICA LDA,SOLOTONE,vitamina A + Vitamina D3  + Vitamina B1 + Vitamina B2 + Nicotinamida,2500UI + 200UI + 1mg + 0.5mg + 15mg,Comprimidos,3 blister de 10 comprimidos
HEALTH SCIENCE FARMACEUTICA LDA,SALBUSYN,"Salbutamol, Sulfato",2mg/5ml,Solucao Oral,Frasco de 100ml
HEALTH SCIENCE FARMACEUTICA LDA,PREDNY,Prednisolona,5mg,comprimidos,10 blister de 10 comprimidos
HEALTH SCIENCE FARMACEUTICA LDA,MOXYTOP,Amoxicilina,125mg/5ml,Suspensão Oral,Frasco de 60ml
HEALTH SCIENCE FARMACEUTICA LDA,MOXYTOP,Amoxicilina,250mg/5ml,Suspensão Oral,Frasco de 60ml
HEALTH SCIENCE FARMACEUTICA LDA,HEMRED FORTE,citrato Férrico de amónio + Vitamina B12 + Ácido Fólico,200mg + 5mcg + 0.5mg,xarope,Frasco de 100ml
HEALTH SCIENCE FARMACEUTICA LDA,DYCLOSA,Diclofenac,50mg,Comprimidos gastro resistentes,10 blister de 10 comprimidos
RK PHARMACEUTICALS SOCIEDADE UNIPESSOAL Lda,ZINCOVIT DROPS,Palmitato de retinol (vit. A) + Tocoferol ( Vit. E) + Colecalciferol (vit. D3) +  Tiamina + Riboflavina + Piridoxina + ácido ascórbico + Dexpantenol + nicotinamida + sulfato de zinco monohidratado + Hidrocloreto de lizina,2500IU + 2.50mg + 200IU + 1mg + 1mg + 0.50mg + 40mg + 1mg + 13.3mg + 10mg,Liquido Oral,Frasco de de 15ml
MAPUTO HEALTH CARE Lda,FLONASPRAY,"Fluticasona, Propionato",50mcg,Spray nasal,Frasco com 120 doses
MAPUTO HEALTH CARE Lda,DEXONEX C EYE/EAR DROPS,"Dexametasona, fosfato sódico + Cloranfenicol",1mg + 5mg,Solução Oftálmica/Auricular,frasco de 5ml
"LUA COMÉRCIO, LDA",INFUGESIC PLUS,Ibuprofeno + Paracetamol + Cafeina,400mg + 325mg + 40mg,cápsulas,10 blister de 10 comprimidos
WELL WORTH LDA,FORACORT 400 INHALER CFC FREE,"Formoterol, fumarato + Budesonida",6mcg + 400mcg,Aerosol,Frasco com 120 doses
WELL WORTH LDA,FORACORT 200 INHALER CFC FREE,"Formoterol, fumarato + Budesonida",6mcg + 200mcg,Aerosol,Frasco com 120 doses
WELL WORTH LDA,FORACORT 100 INHALER CFC FREE,"Formoterol, fumarato + Budesonida",6mcg + 100mcg,Aerosol,Frasco com 120 doses
FARMACÊUTICA AUSTRAL,TAMIRAM®,Levofloxacina,750mg,Comprimidos revestidos,Embalagem de 5 comprimidos
FARMACÊUTICA AUSTRAL,SINOT CLAV,Amoxicilina + Ácido Clavulânico (Amoxicilina tri-hidratada + Clavulanato de Potássio),875mg + 125mg,Comprimidos revestidos,Embalagem de 14 e 20 comprimidos
FARMACÊUTICA AUSTRAL,SINOT CLAV,Amoxicilina + Ácido Clavulânico (Amoxicilina tri-hidratada + Clavulanato de Potássio),400mg/5ml + 57mg/5ml,Pó para suspensão oral,Frasco de 70ml
FARMACÊUTICA AUSTRAL,PACO,Paracetamol + codeína,500mg + 30mg,Comprimidos,"Embalagem de 12, 24 e 36 comprimidos"
FARMACÊUTICA AUSTRAL,MUSCULARE,Ciclobenzaprina,10mg,Comprimidos revestidos,"embalagem de 8, 15 e 30 comprimidos"
FARMACÊUTICA AUSTRAL,MUSCULARE,"Ciclobenzaprina, Cloridrato",5mg,Comprimidos revestidos,embalagem de 15 e de 30 comprimidos
FARMACÊUTICA AUSTRAL,CLORIDRATO DE MOXIFLOXACINO,"Moxifloxacino, Cloridrato",400mg/250ml,Solução Injectável,Embalagem de 1 ou 10 bolsas de 250ml
FARMACÊUTICA AUSTRAL,BETINA,"Betaistina, Dicloridrato",24mg,Comprimidos,"Embalagem de 10 (1x10), 20 (2x10), 30(3x10) e 60 Comprimidos"
FARMACÊUTICA AUSTRAL,BETINA,"Betaistina, Dicloridrato",16mg,Comprimidos,"Embalagem de 10 (1x10), 20 (2x10), 30(3x10) e 60 Comprimidos"
FARMACÊUTICA AUSTRAL,ASTRO,Azitromicina,500mg,Comprimidos revestidos,Embalagem de 3 e 5  comprimidos
"SOCIEDADE MOÇAMBICANA DE MEDICAMENTOS, SA",LACTATO DE RINGER SMM,Lactato de Sódio + cloreto de potássio + cloreto de cálcio + Cloreto de sódio,1.6g + 0.2g + 0.135g +3.0g,Solução Injectável,Balão de 500ml e  1000ml
"SOCIEDADE MOÇAMBICANA DE MEDICAMENTOS, SA",GLICOSE 5% SMM,Glicose,5%,Solução Injectável,"Balão de 100ml, 250ml, 500ml e de 1000ml"
MAPUTO HEALTH CARE Lda,CLORETO DE SÓDIO SMM,Cloreto de Sódio,0.90%,Solução injectável,"Balão de 100ml, 250ml, 500ml e de 1000ml"
"MEDIS FARMACÊUTICA, LDA",RHINOPAROL®,"Paracetamol + Fenilefrina, cloridrato + Clorfeniramina, maleato",650mg + 10mg + 4mg,Comprimidos revestidos por película,Embalagem de 20 comprimidos (2 blisters de 10 comprimidos revestidos por película)
ACE HEALTH CARE LDA,LIDOCAINE INJECTION BP 2%,"Lidocaína, cloridrato",2%,Solução Injectável,"Frasco de 10, 20, 30 e 50ml"
NATUR PHARMA,TERBINAFINA LABESFAL,Terbinafina,10mg/g,creme,bisnaga de 15g
NATUR PHARMA,TERBINAFINA LABESFAL,Terbinafina,250mg,Comprimidos revestidos,Embalagem de 28 comprimidos
NATUR PHARMA,METOCLOPRAMIDA LABESFAL,Metoclopramida,10mg,comprimidos,Embalagem de 20 comprimidos
NATUR PHARMA,LEVOCETIRIZINA LABESFAL,Levocetirizina,5mg,comprimidos revestidos,embalagem de 21 comprimidos
NATUR PHARMA,IRBESARTAN LABESFAL,Irbesartan,300mg,Comprimidos revestidos,Embalagem de 28 comprimidos
NATUR PHARMA,IRBESARTAN + HIDROCLOROTIAZIDA LABESFAL,Irbesartan + Hidroclorotiazida,150mg + 12.5mg,Comprimidos revestidos,Embalagem de 28 comprimidos
"TMI - HEALTHCARE, LDA",IRBESARTAN + HIDROCLOROTIAZIDA CICLUM,Irbesatan + Hidroclorotiazida,150mg + 12.5mg,Comprimidos revestidos,Embalagem de 14 e de 28 comprimidos
"TMI - HEALTHCARE, LDA",IRBESARTAN + HIDROCLOROTIAZIDA CICLUM,Irbesatan + Hidroclorotiazida,300mg + 12.5mg,Comprimidos revestidos,Embalagem de 28 comprimidos
NATUR PHARMA,IRBESARTAN  LABESFAL,Irbesartan,150mg,Comprimidos revestidos,Embalagem de 28 comprimidos
NATUR PHARMA,DICLOFENAC LABESFAL,Diclofenac,100mg,Cápsulas de libertação prolongada,embalagem de 30 comprimidos
NATUR PHARMA,CIPROFLOXACINA LABESFAL,Ciprofloxacina,500mg,Comprimidos revestidos,Embalagem de 16 comprimidos
"TMI - HEALTHCARE, LDA",AZITROMICINA CICLUM,Azitromicina,500mg,Comprimidos,Embalagem de 3 comprimidos
NATUR PHARMA,AMOXICILINA LABESFAL,Amoxicilina,250mg/5ml,Pó para Suspensão Oral,frasco de 100ml
MEDIMPORT LDA,FORXIGA,Dapagliflozina propanodiol,5mg,Comprimidos revestidos,Embalagem de 28 comprimidos
MEDIMPORT LDA,FORXIGA,Dapagliflozina propanodiol,10mg,Comprimidos revestidos,Embalagem de 28 comprimidos
FARMA HOLDINGS SA,THROZA DPS,Azitromicina,200mg,Pó para suspensãooral,frasco de 30 ml
FARMA HOLDINGS SA,NEUROBA,Gabapentina,300mg,Cápsulas,3 blister de 10 comprimidos
FARMA HOLDINGS SA,MOZAVIT A,VItamina A,200 000UI,Cápsulas,10 blister de 10 cápsulas
FARMA HOLDINGS SA,MOZAPEN,Penicilina G Benzatinica,2400000UI,Pó para solução Injectável,Ampolas de 20ml
FARMA HOLDINGS SA,MOZAFOLINIC 15mg,Folinato de Cálcio,15mg,comprimidos,10 blister de 10 comprimidos
FARMA HOLDINGS SA,PREDNISOLONA COMPRIMIDOS 20mg,Prednisolona,20mg,comprimidos,10 blister de 10 comprimidos
FARMA HOLDINGS SA,MOZA SS CREAM,Sulfadiazina de Prata,10mg,creme,frasco de 500g
PROFARMA,FLOWEL,"Tansulosina, hidrocloreto",0.4mg,cápsulas,3 blister de 10 cápsulas
FARMA HOLDINGS SA,EFAVIRENZ TABLETS,Efavirenz,600mg,Comprimidos,frasco de 30 comprimidos
FARMA HOLDINGS SA,VIGOVIT C,Ácido ascórbico,100mg,comprimidos,10 blister de 10 comprimidos
FARMA HOLDINGS SA,Cloridrato de Amilorido Comprimidos 5mg,"Amilorido, cloridrato",5mg,Comprimidos,10 blister de 10 comprimidos
FARMA HOLDINGS SA,MOZASA 500mg,Àcido Actil salicíco,500mg,Comprimidos,10 blister de 10 comprimidos
FARMA HOLDINGS SA,MOZAGYL,Metronidazol,500mg/1000ml,Solução Injectável,Frasco de 100ml
FARMA HOLDINGS SA,MOZABLEO INJ,"Bleomicina , sulfato",9.30mg,Solução Injectável,Frasco de 5ml
FARMA HOLDINGS SA,MOZABLAST,"Vinblastina, Sulfato",1mg/10ml,Pó para solução injectável,Frasco de 10ml
FARMA HOLDINGS SA,MOASET 4mg,Ondansetron,4mg,Cápsulas,10 blister de 10 cápsulas
AFRI FARMÁCIA LDA,THEOGRA - 100,"Sildenafil, Citrato",100mg,Comprimidos,10 blister de 4 comprimidos
AFRI FARMÁCIA LDA,RL - COMPOUND SODIUM LACTATO INTRAVENOUS INFUSION BP,Lactato de Sódio + Cloreto de sódio + Cloreto de potássio + Cloreto de cálcio,0.320mg/100ml + 0.6mg/100ml + 0.04mg/100ml + 0.027mg/ml,Injectável,"Frasco de 250ml, 500ml e 1000ml"
AFRI FARMÁCIA LDA,ACUMET,Metronidazol,"500mg/100ml (0,5% w/v)",Infusão Intravenosa,frasco de 100ml
AFRI FARMÁCIA LDA,QUIXONE,Ceftriaxona,1g,Pó para injectável,1 ampola e água para injectável de 10ml
AFRI FARMÁCIA LDA,IRBIS - HT 300/12.5,Irbersatan + Hidrocortiazida,300mg + 12.5mg,comprimidos,3 blister de 10 comprimidos
AFRI FARMÁCIA LDA,IRBIS - HT 150/12.5,Irbersatan + Hidrocortiazida,150mg + 12.5mg,comprimidos,3 blister de 10 comprimidos
AFRI FARMÁCIA LDA,HEPANIR-5000,Heparina,5000IU/ml,Injectável,ampola de 5ml
AFRI FARMÁCIA LDA,ACURIN,Heparina,1000IU/ml,Injectável,ampola de 5ml
AFRI FARMÁCIA LDA,FLUCANIR,Fluconazol,200mg/100ml,Solução Injectável,Frasco de 100ml e 250ml
AFRI FARMÁCIA LDA,FEVERACH,Paracetamol,10mg/ml,Injectável,frasco de 100ml
AFRI FARMÁCIA LDA,EMTRICITABINA & TENOFOVIR DISOPROXIL FUMARATO,Emtricitabina + Tenofovir disopropil fumarato,200mg + 300mg,comprimidos,Frasco de 30 comprimidos
AFRI FARMÁCIA LDA,50D glucose intravenous infusion BP (50%w/v),Glucose,50%W/V,Injectável,Frasco de 50ml
FARMACÊUTICA AUSTRAL,VAST®,Atorvastatina Cálcica,10mg,comprimidos revestidos,embalagem de 10 e 30 comprimidos
FARMACÊUTICA AUSTRAL,VAST®,Atorvastatina Cálcica,20mg,comprimidos revestidos,embalagem de 10 e 30 comprimidos
FARMACÊUTICA AUSTRAL,VAST®,Atorvastatina Cálcica,40mg,comprimidos revestidos,embalagem de 10 e 30 comprimidos
EUROFARMA MOÇAMBIQUE,VAST®,Atorvastatina Cálcica,80mg,comprimidos revestidos,embalagem de 10 e 30 comprimidos
FARMACÊUTICA AUSTRAL,TÂMISA 30,Gestodeno + Etinilestradiol,30mcg + 75mcg,Comprimidos revestidos,1 blister de 21 comprimidos
FARMACÊUTICA AUSTRAL,TÂMISA 20,Gestodeno + Etinilestradiol,20mcg + 75mcg,Comprimidos revestidos,1 blister de 21 comprimidos
FARMACÊUTICA AUSTRAL,SELENE,Acetato de ciproterona + Etinilestradiol,2mg + 0.035mg,comprimidos revestidos,1x21 comprimidos e 3 blister de 21 comprimidos
FARMACÊUTICA AUSTRAL,PANTOCAL®,Pantoprazol,40mg,Comprimidos revestidos,"embalagem de 4, 7, 14 e 28 comprimidos"
FARMACÊUTICA AUSTRAL,GINNA,Nitrato de Fenticonazol,0.02g/g,Creme vaginal,Bisnaga de 40g + 7 aplicadores descartáveis de 5g cada
FARMACÊUTICA AUSTRAL,ESC,"Escitalopram, Oxalato",10mg,Comprimidos revestidos,Embalagem de 10 e 30 comprimidos
FARMACÊUTICA AUSTRAL,ESC,"Escitalopram, Oxalato",20mg,Comprimidos revestidos,Embalagem de 10 e 30 comprimidos
"MEDÁFRICA, Lda",MELLOTONE,Vit. A + Tiamina Vit. B1 + Riboflavina vit. B2 + Piridoxina Vit. B6 + Cianocobalamina Vit. B12 + Ácido Ascorbico Vit.C + Nicotinamida,2500IU + 200IU + 2.5mg + 2.5mg + 1.34mg + 2.50mcg + 50mg + 23mg,Xarope,frasco de 200ml
"MEDÁFRICA, Lda",FERROVITA,Citrato Férrico de amónio +  Ácido Fólico + Vit. B1 + Vit. B6 + Vitamina B12 + Nicotinamida,45mg + 0.5mg + 1mg + 2mg + 10mg,xarope,Frasco de 300ml
"SOCIEDADE MOÇAMBICANA DE MEDICAMENTOS, SA",CAPTOPRIL,Captopril,50mg,comprimidos,25 blister de 20 comprimidos
"MEDÁFRICA, Lda",APETIT,"ciproheptadina, Cloridrato",2mg,xarope,Frasco de 100ml
"MEDÁFRICA, Lda",ANTHEL 400,Albendazol,400mg,comprimidos,blister de 1 comprimido
VBC CORPORATION LDA,AMLOC,Amlodipina,10mg,comprimidos,embalagem de 30 comprimidos
NATUR PHARMA,CEFIXIMA CEFITON,Cefixima,100mg/5ml,Pó para suspensão oral,frasco de 100ml
NATUR PHARMA,CEFIXIMA CEFITON,Cefixima,400mg,Comprimidos revestidos,embalagem de 8 comprimidos
NATUR PHARMA,ALMIGRIPE,Paracetamol + Cafeína,500mg + 20mg,Comprimidos,Embalagem de 20 comprimidos
FARMA HOLDINGS SA,MOZAMORP,"Morfina, sulfato",10mg,Comprimidos,10 blister de 10 comprimidos
FARMA HOLDINGS SA,MOZAMORP,"Morfina, sulfato",30mg,Comprimidos,10 blister de 10 comprimidos
FARMA HOLDINGS SA,MOZAHIDRA,"Hidralazina, Cloridrato",20mg/ml,Solução Injectável,10 ampolas de 1ml
FARMA HOLDINGS SA,MOZACORT INJ,"Prednisolona, Fosfato sódico",50mg/ml,Solução Injectável,10 ampolas de 10ml
"MEDÁFRICA, Lda",LOFEN Gel,Diclofenac,1.6%w/w,Gel,Bisnaga de 30g
A. H. PHARMA,MOVATE,"Clobetasol, diproprionato",0.5mg,Gel,Bisnaga de 30g
"MEDÁFRICA, Lda",GEFOL,Sulfato Ferroso + Ácido Fólico,150mg + 0.5mg,càpsulas,3 blister de 10 cápsulas
FARMA HOLDINGS SA,ACETAVIG 250,Acetazolamida,250mg,comprimidos,10 blister de 10 comprimidos
AFRI FARMÁCIA LDA,OPTION - 2,Levonorgestrel,0.75mg,Comprimidos,Blister de 2 comprimidos
AFRI FARMÁCIA LDA,NICOF EXPECTORANT,"Difenhidramina, hidrato + cloreto de amonio + Clorfeniramina, maleato",6mg/5ml + 60mg/5ml + 2mg/5ml,Xarope,Frasco de 100ml
AFRI FARMÁCIA LDA,DERMAZINE,Sulfadiazina de Prata,1%w/w,creme,bisnaga de 50g
AFRI FARMÁCIA LDA,DACOLD®,Paracetamol + Cafeína anidra + cloridrato de psedoefedrina + Maleato de Clorfeniramina,400mg + 30mg + 30mg + 4mg,Cápsula,10 blister de 10 cápsulas
AFRI FARMÁCIA LDA,5D - Glucose Intravenous Infunsion BP (5% w/v),Glicose,5% W/V,Solução para infusão,"Frasco de 250ml, 500ml e 1000ml"
"GENERICS & SPECIALITIES, Lda",DIOLIN,Glibenclamida,5mg,comprimidos,10 blister de 10 comprimidos
FARMACÊUTICA AUSTRAL,TRIMEB,"Trimebutina, Maleato",200mg,Cápsula,"Embalagem de 10, 20, 30 e de 60 cápsulas"
FARMACÊUTICA AUSTRAL,TADA DIÁRIO,Tadalafil,5mg,Comprimidos revestidos,Embalagem de 30 comprimidos revestidos
FARMACÊUTICA AUSTRAL,TADALAFILA,Tadalafil,20mg,Comprimidos revestidos,"Embalagem contendo 1, 2 ou 4 comprimidos revestidos"
EUROFARMA MOÇAMBIQUE,MESILATO DE IMATINIBE,"Imatinibe, Mesilato",100mg,comprimidos revestidos,Embalagem de 60 comprimidos
EUROFARMA MOÇAMBIQUE,MESILATO DE IMATINIBE,"Imatinibe, Mesilato",400mg,comprimidos revestidos,Embalagem de 30 comprimidos
FARMACÊUTICA AUSTRAL,LINEZOLIDA,Linezolida,2mg/ml,Solução para Infusão,"Embalagem de 1, 6, 10 e 25 Frascos de 300ml"
EUROFARMA MOÇAMBIQUE,FIPRIMA®,Filgrastim,600mg/mL (30 MU/0.5mL),Solução Injectável,"Embalagem contendo 1, 2.5 e 10 seringas preenchidas com 0.5ml de solução, com dispositivo de segurança"
EUROFARMA MOÇAMBIQUE,BART H,Irbesartan + Hidroclorotiazida,150mg + 12.5mg,Comprimidos,Embalagem de 30 comprimidos
EUROFARMA MOÇAMBIQUE,BART H,Irbesartan + Hidroclorotiazida,300mg + 12.5mg,Comprimidos,Embalagem de 30 comprimidos
FARMA HOLDINGS SA,VIGTRIP 25mg,"Amtriptilina, cloridrato",25mg,comprimidos revestidos,10 blister de 10 comprimidos
FARMA HOLDINGS SA,VIGOSIM,Sinvastatina,20mg,comprimidos,10 blister de 10 comprimidos
FARMA HOLDINGS SA,VIGOMAP 25,"Maprotilina, cloridrato",25mg,comprimidos,10 blister de 10 comprimidos
FARMA HOLDINGS SA,KAMVIG 10mg,Diazepam,10mg,comprimidos revestidos,10 blister de 10 comprimidos
"MEDÁFRICA, Lda",BRUMIXN 8,"Bromexina, cloridrato",8mg,Xarope,Frasco de 100ml
"MEDÁFRICA, Lda",BETASIFED,Clorfeniramina,4mg,comprimidos,10 blister de 10 comprimidos
"MEDÁFRICA, Lda",BACITRACIN OINTMENT,Bacitracina,250IU/g,Pomada,bisnaga de 30g
"MEDÁFRICA, Lda",B - BES,Tiamina (Vit. B1) + Riboflavina (vit. B2) + Piridoxina (Vit. B6) + Niacinamida,1mg + 1mg + 1mg + 15mg,Comprimidos,3 blister de 10 comprimidos
"MEDÁFRICA, Lda",GLOW-BEST,Fumarato ferroso + ácido fólico + Vitamina B12 + Sulfato de Zinco,304mg + 1.5mg + 50mcg + 15mg,cápsulas,3 blister de 10 cápsulas
FARMA HOLDINGS SA,VIGTRIP 10mg,"Amtriptilina, cloridrato",10mg,comprimidos revestidos,10 blister de 10 comprimidos
FARMA HOLDINGS SA,VIGPRAX 0.5mg,Alprazolam,0.5mg,comprimidos,10 blister de 10 comprimidos
FARMA HOLDINGS SA,VIGOVAL,Valproato de Sódio,200mg,Comprimidos revestidos,10 blister de 10 comprimidos
FARMA HOLDINGS SA,VIGOAMINA,Aminofilina,100mg,comprimidos,10 blister de 10 comprimidos
FARMA HOLDINGS SA,VIGIZEP 10mg,Clordiazepóxido,10mg,comprimidos revestidos,10 blister de 10 comprimidos
FARMA HOLDINGS SA,VIGERG,"Metilergometrina, maleato",0.125mg,comprimidos,10 blister de 10 comprimidos
FARMA HOLDINGS SA,CLORIDRATO DE PIRIDOXINA COMPRIMIDOS BP 50mg,"Piridoxina, Cloridrato",50mg,Comprimidos revestidos,10 blister de 10 comprimidos
FARMA HOLDINGS SA,VIG A VIT 100mg,"Tiamina, cloridrato",100mg,comprimidos revestidos,10 blister de 10 comprimidos
FARMA HOLDINGS SA,KAMVIG 2mg,Diazepam,2mg,comprimidos revestidos,10 blister de 10 comprimidos
VBC CORPORATION LDA,PROPOTOP INJECTION,Propofol,10mg,Injectável,Frasco de 20ml
VBC CORPORATION LDA,PRAZIT,Praziquantel,600mg,comprimidos,3 blister de 10 comprimidos
VBC CORPORATION LDA,INLOP,"Loperamida, Cloridrato",2mg,comprimidos,frasco de 500 Comprimidos
VBC CORPORATION LDA,AMPHOT INJECTION,Anfotericina B,50mg,Injectável,Frasco de
VBC CORPORATION LDA,AMLOTEN 10,Amlodipina,10mg,Injectável,3 blister de 10 comprimidos
KWALITY PHARMACEUTICAL,ZIFLO,Ciprofloxacina,500mg,comprimidos,1 blister de 10 comprimidos
MAPUTO HEALTH CARE Lda,RUTIX,Ofloxacina,200mg,comprimidos revestidos,2 blister de 10 comprimidos
AFRI FARMÁCIA LDA,RANI - NIR,"Ranitidina, cloridrato",25mg/ml,Injectável,ampola de 2ml
AFRI FARMÁCIA LDA,NS - SODIUM CHLORIDE INTRAVENOUS INFUSION B.P 0.9% W/V,Cloreto de Sódio,0.9%w/v,Solução injectável,"Frasco de 100ml, 250ml e 500ml"
AFRI FARMÁCIA LDA,LINESTAR,Linezolida,0.2%w/v,Injectável,Frasco de 100ml e de 300ml
AFRI FARMÁCIA LDA,QUIFOL 1%,Propofol,1%w/v,Injectável,"Ampola de 10ml, 20ml e 50ml"
"LUA COMÉRCIO, LDA",INFUPEN- V,Fenoximetilpenicilina,250mg/5ml,solução oral,Frasco de 100ml
AFRI FARMÁCIA LDA,IBUPAR,Paracetamol + Ibuprodeno,120mg/5ml + 100mg/5ml,Suspensão oral,Frasco de 60ml
WELL WORTH LDA,FALCIMON 50/130 B/ L,Artesunato + Amodiaquina,50mg + 135mg,Comprimidos,1 blister de 3 comprimidos; 25 blister de 3 comprimidos;
WELL WORTH LDA,FALCIMON  25/67.5 B/ L,Artesunato + Amodiaquina,25mg + 67.5mg,Comprimidos,1 blister de 3 comprimidos; 25 blister de 3 comprimidos;
WELL WORTH LDA,FALCIMON  100/270 B/ L,Artesunato + Amodiaquina,100mg + 270mg,Comprimidos,1 blister de 3 comprimidos; 25 blister de 3 comprimidos; 25 blister de 6 comprimidos e 1 blister de 6 comprimidos
FARMA HOLDINGS SA,EFAVIRENZ + LAMIVUDINA + TENOFOVIR DISPROXIL FUMARATE,Efavirenz + Lamivudina + Tenofovir disoproxil fumarato,600mg + 300mg + 300mg,comprimidos revestidos,Frasco de 30 comprimidos
AFRI FARMÁCIA LDA,DAWA -FLOX DRY POWDER,Flucloxacilina,125mg/5ml,suspensão oral,Frasco de 100ml
AFRI FARMÁCIA LDA,DAWA -FLOX,Flucloxacilina,250mg,cápsulas,10 blister de 10 cápsulas
AFRI FARMÁCIA LDA,DAPROFEN,Ibuprofeno,100mg,Suspensão,Frasco de 100ml
AFRI FARMÁCIA LDA,CURAMOL SUSPENSION,paracetamol,120mg,suspensão oral,Frasco de 100ml
MAPUTO HEALTH CARE Lda,BECLOMIN 250 HFA Inalador,"Beclometasona,  Dipropionato",250mcg,Aerosol,Frasco de 200 doses
MAPUTO HEALTH CARE Lda,AMISTAR 100,Amicacina,100mg,Solução injectável,2 blister de 5 ampolas
FARMA HOLDINGS SA,VIGCAR 200,"Amiodarona, cloridrato",200mg,comprimidos,10 blister de 10 comprimidos
FARMA HOLDINGS SA,MOZALID A 1G,"Lidocaína, cloridrato + Adrenalina, tartarato",20mg + 22.5mcg,Solução injectável,Ampola de 50ml
FARMA HOLDINGS SA,COMBIART DT,Artemeter + Lumefantrina,20mg + 120mg,Comprimidos dispersiveis,"1 blister de 6, 10 e 12 comprimidos"
FARMA HOLDINGS SA,COLCHIVIG,Colchicina,0.5mg,comprimidos,10 blister de 10 comprimidos
MAPUTO HEALTH CARE Lda,METASPRAY,Furoato de mometasona,50mcg,Suspensão para pulverização nasal,frasco de 18g
"ORANE PHARMA, Lda",ZIPAN,Hidrocloreto de tramadol,50mg,Cápsula dura,10 blisters de 10 cápsulas
MEDIMPORT LDA,VERCOD-P,Fosfato de codeina + Paracetamol,30mg + 500mg,Comprimidos,5 blisters de
MEDIMPORT LDA,RANIVER,Ranitidina,25mg/ml,Injectável,Embalagem de 10 ampolas
"ORANE PHARMA, Lda",MOXIN-S DRY SYRUP,Amoxicilina,125mg/5ml,Suspensão Oral,Frasco de 60ml
"ORANE PHARMA, Lda",METZOLE 500,Metronidazol,500mg,Comprimidos,10 blisters de 10 comprimidos
"ORANE PHARMA, Lda",INDAZINE 25,Indometacina,25mg,Cápsula dura,Blister de 10 cápsulas
"ORANE PHARMA, Lda",IBUPROFEN ORAL SUSPENSION USP,Ibuprofeno,125mg,Suspensão oral,Frasco de 60ml
"ORANE PHARMA, Lda",HEXAVITE,Vit. A + Colcaciferol + Tiamina HCL + Riboflavina + Piridoxina HCL + Nicotinamida,"5000UI + 500UI + 1.0mg + 1.2mg + 0,5mg + 10.0mg",Xarope,Frasco de 100ml
MEDIMPORT LDA,DICLOFENAC SÓDICO INJECTÁVEL 75/3ML,Diclofenac Sódico,75mg/3ml,Solução injectável,Embalagem com 100 ampolas
"ORANE PHARMA, Lda",DIBRON,Sulfato de salbutamol,4mg,Comprimidos,10 blisters de 10 comprimidos
"ORANE PHARMA, Lda",CALAX,Lactato de cálcio pentahidratado,300mg,Comprimidos,Embalagem contendo 10 blisters de 10 comprimidos
"ORANE PHARMA, Lda",BROX,Hidrocloreto de Ambroxol,5%,Xarope,Frasco de 120ml
VBC CORPORATION LDA,VANCOLYN INJECTION,"Vancomcina, cloridrato",500mg,Injectável,Frasco de 10ml
"MEDÁFRICA, Lda",PODOPHYLLUM RESIN TOPICAL SOLUTION,Resina de Podofilo,250mg,,Frasco e 50 cotonetes aplicadores
AFRI FARMÁCIA LDA,PAN AFRICA (PANAF PREMIUM),Bitis Arietans +Bitis Gabonica + Bitis Nasicornis + Bitis Rhinoceros + Echis Leucogaster + Echis Ocellatus + Echis Carinatus + NajaHaje + Naja Malanileuca + Naja Nigricollis + Dendroaspis Polylepis + Dendroaspis Viridis + Dendroaspis Jamesoni + Dendroaspi,≥ 25LD50+ ≥ 25LD50 + ≥ 25LD50 + ≥ 25LD50 + ≥ 25LD50 + ≥ 25LD50 + ≥ 25LD50 + ≥ 25LD50 + ≥ 20LD50 + ≥ 20LD50 + ≥ 25LD50 + ≥ 25LD50 + ≥ 25LD50 + ≥ 25LD50,Injectável,ampola de 20ml
"MEDIFARMA, LDA",OCTANATE,Factor VIII da coagulação humana,1000UI/5ml,Pó e solvente para solução injectavel,embalagem de 1 unidade de 5ml
"MEDIFARMA, LDA",OCTANATE,Factor VIII da coagulação humana,500UI/5ml,Pó e solvente para solução injectavel,embalagem de 1 unidade de 5ml
"MEDIFARMA, LDA",OCTANATE,Factor VIII da coagulação humana,250UI/5ml,Pó e solvente para solução injectavel,embalagem de 1 unidade de 5ml
AFRI FARMÁCIA LDA,MOXACIL DS,Amoxicilina,250mg/5ml,Suspensão Oral,Frasco de 100ml
AFRI FARMÁCIA LDA,MOXACIL DRY POWDER,Amoxicilina,125mg/5ml,Suspensão Oral,Frasco de 100ml
MISSIONPHARMA MOÇAMBIQUE,LYSINE ACETYLSALICYLATE Powder for Injection,Acetil Salicilato de Lisina,0.9g,Pó para reconstituição,50 frascos de 0.9g
PIRÂMIDE PHARMA,LAMIVUDINA + ZIDOVUDINA,Lamivudina + Zidovudina,30mg + 60mg,Comprimidos dispersiveis,Frasco de 60 comprimidos
PLANET PHARMACEUTICAL LIMITADA,LAMIVUDINA + NEVIRAPINA + ZIDOVUDINA,Lamivudina + Nevirapina + Zidovudina,150mg + 200mg + 300mg,Comprimidos,Frasco de 60 comprimidos
"MEDÁFRICA, Lda",KOFFOVIN - S,"Terbutalina, Sulfato + Ambroxol, hidrocloreto + Guaifenesina",1.25mg + 15mg + 50mg,xarope,frasco com medidor de 10ml
"MEDIS FARMACÊUTICA, LDA",INFLUVAC,"Hemaglutinina de:  A/California/7/2009 (H1N1)pdm09 - estirpe análoga (A/California/7/2009, X-181) A/Hong Kong/4801/2014 (H3N2) – estirpe análoga (A/New Caledonia/4801/2014, X-257A) B/Brisbane/60/2008 – estirpe análoga (B/Brisbane/60/2008, tipo selvagem )",15mcg,suspenção injectável,embalagem com seringa de 1ml
"MEDIMOC, SA",HIPODERME,Palmitato de retinol + Colecalciferol + Óxido de Zinco,5000UI + 900UI + 150mg,Pomada,Bisnaga de 45g
"MEDÁFRICA, Lda",GLORIA,Loratadina,10mg,Comprimidos,Blister de 6 comprimidos
"MEDIS FARMACÊUTICA, LDA",DUPHASTON,Didrogesterona,10mg,comprimidos revestidos,embalagem de 20 comprimidos
"MEDÁFRICA, Lda",DR. MOL,Paracetamol,120mg/5ml,Suspensão oral,Frasco de 100ml com medidor de 10ml
"MEDÁFRICA, Lda",DR. MOL,Paracetamol,240mg/5ml,Suspensão oral,Frasco de 100ml com medidor de 10ml
AFRI FARMÁCIA LDA,DAWA - CPM SYRUP,"Clorfeniramina, maleato",2mg,Xarope,Frasco de 100ml
"MEDÁFRICA, Lda",CEMYCINE,Azitromicina,500mg,comprimidos,1 blister de 3 comprimidos
"MEDÁFRICA, Lda",BRUMIXN 4,"Bromexina, cloridrato",4mg,xarope,Frasco de 100ml com medidor de 10ml
FARMA HOLDINGS SA,AVONZA,Tenofovir Disoproxil Fumarato + Lamivudina + Efavirenz,300mg + 300mg + 400mg,comprimidos,Frasco de 30 e 90 comprimidos
FARMA HOLDINGS SA,VIGVER 40,Verapamil,40mg,comprimidos revestidos,10 blister de 10 comprimidos
FARMA HOLDINGS SA,VIGTIROX,Levotiroxina,50mcg,comprimidos,frasco de 100 comprimidos
FARMA HOLDINGS SA,VIGPROTEN,Ciproterona,100mg,comprimidos,10 blister de 10 comprimidos
FARMA HOLDINGS SA,VIGOHIDRA 25,"Hidralazina, Cloridrato",25mg,comprimidos,10 blister de 10 comprimidos
FARMA HOLDINGS SA,VIGODIN,"Isossorbida, dinitrato",40mg,comprimidos,10 blister de 10 comprimidos
FARMA HOLDINGS SA,VIGODAP,Dapsona,100mg,comprimidos,10 blister de 10 comprimidos
FARMA HOLDINGS SA,VIGOBARB 15MG,Fenobarbital sódico,15mg,comprimidos,10 blister de 10 comprimidos
FARMA HOLDINGS SA,VIGOBARB 100MG,Fenobarbital sódico,100mg,comprimidos,10 blister de 10 comprimidos
FARMA HOLDINGS SA,VIGLOL,Bisoprolol,2.5mg,comprimidos revestidos,10 blister de 10 comprimidos
FARMA HOLDINGS SA,VIGIPRES 40MG,"Propranolol, hidrocloreto",40mg,comprimidos revestidos,10 blister de 10 comprimidos
FARMA HOLDINGS SA,VIGHALO,Haloperidol,5mg,comprimidos,10 blister de 10 comprimidos
FARMA HOLDINGS SA,VIGENA,Enalapril,20mg,comprimidos,10 blister de 10 comprimidos
FARMA HOLDINGS SA,VIGBIP,Biperideno,2mg,comprimidos revestidos,10 blister de 10 comprimidos
FARMA HOLDINGS SA,NEOVIG,Neomicina,500mg,comprimidos,10 blister de 10 comprimidos
FARMA HOLDINGS SA,MOZATET,"Tetraciclina, cloridrato",500mg,Cápsulas,10 blister de 10 cápsulas
FARMA HOLDINGS SA,MICIVIG,Clindamicina,150mg,cápsulas,10 blister de 10 cápsulas
VBC CORPORATION LDA,IMIDIL SKIN CREAM,Clotrimazol,1%ww/ww,creme,Bisnaga de 15g
PLANET PHARMACEUTICAL LIMITADA,IFIMOL IV,Paracetamol,10mg/ml,Solução injectável,Frasco de 100ml
WELL WORTH LDA,HEALTHEASE SIMVASTATIN - 20MG,Simvastatina,20mg,comprimidos,3 blister de 10 comprimidos
WELL WORTH LDA,HEALTHEASE SIMVASTATIN - 10MG,Simvastatina,10mg,comprimidos,3 blister de 10 comprimidos
WELL WORTH LDA,HEALTHEASE HYOSCINE BUTYL BROMIDE - 10,"Butilescopolamina, brometo",10mg,comprimidos,10 blister de 10 comprimidos
WELL WORTH LDA,HEALTHEASE CETIRIZINE 10MG,"cetirizina, dicloridrato",10mg,"Comprimidos revestidos por película brancos, circulares, biconvexos com ambos lados lisos",10 blister de 10 Comprimidos revestidos por película
WELL WORTH LDA,HEALTHEASE CAPTROPIL - 25,Captopril,25mg,comprimidos,10 blister de 10 comprimidos
WELL WORTH LDA,HEALTHEASE ATORVASTATIN 20MG,Atorvastatina Cálcica,20mg,comprimidos,3 blister de 10 comprimidos
WELL WORTH LDA,HEALTHEASE ATORVASTATIN 10MG,Atorvastatina Cálcica,10mg,comprimidos,3 blister de 10 comprimidos
"MEDÁFRICA, Lda",GLOPOWER SYRUP,Ciprohrptadina (vit. B6) + Vit. A + Vit. D3 + Vit. B1 + Vit. B2,4mg + 1600IU + 200IU + 2mg + 2mg,xarope,Frasco de 200ml
"MEDÁFRICA, Lda",GLOPOWER PLUS,Ciprohrptadina (vit. B6) + Vit. A + Vit. D3 + Vit. B1 + Riboflavina + Cianocobalamina + L - Acido Glutâmico + Ácido Fólico + Niacinamida + Pantotenato de cálcio + Zinco,,comprimidos revestidos,3 blister de 10 comprimidos
ACE HEALTH CARE LDA,ACENAC,Diclofenac dietilamina + óleo de linhança + salicilato de metilo + mentol gel,1.16% + 1% + 3% + 10% +,gel,Bisnaga de 30g
ACE HEALTH CARE LDA,CLOTRISAN,Clotrimazol,1%w/w,creme,bisnaga de 20g
ACE HEALTH CARE LDA,AZICIN - S,Azitromicina,200mg/5ml,Suspensão oral,Frasco de 15ml
ACE HEALTH CARE LDA,ACE WHITFIELD`S OINTMENT,Ácido benzoico + Ácido salicilico,6% + 3%,pomada,Bisnaga de 30g
FARMACÊUTICA AUSTRAL,VARTAZ,Valsartan,80mg,Comprimidos revestidos,Embalagem de 15 e 30 comprimidos
FARMACÊUTICA AUSTRAL,VARTAZ,Valsartan,160mg,Comprimidos revestidos,Embalagem de 15 e 30 comprimidos
FARMACÊUTICA AUSTRAL,VARTAZ,Valsartan,320mg,Comprimidos revestidos,Embalagem de 15 e 30 comprimidos
FARMACÊUTICA AUSTRAL,TAMIRAM®,Levofloxacina,500mg,Comprimidos revestidos,"Embalagem d 3, 7 e 10 comprimidos"
FARMACÊUTICA AUSTRAL,ÉSIO®,Esomeprazol sódico,40mg,pó liofilizado,10 frascos de 40mg
"ORANE PHARMA, Lda",RICHVIT,vitamina A (acetato) + Colecalciferol (vit. D3)  + mono nitrato de tiamina + riboflavina  + cloridrato de piridoxina  + Cianocobalamina + Niacinamida + Pantotenato de cálcio + Ácido ascórbico + Acetato de α-tocoferol + Biotina  + Tri-fosfato de cálcio bás,"10000 IU + 1000 UI + 10mg + 15mcg + 100mg + 16,30mg + 3mg + 150mg + 25mg + 0,25mg + 32,04mg + 129mg + 60mg + 2,03mg + 25,8mg + 2,2mg + 3,39mg + 0,25mg + 0,88mg",comprimidos revestidos,10 blister de 10 comprimidos
"ORANE PHARMA, Lda",METRONIDAZOLE INTRAVENOUS INFUSION BP,Metronidazol,500mg/ml,Injectável,Frasco de 100ml
"ORANE PHARMA, Lda",METOCLOR,"Metoclopramida, hidrocloreto",10mg,comprimidos,10 blister de 10 comprimidos
"ORANE PHARMA, Lda",HIZYN,"Clorfeniramina, maleato",4mg,comprimidos,"10 blister de 10 comprimidos e frascos contendo 100, 500 e 1000 comprimidos"
"ORANE PHARMA, Lda",HIMIDE,"Hioscina, butil brometo",10mg,comprimidos revestidos,10 blister de 10 comprimidos
"ORANE PHARMA, Lda",GLOCOFF,"Terpeno, hidratado + Hidrocloreto de dextrometorfano + Mentol",12mg/5ml + 10mg/5ml + 3.75mg/5ml,Xarope,Frasco de 100ml
"ORANE PHARMA, Lda",CYPRO SYRUP,Ciprohrptadina,2.5mg/5ml,xarope,frasco de 100ml
"ORANE PHARMA, Lda",COFFEX,"Difenidramina, hidrato + Guaifenesina + Bromexina + Cloreto de amónio + Mentol",10mg + 50mg + 4mg + 100mg + 1.5mg,Xarope,Frasco de 100ml
"ORANE PHARMA, Lda",BROCOFF,"Terbinafina, sulfato + Ambroxol, hidrocloreto + Guaifenesina",1.6mg + 15mg + 50mg,xarope,frasco de 100ml
MEDIMPORT LDA,BEN-U-RON,Paracetamol,75mg,Supositórios,Caixa contendo 10 supositorios
HEALTH SCIENCE FARMACEUTICA LDA,VOLPA,Paracetamol + Diclofenac,500mg + 50mg,comprimidos,10 blister de 10 comprimidos
HEALTH SCIENCE FARMACEUTICA LDA,PARASYN,Paracetamol,120mg/5ml,Suspensão oral,Frasco de 100ml
HEALTH SCIENCE FARMACEUTICA LDA,METROSYN 250MG,Metronidazol,250mg,comprimidos,10 blister de 10 comprimidos
HEALTH SCIENCE FARMACEUTICA LDA,MEDICOLD TABLETS,Paracetamol + Cafeína + Bromexina + Clorfeniramina,500mg + 30mg + 4mg + 4mg,comprimidos,25 blister de 4 comprimidos
HEALTH SCIENCE FARMACEUTICA LDA,IDUMOL,Paracetamol + Ibuprofeno + Caféina,325mg + 200mg + 40mg,Cápsula,3 blister de 10 comprimidos
HEALTH SCIENCE FARMACEUTICA LDA,IBUSYN,Ibuprofeno,100mg/5ml,Cápsulas,3 blister de 10 cápsulas
HEALTH SCIENCE FARMACEUTICA LDA,ERYTHROSYN,Eritromicina,250mg/5ml,suspensão oral,Frasco de 100ml
HEALTH SCIENCE FARMACEUTICA LDA,ERYTHROSYN,Eritromicina,125mg,suspensão oral,Frasco de 100ml
HEALTH SCIENCE FARMACEUTICA LDA,COTIZOLE,Trimetoprim + Sulfametoxazol,400mg + 80mg,comprimidos,10 blister de 10 comprimidos
HEALTH SCIENCE FARMACEUTICA LDA,COSYN SYRUP,"Difenidramina, hidrato +  Cloreto de amónio + Cloreto de Sódio +  Mentol",14mg + 135mg + 57mg + 11mg,Xarope,Frasco de 100ml
AFRI FARMÁCIA LDA,ZINC SULPHATE TABLETS,Sulfato de Zinco,20mg,Comprimidos dispersíveis,Embalagem contendo 10 blisters de 10 comprimidos
AFRI FARMÁCIA LDA,KETADOL,Ketamina,50mg/ml,Injectável,Ampola de 10ml
MEDIMPORT LDA,DICLOFENAC BLUEPHARMA,Diclofenac,10mg/g,gel,Bisnaga de 100g
AFRI FARMÁCIA LDA,DAWA -FLOX 500,Flucloxacilina,500mg,cápsulas,10 blister de 10 cápsulas
AFRI FARMÁCIA LDA,B - CANE TM HEAVY,"Bupivacaina, hidrocloreto",5mg/ml,Injectável,20 ampolas de 4ml
AFRI FARMÁCIA LDA,30D - GLUCOSE INTRAVENOUS INFUSION BP (30%W/V),Glicose,30%w/v,Injectável,Frasco de 500ml
MAPUTO HEALTH CARE Lda,CLOTINEX 60,Enoxaparina,60mg/06ml,Solução injectável,1 ampola
"SOCIEDADE MOÇAMBICANA DE MEDICAMENTOS, SA",GLIBENCLAMIDA,Glibenclamida,5mg,comprimidos,frasco de 30 comprimidos
"MEDIS FARMACÊUTICA, LDA",DAFRAZOL® IV,Omeprazol,40mg,Pó para solução injectável + solvente,2 blisters x 7 cápsulas e de 28 cápsulas
"MEDIFARMA, LDA",XOMOX CV DS 457,Amoxicilina + ácido clavulânico,400mg + 57mg,Pó para suspensão oral,Embalagem de 6 saquetas
"MEDIFARMA, LDA",XOMOX CV DS,Amoxicilina + ácido clavulânico,200mg + 28.5mg,Pó para suspensão oral,Embalagem de 6 saquetas
"MEDIFARMA, LDA",XOMOX CV 625,Amoxicilina + ácido clavulânico,500mg +125mg,Comprimidos,1 blister de 10 comprimidos
"MEDIFARMA, LDA",XOMOX CV 375,Amoxicilina + ácido clavulânico,200mg +125mg,Comprimidos,1 blister de 10 comprimidos
"MEDIFARMA, LDA",XOMOX CV 1G,Amoxicilina + ácido clavulânico,875mg + 125mg,Comprimidos,1 blister de 10 comprimidos
MISSIONPHARMA MOÇAMBIQUE,SODIUM CHLORIDE INTRAVENOUS INFUSION B.P 0.9% W/V,Cloreto de sódio,0.90%,Injectável,Frasco de 500ml
EUROFARMA MOÇAMBIQUE,PONDERA,"Paroxetina, cloridrato",15mg,comprimidos revestidos,10 e 20 comprimidos
FARMACÊUTICA AUSTRAL,PONDERA,"Paroxetina, cloridrato",20mg,comprimidos revestidos,10 comprimidos
EUROFARMA MOÇAMBIQUE,PONDERA,"Paroxetina, cloridrato",25mg,comprimidos revestidos,10 e 20 comprimidos
EUROFARMA MOÇAMBIQUE,PONDERA,"Paroxetina, cloridrato",30mg,comprimidos revestidos,30 comprimidos
EUROFARMA MOÇAMBIQUE,PONDERA,"Paroxetina, cloridrato",40mg,comprimidos revestidos,20 comprimidos
EUROFARMA MOÇAMBIQUE,PONDERA,"Paroxetina, cloridrato",10mg,comprimidos revestidos,10 comprimidos
FARMACÊUTICA AUSTRAL,PIPERACICLINA SÓDICA + TAZOBACTAM SÓDICO,Piperaciclina sódica + Tazobactam Sódica,2g + 250mg,Pó liofilizado para solução Injectável,10 frascos de 2g
FARMACÊUTICA AUSTRAL,PIPERACICLINA SÓDICA + TAZOBACTAM SÓDICO,Piperaciclina sódica + Tazobactam Sódica,4g + 500mg,Pó liofilizado para solução Injectável,10 frascos de 2g
"MEDIS FARMACÊUTICA, LDA",HACTOSEC®,Levodropropizina,6mg/ml,xarope,Frasco de 150ml
MISSIONPHARMA MOÇAMBIQUE,GLUCOSE INFUSION BP,Glicose,50g/l,Injectável,"Frasco de 250ml, 500ml e 1000ml"
MISSIONPHARMA MOÇAMBIQUE,ÁGUA ESTERILIZADA,Água,NA,líquido para injectável,Frasco de 5ml e de 10ml
"FARMACÊUTICA AUSTRAL, Lda",ÁCIDO ZOLEDRÓNICO,"Ácido Zoledrónico, monohidratado",4mg/5ml,Solução injectável,10 frascos de 5ml
"SOCIEDADE MOÇAMBICANA DE MEDICAMENTOS, SA",METFORMINA SMM,"Metformina, cloridrato",500mg,comprimidos revestidos,Embalagem de 50 comprimidos
MDS - Medicamento e Diagnóstico na Saúde S.A,MISTOP,Misoprostol,200mcg,comprimidos,10 blister de 10 comprimidos
FARMACÊUTICA AUSTRAL,ASTRO,Azitromicina,600mg,Pó para suspensão oral,Frasco de 15ml + frasco de 9ml de diluente + 1 seringa
FARMACÊUTICA AUSTRAL,ASTRO,Azitromicina,900mg,Pó para suspensão oral,Frasco de 22.5ml + frasco de 12ml de diluente + 1 seringa
FARMACÊUTICA AUSTRAL,ASTRO,Azitromicina,1500mg,Pó para suspensão oral,Frasco de 37.5ml + frasco de 22ml de diluente + 1 seringa
"ORANE PHARMA, Lda",TRIGYL SUSPENSION,Metronidazol,250mg/ml,suspensão oral,Frasco de 120ml
"ORANE PHARMA, Lda",PROZIN - 10,"Prometazina, cloridrato",10mg,comprimidos,10 blister de 10 comprimidos
"ORANE PHARMA, Lda",NASOL,Xilometazolina,0.10%,solução nasal,Frasco de 10ml
"ORANE PHARMA, Lda",GLONIF - 20,Nifedipina,20mg,comprimidos revestidos,10 blister de 10 comprimidos
"ORANE PHARMA, Lda",GLOCARB - 200,Carbamazepina,200mg,comprimidos,10 blister de 10 comprimidos
"ORANE PHARMA, Lda",D. LOR ORAL SUSPENSION,Desloratadina,2.5mg/5ml,suspensão oral,Frasco de 60ml
"ORANE PHARMA, Lda",D. LOR,Desloratadina,5mg,comprimidos revestidos,10 blister de 10 comprimidos
"ORANE PHARMA, Lda",BURNIN,Sulfadiazina de prata + Clorexidina,1% + 0.2%,Pomada,Bisnaga de 15g
"ORANE PHARMA, Lda",BACNIL,Ácido Nalidíxico,500mg,comprimidos,10 blister de 10 comprimidos
VBC CORPORATION LDA,LYFAXONE INJECTION,Ceftriaxona sódica,1g,Pó para solução oral,Frasco de 10ml
WELL WORTH LDA,LOPRIN,Aspirina,75mg,comprimidos revestidos,Embalagem de 30 comprimidos
WELL WORTH LDA,LOPRIN,Aspirina,150mg,comprimidos revestidos,Embalagem de 30 comprimidos
MOZPHARMA LDA,ENALAPRIL BASI,Enalapril,20mg,comprimido,Embalagem de 60 comprimidos
"MEDIFARMA, LDA",ZITHROSTAT - 500,Azitromicina,500mg,comprimidos,1 blister de 3 comprimidos
"MEDIFARMA, LDA",ZITHROSTAT - 250,Azitromicina,250mg,comprimidos,10 blister de 6 comprimidos
"MEDIFARMA, LDA",SMARTA GEL,Diclofenac + Mentil Salicilato + Capsaicina + óleo de Limhança + Mentol,1.0% + 10% + 0.025% + 3% + 5%,gel,Bisnaga de 30g
WELL WORTH LDA,MISOPROST 200,Misoprostol,200mcg,comprimidos,"1, 7 e 15 blister de 4 comprimdos"
WELL WORTH LDA,ETHIONAMIDE,Etionamida,250mg,comprimidod,10 blister 10 comprimidos
"MEDIFARMA, LDA",CIPROST - 500,Ciprofloxacina,500mg,comprimido,10 blister de 10 comprimidos
"MEDIFARMA, LDA",CIPROST - 250,Ciprofloxacina,250mg,comprimido,10 blister de 10 comprimidos
"MEDIFARMA, LDA",STERIDINE - 10,Iodopovidona,10%,solução oral,Frasco de 500ml
"MEDIFARMA, LDA",STERIDINE,Iodopovidona,5%,Pomada,Bisnaga de 15g
"MEDIFARMA, LDA",MOXOL - 500,Amoxicilina,500mg,Cápsulas,10 blister de 10 cápsulas
"MEDIFARMA, LDA",MOXOL - 250,Amoxicilina,250mg,Cápsulas,10 blister de 10 cápsulas
PIRÂMIDE PHARMA,EFAVIRENZ USP 600MG,Efavirenz,600mg,comprimidos,frasco de 30 comprimidos
"MEDIFARMA, LDA",CEFTIL - 500,"Cefuroxima, Axetil",500mg,comprimidos,10 blister de 10 comprimidos
"MEDIFARMA, LDA",CEFTIL - 250,"Cefuroxima, Axetil",250mg,comprimidos,10 blister de 10 comprimidos
PIRÂMIDE PHARMA,ABACAVIR,Abacavir,300mg,comprimidos,frasco de 60 comprimidos
FARMA HOLDINGS SA,VIGMERCAP,Mercaptopurina,50mg,comprimidos,10 blister de 10 comprimidos
FARMA HOLDINGS SA,VIGMEL,Melfalan,5mg,comprimidos revestidos,blister de 25 comprimidos
FARMA HOLDINGS SA,VIG MTP,Misoprostol,200mcg,comprimidos,2 blister de 14 comprimidos
FARMA HOLDINGS SA,MOZAVIR,Aciclovir,400mg,Comprimido,10 blister de 10 comprimidos
FARMA HOLDINGS SA,MOZANIST SUS,Nistatina,100000IU,suspensão oral,Frasco de 60ml
FARMA HOLDINGS SA,MOZAMEB,Mebendazol,500mg,comprimidos,10 blister de 10 comprimidos
FARMA HOLDINGS SA,MOZAFENTIL,Citrato de Fentanil,0.05mg/ml,solução injectável,10 ampolas de 10ml
FARMA HOLDINGS SA,MOZACORT,"Prednisolona, Fosfato sódico",5mg,comprimidos,10 blister de 10 comprimidos
"FARMATEC, LDA",PARACETAMOL TABLETS,Paracetamol,500mg,comprimidos,10 blister de 10 comprimidos
"FARMATEC, LDA",METRONIDAZOL TABLETS,Metronidazol,250mg,comprimidos,10 blister de 10 comprimidos
"FARMATEC, LDA",KETOCONAZOL CREAM,Cetoconazol,1%,creme,Bisnaga de 15g
FARMA HOLDINGS SA,AMOXICILINA CÁPSULA BP 500mg,Amoxicilina,500mg,Cápsula,10 blister de 10 cápsulas
FARMA HOLDINGS SA,AMOXICILINA SUSPENSÃO ORAL 250mg/5ml,Amoxicilina,250mg/5ml,Suspensão Oral,Frasco de 100ml
FARMA HOLDINGS SA,STRIMOX 250 cápsula,Amoxicilina,250mg,cápsula,10 blister de 10 cápsulas
FARMA HOLDINGS SA,STRIMOX 125 SYRUP,Amoxicilina,125mg/5ml,Suspensão Oral,Frasco de 100ml
FARMA HOLDINGS SA,CLOXARONE,Cloxacilina,500mg,Cápsulas,Embalagem de  100 Cápsulas
FARMA HOLDINGS SA,CLAVICIN 625,Amoxicilina + Ácido Clavulânico,500mg + 125mg,Comprimidos revestidos,2 blister de 10 comprimidos
"SHANI, LIMITADA",WATER FOR INJECTION,água para injectável,NA,Injectável,frasco de 10ml
"MEDÁFRICA, Lda",FENOM - DS,Fenoximetilpenicilina,250mg/5ml,pó para suspensão oral,frasco de 100ml
AFRI FARMÁCIA LDA,DOLUTEGRAVIR,"Dolutegravir, sódico",50mg,comprimidos,Frasco de 30 comprimidos
"MEDÁFRICA, Lda",DIADOC,"Loperamida, Cloridrato",2mg,Cápsulas,10 blister de 10 cápsulas
"MEDÁFRICA, Lda",DEVTRAL,Glicose anidra + Cloreto de Sódio + Cloreto de potassio + Citrato de sódio,13.3g + 2.6g + 1.5g + 2.9g,Pó para solução oral,saqueta de 20.5g
AFRI FARMÁCIA LDA,D - ARTEEP,"Piperaquina, fosfato + Dihidroartemisina",640mg + 80mg,Comprimidos,1 blister de 6 comprimidos
AFRI FARMÁCIA LDA,D - ARTEEP,"Piperaquina, fosfato + Dihidroartemisina",320mg + 40mg,Comprimidos Dispersível,1 blister de 6 comprimidos
AFRI FARMÁCIA LDA,D - ARTEEP,"Piperaquina, fosfato + Dihidroartemisina",320mg + 40mg,Comprimidos,1 blister de 6 comprimidos
AFRI FARMÁCIA LDA,D - ARTEEP,"Piperaquina, fosfato + Dihidroartemisina",160mg + 20mg,Comprimidos,1 blister de 6 comprimidos
"MEDÁFRICA, Lda",AMOZLIN,Amoxicilina,250mg/5ml,Pó para Suspensão Oral,frasco de 100ml
WELL WORTH LDA,ZOLOCAN® 200,Fluconazol,200mg,Comprimidos,1 blister de 10 comprimidos
"WELLWORTH, LDA",ZITHROCARE® 500,Azitromicina,500mg,Comprimido revestido por película,10 blisters de 3 comprimidos
WELL WORTH LDA,VOOMA,"Sildenafil, Citrato",50mg,comprimidos,1 blister de 4 comprimidos
WELL WORTH LDA,VOOMA,"Sildenafil, Citrato",100mg,comprimidos,1 blister de 4 comprimidos
"ORBIS PHARMA, Lda",NUBAN,Mupirocina,20mg,pomada,Bisnaga de 15g
WELL WORTH LDA,LOMEZ CAPSULAS,Omeprazol,20mg,Cápsulas,10 blisters de 10 cápsulas
"FARMATEC, LDA",INDOMETACIN,Indometacina,25mg,Cápsulas,10 blister de 10 cápsulas
PLANET PHARMACEUTICAL LIMITADA,ELECTRAL - Z XIT,Cloreto de Sodio + Cloreto de Potassio + Citrato de Sodio + Glicose Anidra + Sulfato de Zinco,"2,6g + 1,5g + 2,9g + 13,5g + 54.9mg",Pó para solução Oral + comprimidos,2 saquetas de 21.8g +  blister de 10 comprimidos
"MEDIS FARMACÊUTICA, LDA",GRISEOFULVIN MILÂN,Griseofulvina,500mg,10 blister de 10 comprimidos,10 blister de 10 comprimidos
"MEDIS FARMACÊUTICA, LDA",GLYFERON® 850,"Metformina, cloridrato",850mg,Comprimidos revestidos por película,Embalagem de 30 comprimidos revestidos por película
"MEDIS FARMACÊUTICA, LDA",GLYFERON® 1000,"Metformina, cloridrato",1000mg,Comprimidos revestidos por película,Embalagem de 30 comprimidos revestidos por película
"MEDIS FARMACÊUTICA, LDA",FLUOMIZIN,"Dequalínio, cloreto",10mg,comprimidos vaginais,embalagem de 6 comprimidos vaginais
"MEDIS FARMACÊUTICA, LDA",CREON 25000,Pancreatina,300mg,Cápsulas gastro resistente,Embalagem de 20 cápsulas
"MEDIS FARMACÊUTICA, LDA",CREON 10000,Pancreatina,150mg,Cápsulas gastro resistente,Embalagem de 20 cápsulas
MAPUTO HEALTH CARE Lda,ROTAVAC,"Rotavirus vivo atenuado, 116E + Neomicina, sulfato + Kanamicina, sulfato",NLT105.0 FFU + 15mcg + 15mcg,,Frasco de 5 doses de 0.5ml
"MEDÁFRICA, Lda",DEVCEF 1000,Ceftriaxona sódica,1000mg,Pó para injectável,Frasco de 10ml
MAPUTO HEALTH CARE Lda,BECLOMIN 100 HFA INHALER,"Beclometasona,  Dipropionato",100mcg,Aerosol,Frasco de 200 doses
MAPUTO HEALTH CARE Lda,ARTEFAN 20/120 DISPERSIBLE,Arteméter + Lumefantrina,20mg + 120mg,Comprimidos dispersíveis,"Blisters 3x8 comprimidos, 30x6, 30x12"
NATUR PHARMA,IRBESARTAN + HIDROCLOROTIAZIDA LABESFAL,Irbesartan + Hidroclorotiazida,300mg + 12.5mg,Comprimidos revestidos,Embalagem de 28 comprimidos
ACE HEALTH CARE LDA,FEBRENIX 300,Paracetamol,300,Supositório,2 blister de 5 supositório
ACE HEALTH CARE LDA,FEBRENIX 200,Paracetamol,200,Supositório,2 blister de 5 supositório
ACE HEALTH CARE LDA,FEBRENIX 100,Paracetamol,100,Supositório,2 blister de 5 supositório
ACE HEALTH CARE LDA,ENATEC - 5,Enalapril,5mg,comprimidos,10 blister de 10 comprimidos
ACE HEALTH CARE LDA,ENATEC - 10,Enalapril,10mg,comprimidos,10 blister de 10 comprimidos
ACE HEALTH CARE LDA,ACENAC,Diclofenac,100mg,Supositório,5 supositório
ACE HEALTH CARE LDA,BUSCOCINE,Hioscina Butilbrometo,10mg,supositórios,embalagem de 6 supositórios
"FARMATEC, LDA",AZITHROMYCIN TABLETS,Azitromicina,500mg,comprimidos,
ACE HEALTH CARE LDA,ANGILONG 50,Atenolol,50mg,comprimidos,3 blister de 10 comprimidos
ACE HEALTH CARE LDA,ANGILONG 100,Atenolol,100mg,comprimidos,3 blister de 10 comprimidos
ACE HEALTH CARE LDA,ACEPRIL,Captopril,25mg,comprimidos,10 blister de 10 comprimidos
ACE HEALTH CARE LDA,ACEPRAZOLE,Omeprazol,20mg,cápsula,10 blister de 10 cápsulas
ACE HEALTH CARE LDA,ACEFEN - S,Ibuprofeno,100mg/5ml,suspenção oral,Frasco de 100ml
"INOCULATE LIFE, LDA",RAPIDEX - FORTE,Paracetamol + cafeina,500mg + 30mg,comprimidos,1 blister de 4 comprimidos
"INOCULATE LIFE, LDA",PIROXDEC,Piroxicam,20mg,Comprimidos revestidos,10 blister de 10 comprimidos
"INOCULATE LIFE, LDA",OMISOLE - 20,Omeprazol,20mg,Cápsulas,1 blister de 10 cápsulas
"INOCULATE LIFE, LDA",NEPRODEC -500,Naproxeno sódico,500mg,comprimidos,10 blister de 10 comprimidos
"INOCULATE LIFE, LDA",LOPRADEC,"Loperamida, Cloridrato",2mg,comprimidos,10 blister de 10 comprimidos
"INOCULATE LIFE, LDA",KETODEC - 200,Cetoconazol,200mg,comprimidos,10 blister de 10 comprimidos
"INOCULATE LIFE, LDA",ENERGY VITAL,"Ciproheptadina, Cloridrato + Vit. A + Vit.D3 + Tiamina, cloridrato + Riboflavina + Cianocobalamina + Nicotinamida + Pentotenato de cálcio + Ácido ascórbico + Lactato de cálcio",4mg + 1500IU + 300IU + 2mg + 2mg + 5mcg + 10mg + 5mg + 20mg + 50mg + 100mg,cápsula,3 blisters de 10 cápsulas
"INOCULATE LIFE, LDA",DIZO - MR,Diclofenac + Paracetamol + Clorzoxazona,50mg + 500mg + 250mg,comprimidos,2 blister de 10 comprimidos
"INOCULATE LIFE, LDA",CO - RSONATE,Artesunato + Sulfametoxipirazina + Pirimetamina,100mg + 250mg + 12.5mg,Comprimidos,1 blister de 3 comprimidos
"INOCULATE LIFE, LDA",CIPROKOM - 500,Ciprofloxacina,500mg,comprimidos,10 blister de 10 comprimidos
"INOCULATE LIFE, LDA",CARE - V6,ClotrImazol,100mg,comprimido vaginal de libertação prolongada,1 blister de 6 comprimidos
"INOCULATE LIFE, LDA",CAP-4,"Clorfeniramina, maleato",4mg,Comprimidos,10 blisters de 10 comprimidos
"INOCULATE LIFE, LDA",MBEN-S,"Guaifenesina + Bromexina, cloridrato + Fenilefrina + Clorfeniramina, maleato + Paracetamol",100mg + 8mg + 2mg + 2mg + 500mg,comprimidos,10 blister de 10 comprimidos
"INOCULATE LIFE, LDA",BUSCODEC,Hioscina Butilbrometo,10mg,Comprimidos,10 blisters de 10 comprimidos
"INOCULATE LIFE, LDA",A&P,Aceclofenac + paracetamol,100mg + 500mg,comprimidos,10 blister de 10 comprimidos
"GENERICS & SPECIALITIES, Lda",VIVIAN - 50,Diclofenac Sódico,50mg,Comprimidos,10 blister de 10 comprimidos
"GENERICS & SPECIALITIES, Lda",PA 120,Paracetamol,120mg/5ml,Suspensão oral,frasco de 100ml
WELL WORTH LDA,LUMARTEN DT,Arteméter + Lumefantrina,20mg + 120mg,Comprimido dispersível,"Blisters de 1x6, 1x12, 30x6, e 30x12 Comprimidos"
WELL WORTH LDA,CLOVIREX CREAM,Aciclovir,0.05g,creme,bisnaga de 10g
"GENERICS & SPECIALITIES, Lda",BRISCORIL,"Salbutamol, Sulfato + Bromexina, Cloridrato + Guaifenesina",1mg + 2mg + 50mg,Suspensão oral,frasco de 100ml
"GENERICS & SPECIALITIES, Lda",ALUGEL PLUS,Hidróxido de Alumínio + Magnésio + Simeticone,250mg + 250mg + 50mg,Suspensão,frasco de 200ml
"SHANI, LIMITADA",PARA - ACE,Paracetamol + Aceclofenac,325mg + 100mg,Comprimidos,10 blister de 10 comprimidos
"SHANI, LIMITADA",O - SQUARE,Ofloxacina + Ornidazol,200mg + 500mg,comprimidos,10 blister de 10 comprimidos
"SHANI, LIMITADA",LORADIN,Loratadina,10mg,comprimidos,10 blister de 10 comprimidos
"SHANI, LIMITADA",FLUPINOL 200,Fluconazol,200mg,comprimidos,6 blister de 10 comprimidos
"MEDIS FARMACÊUTICA, LDA",MONTELUCASTE AZEVEDOS,Montelucaste de Sódio,4mg,Comprimidos mastigaveis,embalagem de 28 comprimidos
"MEDIS FARMACÊUTICA, LDA",MONTELUCASTE AZEVEDOS,Montelucaste de Sódio,5mg,Comprimidos mastigaveis,embalagem de 28 comprimidos
"MEDIS FARMACÊUTICA, LDA",MONTELUCASTE AZEVEDOS,Montelucaste de Sódio,10mg,Comprimidos revestidos por pelicula,embalagem de 28 comprimidos
WELL WORTH LDA,VIRADAY,Efavirenz + Tenofovir Disoproxil Fumarato + Emtricitabina,600mg + 200mg +300mg,comprimidos,Frasco de 30 comprimidos
WELL WORTH LDA,TEZOLE CREAM,Ketoconazole,20mg,creme,bisnaga de 10g
WELL WORTH LDA,NEOFENAC INJECTION,Diclofenac sódico,25mg,Injectável,ampola de 3 ml
WELL WORTH LDA,LOPINAVIR & RITONAVIR,Lopinavir + Ritonavir,40mg + 10mg,cápsulas,Frasco de 120 cápsulas
"SHANI, LIMITADA",LEXIMARK - 500,Cefalexina,500mg,cápsulas,10 blister de 10 cápsulas
WELL WORTH LDA,HEALTHEASE Z-BEN SUSPENSION,Albendazol,200mg,suspensão oral,frasco der 10ml
WELL WORTH LDA,HEALTHEASE TX-1 INJECTION,Ceftriaxona sódica,1g,Pó para injectável,frsco de 15ml
WELL WORTH LDA,HEALTHEASE NEURO-B INJECTION,VIT. B1 + Vit. B6 +  Vit. B12 + Niacinamida + D-Pentanol,100mg + 100mg + 1000mcg + 50mg +100mg,Injectável,5 X 10 ampolas de 30ml
"SHANI, LIMITADA",FUROSANS - 500,"Cefuroxima, Axetil",500mg,Comprimidos revestidos,1 blister de 10 comprimidos
"SHANI, LIMITADA",FUROSANS - 250,"Cefuroxima, Axetil",250mg,Comprimidos revestidos,1 blister de 10 comprimidos
"SHANI, LIMITADA",C - MARK 400,Cefixima,400mg,comprimidos dispersível,1 blister de 10 comprimidos; 10x10
"SHANI, LIMITADA",C - MARK 200,Cefixima,200mg,comprimidos dispersível,1 blister de 10 comprimidos; 10x10
"SHANI, LIMITADA",C - MARK 100 DT,Cefixima,100mg,comprimidos dispersível,1 blister de 10 comprimidos
"FARMATEC, LDA",AMOXICILLIN AND CLAVULANATE POTASSIUM,Amoxicilina + Clavulanato de Potássio,500mg + 125mg,comprimidos,embalagem de 20 comprimidos
"MEDÁFRICA, Lda",SALBUDEV - S,"Salbutamol, Sulfato",2mg/5ml,suspensão oral,Frasco de 100ml
"MEDÁFRICA, Lda",MARTINEZ 10,Montelucaste de Sódio,10mg,comprimidos revestidos,1 blister de 10 comprimidos
NATUR PHARMA,ERBINOL 1%,"Terbinafina, hidrocloreto",10mg,crème tópico,bisnaga de 30g
"MEDÁFRICA, Lda",CHLORPHRPHENIRAMINA MALEATE ORAL SOLUTION,"Clorfeniramina, maleato",2mg/5ml,Suspensão oral,Frasco de 100ml
"MEDÁFRICA, Lda",BRAIPORIN 500,Valproato de Sódio + Ácido valpróico,333mg + 145mg,comprimidos revestidos,1 blister de 10 comprimidos
MEDIMPORT LDA,ROSUVASTATINA BLUEPHARMA,Rosuvastatina,5mg,Comprimidos revestidos por película,"blister de 20, 30 e 60 comprimidos"
MEDIMPORT LDA,ROSUVASTATINA BLUEPHARMA,Rosuvastatina,10mg,Comprimidos revestidos por película,"blister de 20, 30 e 60 comprimidos"
MEDIMPORT LDA,ROSUVASTATINA BLUEPHARMA,Rosuvastatina,20mg,Comprimidos revestidos por película,"blister de 20, 30 e 60 comprimidos"
"ORANE PHARMA, Lda",PARAGLOFEN,Paracetamol + Ibuprofeno,325mg + 400mg,comprimidos,10 blister de 10 comprimidos
"ORANE PHARMA, Lda",MEDIMEBEN ORAL SUSPENSION,Mebendazol,100mg/ml,comprimidos,10 blister de 10 comprimidos
"ORANE PHARMA, Lda",MEDIMEBEN - 100,Mebendazol,100mg,comprimidos,10 blister de 10 comprimidos
"ORANE PHARMA, Lda",HIDROCHLOROTHIAZIDE,Hidroclorotiazida,50mg,comprimidos,10 blister de 10 comprimidos
"ORANE PHARMA, Lda",CAPTOMAX- 50,Captopril,50mg,comprimidos,3 blister de 10 comprimidos
"ORANE PHARMA, Lda",CAPTOMAX- 25,Captopril,25mg,comprimidos,3 blister de 10 comprimidos
MEDIMPORT LDA,BEN-U-RON® CAFF,Paracetamol + Cafeína,500mg + 65mg,Comprimidos,"blister de 10, 12 e 20 comprimidos"
"WELLWORTH, LDA",ZITHROCARE - 200,Azitromicina,200mg/5ml,Suspensão Oral,Frasco de 15ml
WELL WORTH LDA,MIM® CAPSULAS,"Vit. A, acetato + Vit. D3 + Vit. E, acetato + Tiamina, nitrato + Riboflavina + Piridoxina, hidrocloreto + Vit. B12 + Ácido fólico + Nicotinamida + Pantotenato de Cálcio + Fumarato ferroso + Sulfato de Zinco, monohidrato + Sulfato de Cobre + Sulfato de Mag",2000UI + 200UI + 5mg + 2mg + 1mg + 1mg + 1mcg + 200mcg + 15mg + 2mg + 18mg + 20mg + 1mg + 1mg + 30mg + 100mcg,Cápsulas,5 blisters de 6 cápsulas
MISSIONPHARMA MOÇAMBIQUE,SULFATO DE MAGNÉSIO INJECTÁVEL,Sulfato de magnésio,500mg,Solução injectável,100 ampolas de 10ml
MISSIONPHARMA MOÇAMBIQUE,SULFADOXINE + PYRIMETHAMINE,Sulfadoxina + Pirimetamina,500mg + 25mg,comprimidos,Frasco de 1000 comprimidos
MISSIONPHARMA MOÇAMBIQUE,PHENYTOIN,Fenitoína Sódica,100mg,comprimidos,Frasco de 1000 comprimidos
MISSIONPHARMA MOÇAMBIQUE,PENICILLIN V POTASSIUM,Penicilina V potássio,500mg,comprimidos,Frasco de 500 comprimidos
MAPUTO HEALTH CARE Lda,HIDROCLORETO DE TETRACICLINA,"Tetraciclina, cloridrato",10mg,pomada,25 bisnagas de 5g
MISSIONPHARMA MOÇAMBIQUE,GSUNATE-50,Artesunato,50mg,Supositório,Tiras de 6 supositórios
MISSIONPHARMA MOÇAMBIQUE,BUTILBROMETO DE HIOSCINA,Butil hioscina,10mg,comprimidos,Frasco de 1000 comprimidos
MISSIONPHARMA MOÇAMBIQUE,AMINOFILINA,Aminofilina,100mg,comprimidos,Frasco de 1000 comprimidos
"LUSOFARMA, Lda",SULFATO DE PROTAMINA - INDAR,"Protamina, Sulfato",1000UI/ml,Solução injectável,5 frascos de 5ml e 1 frasco de 10ml
FARMA HOLDINGS SA,STRICILLIN 250,Ampicilina,250mg/5ml,pó para suspensão oral,frasco de 100ml
FARMA HOLDINGS SA,STRICILLIN 125,"Ampicilina, trihidratada",125mg/5ml,pó para suspensão oral,frasco de 100ml
"LUSOFARMA, Lda",HUMODAR R 100R,Insulina Humana recombinante,100UI,suspensão injectável,1 unidades de 5ml e de 10ml. Cartucho de 5 unidades de 3ml
"LUSOFARMA, Lda",HUMODAR C 25 100R,Insulina Humana recombinante,100UI,suspensão injectável,1 unidades de 5ml e de 10ml. Cartucho de 5 unidades de 3ml
"LUSOFARMA, Lda",HUMODAR B 100R,Insulina Humana recombinante,100UI,suspensão injectável,1 unidades de 5ml e de 10ml. Cartucho de 5 unidades de 3ml
"LUSOFARMA, Lda",HEPARINA - INDAR,Heparina,5000UI/ml,Solução injectável,5 e 100 unidades de 5ml
ACE HEALTH CARE LDA,NISTA - P,Nistatina,1000000IU,comprimidos vaginais,blister de 14 comprimidos
ACE HEALTH CARE LDA,NAYCOLD,"Paracetamol + Feniefrina, cloridrato + Clorfeniramina + Cafeína",500mg + 10mg + 2mg + 30mg,comprimidos,25 blister de 4 comprimidos
ACE HEALTH CARE LDA,FRUSEMIX,Furosemida,40mg,comprimidos,10 blister de 10 comprimidos
ACE HEALTH CARE LDA,FORMIMET - SR 850,"Metformina, cloridrato",850mg,comprimidos,3 blister de 10 comprimidos
WELL WORTH LDA,DOLUTEGRAVIR,"Dolutegravir, sódico",50mg,Comprimidos,Frasco de 30 comprimidos
ACE HEALTH CARE LDA,DERMICIDE,Ácido Fusidico,2%w/w,Creme,Bisnaga de 15g
ACE HEALTH CARE LDA,DERMATRIX,Betametasona,0.1%w/w,creme,Bisnaga de 15g
ACE HEALTH CARE LDA,DAOMIDE,Glibenclamida,5mg,comprimidos,10 blister de 10 comprimidos
ACE HEALTH CARE LDA,ANTIEP 75,Pregabalina,75mg,Cápsulas,3 blister de 10 comprimidos
ACE HEALTH CARE LDA,ANTIEP 300,Pregabalina,300mg,Cápsulas,3 blister de 10 comprimidos
ACE HEALTH CARE LDA,ANTIEP 150,Pregabalina,150mg,Cápsulas,3 blister de 10 comprimidos
ACE HEALTH CARE LDA,AMINOBRON,Aminofilina,100mg,comprimidos,10 blister de 10 comprimidos
ACE HEALTH CARE LDA,ACEDIXIC - S,Ácido Nalidíxico,300mg/5ml,suspensão oral,Frasco de 100ml
WELL WORTH LDA,ABACAVIR SULFATO AND LAMIVUDINE,"Abacavir, sulfato + Lamivudina",600mg + 300mg,comprimidos,Frasco de 30 comprimidos
"MEDIS FARMACÊUTICA, LDA",PREVENAR 13 MDV,Polisacárido serotipo 1 + 3 + 4 +  5 + 6A +  6B + 7F + 9V + 14 + 18C + 19A +  19F +  23F +  Proteina CRM,2.2mcg + 2.2mcg + 2.2mcg + 2.2mcg + 2.2mcg + 4.4mcg + 2.2mcg + 2.2mcg + 2.2mcg + 2.2mcg + 2.2mcg + 2.2mcg + ~32mcg,suspensão Injectável,50 Frascos de 2ml
NATUR PHARMA,TIMOX OPHTHALMIC SOLUTION 0.5%,Timolol,5mg/ml,solução oftálmica,Frasco de 5ml
WELL WORTH LDA,IPRASOL HFA INHALER,"Salbutamol, Sulfato + Brometo de Ipatropio",100mcg + 20mcg,Aerossol pressurizado,Embalagem de 200 doses
WELL WORTH LDA,DECOMIT 100HFA INHALER,"Beclometasona,  Dipropionato",100mcg,Aerossol pressurizado,Embalagem de 200doses
WELL WORTH LDA,BEXITROL- F 25/250HFA INHALER,"Salmeterol, Xinafoato + Fluticasona, propionato",25mcg + 250mcg,Aerossol pressurizado,Embalagem de 120 doses
WELL WORTH LDA,AZMASOL HFA INHALER,"Salbutamol, Sulfato",100mcg,Aerossol pressurizado,Embalagem de 200 doses
MAPUTO HEALTH CARE Lda,SULPREX NEBULISER SOLUTION,"Brometo de Ipatropio + Salbutamol, sulfato",500mcg + 2.5mg,solução nebulizavel,10 ampolas de
"SHANI, LIMITADA",SPENIV TABLETS,Fenoximetilpenicilina,500mg,Comprimidos,Farsco de 1000 comprimidos
"SHANI, LIMITADA",SPENIV ORAL SUSPENSION,Fenoximetilpenicilina,250mg/5ml,Xarope,Frasco de 100ml
MAPUTO HEALTH CARE Lda,DIPROBET Cream,Betametasona,0.50mg,creme,Bisnaga de 15g
MAPUTO HEALTH CARE Lda,ANSULIN 30/70 IU,Insulina aspart,100U/ml,Suspensão injectável,Frasco de 10ml
MAPUTO HEALTH CARE Lda,AMODIS 500 IV INFUSION,Metronidazol,500mg/100ml,Infusão Intravenosa,Frasco de 100ml
ACE HEALTH CARE LDA,TOPGYL,Metronidazol,500mg,Supotório vaginal,2 blisters de 5 supositórios
ACE HEALTH CARE LDA,LAXAQUE,Bisacodil,5mg,Supositório,2 blisters de 5 supositórios
ACE HEALTH CARE LDA,INDONIQUE,Indometacina,100mg,Supositório,2 blisters de 5 supositórios
ACE HEALTH CARE LDA,HAEMVITAL PLUS,Sulfato Ferroso + Ácido Fólico,200mg + 0.5mg,Comprimido revestido,10 blisters de 10 comprimidos
ACE HEALTH CARE LDA,GLYCERACE 1G,Glicerina,1g,Supositório,2 blister de 5 supositórios
ACE HEALTH CARE LDA,GLYCERACE,Glicerina,3g,Supositório,2 blister de 5 supositórios
ACE HEALTH CARE LDA,FORMIMET,Cloridrato de metformina,500mg,Comprimido revestido,10 blister de 10 comprimidos
ACE HEALTH CARE LDA,FELOXAM,Piroxicam,20mg,Supositório,3 listers de 5 supositórios
ACE HEALTH CARE LDA,DZIRE JELLY,Citrato de cildenafil,100mg,Gel,Embalagem contendo 7 blisters de 10 comprimidos
ACE HEALTH CARE LDA,CORTISTAR,Acetato de hidrocortisona + Lidocaína + Óxido de zinco + Alantoína,0.25%w/w + 3%w/w + 5%w/w + 0.5%w/w,Supositório,Embalagem com 2 blisters de 5 supositórios
ACE HEALTH CARE LDA,BACISEPT,Bacitracina de Zinco,500 IU,Pomada,Bisnaga 30g
ACE HEALTH CARE LDA,ACEVIT,Vit.A + Vit.D3 + Vit.B1 + Vit.B2 + Vit. C + Nicotinamida,500IU + 1mg + 0.5mg + 15mg + 10mg,Xarope,Frasco de 200ml
WELL WORTH LDA,HEALTHEASE OMEPRAZOL 20,Omeprazol,20mg,Cápsulas,10 blisters de 10 comprimidos
WELL WORTH LDA,HEALTHEASE FLUOXETINA-20,Fluoxetina,20mg,Cápsulas,10 blisters de 10 comprimidos
WELL WORTH LDA,HEALTHEASE ACICLOVIR-400,Aciclovir,400mg,Comprimido,10 blisters de 10 comprimidos
WELL WORTH LDA,HEALTHEASE ACICLOVIR-200,Aciclovir,200mg,Comprimido,10 blisters de 10 comprimidos
AFRI FARMÁCIA LDA,PYROZZOL,Acetaminofeno,125mg/5ml,suspensão oral,Frasco de 60ml
AFRI FARMÁCIA LDA,LUMITER DT,Arteméter + Lumefantrina,20mg + 120mg,Comprimidos dispersíveis,"Blister 1 x 6, 2x 6, 30x6, 30x2x6 e 30x12"
AFRI FARMÁCIA LDA,GLIZZMET 2,Cloridrato de metformina + Glimepirida,500mg + 2mg,Comprimidos,3 blisters de 10 comprimidos
AFRI FARMÁCIA LDA,GLIZZMET 1,Cloridrato de metformina + Glimepirida,500mg + 1mg,Comprimidos,3 blisters de 10 comprimidos
"SHANI, LIMITADA",SKAZI - 200,Azitromicina,200mg/5ml,Pó para suspensão oral,Frasco de 15ml
"SHANI, LIMITADA",NORFLOPIN -TZ,Norfloxacina + Tinidazol,400mg + 600mg,Comprimidos,10 blisters de 10 comprimidos
"SHANI, LIMITADA",LACTEASE,Lactulose,3.35g,Solução,Frasco de 100ml
"MEDIS FARMACÊUTICA, LDA",CREON 40 000,Pancreatina,400mg,Cápsulas gastro resistente,Embalagens com 20 e 50 cápsulas
"SHANI, LIMITADA",AZITHRAA 500,Azitromicina,500mg,Comprimidos,10 blisters de 10 comprimidos
"SHANI, LIMITADA",AARPINE 30 ER,Nifedipina,30mg,Comprimidos de libertação prolongada,3 blisters de 10 comprimidos
"MEDIS FARMACÊUTICA, LDA",LIPANTHYL,Fenofibrato,145mg,comprimidos revestidos por pelicula,Embalagem de 30 comprimidos
AFRI FARMÁCIA LDA,ABHAYRAB® [Rabies Vaccine BP ´Rab´Purified Vero Cell Rabies Vaccine (Lyophilized)],Antigénio da raiva liofilizado purificado derivado do vírus da raiva inativado,2.5UI,Injectável,Ampola x 0.5ml de vacina + 1 x 0.5ml de diluente + 1 seringa estéril + 1 cotonete alcoolizado
"TMI - HEALTHCARE, LDA",METFORMINA CICLUM,Metformina,500mg,Compriomidos,embalagem de 60 comprimidos
"TMI - HEALTHCARE, LDA",METFORMINA CICLUM,Metformina,850mg,Comprimidos,embalagem de 60 comprimidos
"TMI - HEALTHCARE, LDA",METFORMINA CICLUM,Metformina,1000mg,Comprimidos,embalagem de 60 comprimidos
"TMI - HEALTHCARE, LDA",LEVOFLOXACINA CICLUM,Levofloxacina,500mg,Comprimidos,Blister de 7 e 10 comprimidos
"TMI - HEALTHCARE, LDA",IRBESARTAN CICLUM 300,Irbesartan,300mg,Comprimidos,Embalgem de 28 comprimidos
"TMI - HEALTHCARE, LDA",IRBESARTAN CICLUM 150,Irbesartan,150mg,Comprimidos,Embalagem de 28 comprimidos
"TMI - HEALTHCARE, LDA",GABAPENTINA CICLUM,Gabapentina,300mg,Cápsulas,Embalagem de 60 cápsulas
WELL WORTH LDA,NAPA EXTRA TABLET,Paracetamol + Cafeina anidra,500mg + 65mg,Comprimidos,embalagem de 120 comprimidos
WELL WORTH LDA,MONOCAST 10,Montelucaste de Sódio,10mg,Comprimidos,Blister de 10 comprimidos
WELL WORTH LDA,BEXITROL- F 50/250 Bexicap DPI,Xinafoato de salmeterol + Propionato de fluticasona,50mcg +250mcg,Capsulas,Caixa contendo  30 capsulas
WELL WORTH LDA,AMDOCAL 5,Amlodipina,5mg,Comprimidos,07 blisters de 15 comprimidos
WELL WORTH LDA,AMDOCAL 10,Amlodipina,10mg,Comprimidos,10 blisters de 10 comprimidos
FARMA HOLDINGS SA,PHENOXYMETHYLPENICILLIN ORAL FOR SOLUTION BP 250mg/5mml,Fenoximetilpenicilina,250mg/5ml,Po para suspensao oral,Frasco de 100ml
"ORBIS PHARMA, Lda",MEROJECT 500,"Meropenem, trihidratado",500mg,pó para solução injectavel,Embalagem contendo um Frasco de vidro com pó branco
"ORBIS PHARMA, Lda",MEROJECT 1000,"Meropenem, trihidratado",1000mg,pó para solução injectavel,Embalagem contendo um Frasco de vidro com pó branco
WELL WORTH LDA,HEALTHEASE FLUCONAZOLE,Fluconazol,200mg,Comprimidos,10 blister de 10 cápsulas
WELL WORTH LDA,HEALTHEASE FLUCONAZOL,Fluconazol,150mg,Comprimidos,10 blister de 10 cápsulas
"TMI - HEALTHCARE, LDA",ATORVASTATINA CICLUM,Atorvastatina Cálcica,20mg,comprimidos,embalagem de 28 comprimidos
"FARMATEC, LDA",PHENOXYMETHYLPENICILIN POTASSIO TABLETS,Fenoximetilpenicilina,500mg,comprimidos,10 blister de 10 comprimidos
"FARMATEC, LDA",GENTAMICIN SULPHATE INJECTION,Gentamicina,80mg/2ml,Injectável,Ampola de 2ml
"FARMATEC, LDA",AMOXICILLIN,"Amoxicilina, tri hidratado",500mg,Cápsulas,10 blister de 10 cápsulas
NATUR PHARMA,XALOPTIC,Latanoprost,0.05mg/ml,solução oftálmica,Frasco de 2.5ml
"LUSOFARMA, Lda",SILDENAFIL Krka,"Sildenafil, Citrato",50mg,Comprimidos revestidos por película,Blister de 8 comprimidos
"LUSOFARMA, Lda",MOXIFLOXACINA Krka,"Moxifloxacina, cloridrato",400mg,comprimidos revestidos,embalagem de 7 comprimidos
"LUSOFARMA, Lda",MONTELUCASTE Krka,Montelucaste de Sódio,4mg,Comprimidos revestidos,Embalagem contendo blister de 28 comprimidos
"LUSOFARMA, Lda",MONTELUCASTE Krka,Montelucaste de Sódio,5mg,Comprimidos revestidos,Embalagem contendo blister de 28 comprimidos
"LUSOFARMA, Lda",MONTELUCASTE Krka,Montelucaste de Sódio,10mg,Comprimidos revestidos,Embalagem contendo blister de 28 comprimidos
"MEDÁFRICA, Lda",FENOM - 500,Fenoximetilpenicilina,500mg,comprimidos,10 blister de 10 comprimidos
"MEDÁFRICA, Lda",ERYSTY DS,"Eritromicina, estearato",250mg/5ml,pó para suspensão oral,Frasco de 100ml
"MEDÁFRICA, Lda",DEVMET,Metronidazol,100mg/5ml,Suspensão oral,Frasco de 100ml
"MEDÁFRICA, Lda",DEVMEB,Mebendazol,100mg/5ml,Suspensão oral,Frasco de 30ml
"MEDÁFRICA, Lda",DEVAZOLE 100,Albendazol,100mg/5ml,Suspensão oral,Frasco de 30ml
"MEDÁFRICA, Lda",CODOZ,Sulfametoxazol + Trimetoprim,200mg + 40mg,Suspensão oral,Frasco de 100ml
"ORBIS PHARMA, Lda",CARVETREND 25,Carvedilol,25mg,comprimidos,embalagem de 30 comprimidos
"LUSOFARMA, Lda",ROSUVASTATINA TAD,Rosuvastatina,10mg,comprimidos revestidos por película,Embalagem contendo blister de 60 comprimidos revestidos por película
"LUSOFARMA, Lda",ROSUVASTATINA TAD,Rosuvastatina,20mg,comprimidos revestidos por película,Embalagem contendo blister de 30 comprimidos revestidos por película
"LUSOFARMA, Lda",ROSUVASTATINA TAD,Rosuvastatina,5mg,comprimidos revestidos por película,Embalagem contendo blister de 20 comprimidos revestidos por película
"LUSOFARMA, Lda",IRBESARTAN + HIDROCLOROTIAZIDA krka,Irbesartan + Hidroclorotiazida,150mg + 12.5mg,Comprimidos revestidos,Embalagem contendo blister de 28 comprimidos
"LUSOFARMA, Lda",IRBESARTAN + HIDROCLOROTIAZIDA krka,Irbesartan + Hidroclorotiazida,300mg + 12.5mg,Comprimidos revestidos,Embalagem contendo blister de 28 comprimidos
MEDIMPORT LDA,HIDROCORTISONA BLUEPHARMA,Hidrocortisona,10mg/mg,Creme vaginal,bisnaga de 30g
MEDIMPORT LDA,ERBITUX,Cetuximab,5mg/ml,Solução para perfusão,frasco de 20ml
"LUSOFARMA, Lda",DESLORATADINA KRKA,Desloratadina,5mg,Comprimidos,Embalagem contendo 1 blister de 20 comprimidos
"LUSOFARMA, Lda",CLOPIDOGREL Krka,"Clopidogrel, hidroclorido",75mg,Comprimidos revestidos,blister de 28 comprimidos
"LUSOFARMA, Lda",BISOPROLOL Krka,"Bisoprolol, fumarato",2.5mg,comprimidos revestidos por pelicula,Embalagens contendo blisters de 28 e 30 comprimidos revestidos por película
"LUSOFARMA, Lda",BISOPROLOL Krka,"Bisoprolol, fumarato",5mg,comprimidos revestidos por pelicula,Embalagens contendo blisters de 28 e 30 comprimidos revestidos por película
"LUSOFARMA, Lda",BISOPROLOL Krka,"Bisoprolol, fumarato",10mg,comprimidos revestidos por pelicula,Embalagens contendo blisters de 28 e 30 comprimidos revestidos por película
"SHANI, LIMITADA",ZOLETIN 500,Tinidazol,500mg,comprimidos,10 blister de 10 comprimidos
"SHANI, LIMITADA",VITAMIN - C,Ácido ascórbico,500mg,comprimidos,10 blister de 10 comprimidos
"SHANI, LIMITADA",PREDNICARE,Prednisolona,5mg,comprimidos,10 blister de 10 comprimidos
"SOCIEDADE MOÇAMBICANA DE MEDICAMENTOS, SA",PARACETAMOL,Paracetamol,500mg,comprimidos,10 blister de 10 comprimidos e frasco de 1000 comprimidos
"SOCIEDADE MOÇAMBICANA DE MEDICAMENTOS, SA",METRONIDAZOL,Metronidazol,250mg,comprimidos,1 blister de 10 comprimidos e 10 blister de 10 comprimidos
"SHANI, LIMITADA",DICLOCARE,Diclofenac,100mg,comprimidos,10 blister de 10 comprimidos
"SOCIEDADE MOÇAMBICANA DE MEDICAMENTOS, SA",COTRIMOXAZOL 480,Sulfametoxazol + Trimetoprim,400mg + 80mg,comprimidos,10 blister de 10 comprimidos e frasco de 1000 comprimidos
"SOCIEDADE MOÇAMBICANA DE MEDICAMENTOS, SA",CIPROFLOXACINA 500MG,"Ciprofloxacina, hidrocloreto",500mg,comprimidos,1 blister de 10 comprimidos e 10 blister de 10 comprimidos
FARMA HOLDINGS SA,MOZAFLUCOS,Fluconazol,200mg,,Embalagem de 10 comprimidos
AFRI FARMÁCIA LDA,PYRAZINAMIDE,Pirazinamida,150mg,Comprimidos dispersável,Frasco de 100ml
FARMA HOLDINGS SA,ACRIPTEGA,Dolutegravir + Lamivudina + Tenofovir,50mg + 300mg + 300mg,Comprimidos revestidos,"Frasco de 30, 90 e 180 comprimidos"
WELL WORTH LDA,OMASTIN 150,Fluconazol,150mg,cápsulas,2x 10 cápsulas
WELL WORTH LDA,NAPA 500 SUPPOSITORY,Paracetamol,500mg,Supositório,4 blister de 5 supositório
WELL WORTH LDA,NAPA 250 SUPPOSITORY,Paracetamol,250mg,Supositório,4 blister de 5 supositório
WELL WORTH LDA,NAPA 125 SUPPOSITORY,Paracetamol,125mg,Supositório,4 blister de 5 supositório
WELL WORTH LDA,CANDIFEM VAGINAL CREAM,Ordazole + Miconazol,2%w/w + 2%w/w,Creme vaginal,bisnaga de 30g + aplicador
TATA DE MOÇAMBIQUE,PRO - LIFE Haematinic Syrup,Citrato de amónio ferroso + ácido fólico + Cianocobalamina,41mg/5ml + 1.5mg + 50mcg/5ml,Xarope,frasco de 200ml
PLANET PHARMACEUTICAL LIMITADA,METRONIDAZOLE ORAL SUSPENSION BP,Metronidazol,200mg/5mg,Suspensão oral,Frasco de 100ml
"TMI - HEALTHCARE, LDA",CELECOXIB CICLUM,Celecoxibe,200mg,capsula,xs
"MEDIS FARMACÊUTICA, LDA",CAPILAREMA,Aminaftona,75mg,Cápsulas,20 e 60 caps
PLANET PHARMACEUTICAL LIMITADA,AMODEP 5,Amlodipina,5mg,comprimidos,2 Blister de 14 comprimidos
PLANET PHARMACEUTICAL LIMITADA,AMODEP 10,Amlodipina,10mg,comprimidos,2 Blister de 14 comprimidos
PLANET PHARMACEUTICAL LIMITADA,ALLERCROM EYE DROPS,Cromoglicato de sódio,2.0%w/v,colírio,Frasco de 10ml
"MEDIS FARMACÊUTICA, LDA",VENTOMAC 100,Salbutamol,100mcg,Inalação pressurizada,Embalagem contendo 1 cilindro plano de aluminio com 200 dosagens de acionamento
WELL WORTH LDA,PROCEPTIN 20,Omeprazol,20mg,Capsulas,Caixa contendo  100 capsulas; 3x 10
WELL WORTH LDA,ODREL TABLET,Clopidogrel,75mg,Comprimidos revestidos por pelicula,Embalgem contendo 3 blisters de 10 comprimidos
WELL WORTH LDA,LENOSIDE 25,Lenalidomida,25mg,Capsulas,Embalagem contendo 7 capsulas
WELL WORTH LDA,LENOSIDE 15,Lenalidomida,15mg,Capsulas,Embalagem contendo 7 capsulas
WELL WORTH LDA,LENOSIDE 10,Lenalidomida,10mg,Capsulas,Embalagem contendo 7 capsulas
SOCIEDADE AFRICANA DE SAÚDE LDA,CONTEX 500,Amoxicilina sódio,500mg,Pó para suspensão oral,Frasco de 90ml
WELL WORTH LDA,CASPOGIN 70,Acetato de caspofugina,70mg,Po para perfusao,Frasco de 10ml
WELL WORTH LDA,CASPOGIN 50,Acetato de caspofugina,50mg,Po para perfusao,Frasco de 10ml
"MEDIS FARMACÊUTICA, LDA",BUNASE 200,Budesonida,200mcg/dose,Inalação pressurizada,Embalagem contendo um cilindro plano de alumínio (Canister) de 200 dosagens para acionamento
"SHANI, LIMITADA",NYSKA,Nistatina,100.000UI,Suspensão Oral,Frasco de 30ml
"MEDIS FARMACÊUTICA, LDA",PARACETAMOL AZEVEDOS,Paracetamol,1000mg,Comprimidos,Embalagem de 18 unidades
ACE HEALTH CARE LDA,SOJOURN USP,Sevoflurano,100%v/v,Solução para inalação,frasco de 250ml
"SHANI, LIMITADA",ROGOXONE 1GM,Ceftrixona de sodio,1g,Po para injectavel,Frasco de 10ml
"SHANI, LIMITADA",PINNAFLAM PLUS,Diclofenac sodico + Paracetamol,50mg + 500mg,Comprimidos,10 blisters de 10 comprimidos
"SHANI, LIMITADA",PARACETAMOL,Paracetamol,500mg,Comprimidos,10 blisters de 10 comprimidos
"SHANI, LIMITADA",PAARPIN 500,Paracetamol,500mg,Comprimidos,10 blisters de 10 comprimidos
"SHANI, LIMITADA",NYSKA,Nistatina,500.000UI,Comprimidos,10 blisters de 10 comprimidos
"SHANI, LIMITADA",FORTIFIED PROCAINE BENZYLPENICILLIN,Benzilpenicilina procaina + Benzilpenicilina sodica,3mega + 1mega,Po para injeccao,Ampola de vidro de 20ml
"SHANI, LIMITADA",AMOXICILLIN CAPSULES USP,Amoxicilina,500mg,Capsulas,Embalagem contendo 10 blisters de 10 capsulas
ACE HEALTH CARE LDA,ISORANE,Isoflurano,100%v/v,Solucao liquida,Frasco com 250ml
ACE HEALTH CARE LDA,FLUOTHANE,Halotano,100%v/v,Solucao liquida,Frasco de 250ml
"SOCIEDADE MOÇAMBICANA DE MEDICAMENTOS, SA",FENOXIMETILPENICILINA POTASSICA 500MG BP,Fenoximetilpenicilina,500mg,Comprimidos,10 blisters de 10 comprimidos
"SOCIEDADE MOÇAMBICANA DE MEDICAMENTOS, SA",DICLOFENAC SODICO BP,Diclofenac sodico,50mg,Comprimidos com revestimento enterico,10 blisters de 10 comprimidos
ACE HEALTH CARE LDA,ACEBACT 600,Clindamicina,600mg,Capsula de gelatina dura,Blister de 10 capsulas
ACE HEALTH CARE LDA,ACEBACT 300,Clindamicina,300mg,Capsulas de gelatina dura,Blister de 10 capsulas
"ORANE PHARMA, Lda",TINITAB,Tinidazol,500mg,Comprimidos revestidos,Embalagem de 10 blisters de 10 comprimidos
"ORANE PHARMA, Lda",RYTHRO 250,Estearato de eritromicina,250mg,Comprimidos revestidos,Embalagem de 10 blisters de 10 comprimidos
"ORANE PHARMA, Lda",PARACECLO,Paracetamol + Aceclofenac,500mg + 100mg,Comprimidos revestidos,10 blisters de 10 comprimidos
"ORANE PHARMA, Lda",L-TRIZYN-5,Dicloridrato de  levocetirizina,5mg,Comprimidos revestidos,Embalagens de 10 blisters de 10 comprimidos
"ORANE PHARMA, Lda",L-TRIZYN-10,Dicloridrato de levocetirizina,10mg,Comprimidos revestidos,Embalagens de 10 blisters de 10 comprimidos
"ORANE PHARMA, Lda",LOZAT-50,Losartam potassico,50mg,Comprimidos revestidos,Embalagens de 10 blisters de 10 comprimidos
"ORANE PHARMA, Lda",LOZAT-25,Losartam potassico,25mg,Comprimidos revestidos,Embalagens de 10 blisters de 10 comprimidos
"ORANE PHARMA, Lda",HYDRALAZINE 25 MG TABLETS,Cloridrato de hidralazina,25mg,Comprimidos revestidos,Embalagem de 10 blisters de 10 comprimidos
"ORANE PHARMA, Lda",DICLOFENAC SODIUM 25MG TABLETS,Diclofenac sodico,25mg,Comprimidos,Embalagens de 10 blisters de 10 comprimidos
"ORANE PHARMA, Lda",DEXTROSE INJECTAVEL USP 50%,Destrose monohidratada,50%w/w,Solucao intravenosa,Frasco de 100ml
"ORANE PHARMA, Lda",ADIPIN-AT,Atenolol +  Amlodipina,50mg+5mg,Comprimidos,Blister de 10 comprimidos
"GENERICS & SPECIALITIES, Lda",DOLUTEGRAVIR TABLETS 50MG,Dolutegravir,50mg,Comprimidos revestidos,Caixa de cartao contendo frasco de 30 comprimidos
"GENERICS & SPECIALITIES, Lda",DOLUTEGRAVIR 50MG + LAMIVUDINA 300MG + TENOFOVIR DISOPROXIL FUMARATO 300MG,Dolutegravir + Lamivudina + Tenofovir,50mg + 300mg + 300mg,Comprimidos revestidos,Caixa de cartao contendo frasco de 30 comprimidos e frasco HDPE DE 180
NATUR PHARMA,ASCABIOL,Sulfiram + Benzoato de benzilo,2g + 10g,Solução Tópica,Frasco de 125ml
"MEDIS FARMACÊUTICA, LDA",TADALAFIL AZEVEDOS,Tadalafil,10mg,Comprimidos revestidos por película,1 blister de 4 comprimidos
"ORBIS PHARMA, Lda",SALBT - COF,Salbutamol,2mg/5ml,Suspensão oral,Frasco de 100ml
"ORBIS PHARMA, Lda",PROSPIRIN,Ácido Acetilsalicílico,150mg,comprimidos de libertação modificada,10 blister de 10 comprimidos
AFRI FARMÁCIA LDA,EASCOF EXPECTORANT,"Salbutamol, sulfate + Broexina, hidrocloreto + Guaifenesina + Mentol",2mg + 4mg + 100mg + 1mg,suspensao oral,Frasco de 100ml
"ORBIS PHARMA, Lda",DOMET,Domperidona,10mg,Comprimidos,1 blister de 10 comprimidos
"ORBIS PHARMA, Lda",DICLOFENAC,Diclofenac,50mg,comprimidos de libertação modificada,10 blister de  10 comprimidos
"ORBIS PHARMA, Lda",CIZPRO,Cinarizina,25mg,comprimidos revestidos,10 blister de 10 comprimidos
AFRI FARMÁCIA LDA,CAZITHRO 500MG,Azitromicina,500mg,Comprimidos,1 Blister de 3 comprimidos
AFRI FARMÁCIA LDA,CAZITHRO 250MG,Azitromicina,250mg,Comprimidos,1 Blister de 6 comprimidos
AFRI FARMÁCIA LDA,CACHCOLD PLUS,"Paracetamol + Cafeina + Feniefrina, hidrocloreto + Clorifeniramina, maleato",500mg + 30mg + 5mg + 2mg,Comprimidos,50 Blister de 4 comprimidos
WELL WORTH LDA,WOODS´ PEPPERMINT COUGH SYRUP FOR CHILDREN,Guaifenesina,50mg/5ml,Xarope,Frasco de 50ml e de 100ml
WELL WORTH LDA,WOODS´ GREAT PEPPERMINT CURE G FORMULA,Guaifenesina,100mg/5ml,Xarope,Frasco de 50ml e de 100ml
AFRI FARMÁCIA LDA,VITA POWER PLUS,"Vitamina A + Tiamina (Vi.t B1) + Riboflavina (Vit B2) + Ciproheptadina, hidrocloreto + Cianocobalamina (Vit12) + Lisina + Nicotinamida + acido ascorbico (VitC) + Cloecalciferol (Vit. D3) + Pentotenato de Cálcio + Lactato de Cálcio",1500UI + 2mg + 2mg + 4mg + 5mcg + 50mg + 10mg + 20mg + 300UI + 5mg + 100mg,comprimidos,3 blister de 10 comprimidos
"MEDIS FARMACÊUTICA, LDA",TADALAFIL AZEVEDOS,Tadalafil,20mg,Comprimidos revestidos por película,1 blister de 4 comprimidos
"MEDIS FARMACÊUTICA, LDA",SPIRO - 100,Espironolactona,100mg,comprimidos,embalagem de 20 comprimidos
AFRI FARMÁCIA LDA,"ROTAVIRUS VACCINE, LIVE ATTENUATED (ORAL)","estirpes Reassortantes de bovinos atenuadis vivos de sorotipos G1, G2, G3, G4 e G9 de Rotavirus",≥105.6FFU de cada serotipo,pó para solução injectável,Frasco de 1 dose (+ 1 diluente de 2.5ml + 1 adaptador + 1 seringa) e Frasco de 2 dose (+ 1 diluente de 5ml + 1 adaptador + 2 seringa)
ACE HEALTH CARE LDA,REQUILYTE,Cloreto de Sódio + cloreto de potassio + citrato de sódio + glucose anidra,2.6mg + 1.5mg + 2.9mg + 13.5mg,Pó para solução injectavel,Bisnaga de 30g
AFRI FARMÁCIA LDA,RABISHIELD - 250,Anticorpos monoclonal humano da raiva,250IU/2.5ml,solução injectável,2.5ml
AFRI FARMÁCIA LDA,RABISHIELD - 100,Anticorpos monoclonal humano da raiva,100IU/2.5ml,solução injectável,2.5ml
"MEDIS FARMACÊUTICA, LDA","MENTOCAINA MEL E LIMÃO, PASTILHAS",Amilmetacresol + álcool Diclorobenzílico,0.60mg + 1.20mg,pastilhas,embalagem de 24 pastilhas
"MEDIS FARMACÊUTICA, LDA",MENTOCAINA ANTI- INFLAM,Flurbiprofeno,8.75mg,pastilhas,embalagem de 24 pastilhas
"MEDIS FARMACÊUTICA, LDA",FERTILAN 50MG,"Clomifeno, citrato",50mg,Comprimidos,1 blister de 10 comprimidos
NATUR PHARMA,CLAVMOXYN 250MG/62.5MG,Amoxicilina + Clavulanato de potássio,250mg/62.5mg,Pó para suspensão,frasco de 80ml
NATUR PHARMA,CLAVMOXYN 125MG/31.25MG,Amoxicilina + Clavulanato de potássio,125mg + 31.25mg,Pó para suspensão,frasco de 80ml
"MEDIS FARMACÊUTICA, LDA",ACETILCISTEINA AZEVEDOS,Acetilcisteina,40mg/ml,Solução Oral,frasco de 200ml
ACE HEALTH CARE LDA,ACEBACT GEL,Clindamicina,1%w/w,gel,bisnaga de 20g
"LUSOFARMA, Lda",GLICLAZIDA KRKA,Gliclazida,30mg,Comprimidos de libertação modificada,Embalagem de 60 comprimidos
"LUSOFARMA, Lda",GLICLAZIDA KRKA,Gliclazida,60mg,Comprimidos de libertação modificada,Embalagem de 30 comprimidos
"LUSOFARMA, Lda",DECORSAN ODIS,Valsartan,80mg,comprimidos Orodispersíveis,Embalagem de 56 comprimidos
"LUSOFARMA, Lda",DECORSAN ODIS,Valsartan,180mg,comprimidos Orodispersíveis,Embalagem de 56 comprimidos
"NEOPHARMA, LDA",MORFINA SERRA IP,Morfina,Morfina,injectável,10 ampolas de 1ml
MISSIONPHARMA MOÇAMBIQUE,HALOPERIDOL BP 5mg,Haloperidol,5mg,comprimidos,Frasco de 1000 comprimidos
MISSIONPHARMA MOÇAMBIQUE,COTRIMOXAZOL BP 480mg,Sulfametoxazol + Trimetoprim,400mg + 80mg,comprimidos,Frasco de 1000 comprimidos
MISSIONPHARMA MOÇAMBIQUE,CHLORAMPHENICOL EYE OINTEMENT BP 1%,Cloranfenicol,1%,Pomada Oftálmica,Bisnaga de 5mg
MISSIONPHARMA MOÇAMBIQUE,BETEMETHASONE VALERATE CREAM USP,"Betametasona, valerato",0.10%,Creme,Bisnaga de 30mg
MISSIONPHARMA MOÇAMBIQUE,AMINOFILINA BP 100mg,Aminofilina,100mg,comprimidos,embalagem de 100 comprimidos
WELL WORTH LDA,ROSUTIN 10 Tablets,Rosuvastitana,10mg,comprimidos revestidos,2 blister de 15 comprimidos
ACE HEALTH CARE LDA,DERMATRIX-CG,Betametasona dipropriato + clotrimazol + Gentamicina,0.05%w/w + 1% w/w + 0.1%w/w,creme,Bisnaga de 30g
SOCIEDADE AFRICANA DE SAÚDE LDA,PRAMIL FORTE,"Sildenafil, Citrato",100mg,comprimidos revestidos,1 x1  e de 1x10 comprimidos
SOCIEDADE AFRICANA DE SAÚDE LDA,PRAMIL,"Sildenafil, Citrato",50mg,Comprimidos mastigável,1 x1  e de 1x10 comprimidos
SOCIEDADE AFRICANA DE SAÚDE LDA,INMUNOBRON 5,Montelucaste de Sódio,5mg,Comprimidos mastigável,embalagem de 40 comprimidos
SOCIEDADE AFRICANA DE SAÚDE LDA,INMUNOBRON 10,Montelucaste de Sódio,10mg,Comprimidos revestidos,embalagem de 40 comprimidos
PLANET PHARMACEUTICAL LIMITADA,ZATHRIN 500,Azitromicina,500mg,comprimidos,3 blister de 10 comprimidos
PLANET PHARMACEUTICAL LIMITADA,MYCODERM-C,Clotrimazol,1%,Pó tópico,frasco de 75g
"PROSMED, LDA.",IBUCET CAPSULES,Paracetamol + Ibuprofeno,250mg + 200mg,cápsulas,embalagem 3x10 e frasco de 30 e de 100 comprimidos
"ORBIS PHARMA, Lda",DOMET,Domperidona,5mg/5ml,Supensão oral,frasco de 30ml
"PROSMED, LDA.",CORILIEF DRY SYRUP,"Destromertorfano, hidrobrometo",15mg/5ml,Xarope,Frasco ambar e HDPE de 100mg
"PROSMED, LDA.",CORILIEF 5 FLU TABLETS,"Paracetamol + Pseudoefrina, hidrocloreto + difenidramina, maleato",500mg + 22.5mg + 12.5mg,comprimidos,2x12 e frasco de 30 e de 100 comprimidos
"PROSMED, LDA.",CIPYNE CAPSULES,Paracetamol + Ibuprofeno + Codeína,250mg + 200mg + 10mg,cápsulas,"embalagem 3x10, 10X10 e 10x100 e frasco de 30 e de 100 comprimidos"
SOCIEDADE AFRICANA DE SAÚDE LDA,ARDILAN,"Enalapril, maleato",5mg,comprimidos,3 blister de 10 comprimidos
"PROSMED, LDA.",ALLERBAN SYRUP,"Clorfeniramina, maleato",2mg/5ml,Xarope,Frasco ambar e HDPE de 100mg
WELL WORTH LDA,ATOVA 10,Atorvastatina Cálcica,10mg,comprimido,2 blister de 15 comprimidos
MOZ - IN LDA,SULFAMOX,Sulfametoxazol + Trimetropim,400mg + 80mg,comprimidos,10 blister de 10 comprimidos
MOZ - IN LDA,PENICILLIN G PROCAINE INJECTABLE SUSPENSION,Penzilpenicilina G Procaína,3000000UI,Pó para suspensão injectavel,Frasco de 30ml
MOZ - IN LDA,PENICILLIN G BENZATHINE INJECTABLE SUSPENSION,Penicilina G Benzantinica,24000000UI,Pó para suspensão injectavel,10 blister de 10 comprimidos
MOZ - IN LDA,NOADOR,Paracetamol + Diclofenac,500mg + 50mg,comprimidos,10 blister de 10 comprimidos
MOZ - IN LDA,MOZPAR,Paracetamol,500mg,comprimidos,10 blister de 10 comprimidos
MOZ - IN LDA,MOZFEN,Ibuprofeno,400mg,comprimidos revestidos,10 blister de 10 comprimidos
MOZ - IN LDA,DIRET PLUS,"Amilorido, cloridrato + Hidroclorotiazida",5mg + 50mg,comprimidos,10 blister de 10 comprimidos
SOCIEDADE AFRICANA DE SAÚDE LDA,BENZAL,Ácido folico,5mg,comprimidos,3 blister de 10 comprimidos
MOZ - IN LDA,AZIN- 500,Azitromicina,500mg,comprimidos,5 blister de 3 comprimidos
SOCIEDADE AFRICANA DE SAÚDE LDA,AZIMUT suspensâo,Azitromicina,200mg/5ml,Pó para suspensão,Frasco de 50ml de suspensão
"TMI - HEALTHCARE, LDA",SINVASTATINA STADA®,Simvastatina,20mg,Comprimidos revestidos por película,Embalagem 60 comp
"SHANI, LIMITADA",GESIC ADL 400,Ibuprofeno,200mg,comprimidos,10 blister de 10 comprimidos
"SHANI, LIMITADA",GESIC ADL 200,Ibuprofeno,200mg,comprimidos,10 blister de 10 comprimidos
AFRI FARMÁCIA LDA,ETHAMBUTOL DISPERSIBLE TABLETS 100MG,"Etambutol, hidroclorido",100mg,Comprimidos dispersivel,10 blister de 10 comprimidos
"TMI - HEALTHCARE, LDA",BUPINOSTRUM 0.5% HIPERBÁRICA,Bupivacaina,20mg/4ml,solução Injectável,10 ampolas de 4ml
NATUR PHARMA,VORICONA- DENK 200mg,Voriconazol,200mg,Comprimidos revestidos por película,embalagem de 30 e de 100 comprimidos
NATUR PHARMA,ROSUVASTATINA DENK 5MG,Rosuvastatina cálcica,5mg,comprimidos revestidos,embalagem de 30 comprimidos
NATUR PHARMA,ROSUVASTATINA DENK 20MG,Rosuvastatina cálcica,20mg,comprimidos revestidos,embalagem de 30 comprimidos
NATUR PHARMA,ROSUVASTATINA DENK 10MG,Rosuvastatina cálcica,10mg,comprimidos revestidos,embalagem de 30 comprimidos
NATUR PHARMA,LINEZOLID DENK,Linezolida,2mg/ml,solução injectável,10 sacos de 300ml
NATUR PHARMA,BIOFENAC DI,"Diclofenac, dietilamina",50mg,Comprimido dispersível,blister de 10 e de 20 comprimidos
NATUR PHARMA,BIOFENAC aerossol,"Diclofenac, dietilamina",11.6mg/g,solução,frasco de 60g
WELL WORTH LDA,ARTESUNATO SUPPOSITORIES,Artesunato,100mg,supositório,2 e 6 supositórios
NATUR PHARMA,AMVA DENK  10/80mg,Amlodipina + Valsartan,10mg + 80mg,Comprimidos revestidos por película,Embalagem de 28 comprimidos
NATUR PHARMA,AMVA DENK 5/160mg,Amlodipina + Valsartan,5mg + 160mg,Comprimidos revestidos por película,Embalagem de 28 comprimidos
NATUR PHARMA,AMVA DENK 5/80mg,Amlodipina + Valsartan,5mg + 80mg,Comprimidos revestidos por película,Embalagem de 28 comprimidos
SOCIEDADE AFRICANA DE SAÚDE LDA,TEMIZOL SUSPENSÃO,Albendazol,400mg,Suspensão Oral,Frasco de 45ml
SOCIEDADE AFRICANA DE SAÚDE LDA,TEMIZOL CAPSULAS,Albendazol,400mg,comprimido,Blister de 8 comprimidos
SOCIEDADE AFRICANA DE SAÚDE LDA,PHS SYSPRO 500,Ciprofloxacina,500mg,comprimido,10 blister de 10 comprimidos
SOCIEDADE AFRICANA DE SAÚDE LDA,KUSHI MISO,Misoprostol,200mcg,comprimidos,10 blister de 12 comprimidos
"MEDIS FARMACÊUTICA, LDA",FLOXASYNT 500MG,Levofloxacina,500mg,comprimidos revestidos,Embalagem de 10 comprimidos
"MEDIS FARMACÊUTICA, LDA",FLOXASYNT 250MG,Levofloxacina,250mg,comprimidos revestidos,Embalagem de 10 comprimidos
"SHANI, LIMITADA",FIZZIGRA - 100,"Sildenafil, Citrato",100mg,comprimidos efervescentes,Blister de 1x 4 e de 2x10 comprimidos
SOCIEDADE AFRICANA DE SAÚDE LDA,AZICENT,Azitromicina,200mg/5ml,Suspensão oral,Frasco de 30ml
"SHANI, LIMITADA",AUGPRIME 228.5,Amoxciilina + Clavulanato de potássio,200mg/5ml + 28.5mg/5ml,Pó para suspensão oral,Frasco de 100ml
"SHANI, LIMITADA",AUGPRIME 156.25,Amoxciilina + Clavulanato de potássio,125mg/5ml + 31.25mg/5ml,Pó para suspensão oral,Frasco de 100ml
SOCIEDADE AFRICANA DE SAÚDE LDA,AEROFAGIL,Simeticona,suspensão,gotas orais,Frasco de 60ml
"SHANI, LIMITADA",TETRACYCLINE HYDROCHLORIDE 1%,"Tetraciclina, cloridrato",1%w/w,Pomada Oftálmica,bisnaga de 3.5g
"SHANI, LIMITADA",RELIDOL,"Paracetamol + Tramadol, cloridrato",325mg + 37.5mg,comprimidos,10 blister de 10 comprimidos
"SHANI, LIMITADA",LIMCEE (VITAMIN C CHEWABLW TABLETS),Ácido ascórbico,500mg,Comprimidos mastigáveis,10 blister de 10 comprimidos
AFRI FARMÁCIA LDA,GLYKA MR TABLETS,Gliclazida,60mg,Comprimidos de libertação prolongada,3 Blister de 10 comprimidos
AFRI FARMÁCIA LDA,GIAGRA,"Sildenafil, Citrato",50mg,comprimidos,1 blister de 4 comprimidos
AFRI FARMÁCIA LDA,GIAGRA,"Sildenafil, Citrato",100mg,comprimidos,1 blister de 4 comprimidos
FARMACÊUTICA AUSTRAL,ENICIL DUO,Latanoprost + Timolol,0.05mg/ml + 5mg/ml,Colírio,"Embalagem de 1, 3 e 6 frascos de 2.5ml"
"SHANI, LIMITADA",DR. KOLD SYRUP,"Paracetamol + Fenilefrina + Clorfeniramina, maleato",125mg/5ml + 5mg/5ml + 2mg/5ml,xarope,frasco de 100ml
"ORBIS PHARMA, Lda",DIPOL,Paracetamol + Diclofenac,500mg + 50mg,comprimidos,10 Blister de 10 comprimidos
"ORBIS PHARMA, Lda",CINMON,"Levocetirizina, Dicloridrato + Montelucaste sódico",5mg + 10mg,comprimidos,1 Blister de 10 comprimidos
"SHANI, LIMITADA",CHLORAMPHENICOL EYE OINTEMENT BP 1%,Cloranfenicol,1%w/w,Pomada Oftálmica,bisnaga de 3.5g
"SHANI, LIMITADA",AMPHOTERICICN B FOR INJECTION,Anfotericina B,50mg,solução injectável,Frasco de 10ml
AFRI FARMÁCIA LDA,PENVIR,Famciclovir,500mg,Comprimidos,1 Blister de 10 comprimidos
AFRI FARMÁCIA LDA,ACTILOR,Desloratodina,5mg,comprimidos,1 Blister de 10 comprimidos
MEDIMPORT LDA,EUVICHOL - PLUS,Vibrio cholerae 01 inaba Cairo 48 (calor inactivado) + Vibrio cholerae 01 Inaba Phil 6973 El Tor + Vibrio cholerae 01 Ogawa Cairo 50 (Formalin + Vibrio cholerae 01 Ogawa Cairo (calor Inactivado) + Vibrio cholerae 01394260B (formalin inactivated),300LEU + 600LEU + 300LEU + 300LEU + 600LEU,supensão,frasco de 2ml
MEDIMPORT LDA,ACICLOVIR BLUEPHARMA,Aciclovir,50mg/g,Creme,Bisnaga de 2g e de 10g
FARMACÊUTICA AUSTRAL,DORCIL,Dorzolamida,20mg/ml,Colírio,3 Frasco de 5ml
AFRI FARMÁCIA LDA,LEVANIX,Levofloxacina,500mg,comprimidos revestidos,embalagem de 7 comprimidos
"SHANI, LIMITADA",SPOTCLAV DS,"Amoxicilina, tri hidratado + Clavulanato de potássio",250mg/5ml + 62.5mg/5ml,Pó para suspensão oral,Frasco de 100ml
"SHANI, LIMITADA",SPENIV ORAL SUSPENSION,Fenoximetilpenicilina,125mg/5ml,Pó para Solução oral,Farsco de 1000 comprimidos
"SHANI, LIMITADA",SPAMCLOX SUSPENSÃO ORAL,Ampicilina + Cloxacilina,125mg/5ml + 125mg/5ml,Pó para suspensão oral,Frasco de 100ml
"SHANI, LIMITADA",SPAMCLOX CÁPSULAS 500,Ampicilina + Cloxacilina,250mg + 250mg,Cápsulas,10 blister de 10 cápsulas
"SHANI, LIMITADA",PINNAFLAM SP,Diclofenac sodico + Paracetamol + Serratiopeptidase,50mg + 325mg + 10mg,Comprimidos,10 blisters de 10 comprimidos
"FARMATEC, LDA",MEROPENEM FOR INJECTION,"Meropenem, trihidratado",1g,Injectável,Frasco de
"FARMATEC, LDA",IMIPENEM AND CILASTINA FOR INJECTION,Imipenem + Cilastina,500mg + 500mg,Pó para injectável,Frasco de
"SHANI, LIMITADA",HAEM SARA (Heamatinic Syrup),Citrato de amónio ferroso + ácido fólico + Cianocobalamina + Sulfato cúprico + sulfato de manganesio,(160mg + 0.5mg + 1.5mcg + 30mcg + 30mcg)/ 15ml,xarope,frasco de 200ml
"SHANI, LIMITADA",FLOXISPA DS 250,Flucloxacilina,250mg/5ml,Pó para suspensão oral,Frasco de 100ml
"SHANI, LIMITADA",FLOXISPA DS 125,Flucloxacilina,125mg/5ml,Pó para suspensão oral,Frasco de 100ml
"SHANI, LIMITADA",FLOXISPA 500,Flucloxacilina,500mg,Cápsulas,1 blister de 10 Cápsulas
"SHANI, LIMITADA",DR. KOLD TABLETS,"Paracetamol + cafeína + Fenilefrina + Clorfeniramina, maleato",500mg + 30mg + 5mg + 2mg,Comprimidos,24 blister de 4 comprimidos
"SHANI, LIMITADA",CLOXISPA 500,Cloxacilina,500mg,Cápsulas,10 blister de 10 Cápsulas
"SHANI, LIMITADA",CIPRO-TZ,Ciprofloxacina + tinidazol,500mg + 600mg,comprimido,10 blisters de 10 comprimidos
"FARMATEC, LDA",CEFTRIAXONE FOR INJECTION,Ceftriaxona,1g,Pó para injectável,Frasco de
"MEDIS FARMACÊUTICA, LDA",SYNTOPINE,Carbamazepina,200mg,comprimidos,Embalagem de 50 comprimidos
"MEDIS FARMACÊUTICA, LDA",SYNTOCLAV 625,Amoxicilina + Ácido Clavulânico,500mg + 125mg,comprimidos revestidos,Embalagem de 16 comprimidos
"MEDIS FARMACÊUTICA, LDA",SYNTOCLAV 375,Amoxicilina + Ácido Clavulânico,250mg + 125mg,comprimidos revestidos,Embalagem de 16 comprimidos
"MEDIS FARMACÊUTICA, LDA",ROVASY 20MG,Rosuvastatina,20mg,comprimidos,embalagem de 30 comprimidos
"MEDIS FARMACÊUTICA, LDA",ROVASY 10MG,Rosuvastatina,10mg,comprimidos,embalagem de 60 comprimidos
"MEDIS FARMACÊUTICA, LDA",BETA - SYNTO 24MG,"Beta - histina, Cloridrato",24mg,comprimidos,embalagem de 30 comprimidos
"MEDIS FARMACÊUTICA, LDA",BETA - SYNTO 16MG,"Beta - histina, Cloridrato",16mg,comprimidos,embalagem de 30 comprimidos
"ORBIS PHARMA, Lda",TAMOLTRA,Tramadol + Paracetamol,37.5mg + 325mg,comprimidos revestidos,Embalagem de 30 comprimidos
"ORBIS PHARMA, Lda",TEXAMER,"Levocetirizina, dicloridrato",5mg,comprimidos revestidos,Embalagem de 10 e de 30 comprimidos
"ORANE PHARMA, Lda",NEUTRAPAN-D,Pantoprazol + Domperidona,40mg + 30mg,cápsulas,10 blister de 10 cápsulas
"ORANE PHARMA, Lda",MONTEWIN,Montelucaste de Sódio,10mg,comprimidos revestidos,10 blister de 10 comprimidos
"ORANE PHARMA, Lda",L-TRIZYN PLUS,Levocetirizina + Montelucaste,5mg + 10mg,comprimidos revestidos,10 blister de 10 comprimidos
"ORANE PHARMA, Lda",GLOACE 100,Aceclofenac,100mg,comprimidos,10 blister de 10 comprimidos
"ORANE PHARMA, Lda",CLARID 500,Claritromicina,500mg,comprimidos revestidos,10 blister de 10 comprimidos
"ORANE PHARMA, Lda",CLARID 250,Claritromicina,250mg,comprimidos revestidos,10 blister de 10 comprimidos
"ORANE PHARMA, Lda",CIPRIN TZ,Ciprofloxacina + tinidazol,500mg + 600mg,comprimidos revestidos,10 blister de 10 comprimidos
"ORANE PHARMA, Lda",CIPRIN 250,Ciprofloxacina,250mg,comprimidos revestidos,10 blister de 10 comprimidos
"ORANE PHARMA, Lda",AZINA,Azitromicina,200mg/5ml,Suspensão oral,Frasco de 22.5ml
WELL WORTH LDA,OLOPAN DS EYE DROP,"Olopatadina, Cloridrato",2mg,gotas oftalmicas,Frasco de 5ml
WELL WORTH LDA,MOMVIT,Vitamina B1 + Vitamina B2 + Vitamina B3 + Vitamina B6 + Vitamina B 12 + Ácido Fólico + Vitamina C + Vitamina D + Vitamina E Betacaroteno + Cálcio + Fosfores + Magnésio + Ferro + Zinco + Iodo,"500mcg + 750mcg + 7.5mg + 0,75mg + 1.5mcg + 0.25mg + 15mg + 250UI + 5.2UI + 3mg + 5 mg + 45.6mg + 15mg + 5mg + 8mg + 125µg",Comprimidos,6 blister de 10 comprimidos
WELL WORTH LDA,GLIPITA 50,"Sitagliptina, mono hidrato",50mg,Comprimidos revestidos,2 blister de 15 comprimidos
WELL WORTH LDA,GLIPITA 100,"Sitagliptina, mono hidrato",100mg,Comprimidos revestidos,2 blister de 15 comprimidos
WELL WORTH LDA,ATRIZIN,Cetirizina,10mg,Comprimidos revestidos,15 blister de 10 comprimidos
WELL WORTH LDA,ARISTOVIT-M,Tiamina + Piridoxina + Acido Fólico + Acido Ascórbico + Riboflavina + Sulfato de zinco + Vitamina seca + Vitamina seca D3 + Cianocobalamina + Iodeto de potássio + Sulfato de potássio + Sulfato de manganês + Niacinamida + Pantotenato de cálcio + Pentahidra,1800mg + 3450mg + 0780mg + 06.701mg + 2.993mg + 99.000mg + 17250mg + 48.375mg + 7.200mg + 10mg + 800mg + 0.324mg + 18.381mg + 1.515mg + 22.000mg + 12.012mg + 2.02mg + 51.500mg,Comprimidos revestidos,Embalagem de 30 comprimidos
SOCIEDADE AFRICANA DE SAÚDE LDA,ZONIDE 5,Prednisolona,5mg,comprimidos,2 blister de 10 comprimidos
SOCIEDADE AFRICANA DE SAÚDE LDA,ZONIDE 10,Prednisolona,10mg/5ml,comprimidos,1 frasco de 10 comprimidos
SOCIEDADE AFRICANA DE SAÚDE LDA,ULTRASON - CREMA,Betametazona,1mg,Creme,Bisnaga de 20g
SOCIEDADE AFRICANA DE SAÚDE LDA,MENTOVICK RUB,Salicilato de metilo + Mentol,13g + 6g,creme,bisnaga de 35g
SOCIEDADE AFRICANA DE SAÚDE LDA,MAXIVIT A-D,Vitamina A + Clolecalciferol (Vit. D3),,Pomada,Bisnaga de 45g
SOCIEDADE AFRICANA DE SAÚDE LDA,DILABRON,"Ketotifeno, fumarato",1mg,Solução oral,Frasco de 100ml
SOCIEDADE AFRICANA DE SAÚDE LDA,DESIQUIM,Óxido de zinco,40g,Creme,Bisnaga de 100g
SOCIEDADE AFRICANA DE SAÚDE LDA,CINADIL 75,Cinarizina,75mg,comprimido,3 blister de 10 comprimidos
SOCIEDADE AFRICANA DE SAÚDE LDA,BERAFEN,"Diclofenac, dietilamina",1.16g,gel,Bisnaga de 45g
SOCIEDADE AFRICANA DE SAÚDE LDA,ALKA DIGEST,Domperidona + Simeticona,10mg + 100mg,suspensão oral,frasco de 30ml
WELL WORTH LDA,ZOLDRIA,Ácido Zoledrónico,4mg/100ml,Solução para perfusão,frsco de 100ml
MEDIMPORT LDA,VEMLIDY,Tenofovir Alafenamida fumarato,25mg,comprimidos revestidos,embalagem de 30 comprimidos
WELL WORTH LDA,BISPEC-5,"Solifenacina, Succinato",5mg,comprimidos,1 blister de 10 comprimidos
WELL WORTH LDA,BISPEC-10,"Solifenacina, Succinato",10mg,comprimidos,1 blister de 10 comprimidos
NATUR PHARMA,ALBENDAZOL,Albendazol,400mg,comprimidos mastigáveis,embalagem de 1 comprimidos
NATUR PHARMA,ALBENDAZOL,Albendazol,40mg/ml,suspensão oral,Frasco de 10ml
"SHANI, LIMITADA",VDM KIT,Fluconazol; Secnidazole; Azitromicina,150mg + 1000mg + 1000mg,Comprimidos,1x 4 (1 + 1 +2)
"SHANI, LIMITADA",CORAL´S mometop,Furoato de Mometasona,0.05%,Spray Nasal,ampola de 10ml
ARTEMIS PHARMACEUTICALS LDA,ARTEPRAZOLE 40,Omeprazole,40mg/ml,Pó para solução injectavel,10 frascos de
ARTEMIS PHARMACEUTICALS LDA,ARTEDEX,"Dexametasona, sódio",8mg/2ml,Solução injectável,10 ampolas de 2ml
ARTEMIS PHARMACEUTICALS LDA,ARTECORT,Hidrocortisona,100mg,Pó para solução injectavel,frasco de 10ml
ARTEMIS PHARMACEUTICALS LDA,ARTECLAV 600,Amoxicilina sódio + Clavulanato de potássio,500mg/ml + 100mg/ml,Pó para solução injectavel,frasco de
ARTEMIS PHARMACEUTICALS LDA,ARTECLAV 1200,Amoxicilina sódio + Clavulanato de potássio,1000mg + 200mg,Pó para solução injectavel,frasco de
AFRI FARMÁCIA LDA,EFAVIRENZ/ LAMIVUDINE/ TENOFOVIR DISOPROXIL FUMERATE TABLET 400MG/300MG/300MG,Efavirenz + Lamivudina + Tenofovir Disoproxil Fumarato,400mg + 300mg + 300mg,Comprimidos,"Frasco de 30, 90 e 180 comprimidos"
ACE HEALTH CARE LDA,CADNIL,Clopidogrel,75mg,comprimidos revestidos,2 blister de 14 comprimidos
"SHANI, LIMITADA",CYNTOB,Tobramicina sulfato + Dexametasona fosfato sódico,0.3 + 0.1%w/v,Colírio,Frasco LDPE de 5ml
"SHANI, LIMITADA",CORZIT DRY SYRUP,Azitromicina,200mg/5ml,Suspensão Oral,Frasco HDPE 30ml
"SHANI, LIMITADA",CORASIL TABLETS,Trissilicato de magnésio + Hidróxido de alumínio,250mg + 120mg,Comprimido Mastigável,4 blisters de 6 comprimidos
"SHANI, LIMITADA",CORAL´S DICLOFENAC EYE DROPS,Diclofenac sódico,0.1%w/v,Colírio,Frasco LDPE de 5ml
"SHANI, LIMITADA",CIPROCOR-D EYE DROPS,Ciprofloxacina cloridrato + Dexametasona,0.3 + 0.1%w/v,Colírio,Frasco LDPE de 5ml
WELL WORTH LDA,IVABEAT 7.5,Cloridrato de Ivabradina,7.5mg,Comprimido Revestido,3 blistes de 14 comprimidos cada
WELL WORTH LDA,IVABEAT 5,Cloridrato de Ivabradina,5mg,Comprimido Revestido,3 blisters de 14 comprimidos cada
MEDIMPORT LDA,IMOFEN,Ibuprofeno,20mg/ml,Suspensão Oral,Frasco de 200ml
WELL WORTH LDA,ESOMAC 40,Esomeprazol magnésio dihidratado,40mg,Comprimido Revestido,2 blisters de 7 comprimidos e 3 blisters de 10 comprimidos
WELL WORTH LDA,ESOMAC 20,Esomeprazol magnésio dihidratado,20mg,Comprimido Revestido,2 blisters de 7 comprimidos e 3 blisters de 10 comprimidos
MEDIMPORT LDA,DEXTUX,Bromidrato de dextrometorfano,2mg/ml,Solução Oral,Frascos de 125ml ne 200ml
ACE HEALTH CARE LDA,Q-CLAR 500,Claritromicina,500mg,comprimidos revestidos,10 blister de 10 comprimidos
ACE HEALTH CARE LDA,Q-CLAR 250,Claritromicina,250mg,comprimidos revestidos,10 blister de 10 comprimidos
ACE HEALTH CARE LDA,PROMETHAZINE ORAL SOLUTION BP,"Prometazina, cloridrato",6.25mg/5ml,Solução oral,10 blister de 10 comprimidos
ACE HEALTH CARE LDA,PROMETHAZINE HIDROCHLORIDE TABLETS BP,"Prometazina, cloridrato",25mg,Comprimidos,10 blister de 10 comprimidos
ACE HEALTH CARE LDA,NICARDEX,"Nicardipina, cloridrato",10mg/10ml,solução injectável,5 ampolas de 10ml
ACE HEALTH CARE LDA,MUCOCLEAR INFANTIL,"Ambroxol, cloridrato",15mg/5ml,Xarope,Frasco de 100ml
ACE HEALTH CARE LDA,MUCOCLEAR COMP,"Ambroxol, cloridrato",30mg,Comprimido,10 x 10
ACE HEALTH CARE LDA,MUCOCLEAR ADULT,"Ambroxol, cloridrato",30mg/5ml,Xarope,Frasco de 100ml
ACE HEALTH CARE LDA,METOCLOPRAMIDE TABLETS,"Metoclopramida, cloridrato",5mg,comprimidos,10 blister de 10 comprimidos
ACE HEALTH CARE LDA,LAXAQUE,Bisacodil,5mg,comprimidos revestidos,10 blister de 10 comprimidos
ACE HEALTH CARE LDA,FOLINEED,Ácido folico,5mg,comprimidos,10 blister de 10 comprimidos
ACE HEALTH CARE LDA,FLUCLOCIN 500,Flucloxacilina,500mg,Cápsula,blister de 10 cápsulas
ACE HEALTH CARE LDA,FLUCLOCIN 250 ORAL SOLUTION,Flucloxacilina,250mg/5ml,solução oral,Frasco de 100ml
ACE HEALTH CARE LDA,FLUCLOCIN 125 ORAL SOLUTION,Flucloxacilina,125mg/5ml,solução oral,Frasco de 100ml
ACE HEALTH CARE LDA,CYPROPLEX PLUS,"Ciproheptadina, Cloridrato + Vit. A + Vit.D3 + Tiamina, cloridrato + Riboflavina + Cianocobalamina + Nicotinamida + Pentotenato de cálcio + Ácido ascórbico + Lactato de cálcio + lisina, cloridrato",4mg + 1500UI + 300UI + 2mg + 2mg + 5mcg + 10mcg + 5mg + 20mg + 100mg + 50mg,Cápsula,3 blister de 10 comprimidos
ACE HEALTH CARE LDA,ACEFLOX,Ofloxacina,20mg,comprimidos revestidos,2 blister de 10 comprimidos
ACE HEALTH CARE LDA,ACEBACT 600,"Clindamicina, fosfato",600mg/ml,solução injectável,10 ampolas de 4ml
ACE HEALTH CARE LDA,ACEBACT 300,"Clindamicina, fosfato",300mg/ml,solução injectável,10 ampolas de 2ml
ACE HEALTH CARE LDA,ACEBACT 150,"Clindamicina, fosfato",150mg/ml,solução injectável,10 ampolas de 1ml
AFRI FARMÁCIA LDA,DOLUTEGRAVIR + LAMIVUDINA + TENOFOVIR DISOPROXIL FUMARATE TABLETS,Dolutegravir + Lamivudina + Tenofovir disoproxil fumarate,50mg + 300mg + 300mg,Comprimidos revestidos,Frasco de 30 comprimidos
"EVEREADY PHARMA, LDA",M-20,Manitol,20g,Solução Injectável,Frasco de 100ml
ACE HEALTH CARE LDA,TADASIL 5,Tadalafil,5mg,comprimidos,1 blister de 4 comprimidos
ACE HEALTH CARE LDA,TADASIL 20,Tadalafil,20mg,comprimidos,1 blister de 4 comprimidos
ACE HEALTH CARE LDA,TADASIL 10,Tadalafil,10mg,comprimidos,1 blister de 4 comprimidos
NATUR PHARMA,PREDOL 5,Prednisolona,5mg,Comprimidos,10 blister de 10 comprimidos
NATUR PHARMA,PREDOL 20,Prednisolona,20mg,Comprimidos,10 blister de 10 comprimidos
NATUR PHARMA,PREDOL 10,Prednisolona,10mg,Comprimidos,10 blister de 10 comprimidos
"SOCIEDADE MOÇAMBICANA DE MEDICAMENTOS, SA",PARACETAMOL INJECTAVEL SMM,Paracetamol,10mg/ml,Injectável,80 frascos de 100ml
"SOCIEDADE MOÇAMBICANA DE MEDICAMENTOS, SA",PARACETAMOL,Paracetamol,500mg,comprimidos,10 blister de 10 comprimidos e frasco de 1000 comprimidos
"SOCIEDADE MOÇAMBICANA DE MEDICAMENTOS, SA",METRONIDAZOL INJECTAVEL,Metronidazol,500mg/100ml,solução injectável,80 frascos de 100ml
NATUR PHARMA,METROLE,Metronidazol,500mg,comprimidos revestidos,10 blister de 10 comprimidos
"SOCIEDADE MOÇAMBICANA DE MEDICAMENTOS, SA",MANITOL 20% INJECTÁVEL,Manitol,50mg/250ml,solução injectavel,balão de 250ml e de 500ml
"SOCIEDADE MOÇAMBICANA DE MEDICAMENTOS, SA",MALEATO DE CLORFENIRAMINA COMPRIMIDO SMM,"Clorfeniramina, maleato",4mg,comprimidos revestidos,10 blister de 10 comprimidos
"SOCIEDADE MOÇAMBICANA DE MEDICAMENTOS, SA",LISINOPRIL 5MG,Lisinopril,5mg,comprimidos,10 blister de 10 comprimidos
"SOCIEDADE MOÇAMBICANA DE MEDICAMENTOS, SA",LISINOPRIL 10MG,Lisinopril,10mg,comprimidos,10 blister de 10 comprimidos
"SOCIEDADE MOÇAMBICANA DE MEDICAMENTOS, SA",KETOCONAZOL SMM,Ketoconazole,200mg,comprimido,10 blister de 10 comprimidos
ACE HEALTH CARE LDA,DICQUE - CR 100,Diclofenac de Sódio,100mg,capsula,10 blister de 10 cápsula
MISSIONPHARMA MOÇAMBIQUE,BETAMETHASONE VALERATE 0.1%,Betametasona,0.1%w/w,pomada,Bisnaga de 30g
ACE HEALTH CARE LDA,AMLOTRIX 5,Amlodipina,5mg,comprimidos,10 blister de 10 comprimidos
ACE HEALTH CARE LDA,AMLOTRIX 10,Amlodipina,10mg,comprimidos,10 blister de 10 comprimidos
ACE HEALTH CARE LDA,ACETRIP,"Amitriplina, cloridrato",10mg,Comprimidos,10 blister de 10 comprimidos
ACE HEALTH CARE LDA,ACERIDE-H,"Amilorido, cloridrato + Hidroclortiazida",5mg + 50mg,comprimido,10 blister de 10 comprimidos
ACE HEALTH CARE LDA,ACEDINE 300,"Ranitidina, cloridrato",300mg,comprimidos revestidos,10 blister de 10 comprimidos
ACE HEALTH CARE LDA,ACEDINE 150,"Ranitidina, cloridrato",150mg,comprimidos revestidos,10 blister de 10 comprimidos
"ORBIS PHARMA, Lda",ZYTOMIL,"Escitalopram, Oxalato",10mg,comprimidos revestidos,Embalagem de 30 comprimidos
"ORBIS PHARMA, Lda",ZYTOMIL,"Escitalopram, Oxalato",20mg,comprimidos revestidos,Embalagem de 30 comprimidos
SOCIEDADE AFRICANA DE SAÚDE LDA,TRUESHINE,Hidroquinona + Tretinoína + Furoato de Momentasona,2%w/w + 0.025%w/w + 0.1% w/w,creme tópico,Bisnaga de 15g
ACE HEALTH CARE LDA,GASTREX,Hidroxido de Aluminio + Hidroxi de magnésio,200mg + 200mg,Comprimidos mastigáveis,10 blister de 10 comprimidos
ACE HEALTH CARE LDA,FASTRIM KIT,Fluconazol - Azitromicina - Secnidazol,150mg + 1g + 1g,comprimidos,1+1+ 2 comrpimidos
"SHANI, LIMITADA",DEXACORAL-C EYE DROPS,Dexametasona + cloranfenicol,0.1w/w + 0.5%w/w,Colírio,Frasco LDPE de 5ml
"SHANI, LIMITADA",COLRID TABLETS,"Paracetamol, Cafeína, Fenilefrina cloridrato e Clorfeniramina maleato",500mg + 16mg + 5mg + 2mg,Comprimido,10 blisters de 10 comprimidos
SOCIEDADE AFRICANA DE SAÚDE LDA,CLONEM CREAM,Clotrimazol,1%w/w,Creme,Bisnaga de 20g
MDS - Medicamento e Diagnóstico na Saúde S.A,RISPERIDONA GENERIS®,Risperidona,1mg,Comprimidos revestidos,Embalagem de 60 comprimidos
MDS - Medicamento e Diagnóstico na Saúde S.A,RISPERIDONA GENERIS®,Risperidona,2mg,Comprimidos revestidos,Embalagem de 60 comprimidos
MDS - Medicamento e Diagnóstico na Saúde S.A,AZITROMICINA GENERIS,Azitromicina,500mg,comprimidos revestidos por película,embalagem de 3 comprimidos
"EVEREADY PHARMA, LDA",FUROSEMIDE INJECTION BP,Furosemida,10mg/ml,Solução Injectável,10 ampolas de 2ml
MDS - Medicamento e Diagnóstico na Saúde S.A,FLUOXETINA GENERIS,Fluoxetina,20mg,Cápsulas,Embalagem de 56 Comprimidos
MDS - Medicamento e Diagnóstico na Saúde S.A,ENALAPRIL GENERIS,"Enalapril, maleato",5mg,Comprimidos,Embalagem de 60 Comprimidos
MDS - Medicamento e Diagnóstico na Saúde S.A,ENALAPRIL GENERIS,"Enalapril, maleato",20mg,Comprimidos,Embalagem de 56 Comprimidos
MDS - Medicamento e Diagnóstico na Saúde S.A,CIPROFLOXACINA GENERIS,Ciprofloxacina,500mg,comprimidos revestidos,Embalagem de 16 comprimidos
MDS - Medicamento e Diagnóstico na Saúde S.A,AMLODIPINA GENERIS,Amlodipina,5mg,comprimidos,Embalagem de 60 comprimidos
MDS - Medicamento e Diagnóstico na Saúde S.A,AMLODIPINA GENERIS,Amlodipina,10mg,comprimidos,Embalagem de 60 comprimidos
"ORANE PHARMA, Lda",SALBUTAMOL 2MG,Salbutamol,2mg,comprimidos,10 blister de 10 comprimidos
"EVEREADY PHARMA, LDA",PAREST 250,Paracetamol,250mg/ml,Suspensão oral,Frasco 100ml
"ORANE PHARMA, Lda",METHODEX,Dexametasona,0.5mg,comprimidos,20 blister de 10 comprimidos
"ORANE PHARMA, Lda",IBUPROFEN 200MG,Ibuprofeno,200mg,comprimidos,10 blister de 10 comprimidos
"ORANE PHARMA, Lda",GLOPIDOGREL,Clopidogrel,75mg,comprimidos,10 blister de 10 comprimidos
"ORANE PHARMA, Lda",GLIPRIM-2,Glimeperida,2mg,comprimidos,10 blister de 10 comprimidos
"ORANE PHARMA, Lda",GLIPRIM-1,Glimeperida,1mg,comprimidos,10 blister de 10 comprimidos
"ORANE PHARMA, Lda",ASTAT,Atorvastatina Cálcica,10mg,comprimidos,10 blister de 10 comprimidos
"ORANE PHARMA, Lda",ASTAT,Atorvastatina Cálcica,20mg,comprimidos,10 blister de 10 comprimidos
"LUSOFARMA, Lda",THIOCTODAR,Ácido Tiótico,3%,solução injectavel,"Embalagem de 1, 5 e 10 unidades de 10ml"
"LUSOFARMA, Lda",PREGABALINA KrKa,Pregabalina,75mg,cápsulas,embalagem de 56 cápsulas
NATUR PHARMA,CEFXAL,CEFIXIMA,100mg/5ml,Suspensao oral,Embalagem contendo frasco de 60ml
AFRI FARMÁCIA LDA,LUMITER 80/480,Arteméter + Lumefantrina,80mg + 480mg,Comprimidos,Frasco de 60 comprimidos
AFRI FARMÁCIA LDA,LUMITER 40/240,Arteméter + Lumefantrina,40mg + 240mg,Comprimidos,Frasco de 60 comprimidos
AFRI FARMÁCIA LDA,LOPINAVIR & RITONAVIR,Lopinavir + Ritonavir,100mg + 25mg,Comprimidos,Frasco de 60 comprimidos
AFRI FARMÁCIA LDA,EMTRICITABINE AND TENOFOVIR FUMARATE TABLETS,Emtricitabina + Tenofovir disopropil fumarato,200mg + 300mg,Comprimidos revestidos,Frasco de 30 e de 90 comprimidos
AFRI FARMÁCIA LDA,DARUNAVIR TABLETS 800MG,Darunavir,800mg,Comprimidos revestidos,Frasco de 60 comprimidos
AFRI FARMÁCIA LDA,DARUNAVIR TABLETS 600MG,Darunavir,600mg,Comprimidos revestidos,Frasco de 60 comprimidos
AFRI FARMÁCIA LDA,DARUNAVIR TABLETS 400MG,Darunavir,400mg,Comprimidos revestidos,Frasco de 60 comprimidos
"ORBIS PHARMA, Lda",ANASTRAZOLE - DENK 1,Anastrazole,1mg,Comprimidos revestidos,3 blister de 10 comprimidos
MAPUTO HEALTH CARE Lda,VIODIN 10%,Iodopovidona,10g/ml,Solução Cutânea,Frasco de 100ml
"SHANI, LIMITADA",DERMUREX,Mupirocina,2%ww/w,Pomada,tubo de 5g
MAPUTO HEALTH CARE Lda,VIODIN 5%,Iodopovidona,5%p/p,Pomada,Bisnaga de 20g
"ORBIS PHARMA, Lda",UNOSURE 72,Levonorgestrel,1.5mg,Comprimidos revestidos,blister de 1 comprimido
"EVEREADY PHARMA, LDA",PARACETAMOL,Paracetamol,250mg/5ml,Suspensão Oral,Frasco de 100ml
MAPUTO HEALTH CARE Lda,GLYSUP 1.15,Glicerina,1.15g,Supositório,6 Blisters de 5 supositórios
MAPUTO HEALTH CARE Lda,GELORA ORAL GEL,Miconazol,20mg/g,Gel Oral,Bisnaga de 15g
"ORBIS PHARMA, Lda",AZINOWEL 500,Azitromicina,500mg,Comprimidos revestidos,Blister de 3 comprimidos
"ORBIS PHARMA, Lda",AZINOWEL,Azitromicina,200mg/5ml,Suspensão Oral,Frasco de 15ml
"EVEREADY PHARMA, LDA",LACTATO DE RINGER INFUSÃO BP,Lactato de Sódio + Cloreto de sódio + Cloreto de potássio + Cloreto de cálcio dihidratado,(0.32g + 0.6g + 0.04g + 0.027g)/100ml,Infusão Intravenosa,"Frascos LDPE de 250ml,  500ml e 1000ml"
"EVEREADY PHARMA, LDA",GLUCOSE ANIDRA INFUSÃO BP 5%,Glucose anidra,5% p/v,Infusão Intravenosa,Frascos LDPE de  500ml
"EVEREADY PHARMA, LDA",CLORETO DE SÓDIO INFUSÃO BP 0.9% W/V,Cloreto de Sódio,0.9%p/v,Infusão Intravenosa,Frasco de 250ml
AFRI FARMÁCIA LDA,TENOFOVIR DISOPROXIL FUMARATE,Tenofovir disoproxil Fumarato,300mg,Comprimidos,Frasco de 30 comprimidos
AFRI FARMÁCIA LDA,TENOFOVIR DISOPROXIL FUMARATE,Tenofovir disoproxil Fumarato,300mg,Comprimidos,Frasco de 30 comprimidos
AFRI FARMÁCIA LDA,RIFAMPICINA AND ISONIAZIDA 75M/50MG,Rifampicina + Isoniazida,75mg + 50mg,comprimidos dispersivel,Frasco de 30 comprimidos
AFRI FARMÁCIA LDA,LAMIVUDINA + TENOFOVIR DISOPROXIL FUMARATE TABLETS,Lamivudina + Tenofovir disoproxil fumarate,300mg + 300mg,Comprimidos revestidos,Frasco de 30 comprimidos
"MEDIS FARMACÊUTICA, LDA",ZAMADOL P,Tramadol + Acetaminofeno,37.5mg + 325mg,Comprimidos,3 blister de 10 comprimidos
FARMA HOLDINGS SA,AZITHROMYCIN TABLETS USP 500MG,Azitromicina,500mg,Comprimidos revestidos por pelicula,"3 blister de 10 comprimidos, Frascos de 500 e 1000 comprimidos"
"TMI - HEALTHCARE, LDA",TRAMADOL CICLUM,Tramadol,50mg,cápsulas gastro resistente,embalagem de 20 cápsulas
"MEDIS FARMACÊUTICA, LDA",TAMSUMAC 0.4,"Tansulosina, cloridrato",0.4mg,cápsulas,3 blister de 10 cÁpsulas
MDS - Medicamento e Diagnóstico na Saúde S.A,PARACETAMOL GENERIS 500MG,Paracetamol,500mg,comprimidos,Embalagem de 20 comprimidos
MDS - Medicamento e Diagnóstico na Saúde S.A,PARACETAMOL GENERIS 1000MG,Paracetamol,1000mg,comprimidos,Embalagem de 18 comprimidos
"ORBIS PHARMA, Lda",LEVONIC IV 500,Levofloxacina,500mg,Injectável,Ampolas de 100ml
"MEDIS FARMACÊUTICA, LDA",IRBEMAC 300,Irbesartan,300mg,comprimidos,2 blister de 14 comprimidos
"MEDIS FARMACÊUTICA, LDA",IRBEMAC 150,Irbesartan,150mg,comprimidos,2 blister de 14 comprimidos
MDS - Medicamento e Diagnóstico na Saúde S.A,IBUPROFENO GENERIS,Ibuprofeno,400mg,comprimidos revestidos,Embalagem de 60 comprimidos
MDS - Medicamento e Diagnóstico na Saúde S.A,IBUPROFENO GENERIS,Ibuprofeno,600mg,comprimidos revestidos,Embalagem de 60 comprimidos
"TMI - HEALTHCARE, LDA",ESOMEPRAZOL CICLUM,Esomeprazol,20mg,cápsulas,Embalagem de 56 cápsulas
"TMI - HEALTHCARE, LDA",ESOMEPRAZOL CICLUM,Esomeprazol,40mg,cápsulas,Embalagem de 56 cápsulas
"TMI - HEALTHCARE, LDA",DESLORATADINA CICLUM,Desloratodina,5mg,comprimidos revestidos,Embalagem de 20 comprimidos
"TMI - HEALTHCARE, LDA",CETIRIZINA CICLUM,Cetirizina,10mg,comprimidos revestidos,Embalagem de 20 comprimidos
"TMI - HEALTHCARE, LDA",BISOPROLOL CICLUM,Bisoprolol,5mg,comprimidos revestidos,Embalagem de 56 comprimidos
"TMI - HEALTHCARE, LDA",BISOPROLOL CICLUM,Bisoprolol,10mg,comprimidos revestidos,Embalagem de 56 comprimidos
MDS - Medicamento e Diagnóstico na Saúde S.A,ATENOLOL GENERIS 50MG,Atenolol,50mg,Comprimidos revestidos,Embalagem de 60 comprimidos
MDS - Medicamento e Diagnóstico na Saúde S.A,ATENOLOL GENERIS 100MG,Atenolol,100mg,Comprimidos revestidos,Embalagem de 60 comprimidos
MDS - Medicamento e Diagnóstico na Saúde S.A,ALPRAZOLAM GENERIS,Alprazolam,0.5mg,Comprimidos,Embalagem de 60 comprimidos
SOCIEDADE AFRICANA DE SAÚDE LDA,TRICOVAL,Metronidazol,500mg,solução injectável,frasco de 100ml
SOCIEDADE AFRICANA DE SAÚDE LDA,TAUROMIZOL,Ranitidina,150mg,comprimidos revestidos,3 blister de 10 comprimidos
"SHANI, LIMITADA",LIMESHA 500,Ácido ascórbico,500mg,Comprimido,Embalagem contendo 3 blisters de 10 comprimidos
"SHANI, LIMITADA",FINAS,Finasterida,5mg,Comprimido,Embalagem contendo 1 blister de 10 comprimidos
SOCIEDADE AFRICANA DE SAÚDE LDA,ENTEL PLUS,Albendazol,400mg/10ml,suspensão oral,5 ampolas de 10ml
SOCIEDADE AFRICANA DE SAÚDE LDA,CIMAFIX PÓ,Cefixima,100mg,pó,Frasco de 50ml e 100ml
SOCIEDADE AFRICANA DE SAÚDE LDA,CIMAFIX,Cefixima,400mg,comprimidos revestidos,1 blister de 10 comprimidos
SOCIEDADE AFRICANA DE SAÚDE LDA,BILDREN,Clartromicina,250mg/ml,suspensão oral,frasco de 60ml + 1 seringa
SOCIEDADE AFRICANA DE SAÚDE LDA,AZIMUT,Azitromicina,500mg,Comprimidos,embalagem de 10 e de 6 comprimidos
SOCIEDADE AFRICANA DE SAÚDE LDA,ATERISE - 100,Atenolol,100mg,comprimido,10 blister de 10 comprimidos
SOCIEDADE AFRICANA DE SAÚDE LDA,VINIL,Diclofenac potassico,50mg,Comprimido,Blisters 2x10 comprimidos
"TMI - HEALTHCARE, LDA",TRAMADOL CICLUM gotas orais,Tramadol,100mg/ml,gotas orais,Frasco de 10ml
SOCIEDADE AFRICANA DE SAÚDE LDA,PERTAMOL KID,paracetamol,125mg/5ml,suspensão oral,frasco de 60ml
"TMI - HEALTHCARE, LDA",PANTOPRAZOL CICLUM,pantoprazol,20mg,comprimidos gastro resistente,Embalagem de 56 cápsulas
"TMI - HEALTHCARE, LDA",PANTOPRAZOL CICLUM,pantoprazol,40mg,comprimidos gastro resistente,Embalagem de 56 cápsulas
"TMI - HEALTHCARE, LDA",LOSARTAN CICLUM,Losartan,50mg,comprimidos revestidos,Embalagem de 56 cápsulas
"TMI - HEALTHCARE, LDA",LOSARTAN CICLUM,Losartan,100mg,comprimidos revestidos,Embalagem de 56 cápsulas
FARMA HOLDINGS SA,TENOFOVIR DISOPROXIL FUMARATE + EMTRICITABINE,Tenofovir disoproxil Fumarato + Emtricitabina,200mg + 300mg,Comprimidos revestidos,Frasco de 30 comprimidos
SOCIEDADE AFRICANA DE SAÚDE LDA,PARAFENAC P,Paracetamol + Diclofenac,325mg + 50mg,comprimido,10 blister de 10 comprimidos
SOCIEDADE AFRICANA DE SAÚDE LDA,PANTOGEST DSR,Pantoprazol + Domperidona,40mg + 30mg,Cápsulas gastro resistente,10 blister de 10 comprimidos
SOCIEDADE AFRICANA DE SAÚDE LDA,OMZOLE -20,omeprazol,20mg,cápsula,10 blister de 10 cápsulas
SOCIEDADE AFRICANA DE SAÚDE LDA,HOPENOR,Atorvastatina Cálcica,20mg,comprimido,embalagem de 20 comprimidos e 100 blister de 10 comprimidos
SOCIEDADE AFRICANA DE SAÚDE LDA,HALOMED,Amlodipina,10mg,comprimido,3 blister de 10 comprimidos e 100 blister de 10 comprimidos
SOCIEDADE AFRICANA DE SAÚDE LDA,GLICOMED 850,Metformina,850mg,comprimidos,3 blister de 10 comprimidos
SOCIEDADE AFRICANA DE SAÚDE LDA,GLICOMED 500,Metformina,500mg,comprimidos,3 blister de 10 comprimidos
SOCIEDADE AFRICANA DE SAÚDE LDA,DICLO - DR,Diclofenac,50mg,comprimido gastro resistente,2 blister de 10 comprimidos e 10 blister de 10 comprimidos
SOCIEDADE AFRICANA DE SAÚDE LDA,BRAXAN,Ceftriaxona,1g,Pó para suspensão injectável,1 Frasco ampola + ampola 3.5ml de lidocaína + 1 ampola de 10ml
SOCIEDADE AFRICANA DE SAÚDE LDA,APD VOFEN,Diclofenac,1.16%,Creme,bisnaga de 30g
"MEDIS FARMACÊUTICA, LDA",VEGAMAX 50,"Sildenafil, Citrato",50mg,,1 blister de 4 comprimidos
"MEDIS FARMACÊUTICA, LDA",VEGAMAX 100,"Sildenafil, Citrato",100mg,comprimido,1 blister de 4 comprimidos
"MEDIS FARMACÊUTICA, LDA",DECLOT,Varfarina Sódico,5mg,comprimido,3 blister de 10 comprimidos
"MEDIS FARMACÊUTICA, LDA",CLOPI 75,"Clopidogrel, Bissulfato",75mg,comprimido,3 blister de 10 comprimidos
"MEDIS FARMACÊUTICA, LDA",CELEBIB 200,Celecoxibe,200mg,Cápsula,3 blisters de 10 Cápsulas
"MEDIS FARMACÊUTICA, LDA",CELEBIB 100,Celecoxibe,100mg,Cápsula,3 blisters de 10 Cápsulas
NATUR PHARMA,XALOPTIC T,Latanoprost + timilol,0.05mg/ml + 5mg/ml,solução oftálmica,Frasco conta gotas de 2.5ml
NATUR PHARMA,TRUSOMIDA 2% OPHTALMIC SOLUTION,"Dorzolamida, hidrocloreto",20mg/ml,solução oftálmica,Frasco conta gotas de 5ml
NATUR PHARMA,TONIFER XAROPE,Ferro + Vitamina B12 + ácido fólico,40mg/ml + 50mcg/ml + 0.5mg/ml,Xarope,Frasco de 200ml
NATUR PHARMA,NEMCARE,Meropenem,1000mg,pó para suspençaõ Injectável,Frasco de
NATUR PHARMA,LAMOFLOX 0.5% PPHTALMIC SOLUTION,Moxifloxacina + Timolol,5mg/ml + 5mg/ml,solução oftálmica,Frasco de 5ml
NATUR PHARMA,CEFXAL,CEFIXIMA,400mg,comprimidos revestidos,10blister de 10 comprimidos
NATUR PHARMA,CANDICORT pomada,Ketoconazol + Betametasona,20mg/g + 0.64mg/g,pomada,bisnaga de 30g
NATUR PHARMA,CANDICORT CREME,Ketoconazol + Betametasona,20mg/g + 0.64mg/g,creme,bisnaga de 30g
"TMI - HEALTHCARE, LDA",VENTOALDO,salbutamol,100mcg,Solução para pulverização bucal,embalagem de 10ml
MDS - Medicamento e Diagnóstico na Saúde S.A,TANSULOSINA GENERIS,"Tansulosina, cloridrato",0.4mg,Cápsulas de libertação prolongada,Embalagem de 30 cápsulas
MDS - Medicamento e Diagnóstico na Saúde S.A,DICLOFENAC REUMOLIDE ®,Diclofenac,10w/w,Gel,Bisnaga de 100g
MDS - Medicamento e Diagnóstico na Saúde S.A,OMEPRAZOL GENERIS,omeprazol,20mg,cápsulas Gastro intestinais,Embalagem de 14 e de 56 cápsulas
MDS - Medicamento e Diagnóstico na Saúde S.A,LORATADINA GENERIS 10mg,Loratadina,10mg,Comprimidos revestidos,Embalagens de 20 comprimidos
MDS - Medicamento e Diagnóstico na Saúde S.A,LOPERAMIDA GENERIS,Loperamida,2mg,Comprimidos revestidos,Embalagens de 20 comprimidos
MDS - Medicamento e Diagnóstico na Saúde S.A,GLUCOSAMINA GENERIS,Glucosamina,1500mg,Pó para solução oral,embalagem de 60 saquetas
MDS - Medicamento e Diagnóstico na Saúde S.A,GLIBENCLAMIDA GENERIS,Glibenclamida,5mg,Comprimidos,Embalagem de 60 comprimidos
MDS - Medicamento e Diagnóstico na Saúde S.A,DOMPERIDONA GENERIS,"Domperidona, maleato",10mg,Comprimidos revestidos,Embalagens de 20 comprimidos
AFRI FARMÁCIA LDA,DOLUTEGRAVIR 50MG + LAMIVUDINE 300MG + TENOFOVIR 300MG,Dolutegravir + Lamivudina + Tenofovir,50mg + 300mg + 300mg,comprimidos revestidos,Embalagem de 30 e 90 comprimidos
MDS - Medicamento e Diagnóstico na Saúde S.A,DICLOFENAC GENERIS,Diclofenac,50mg,comprimidos revestidos,Embalagem de 60 comprimidos
MDS - Medicamento e Diagnóstico na Saúde S.A,CETIRIZINA GENERIS,"cetirizina, dicloridrato",1mg/ml,Solução oral,frasco de 150ml e frasco de 200ml
MDS - Medicamento e Diagnóstico na Saúde S.A,AZITROMICINA GENERIS,Azitromicina,40mg/ml,pó para suspensão oral,frasco de 15ml e de 30ml
"TMI - HEALTHCARE, LDA",ATROALDO,Brometo de Ipatrópio,20mcg,Solução para inalação,embalagem de 10ml
MDS - Medicamento e Diagnóstico na Saúde S.A,AMOXICILINA GENERIS,"Amoxicilina, trihitratado",500mg,cápsulas,embalagem de 16 cápsulas
"SOCIEDADE MOÇAMBICANA DE MEDICAMENTOS, SA",AMOXICILINA + ACIDO CLAVULANICO,Amoxicilina + Ácido Clavulânico,500mg + 125mg,comprimidos,2 blister de 10 comprimidos
MDS - Medicamento e Diagnóstico na Saúde S.A,AMBROXOL GENERIS,"Ambroxol, cloridrato",3mg/ml,Xarope,frasco de 200ml
MDS - Medicamento e Diagnóstico na Saúde S.A,ALOPURINOL GENERIS,Alopurinol,100mg,comprimidos,blister de 20 comprimidos
MDS - Medicamento e Diagnóstico na Saúde S.A,ALOPURINOL GENERIS,Alopurinol,300mg,comprimidos,blister de 60 comprimidos
"EVEREADY PHARMA, LDA",PAREST,Paracetamol,125mg/5ml,Suspensão Oral,Frasco de 100ml
"EVEREADY PHARMA, LDA",LIDO-CARE,Lidocaina,20mg/ml,solução injectavel,Frasco de 20ml
"EVEREADY PHARMA, LDA",FALCI CARE,Artesunato,60mg/5ml,Pó para injectável,Ampola de 2ml + 2 diluentes
"EVEREADY PHARMA, LDA",ESTRIM,Sulfametoxazol + Trimetoprim,400mg + 80mg,comprimidos,1 blister de 10 comprimidos e 10x10
"EVEREADY PHARMA, LDA",ERZIDE,Gliclazida,80mg,comprimidos,1 blister de 10 comrimidos
"EVEREADY PHARMA, LDA",ERNICOL,Cloranfenicol,0.5%w/w,gotas oftalmicas,Frasco de 10ml
"EVEREADY PHARMA, LDA",ERGYL,Metronidazol,125mg/5ml,solução injectável,frasco de 60ml
"EVEREADY PHARMA, LDA",ERGENT,Gentamicina,40mg/ml,solução injectavel,ampola de 2ml
"EVEREADY PHARMA, LDA",ERFENAC,Diclofenac,75mg/3ml,solução injectável,ampola de 3ml
"EVEREADY PHARMA, LDA",ERBRUFEN,Ibuprofeno,100mg/5ml,Suspensão Oral,Frasco de 60ml
"EVEREADY PHARMA, LDA",CIPREST,Ciprofloxacina,3mg/ml,gotas oftalmicas,Frascp de 5ml
MAPUTO HEALTH CARE Lda,BACTROCIN,Mupirocina,2%W/W,Pomada,Bisnaga de 10g
MAPUTO HEALTH CARE Lda,ALARYD SYRUP,Cetotifeno,100mg/5ml,xarope,Frasco de 100ml
MAPUTO HEALTH CARE Lda,ADRYL SYRUP,Cloridrato de Difenidramina,10mg/ml,Xarope,frasco de 100ml
ARTEMIS PHARMACEUTICALS LDA,ARTEMYCIN 500,"Vancomicina, cloridrato",500mg,Pó para solução injectável,Embalagem com frasco de 10ml
ARTEMIS PHARMACEUTICALS LDA,ARTEMYCIN 1000,"Vancomicina, cloridrato",1000mg,Pó para solução injectável,Embalagem com frasco de 10ml
"MEDIS FARMACÊUTICA, LDA",VANCOMICINA AZEVEDOS,"Vancomicina, cloridrato",500mg,Pó para solução para perfusão,10 frascos de 10ml
"MEDIS FARMACÊUTICA, LDA",VANCOMICINA AZEVEDOS,"Vancomicina, cloridrato",1000mg,Pó para solução para perfusão,10 frascos de 10ml
"MEDIS FARMACÊUTICA, LDA",STALOMAC 5,"Escitalopram, Oxalato",5mg,Comprimidos,Blister 3 x 10
"MEDIS FARMACÊUTICA, LDA",STALOMAC 20,"Escitalopram, Oxalato",20mg,Comprimidos,Blister 3 x 10
"MEDIS FARMACÊUTICA, LDA",STALOMAC 10,"Escitalopram, Oxalato",10mg,Comprimidos,Blister 3 x 10
"MEDIS FARMACÊUTICA, LDA",ISOTRETINOINA OROTREX,Isotretinina,10mg,Comprimidos,3 blister de 10 comprimidos
"MEDIS FARMACÊUTICA, LDA",ISOTRETINOINA OROTREX,Isotretinina,20mg,Comprimidos,3 blister de 10 comprimidos
"MEDIS FARMACÊUTICA, LDA",IRBEMAC H 150,Irbesartan + Hidroclorotiazida,150mg + 12.5mg,Comprimidos,Blister 2 x 14
"MEDIS FARMACÊUTICA, LDA",ESOFINE 40,Esomeprazol,40mg,Cápsulas,3 blister de 10 cápsulas
"MEDIS FARMACÊUTICA, LDA",ESOFINE 20,Esomeprazol,20mg,Cápsulas,3 blister de 10 cápsulas
"MEDIS FARMACÊUTICA, LDA",BALPIC,"Dimetindeno, maleato",1mg/g,Gel,Bisnaga de 30g e 50g
"MEDIS FARMACÊUTICA, LDA",BALFOLIC,Ácido folico,400mcg,comprimidos,ebalagem de 120 comprimidos
ACE HEALTH CARE LDA,ACERIDE,"Amilorido, cloridrato",5mg,comprimido,10 blister de 10 comprimidos
"KAMBENY, LDA",TEMIXYS,Lamivudina + Tenofovir disoproxil fumarate,300mg + 300mg,comprimidos,Frasco de 30 comprimidos
FARMA HOLDINGS SA,LAMIVUDINA + NEVIRAPINE + Zidovudina,Lamivudina + Nevirapina + Zidovudina,30mg + 50mg + 60mg,Comprimidos dispersivel,Frasco de 60 comprimidos
ACE HEALTH CARE LDA,VITAMIN B COMPLEX INJECTION,Tiamina + Piridoxina + Cianocobalamina + Nicotinamida + D-Pentanol,50mg + 50mg + 0.5mg + 50mg + 25mg +,solução injectável,10 ampolas de 2ml
AFRI FARMÁCIA LDA,SEVOTROY 250,Sevoflurano,250ml,Liquido para inalação,Frasco de 250ml
ACE HEALTH CARE LDA,QUININOR - M,Norfloxacina + Metronidazol,200mg + 200mg,comprimidos revestidos,10 blister de 10 comprimidos
ACE HEALTH CARE LDA,NOVASPRIN 100,Aspirina,100mg,comprimidos revestidos,3 blister de 10 comprimidos
ACE HEALTH CARE LDA,METOPRIX 10,"Metoclopramida, cloridrato",10mg,comprimido,10 blister de 10 comprimidos
ACE HEALTH CARE LDA,INTAMAB,Rituximab,500mg/50ml,Solução para infusão,frasco de 50ml
ACE HEALTH CARE LDA,INTAMAB,Rituximab,100mg/10ml,Solução para infusão,frasco de 10ml
ACE HEALTH CARE LDA,HEPACLOT,Heparina sódica,5000UI,solução injectável,frasco de 5ml
ACE HEALTH CARE LDA,GENTAMICIN INJECTION BP 80MG/2ML,"Gentamicina, Sulfato",80mg/2ml,solução injectável,10 ampolas de 2ml
ACE HEALTH CARE LDA,GABTAS 300,Gabapentina,300mg,cápsula,3 blister de 10 comprimidos
ACE HEALTH CARE LDA,GABTAS 100,Gabapentina,100mg,cápsula,3 blister de 10 comprimidos
ACE HEALTH CARE LDA,EPOFIT 4000,Eritropoietina,4000IU/ml,Solução injectável,frasco de 1ml
ACE HEALTH CARE LDA,EPOFIT 4000,Eritropoietina,4000IU/ml,Solução injectável,frasco de 1ml
ACE HEALTH CARE LDA,DICLOFENAC SODIUM INJECTIONS 75MG/3ML,Diclofenac,75mg,solução injectável,10 ampolas de 3ml
ACE HEALTH CARE LDA,CYTAX 300,Paclitaxel,300mg,Solução para infusão,frasco de 50ml
ACE HEALTH CARE LDA,CIMETRIX 400,Cimetidina,400mg,comprimidos revestidos,10 blister de 10 comprimidos
ACE HEALTH CARE LDA,CEFTRIAXONE FOR INJECTION,Ceftriaxona,1000mg,Pó para solução injectável,frasco de 10ml + água para injectável
ACE HEALTH CARE LDA,CEFOTAXIME FOR INJECTION,Cefotaxima,500mg,Pó para solução injectável,frasco de 5ml + água para injectável
ACE HEALTH CARE LDA,CEFOTAXIME FOR INJECTION,Cefotaxima,1000mg,Pó para solução injectável,frasco de 10ml + água para injectável
ACE HEALTH CARE LDA,ACETRON-S,Ondansetron,4mg/5ml,Solução oral,frasco de 60ml
ACE HEALTH CARE LDA,ACETOL 20%,Manitol,20g,solução injectável,100ml
ACE HEALTH CARE LDA,ACE FORTE PLUS,Ibuprofeno + Paracetamol + Cafeina,400mg + 325 + 40mg,cápsulas,10 x2 x 10 cápsulas
"SOCIEDADE MOÇAMBICANA DE MEDICAMENTOS, SA",FLUCONAZOL SMM,Fluconazol,200mg/100ml,Solução injectável,Frasco de 100ml
"SOCIEDADE MOÇAMBICANA DE MEDICAMENTOS, SA",CIPROFLOXACINA SMM,Ciprofloxacina,200mg/100ml,Solução injectável,Frasco de 100ml
"SOCIEDADE MOÇAMBICANA DE MEDICAMENTOS, SA",ÁGUA PARA INJECTÁVEL,água,N/A,injectável,50 frascso de 10ml
MEDIMPORT LDA,PROLIF 250,Saccharamyces boulardii,250mg,cápsula,embalagem de 10 e de 20 unidade
MISSIONPHARMA MOÇAMBIQUE,CLOTRIMAZOL,Clotrimazol,500mg,Comprimidos vaginais,5 blister de 5 comprimidos
AFRI FARMÁCIA LDA,EFAVIRENZ + LAMIVUDINE + TENOFOVIR DISOPROXIL FUMERATE,Efavirenz + Lamivudina + Tenofovir,600mg + 300mg + 300mg,Comprimidos,Frasco de 30 e de 90 comprimidos
AFRI FARMÁCIA LDA,DOLUTEGRAVIR 50MG,Dolutegravir,50mg,comprimidos,Frasco de 30 e de 90 comprimidos
FARMA HOLDINGS SA,"EFAVIRENZ, EMTRICITABINE AND TENOFOVIR DISOPROXIL FUMARATE",Efavirenz + Emtricitabina + Tenofovir disoproxil fumarato,600mg + 200mg + 300mg,Comprimidos,Frasco HDPE de 30 comprimidos
MISSIONPHARMA MOÇAMBIQUE,DIAZEPAM  INJECTAVEL BP,Diazepam,5mg/ml,Injectável,5 ampolas de 2ml
FARMA HOLDINGS SA,OGIVRI 440,Trastuzumab,440mg,Injectável,frasco
FARMA HOLDINGS SA,OGIVRI 150,Trastuzumab,150mg,Injectável,frasco
MEDIMPORT LDA,AVERTISO,Misoprostol,200mcg,comprimidos,10 blister de 4 comprimidos
WELL WORTH LDA,IMATIB - 400,Imatinib,400mg,Capsulas,Embalagem contendo 10 blisters de 10 capsulas
WELL WORTH LDA,IMATIB - 100,Imatinib,100mg,Capssulas,Embalagem contendo 10 blisters de 10 capsulas
"TMI - HEALTHCARE, LDA",ZEDNAD,"Cefuroxima, Acetil",500mg,comprimidos revestidos,embalagem de 10 comprimidos
"SOVIP MEDIS, LDA",V-MYCINE-500,Azitromicina,500mg,comprimido,10 blister de 3 comprimidos
"TMI - HEALTHCARE, LDA",TIMODOR SOLUÇÃO OFTÂLMICA,Cloridrato de dorzolamida + Maleato de timolol,20mg/ml + 5mg/ml,Solução oftâlmica,Frasco de 5ml
"TMI - HEALTHCARE, LDA",SALBUVENT,Sulfato de salbutamol,5mg/ml,Solução nebulizador,Frasco de 5ml
"TMI - HEALTHCARE, LDA",REDMOND SUSPENSÃO OFTÁLMICA,Acetato de prednisolona,10mg/ml,Suspensão oftálmica,Frasco conta-gotas de 5ml
"TMI - HEALTHCARE, LDA",LOMOND GOTAS OFTALMICAS,Cloridrato oloptadina,2mg/ml,Suspensão oftálmica,Frasco de 5ml
"TMI - HEALTHCARE, LDA",CABAST SUSPENSAO OFTALMICA,"Levocabastina, cloridrato",0.5mg/ml,Suspensão oftálmica,Frasco de 10ml
"TMI - HEALTHCARE, LDA",BRIMOGAN SOLUÇÃO OFTÂLMICA,Tartarato de Brimonidina,2mg/ml,solução oftálmica,Frasco gotejador de 5ml
"TMI - HEALTHCARE, LDA",BRIMOGAN PLUS SOLUÇÃO OFTÂLMICA,Tartarato de Brimonidina + Maleato de timolol,2mg/ml + 5mg/ml,Solução oftâlmica,Frasco de 5ml
"ORBIS PHARMA, Lda",CARZIN XL,Mesilato de doxazosina,4mg,Comprimidos,Embalagem contendo blisters de 30 comprimidos
"SOVIP MEDIS, LDA",VIPROGRA,Sildenafil,100mg,Comprimidos,Embalagem 1 x 4 comprimidos
"SOVIP MEDIS, LDA",VIPROCIP-250,Ciprofloxacina,250mg,Comprimidos,Embalagem 10 x 10 comprimidos
AFRI FARMÁCIA LDA,LEVIGRESS 500,Levetiracetam,500mg,Comprimidos,3 blister de 10 comprimidos e 10 blister de 10 comprimidos
"SOVIP MEDIS, LDA",EMMOBIL,Diclofenac dietilamino + Metil salicilato + Óleo de linhaça + Mentol,1.16% + 10% + 3% + 2%,Gel,Bisnaga de 30g
"SOVIP MEDIS, LDA",BREATHE IN,Montelucaste de Sódio,10mg,Comprimidos,Embalagem de 3 x 7 comprimidos
FARMA HOLDINGS SA,Alltera 50,Lopinavir + Ritonavir granulos orais,40mg +  10mg,Granulos orais,Embalagem contendo 120 saquetas
FARMACÊUTICA AUSTRAL,OTTODUO,"Dexametasona, fosfato + Ofloxacina",1mg/ml + 3mg/ml,Gotas auriculares,Frasco de 5ml
FARMACÊUTICA AUSTRAL,FLOKORT,"Dexametasona, fosfato + Ofloxacina",1mg/ml + 3mg/ml,Colírio,Frasco de 5ml
WELL WORTH LDA,DOLUTEGRAVIR + LAMIVUDINA + TENOFOVIR DISOPROXIL FUMARATE TABLETS,Dolutegravir + Lamivudina + Tenofovir,50mg + 300mg + 300mg,Comprimidos revestidos,Frasco de 30 e 90 comprimidos
"TMI - HEALTHCARE, LDA",OMNI 250MG,cefdnir,250mg/5ml,pó para suspenção oral,Frasco de 60ml
"TMI - HEALTHCARE, LDA",OMNI 125MG,cefdnir,125mg/5ml,pó para suspenção oral,Frasco de 40ml
"GENERICS & SPECIALITIES, Lda",VANSAFE-CP 500MG,Vancomicina,500mg,Injectavel,Frasco de vidro de 10ml
"GENERICS & SPECIALITIES, Lda",VANSAFE-CP 1G,Vancomicina,1g,Injectavel,Frasco de vidro tipo III de 10ml
"GENERICS & SPECIALITIES, Lda",SUCCICORT,Hidrocortizina,100mg,Infusao intravenosa,Frasco de vidro de 100ml
"GENERICS & SPECIALITIES, Lda",MPENEX,Imipenem + Cilastina,500mg,Injectavel,Frasco de 20ml
"GENERICS & SPECIALITIES, Lda",MAXINEM,Meropenem,1g,Injectavel,Frasco de 30ml
"GENERICS & SPECIALITIES, Lda",MAXINEM,Meropenem,500mg,Injectavel,Frasco de 30ml
"GENERICS & SPECIALITIES, Lda",IVIXONE,Cefriaxona,1g,Injectavel,Frasco de vidro de 10ml
"GENERICS & SPECIALITIES, Lda",GEN C,Ácido ascórbico,50mg,Comprimidos mastigaveis,Embalagem contendo 10 blisters de 10 comprimidos
"GENERICS & SPECIALITIES, Lda",FOTARAN,Ceftazidima,1g,Infusao intravenosa,Frasco de vidro de 20ml
"GENERICS & SPECIALITIES, Lda",CEFTRIMAX,Ceftriaxona + Sulbactan,1g + 500mg,Injectavel,Embalagem contendo frasco de vidro de 20ml
FARMA HOLDINGS SA,Fulphila,Pegfilgrastim,6mg/0.6ml,Solucao injectavel,Seringa Pre-cheia de0.6ml
"MEDIS FARMACÊUTICA, LDA",TRISPORIN,Cefdinir,125mg/5ml,Suspensão oral,frasco de 100ml
"MEDIS FARMACÊUTICA, LDA",TRISPORIN,Cefdinir,300mg,Comprimidos revestidos,Embalagem de 1 blister de 10 comprimidos
"TMI - HEALTHCARE, LDA",SEVOCRIS,Sevoflurano,1v/v,Solução para inalação,frasco de 100ml e de 250ml
"MEDIS FARMACÊUTICA, LDA",PATIZRA,Ranibizumab,10mg/ml,Solucao injectavel,Frasco de 0.23ml
WELL WORTH LDA,NEUROCARE TABLETS,Mononitrato de tiamina (Vit B1) + Cloridrato de piridoxina (Vit B6) + Cianocobalamina (1.0%),100.000 mg + 200.000mg + 200mcg,Comprimido,Frasco contendo 30 comprimidos
MOZ - IN LDA,MOZMIN,Clorfeniramina,4mg,Comprimidos,Embalagem contendo 10 Blisters de 10 comprimidos
"MEDIS FARMACÊUTICA, LDA",DESCOTRAN,Paracetamol + Tiocolquicosido,500mg + 2mg,comprimidos,3 blister de 10 comprimidos
"MEDIS FARMACÊUTICA, LDA",BRUFEN RAPID,Ibuprofeno,200mg,Cápsula mole,3 blister de 10 comprimidos
WELL WORTH LDA,BEXTRAM,"Vitamina A +  Vitamina C +  Vitamina D +  Vitamina E + Vitamina K +  Tiamina Mononitrato + Riboflavina + Cloridrato de piridoxina + Niacina + Ácido fólico USP 0,400 mg, Cianocobalamina + Biotina + Pantotenato de cálcio + Carbonato de cálcio + Dibásico Fos",10mg + 61.85mg + 4mg +60mg + 0.5mg + 1.5mg + 1.7mg + 2mg +20mg 0.4mg +6mg +30mcg + 10.869mg + 52.42mg + 478mg + 184.230mg + 0.6147mg +2.2034mg + 56.934mg + 0.1962mg + 1525.52mg + 0.1891mg + 0.0478mg + 3mg + 0.224mg + 20.2282mg + 0.019mg + 0.0381mg + 18.67,Comprimidos,Frasco de 30 comprimidos
"MEDIS FARMACÊUTICA, LDA",AMIFER JUNIOR,Hidroxido de ferro,50mg/5ml,Solução oral,Frasco de 150ml
"MEDIS FARMACÊUTICA, LDA",AMIFER IV,Hidroxido de ferro,20mg/ml,Injectavel,embalagem de 5 ampolas
"MEDIS FARMACÊUTICA, LDA",AMIFER FORTE,Hidroxido de ferro + Acido Folico,100mg + 0.350mg,comprimidos revestidos,Embalagem de 3 blister de 10 comprimidos
FARMA HOLDINGS SA,DOVPRELA,Pretomanida,299mg,Comprimidos,Embalagem contendo blister de 14 comprimidos e Frasco com 26 unidades
"ORBIS PHARMA, Lda",PERBITENOL 50,Atenolol,50mg,comprimidos,10 blister de 10 comprimidos
"ORBIS PHARMA, Lda",PERBITENOL 100,Atenolol,100mg,Comprimidos,10 blister de 10 comprimidos
"ORBIS PHARMA, Lda",ESOZOLE 40,Esomeprazol,40mg,Comprimidos revestidos,Blister 10x10  comprimidos
"ORBIS PHARMA, Lda",ESOZOLE 20,Esomeprazol,20mg,Comprimidos revestidos,Blister 10x10  comprimidos
MOZ - IN LDA,VITAMOZ PLUZ,Ciproheptadina hidrocloreto (Anidra) + Vit A + Vit D3 + Vit B1 + Vit B2 + Vit B6 + Vit B12 + Pantotenato de calcio + Niacinamida + lactato de calcio,4mg + 2500UI + 200UI + 2.5mg + 2.5mg + 1mg + 5mcg + 5mg + 25mg + 100mg,Comprimidos revestidos por pelicula,Embalagem contendo 3 blisters de 10 comprimidos
MOZ - IN LDA,MOZNAC,Diclofenac sodico,50mg,Comprimido,Embalagem contendo 10 blisters de 10 comprimidos
MOZ - IN LDA,MOZFLOX 500,Ciprofloxacina,500mg,Comprimidos revestidos por pelicula,Embalagem contendo 10 blisters de 10 comprimidos
MOZ - IN LDA,METIN,Metronidazol,250mg,Comprimido,Embalagem contendo 10 blisters de 10 comprimidos
MOZ - IN LDA,LIFLOX,Levofloxacina,500mg,Comprimidos,Embalagem contendo 1 blister de 3 comprimidos
MOZ - IN LDA,INFUCODYL,Bisacodil,5mg,Comprimidos,Embalagem contendo 10 blisters de 10 comprimidos
MOZ - IN LDA,GRIFIN,Griseofulvina,500mg,Comprimidos,Embalagem contendo 20 comprimidos
MOZ - IN LDA,CIFIMOZ,Trihidrato de cefixima,400mg,Comprimido,Embalagem contendo 10 blisters de 10 comprimidos
MOZ - IN LDA,AMOGRA,Sildenafil,100mg,Comprimido,Embalagem contendo 10 blisters de 10 comprimidos
MEDICURA,MEDITENOLOL,Atenolol,100mg,Comprimidos,Embalagem contendo 10 blisters de 10 comprimidos
MEDICURA,LISIGRILL,Lisinopril,20mg,Comprimidos,Embalagem contendo 10 blisters de 10 comprimidos
MEDICURA,KZITH 200,Azitromicina,200mg/5ml,Suspensao oral,Embalagem contendo 1 frasco de 15ml
MEDICURA,KPMOL - 500,Paracetamol,500mg,Comprimido,Embalagem contendo 10 blisters de 10 comprimidos
MEDICURA,KPMOL - 120,ParacetamolL,120mg/5ml,Xarope,Frasco ambar  de 100mg
MEDICURA,KECYP - 250,Ciprofloxacina,250mg,Comprimidos,Embalagem contendo 10 blisters de 10 comprimidos
MEDICURA,DOPALIGHT,Metildopa,250mg,Comprimidos,Embalagem contendo 3 blisters de 10 comprimidos
"SHANI, LIMITADA",PIROFEN 500,Paracetamol,500mg,Comprimidos,Embalagem 2 x 10 comprimidos
"SHANI, LIMITADA",LOSAPRESS PLUS,Losartam potassico + Hidroclorotiazida,50mg + 12.5mg,Comprimidos revestidos,Embalagem 2x14 comprimidos
"SHANI, LIMITADA",DEVIT 3,Calecalciferol (vit D3),50.000UI,Gotas orais,Frasco de 15ml
"SHANI, LIMITADA",CIFLOSIN 750,Ciprofloxacina cloridrato,750MG,Comprimidos,Embalagem contendo blister de 10 comprimidos
"SHANI, LIMITADA",CIFLOSIN 500,Ciprofloxacina cloridrato,500mg,Comprimidos,Embalagem contendo blister de 10 comprimidos
FARMA HOLDINGS SA,HEPBEST,Tenofovir Alafenamida,25mg,Comprimidos,"Frasco de 30, 90 e 180 comprimidos"
AFRI FARMÁCIA LDA,Pirazinamida 500mg comprimidos,Pirazinamida,500mg,Comprimidos,"blister de 10x10, 24x28 e frasco de 1000 comprimidos"
AfRI FARMÁCIA LDA,Levofloxacin tablets 500mg,Levofloxacina,500mg,Comprimidos,"Blister de 10x10, 5x20"
AFRI FARMÁCIA LDA,DARUNAVIR AND RITONAVIR TABLETS 400MG + 50MG,Darunavir + Ritonavir,400mg + 50mg,Comprimidos,"Frasco HDPE de 30, 60 e 120 comprimidos"
AFRI FARMÁCIA LDA,ABACAVIR SULFATE AND LAMIVUDINE TABLETS USP 600MG/300MG,Abacavir sulfato Bp + Lamivudina USP,600mg + 600mg,Comprimidos,Frasco HDPE de 30 comprimidos
KWALITY PHARMACEUTICAL AFRICA LIMITED,OMACE CAPLSULES,Omeprazol,20mg,Capsulas,Embalagem contendo 10 blisters de 10 capsulas
KWALITY PHARMACEUTICAL AFRICA LIMITED,CARECOF COUGH SYRUP,Dextrometorfano + Fenilefrina + Clorfeniramina,10mg/5ml + 5mg/5ml + 2mg/ml,Xarope,Frasco de 100ml
FARMA HOLDINGS SA,Salbutamol tablets BP 4mg,Salbutamol,4mg,Comprimidos,Embalagem contendo 10 blisters de 10 comprimidos e  frasco 500 e 1000 comprimidos
MISSIONPHARMA MOÇAMBIQUE,Sais de Rehidratacao Oral BP,Glicose de Anidro+ Cloreto de sódio+ Cloreto de potássio+ Citrato de sódio,20.5g,Pó para reconstituição oral,Embalagem contendo 25 e 50 saquetas
FARMA HOLDINGS SA,MULTIVITAMINAS COMPRIMIDOS,Vitamina A + Vitamina B1 + Vitamina B2 + Vitamina D3 + Vitamina C + Vitamina B,1.60mg + 0.500mg + 0.500mg + 2.5mcg + 25.0mg + 7.50mg,Comprimidos revestidos,Embalagem contendo 10 Blister de 10 comprimidos e Frasco de 500 e 1000 comprimidos
FARMA HOLDINGS SA,Mebendazole tablets usp 100mg,Mebendazol,100mg,Comprimidos,Embalagem contendo 10 blisters de 10 comprimidos e  frasco 500 e 1000 comprimidos
FARMA HOLDINGS SA,HYOSCINE BUTYBROMIDE TABLETS BP 10MG,Butilbrometo de hioscina,10mg,Comprimidos,Embalagem contendo 10 blisters de 10 comprimidos; Frasco de 500 e1000 comprimidos
FARMA HOLDINGS SA,Hydrochlorothiazide tablets USP 25mg,Hidroclorotiazida,25mg,Comprimidos,Embalagem contendo 10 blisters de 10 comprimidos e  frasco 500 e 1000 comprimidos
MISSIONPHARMA MOÇAMBIQUE,Hydrochlorothiazide tablets USP 25mg,Hidroclorotiazida,25mg,Comprimidos,Frasco de 150 e 100 comprimidos
FARMA HOLDINGS SA,CLOXACILLIN SODIUM CAPSULES USP 500MG,Cloxacilina,500mg,Capsulas de gelatina dura,Embalagem 10x10 capsulas e Frasco de 500 e 1000 comprimidos
MISSIONPHARMA MOÇAMBIQUE,Clotrimazol cream BP,Clotrimazol,1%w/w,Créme,Tubo de 30gm
MISSIONPHARMA MOÇAMBIQUE,Cloridrato de lidocaina injectavel USP,Cloridrato de Lidocaina,20mg,Injectavel,Frasco de 50 ml
FARMA HOLDINGS SA,CHLORPHRPHENIRAMINA MALEATE TABLETS USP 4MG,Clorfeniramina,4mg,Comprimidos,Blisters de 10 comprimidos e Frasco de 500 e 1000 comprimidos
FARMA HOLDINGS SA,Carbamazepina tablets BP 400mg,Carbamazepina,400mg,Comprimidos,Embalagem de 10x10 comprimidos e frasco de 500 e 1000 comprimidos
FARMA HOLDINGS SA,Carbamazepina tablets BP 200mg,Carbamazepina,200mg,Comprimidos,Embalagem contendo 10 blisters de 10 comprimidos e  frasco 500 e 1000 comprimidos
FARMA HOLDINGS SA,ATENOLOL TABLETS BP 100MG,Atenolol,100mg,Comprimidos,Embalage 10x10 comprimidos e Frasco de 500 e 1000 comprimidos
"SOVIP MEDIS, LDA",VIPROS,Levofloxacina,500mg,Comprimidos,Embalagem de 10x10 comprimidos
"SOVIP MEDIS, LDA",VIPROS,Levofloxacina,250mg,Comprimidos,Embalagem 10 x 10 comprimidos
"SOVIP MEDIS, LDA",VIPROCIP 500,Ciprofloxacina,500mg,Comprimidos,Embalagem 10 x 10 comprimidos
"SOVIP MEDIS, LDA",VICLOTRIL,Clotrimazol,1% p/v,Crème vaginal,Bisnaga de 20gm
"SOVIP MEDIS, LDA",MENTO-VIP,Paracetamol + Cafeina Cloridrato de fenilefrina + Clorfeniramina maleato,500mg + 30mg + 5mg + 2mg,Comprimido,Embalagem de 10x10 comprimidos
"SOVIP MEDIS, LDA",LORTAIN,Losartam potassio,50mg,Comprimidos,Embalagem contendo 10x3 comprimidos
"SOVIP MEDIS, LDA",KETO GUARD,Ketoconazol,2%,Crème,Bisnaga de 20gm
"SOVIP MEDIS, LDA",IBU-VIP 400,Ibuprofeno,400mg,Comprimidos,Embalagem 10 x 10 comprimidos
SOCIEDADE AFRICANA DE SAÚDE LDA,SR Diclofenac,Diclofenac,25mg/ml,Injectavel,Embalagem contendo 10 ampolas de 2ml
SOCIEDADE AFRICANA DE SAÚDE LDA,SAS Adrenalina,Adrenalina,1mg,Injectavel,10 ampolas de vidro de 1ml
SOCIEDADE AFRICANA DE SAÚDE LDA,Frusemide tablets BP 40mg,Furosemida,40mg,Comprimidos,Embalagem contendo 10 blisters de 10 comprimidos
FARMA HOLDINGS SA,Sulfato de salbutamol BP 2mg,Sulfato de salbutamol,2mg,Comprimidos,Embalagem contendo 10x3 comprimidos
FARMA HOLDINGS SA,Loratadina tablets USP 10mg,Loratadina,10mg,Comprimido,"Blisters de 10x10 comprimidos, Frasco de 500 e 1000 comprimidos"
FARMA HOLDINGS SA,Fluconazole Capsules BP 200mg,Fluconazol,200mg,Capsulas,Embalagem 10x10 e 1x10 capsulas e frasco de 500 capsulas
OPASTAC Mozambique Lda,Topigel 200mg/g gel,Benzocaina,200mg/g,Gel,Tubo de 100ml
OPASTAC Mozambique Lda,Octocaina 1:50.000,"Lidocaína, hidrocloreto + Epinefrina","20mg/ml + 0,02mg/ml",Solucao injectavel,Embalagem contendo 50 frascos de 1.8ml
OPASTAC Mozambique Lda,Octocaina 1:100.000,"Lidocaína, hidrocloreto + Adrenalina","20mg/ml + 0,02mg/ml",Solucao injectavel,Embalagem contendo 50 carpules (ampolas cilindricas) de 1.8ml
OPASTAC Mozambique Lda,Meganest 200,"Articaina, hidrocloreto + Epinefrina",72mg,Solucao injectavel,Frasco de vidro de 1.8ml
OPASTAC Mozambique Lda,Isogaine 3%,Cloridrato de Mepivacaina,54mg/1.8ml,Solucao injectavel,Embalagem contendo 50 ampolas
SHAHOMBE SA,XYNTOC INJECTION,Oxitocina,10UI/ml,Solucao injectavel,Embalagem de 10 ampolas de 1ml
"MEDIS FARMACÊUTICA, LDA",Trifene 600,Ibuprofeno,600mg,Comprimidos revestidos por pelicula,"Blisters de 20, 30 e 60 comprimidos"
"MEDIS FARMACÊUTICA, LDA",Rofy 50mg,Tramadol cloridrato,50mg,Capsulas,Embalagens contendo 2 blisters de 10 capsulas
"SHANI, LIMITADA",Pararapido Extra,Paracetamol + Cafeina,500mg + 30 mg,Comprimidos,8 blisters de 12 comprimidos
"MEDIS FARMACÊUTICA, LDA",Paracetamol Algik 32mg/ml,Paracetamol,32mg/ml,Solucao oral,Frasco de vidro de 120ml
"SHANI, LIMITADA",INTERDERMA,Gentamicina sulfato + Betametasona dipropionato + Clotrimazol,"1m/g + 0,5mg/g + 10mg/g",Crème,Tubo de 30g
FARMA HOLDINGS SA,MYHEP 400mg,Sofosbuvir,400mg,Comprimidos Revestidos por pelicula,Embalagem contendo frasco de 28 comprimidos
MEDIMPORT LDA,IB-U-RON GEL MENTOL,Ibuprofeno,50mg/g,Gel,Bisnaga de 60g e 100g
FARMA HOLDINGS SA,MyHelp All,Velpatasvir + Sofosbuvir 400mg,100mg + 400mg,Comprimidos revestidos por pelicula,Frasco de 28 comprimidos
FARMA HOLDINGS SA,Mydekla 60,Declatasvir cloridrato,60mg,Comprimidos revestidos por pelicula,Frasco contendo 28 comprimidos
FARMA HOLDINGS SA,Ledvir,Ledipasvir + Sofasbuvir,90mg + 400mg,Comprimidos revestidos por pelicula,Frascos contendo 28 comprimidos
MISSIONPHARMA MOÇAMBIQUE,Paracetamol Pediatrico solucao oral 120mg/5ml,Paracetamol,120mg/5ml,Solucao oral,Frasco de 100ml
MISSIONPHARMA MOÇAMBIQUE,Nistatina suspensao oral BP 100.000 UI,Nistatina,100.000UI/ml,Suspensao oral,Frasco de 20ml
MISSIONPHARMA MOÇAMBIQUE,Dicloridrato de quinino BP 300mg/ml,Dicloridrato de quinino,300mg/ml,Solucao para injectavel,Ampolas de vidro ambar de 2ml USP
MISSIONPHARMA MOÇAMBIQUE,Amoxicilina comprimidos dispersiveis 250mg,Amoxicilina,250mg,Comprimidos dispersiveis,5 blisters de 10 comprimidos
MISSIONPHARMA MOÇAMBIQUE,Amoxicilina comprimidos dispersiveis 125mg,Amoxicilina,125mg,Comprimidos dispersiveis,5 blisters de10 comprimidos
MISSIONPHARMA MOÇAMBIQUE,"Adrenalina Injectavel BP 0,1%",Adrenalina,1mg/ml,Injectavel,5 ampolas de 1 ml
MEDIMPORT LDA,ESOMEPRAZOL BLUEPHARMA,Esomeprazol,20mg,comprimidos gastro resistente,embalaem de
MEDIMPORT LDA,ESOMEPRAZOL BLUEPHARMA,Esomeprazol,40mg,comprimidos gastro resistente,embalaem de
"MEDIS FARMACÊUTICA, LDA",Rofy 100mg/2ml,Tramadol cloridrato,100mg/2ml,Solucao injectavel,Embalagem contendo 5 ampolas de 2ml cada
"ORBIS PHARMA, Lda",METFORMINA BASI,Metformina,500mg,Comprimidos Revestidos por pelicula,Embalagem de 60 comprimidos
"ORBIS PHARMA, Lda",METFORMINA BASI,Metformina,850mg,Comprimidos Revestidos por pelicula,Embalagem de 60 comprimidos
"ORBIS PHARMA, Lda",METFORMINA BASI,Metformina,1000mg,Comprimidos Revestidos por pelicula,Embalagem de 60 comprimidos
"ORBIS PHARMA, Lda",INALGEX,Etofenamato,100mg/g,Gel,Embalagem contendo bisnaga 100g
"ORBIS PHARMA, Lda",BESCIL,"Isoconazol,nitrato",10mg,Creme vaginal,Embalagem contendo bisnaga 40g
"TMI - HEALTHCARE, LDA",Lataneks Plus Eye Drops Solution,Latanaprost + Timolol,50mcg/ml + 5mg/ml,Colirio/Solucao oftalmica,"Frasco LDPE de 2,5ml"
"TMI - HEALTHCARE, LDA",Lataneks Eye Drops Solution,Latanaprost,50mcg/ml,Colirio/Solucao oftalmica,"Frasco LDPE de 2,5ml"
NATUR PHARMA,Zestoquine forte cream,Hidroquinona,40mg,Crème topico,Tubo de aluminio de 30g
NATUR PHARMA,Karesil plus,Sulfadiazina + Gluconato de clorexidina de prata,10mg + 50mg,Crème,Tubo dobravel de aluminio de 20mg
NATUR PHARMA,Diclokare,Diclofenac,10mg/g,Gel,Tubo de aluminio de 30g
NATUR PHARMA LDA,Acikare cream,Aciclovir,50mg,Crème topico,Tubo de aluminio de 5g
MISSIONPHARMA MOÇAMBIQUE,GSUNATE - 200,Artesunato,200mg,Supositorio,1 blister de 2 supositorios
"TMI - HEALTHCARE, LDA",Polisulfadê,Sulfato de Polimixina B + Bacitracina de Zinco,10000U.I/G + 500U.I/G,Pomada,Bisnaga de 20g
"TMI - HEALTHCARE, LDA",METIBASOL,Tiamazol,5mg,Comprimidos,Frasco com tampa PVC contendo 60 comprimidos
FARMA HOLDINGS SA,LOPINAVIR & RITONAVIR,Lopinavir + Lopinavir,100mg +25mg,Comprimidos,Frasco de 60 e 120 comprimidos
FARMA HOLDINGS SA,Cheweble Aluminium Hydroxide Tablets BP 500mg,Hidroxido de aluminio,500mg,Comprimidos,Blisters de 10 comprimidos e Frasco de 500 e 1000 comprimidos
FARMA HOLDINGS SA,Artecap,Artesunato,100mg,Capsulas rectal,Embalagem de 2 e 6 capsulas
FARMA HOLDINGS SA,Abacavir sulfate + Lamivudine tablets USP,Abacavir + Lamivudina,600mg + 300mg,Comprimidos,Frasco contendo 30 comprimidos
"JD PHARMA, LDA",MORFINA,Cloridrato de morfina,10mg/g,Solucao njectavel,Embalagem contendo 10 ampolas
"JD PHARMA, LDA",MELIORA,"Clorfeniramina + Metronidazol + Nistatina + hidroclorotiazida, acetato",200mg + 500mg + 660.000UI + 15mg,Ovulos vaginais,caixa de 12 ovulos
ENTERPRISE SOLUTIONS LDA,Manitol,Manitol,200g/1000ml,Solucao para perfusao,Embalagem PVC de 250ml e 500ml
"JD PHARMA, LDA",LOSARTAN,Losartan Potassico,50mg,Comprimidos revestidos por pelicula,Caixa de 30 comprimidos
ENTERPRISE SOLUTIONS LDA,Kardiospir,Acido acetilsalcilico,100mg,Comprimidos com revestimento enterico,Embalagem com 20 comprimidos
ENTERPRISE SOLUTIONS LDA,Gentakol,Gentamicina sulfato,3mg/ml,"Colirio, solucao",Frasco de 10 ml
ENTERPRISE SOLUTIONS LDA,Enalapril,Maleato de enalapril,20mg,Comprimidos,Embalagem de 30 comprimidos
"JD PHARMA, LDA",BUSKOLAMIN,Bromidrato de hioscina,10mcg,Comprimidos revestidos,Caixa com 20 comprimidos
ENTERPRISE SOLUTIONS LDA,Antihemorroidale,Cloridrato de efedrina + Cloridrato de lidocaina + Subgalato de bismuto + Oxido de zinco + Balsamo de peru + Oleo de mamona,"0,03g + 0.08g + 0.10g + 0,10g + 0,10g + 0,04g",Supositorio,Caixa com 10 supositorio
"JD PHARMA, LDA",ADVIT,Vitamina A + Vitamina D,(10000UI + 10000UI)/ml,"Gotas orais, solucao",Caixa de plastico de 20ml
"MEDIS FARMACÊUTICA, LDA",INDAPAMIDA AZEVEDOS,Indapamida,1.5mg,Comprimidos de libertacao proongada,2 blisters de 15 comprimidos
"MEDIS FARMACÊUTICA, LDA",PARACETAMOL GP,Paracetamol,1000mg,Comprimidos,"Blister de 20,40 e 60 comprimidos"
"SHANI, LIMITADA",Dolutegravir/Lamivudina/Tenofovir disoproxil fumarato,Dolutegravir + Lamivudina + Tenofovir disoproxil fumarato,50mg + 300mg + 300mg,Comprimidos,Frasco HDPE de 30 comprimidos
MISSIONPHARMA MOÇAMBIQUE,Sulfametoxazol e trimetoprim comprimidos USP,Sulfametoxazol + trimetoprim,400mg + 80mf,Comprimidos,Frasco de 1000 comprimidos
MISSIONPHARMA MOÇAMBIQUE,SALBUTAMOL COMPRIMIDOS BP 2mg,Salbutamol,2mg,Comprimidos,Frasco HDPE de 100 e 1000 comprimidos
MISSIONPHARMA MOÇAMBIQUE,MEBENDAZOL COMPRIMIDOS MASTIGAVEIS 500MG,Mebendazol,500mg,Comprimidos mastigaveis,Embalagem contendo 100 comprimidos
MISSIONPHARMA MOÇAMBIQUE,Benzatina Benzilpenicilina 2.4M UI/ml imjectavel,Benzatina benzilpenicilina,2.4M UI/ml,Injectável,Embalagem de 10 frascos
MISSIONPHARMA MOÇAMBIQUE,Albendazol comprimidos USP 400mg,Albendazol,400mg,Comprimidos,Enbalagem contendo 25 frascos de 25 comprimidos
ENTERPRISE SOLUTIONS LDA,METRONIDAZOL,Metronidazol,250mg,Comprimidos,Caixa de 30 comprimidos
"JD PHARMA, LDA",JODEX,Iodopovidona,8.5p/v,Spray,Caixa com 1 frasco
ENTERPRISE SOLUTIONS LDA,GLIBENKLAMID,Glibenclamida,5mg,Comprimidos,Caixa contendo 10 comprimidos
ENTERPRISE SOLUTIONS LDA,DOXYDERMA,Doxiciclina,100mg,Comprimidos,Caixa de 20 comprimidos
ENTERPRISE SOLUTIONS LDA,DIAZEPAM,Diazepam,10mg/2ml,Solucao injectavel,Caixa com 10 ampolas de 2ml
"JD PHARMA, LDA",DEXA - NEO,"Dexametasona, fosfato +  Neomicina, sulfato",0.1% p/v + 0.5%p/v,"solucao, Colirio",Frasco conta-gotas de 5ml
ENTERPRISE SOLUTIONS LDA,BAKTRIM,Sulfametoxazol + trimetoprim,200mg/5ml + 40mg/5ml,Suspensao oral,Frasco de vidro ambar de 100ml
ENTERPRISE SOLUTIONS LDA,ANALGIE,Metamizol,1000mg/2ml,Solucao injectavel,Caixa de cartao com 10 ampolas de 2ml
"TMI - HEALTHCARE, LDA",VORI INJ,Voriconazol,200mg,Po liofilizado para injeccao,Embalagem contendo 10 frascos
"TMI - HEALTHCARE, LDA",VORI,Voricoonazol,200mg,Comprimidos,Embalagem de 14 comprimidos
"TMI - HEALTHCARE, LDA",SPERSAMOND,"Dexametasona + Cloranfenicol + Tetrahidrozolina, hidrocloreto","1mg + 5mg + 0,25mg",Solucao oftalmica,Frasco conta-gotas de 5ml
"TMI - HEALTHCARE, LDA",KOLLAGENASE COM CLORANFENICOL,Colagenase + Cloranfenicol,0.6U/g + 0.01 g/g,Pomada dermatologica,"tubos de aluminio de 15g, 30g e 50g com espatula"
"TMI - HEALTHCARE, LDA",DIFENIDRIN,Cloridrato de difenidramina,50mg/ml,Solucao injectavel,Caixa com 25 ampolas de 1ml
"TMI - HEALTHCARE, LDA",CIS®,Besilato de cisatracurio,2mg/ml,Solucao injectavel,Caixas com 5 ampolas de 5ml e de 10ml
FARMA HOLDINGS SA,MOXIFLOXACIN 400MG,Moxifloxacina,400mg,Comprimidos revestidos por pelicula,Blisterd de 10 comprimidos e frasco contendo 100 comprimidos
FARMA HOLDINGS SA,KOCITAF,Dolutegravir + Emtricitabina + Tenofovir alfamide,50mg + 200mg + 25mg,Comprimidos,"Frascos de 30, 90 e 180 comprimidos"
FARMA HOLDINGS SA,CYCLOSERINE CAPSLES USP 250MF,Cicloserina,250mg,Capsulas,"Embalagem com 1x10, 10x10 eFrasco de 100 capsulas"
"SHANI, LIMITADA",Abacavir & Lamivudine,Abacavir sulfato + Lamivudina,600mg + 300mg,Comprimido,Frasco de 90 comprimidos
FARMACÊUTICA AUSTRAL,ZOLINOL,Zolinol,"0,25mg/ml",Gotas (Solucao) nasais,Frasco com 10ml
FARMA HOLDINGS SA,EVELIN,Cicloserina,250mg,Capsulas de gelatina,Garafa contendo 40 capsulas e embalagem 10x10 casulas
FARMA HOLDINGS SA,ARTEMETHER/LUMEFANTRINE TABLETS,Artemeter + Lumefantrina,80mg + 480mg,Comprimido,Caixa contendo 1 blister de 6 comprimido
Natur PHARMA,TADALA-DENK 20,Tadalafil,20mg,Comprimidos revestidos,Embalagem contendo 4 blisters
Natur PHARMA,AZITRO-DENK 500,Azitromicina,500mg,Comprimidos revestidos,Embalagem contendo blister de 3 comprimidos
"ORBIS PHARMA, Lda",SUPIDON,Paracetamol + Ibuprofeno,25mg/ml + 20mg/ml,Suspensao Oral,Frasco de vidro ambar de 100ml
MISSIONPHARMA MOÇAMBIQUE,Sais de Rehidratacao Oral BP,Glicose de Anidro+ Cloreto de sódio+ Cloreto de potássio+ Citrato de sódio,27.9g,Pó para reconstituição oral,Embalagem contendo 25 saquetas
MISSIONPHARMA MOÇAMBIQUE,PROCAINA BENZILPENICILINA PARA INJECAO BP 2M UI,Procaina benzilpenicilina,3M UI,Pó injectável,Embalagem contendo 25 frascos de 15ml
MISSIONPHARMA MOÇAMBIQUE,HICLATO DE DOXICICLINA COMPRIMIDOS USP 100MG,Hiclato de doxiciclina,100mg,Comprimidos,Frasco de 150 comprimidos
"GENERICS & SPECIALITIES, Lda",NALGEN,Acido Naldixico,500mg,Comprimidos,10 blisters de 10 comprimidos
"GENERICS & SPECIALITIES, Lda",METAGEN,Metoclopramida,10mg,Comprimidos,10 blisters de 10 comprimidos
"GENERICS & SPECIALITIES, Lda",GLIGEN,Glibenclamida,5mg,Comprimidos revestidos,10 blistrs de 10 comprimidos
"GENERICS & SPECIALITIES, Lda",GENDOL,Amoxicilina,500mg,Comprimidos,10 blisters de 10 comprimidos
"GENERICS & SPECIALITIES, Lda",GENCODYL,Bisacodil,5mg,Comprimidos,10 blisters de 10 comprimidos
"GENERICS & SPECIALITIES, Lda",COTRIGEN,Sulfametoxazol + trimetoprim,400mg + 80mG,Comprimidos,11 blisters de 10 comprimidos
"GENERICS & SPECIALITIES, Lda",ALUGEN,Hidroxido de Aluminio,500mg,Comprimidos,10 blisters de 10 comprimidos
AJUDA MEDICAL LIMITADA,ZEROX 500,Azitromicina USP,500mg,Comprimido,Blister de 3 comprimidos
AJUDA MEDICAL LIMITADA,VIGROSE 100 BLUE 100,Sildenafil citrato USP,100mg,Comprimido,Blister de 4 comprimidos
AJUDA MEDICAL LIMITADA,SCONAZ,Fluconazol,150mg,Comprimido,Blister de 1 comprimido
AJUDA MEDICAL LIMITADA,FLUSCOT,Paracetamol + Cafeina + Clorfeniramina + Fenilefrina,500mg + 30mg + 2mg + 10mg,Comprimidos,Embalagem contendo blister de 6 comprimidos
AJUDA MEDICAL LIMITADA,EXYT,Albendazol,200mg/5ml,Suspensao oral,Frasco de 10 ml
AJUDA MEDICAL LIMITADA,AQUAFEN PLUS,Diclofenac de sodio + Oleo de linhaca + Salicilato de metilo + Mentol,"1.0%% p/p + 3,0% p/p + 3.0%p/p + 10%p/p + 5,0%p/p",Gel,Embalagem de 30g
AJUDA MEDICAL LIMITADA,AMOSCOT 500,Amoxicilina Tri-hidratada BP,500mg,Capsulas,10 blisters de 10 capsulas
AJUDA MEDICAL LIMITADA,AMOSCOT,Amoxicilina,250mg/5ml,Suspensao oral,Frasco contendo 250ml
ENTERPRISE SOLUTIONS LDA,VITAMINE B KOMPLEKS,Cloridrato de tiamina + Cloridrato de piridoxina + Riboflavina + Nictinamida,5mg+2mg+2mg+30mg,Comrimidos revestidos,Embalagem contendo 6 blisters de 10 comprimidos
"JD PHARMA, LDA",NEURO-B,Cloridrato de tiamina + Cloridrato de piridoxina + Cianocobalamina,(100mg + 50mg + 0.5mg)/2ml,Solucao injectavel,Embalagem contendo 10 ampolas tipo I de 2ml
"JD PHARMA, LDA",KETOFEX,Cetotifeno,1mg/5ml,Xarope,Frasco de vidro de 100ml
"SHANI, LIMITADA",FIZZKOLD,Paracetamol + Acido ascorbico + Fenilefrina hcl + Feniramina maleato,325mg + 10mg + 10mg + 50mg,comprimidos efervescentes,Caixa contendo 1 blister de 10 comprimido
DKT MOZAMBIQUE,MISO - INTIMO,Misoprostol,200mcg,Comprimidos,1 blister de 1 comprimido
NATUR PHARMA,ZEEFUSE CREAM,Acido fusidico,15g,Creme,15g de tubo dobravel de aluminio
NATUR PHARMA,UROFAST 3G,Fosfomicina trometasol,3g,Po para solucao oral,1 Saqueta contendo 3g
"MEDIS FARMACÊUTICA, LDA",REUMOXICAN,Piroxicam,10mg/g,Crème,Bisnaga de aluminio de 100g
NATUR PHARMA,PHENERGAN CRÈME,Prometazina,2%,Crème,Bisnaga de 30g
NATUR PHARMA,PHENERGAN 25mg comprimidos,Prometazina,25mg,Comprimidos,Cartetira de 20 comprimidos
NATUR PHARMA,PHENERGAN 0.1% Syrup,Prometazina,1%,Xarope,Frasco de 150mj
NATUR PHARMA,MONTICORT CREAM,Furoato de mometasona,10g,Creme,10g de tubo dobravel de aluminio
FARMA HOLDINGS SA,TENOFOVIR DISOPROXIL FUMARATE/ LAMIVUDINE/DOLUTEGRAVIR TABLETS 300MG/300MG/50MG,Tenofovir disoproxil fumarate + Lamivudine + Dolutegravir,300mg + 300mg + 50mg,Comprimidos,"Embalagem contendo 28, 56 e 84 comprimidos"
ACE HEALTH CARE LDA,FUNGICHECK IV,Fluconazol,200mg,Solucao injectavel,Embalagem contendo frasco de 100mg
"ORANE PHARMA, Lda",T-FILL 20,Tadalafil,20mg,Cpmprimidos,Embalagem contendo 4 blisters de 10 comprimidos
"ORANE PHARMA, Lda",PRESOL,Prednisolona,5mg,Comprimidos,Embalagem contendo 20 blisters de 10 comprimidos
"GENERICS & SPECIALITIES, Lda",MULTIGEN,Vitamina A + Calciferol + Nitrato de tiamina + Riboflavina + Cloridrato de piridoxina + Nicotinamida + Acido ascorbico,2500UI + 200UI + 1mg + 1mg + 0.5mg + 15mg + 25mg,Comprimidos,Blisters 10x10 comprimidos
"GENERICS & SPECIALITIES, Lda",GENVITA S,Vitamina B1 + Vitamina B2 + Vitamina B6 + Vitamina B12 + Niacinamida + D-Pantenol,5mg + 2.5mg + 1.5mg + 2.5mg + 25mg + 2.5mg,Xarope,Frasco de vidro de 100ml
WELL WORTH LDA,DOLUTEGRAVIR & LAMIVUDINE TABLETS 50/300MG,Dolutegravir + Lamivudina,50mg + 300mg,Comprimidos revestidos por pelicula,Frasco HDPE de 30 comprimidos
WELL WORTH LDA,QUADRIMUNE,Abacavir + Lamivudina + Lopinavir + Ritonavir,30mg + 15mg + 40mg + 10mg,Capsulas granulados,Gfrasco HDPE de 120 ca[sulas
KWALITY PHARMACEUTICAL AFRICA LIMITED,SKINBACT,Betametasona + Clotrimazol + Sulfato de neomicina,"0,05%w/w + 0,5%w/w + 1.00%w/w",Creme,Frasco de 100ml
"LUA COMÉRCIO, LDA",ERYTHROMEX - 500,Estearato de eritromicina,500mg,Comprimidos,Embalagem contendo 10 blisters de 10 comprimidos
"LUA COMÉRCIO, LDA",CIPROFITAB,Ciprofloxacina,500mg,Comprimidos,Embalagem contendo 10 blisters de 10 comprimidos
"LUA COMÉRCIO, LDA",CESAMYCINE,Azitromicina,500mg,Camprimidos,Embalagem contendo 1 blisters de 03 comprimidos
"TMI - HEALTHCARE, LDA",NYOGEL MOND,Maleato de timolol,1mg,Gel oftalmico,Caixa com 1 frasco conta-gotas de 10ml contendo 5g de gel
"TMI - HEALTHCARE, LDA",LEVOQUIX FORTE,Levofloxacina hemi-hidratada,15mg/ml,Solucao oftalmica,Caixa com 1 frasco conta-gotas contendo 5ml de solucao
"TMI - HEALTHCARE, LDA",LEVOQUIX,Levofloxacina hemi-hidratada,5mg/ml,Solucao oftalmica,Caixa com 1 frasco conta-gotas contendo 5ml de solucao
ACE HEALTH CARE LDA,AZADINE,Azacitidina,100mg,Solucao injectavel,Frasco de vidro de 30ml
ACE HEALTH CARE LDA,ARASID 100,Citarabina,100mg/ml,Injectavel,Frasco de vidro de 1ml
AJUDA MEDICAL LIMITADA,VOLIGESIC PLUS,DICLOFENAC POTASSIUM + PARACETAMOL TABLETS,50mg + 325mg,Comprimidos,Embalagem contendo 1 blisters de 10 comprimidos
AJUDA MEDICAL LIMITADA,IBUWIN,Ibuprofeno,400mg,Comprimidos,Embalagem contendo 10 blisters de 10 comprimidos
AJUDA MEDICAL LIMITADA,CAN-V,Clotrimazol,2%p/p,Crème vaginal,Caixa contendo tubo de 45g
SOCIEDADE AFRICANA DE SAÚDE LDA,AVIR 800,Aciclovir,800mg,Comprimidos,Embalagem contendo 10 e 30 comprimidos
SOCIEDADE AFRICANA DE SAÚDE LDA,AVIR 400,Aciclovir,800mg,Comprimidos,Embalagem contendo 10 e 30 comprimidos
AFRI FARMÁCIA LDA,THEOFIX - 100 DS,Cefixima,100mg/5ml,Po para suspensao oral,Garrafa de vidro de 60 ml
FARMA HOLDINGS SA,SEMGLEE™,Insulina glargina,100U/ml,Solucao para injeccao,Uma caneta pre-cheia com um cartucho de 3ml
AFRI FARMÁCIA LDA,PNEUMOSIL 5 DOSE,Vacina Pneumococal Polissacarido conjugada (adsorbed) (10-valent) 1 dose,"2,5ml",Suspensao para injeccao,Embalagem contendo 50 frascos de 0.5ml
AFRI FARMÁCIA LDA,PNEUMOSIL 1 DOSE,Vacina Pneumococal Polissacarido conjugada (adsorbed) (10-valent) 1 dose,"0,5ml",Suspensao para injeccao,Embalagem contendo 50 frascos de 0.5ml
AFRI FARMÁCIA LDA,FALCISTAT,Sulfadoxina + Pirimetamina,500mg + 25mg,Comprimidos,"Embalagem contendo blisters de 3, 30 e 1000 comprimidos"
MEDIMPORT LDA,PRONTA 1,Levonorgestrel,"1,5mg",Comprimidos,Embalagem contendo 10 capsulas de 1 comprimido
MEDIMPORT LDA,OK PILLS,Desogestrel + Etinilestradiol + Sulfato Ferroso,150mcg + 30mcg  + 75mg,Comprimidos,"Embalagem contendo 1, 3, 6 blisters de 28 comprimidos"
MEDIMPORT LDA,MEURI,Desogestrel + Etinilestradiol,150mcg + 30mcg,Comprimidos,Embalagem contendo 21 comprimidos activos e 7 comprimidos inertes
"MEDIS FARMACÊUTICA, LDA",VOMIDRINE DIRECT 50MG COMPRIMIDOS SUBLIMGUAIS,Dimenidrinato,50mg,Comprimidos sublinguais,Embalagem contendo 1 blister de 10 comprimidos
MISSIONPHARMA MOÇAMBIQUE,PARACETAMOL COMPRIMIDOS DISPERSÍVEIS BP 250MG,Paracetamol,250mg,Comprimidos dispersíveis,Embalagem contendo 50 blisters de 10 comprimidos dispersíveis
MISSIONPHARMA MOÇAMBIQUE,LIDOCAINA INJECTAVEL BP 2%P/V,Lidocaina,20mg/ml,Injectavel,Frasco de 50ml
MISSIONPHARMA MOÇAMBIQUE,GSUNATE - 100,Artesunato,100mg,Supositorio,Embalagem contendo 2 supositorios
MISSIONPHARMA MOÇAMBIQUE,ESTEARATO DE ERITROMICINA COMPRIMIDOS 500MG BP,Estearato de eritromicina,500mg,Comprimidos,Frasco HDPE 250 comprimidos
MISSIONPHARMA MOÇAMBIQUE,AZITROMICINA,Azitromicina,500mg,comprimidos,Frasco HDPE de 100 comprimidos
EUROFARMA MOÇAMBIQUE,PIETRA ED,Dienogeste,2mg,Comprimidos revestidos,Embalagem contendo 30 comprimidos
EUROFARMA MOÇAMBIQUE,CILASTAZOL,Cilastazol,50mg,Comprimidos,Embalagem contendo 30 e 60 comprimidos
EUROFARMA MOÇAMBIQUE,CILASTAZOL,Cilastazol,100mg,Comprimidos,Embalagem contendo 30 e 60 comprimidos
EUROFARMA MOÇAMBIQUE,CETOPROFENO,Cetoprofeno,100mg,Po para solucao injectavel,Embalagem contendo 30 frascos/ ampolas
EUROFARMA MOÇAMBIQUE,CEFTRIAXONA SODICA,Ceftriaxona sodica,500mg,Po para solucao injectavel,Ampola de vidro de 2ml + 1 ampola com diluente
EUROFARMA MOÇAMBIQUE,CEFTRIAXONA SODICA,Ceftriaxona sodica,1000mg,Po para solucao injectavel,Ampola de vidro de 2ml + 1 ampola com diluente
EUROFARMA MOÇAMBIQUE,BICERTO,Cetoprofeno,150mg,Comprimidos,Embalagem contendo 30 e 60 comprimidos
"GENERICS & SPECIALITIES, Lda",PEN - G,Fenoximetilpenicilina,500mg,Comprimidos,Embalagem contendo 10 blisters de 10 comprimidos
"GENERICS & SPECIALITIES, Lda",KANAMICINA,Sulfato de Kanamicina,2g,Injectavel,Frasco de vidro de 20ml
"GENERICS & SPECIALITIES, Lda",GENMOX 125,Amoxicilina,125mg/5ml,Po para suspensao oral,Garrafa plastica HDPE de 100ml
"GENERICS & SPECIALITIES, Lda",GENCOL S,Cloranfenicol,250mg/5ml,Suspensao oral,Frasco de 100ml
"GENERICS & SPECIALITIES, Lda",GENCOL 250 CAPS,Cloranfenicol,250mg,Capsulas,Embalagem contendo 10 blisters de 10 capsulas
"GENERICS & SPECIALITIES, Lda",G- CLOX,Cloxacilina,500mg,Capsulas,Embalagem contendo 10 blisters de 10 capsulas
WELL WORTH LDA,EXOVATE N CRÈME,Propionato de clobetasol + Sulfato de neomicina + Nistatina,"0,5mg + 3.5mg + 100.000UI",Creme,Bisnaga de 25mg
"GENERICS & SPECIALITIES, Lda",BENZILPENICILINA PROCAINA,Benzilpenicilina Procaina,3Mega,Injectavel,Embalahem contendo 50 frascos de vidro tipo II de 20ml
"GENERICS & SPECIALITIES, Lda",BENZILPENICILINA BEZANTINICA,Penicilina bezantinica,2.400.000 UI,Injectavel,Embalagem contendo 50 ampolas
MEDIFARMA LDA,LUMERAX DT 20/120,Artemeter + Lumefantrina,20mg + 120mg,Comprimidos dispersiveis,Embalagem contendo blisters Alu/PVC e Alu-Alu de 6 e 12 comprimidos
AJUDA MEDICAL LIMITADA,METGYL 250MG,Metronidazol,200mg,Comprimidos,Embalagem contendo 2 blisters de 10 comprimidos
AJUDA MEDICAL LIMITADA,METGYL,Metronidazol,200mg/5ml,Suspensao oral,Frasco de 100ml
AJUDA MEDICAL LIMITADA,FEM-RED XT,Ascorbato Ferroso + Ácido fólico,"100mg + 1,5mg",Comprimidos,Embalagem cntendo 1 blister de 10 comprimidos
ALISA FARMA LDA,DICLOFENAC GEL BP 1% W/W,Diclofenac,1%w/w,Gel,Bisnaga de 30g
BIZA PHARMA LDA,MEPROCENT,Medroxiprogesterona,10mg,Comprimidos,Embalagem contendo 10 blisters de 10 comprimidos
BIZA PHARMA LDA,FIRE-100,Sildenafil,100mg,Comprimidos,Embalagem contendo blisters de 4 comprimidos
"MEDIS FARMACÊUTICA, LDA",Pantoprazol Azevedos,Pantoprazol,20mg,Comprimido gastrorresistente,Embalagem de 56 comprimidos
"MEDIS FARMACÊUTICA, LDA",Pantoprazol Azevedos,Pantoprazol,40mg,Comprimido gastrorresistente,Embalagem de 56 comprimidos
"SHANI, LIMITADA",LAMIVUDINA + TENOFOVIR DISOPROXIL FUMARATE TABLETS,Lamivudina + Tenofovir disoproxil fumarate,300mg + 300mg,Comprimido,Frasco HDPE de 90 comprimidos
"SHANI, LIMITADA",EMTRICITABINA & TENOFOVIR DISOPROXIL FUMARATO,Emtricitabina + Tenofovir disopropil fumarato,200mg + 300mg,Comprimido,Frasco HDPE de 90 comprimidos
FARMA HOLDINGS SA,MYLTEGA DT,Dolutegravir,10mg,Comprimidos dispersiveis,"Frasco de 30, 60, 90, 180 e 270 comprimidos"
FARMA HOLDINGS SA,ABACAVIR SULFATO SULFATE/LAMIVUDINE DISPERSIBLE 120MG/60MG,Sulfato de de abacavir + Lamivudina,120mg + 60mg,Comprimidos,Frasco de 90 comprimidos
WELL WORTH LDA,ABACAVIR/ LAMIVUDINE DISPERSIBLE TABLETS 120MG/60MG,Abacavir + Lamivudina,120mg + 60mg,Comprimidos,Frasco de 30 e 90 comprimidos
FARMACÊUTICA AUSTRAL,METFORMIN DENK 500,Metformina,500mg,Comprimidos revstidos por pelicula,Frasco de 100 comprimidos
AFRI FARMÁCIA LDA,KLODIP -5,Amlodipina,5mg,Comprimidos,"Embalagens 10x10, 3x10 e 10x3x10 comprimidos"
AFRI FARMÁCIA LDA,ERYKO-250,Eritromicina,250mg,Comprimidos,Blister 10x10  comprimidos
FARMACÊUTICA AUSTRAL,DICLO-DENK 75 inj,Diclofenac,75mg,Injectavel,Embalagem contendo 10 ampolas com 3ml
FARMACÊUTICA AUSTRAL,DICLO-DENK 100 RECTAL,Diclofenac,100mg,Supositorio,Embalagem contendo blister  de 10 supositorio
FARMACÊUTICA AUSTRAL,Colosar Denk 50/12.5,Losartam potassico + Hidroclorotiazida,50mg + 12.5mg,Comprimidos revestidos por pelicula,Embalagem contendo blisters de 28 comprimidos
AFRI FARMÁCIA LDA,CIPROQUIN - 500,"Ciprofloxacina, hidrocloreto",500mg,Comprimidos,Embalagem 10x10 comprimidos
MISSIONPHARMA MOÇAMBIQUE,CLORIDRATO DE TETRACICLINA POMADA OFTALMICA USP 1% P/P,Cloridrato de tetraciclina,1%w/w,Pomada Oftálmica,Tubo de 5g
AFRI FARMÁCIA LDA,KLODIP - 10,Amlodipina,10mg,Comprimidos,Embalagem contendo 3 blisters de 10 comprimidos
AFRI FARMÁCIA LDA,KCHEK,Polistireno sulfato de calcio,10mg,Po para solucao oral,Embalagem contendo 10 Saquetas de 15g de po
AFRI FARMÁCIA LDA,CARDIOTEN-50,Atenolol,50mg,Comprimidos,Embalagem contendo blisters de 28 comprimidos
MEDIMPORT LDA,AMOXICILINA + ACIDO CLAVULANICO BLUEPHARMA,Amoxicilina + Acido Clavulanico,"(125mg+ 62,5mg)/5ml",Po para solucao oral,Frasco de vidro ambar 100ml
MEDIMPORT LDA,AMOXICILINA + ACIDO CLAVULANICO BLUEPHARMA,Amoxicilina + Acido Clavulanico,"(250mg+ 62,5mg)/5ml",Po para solucao oral,Frasco de vidro ambar 100ml
MDS - Medicamento e Diagnóstico na Saúde S.A,MIRCERA,Metoxipolietilenoglicol - epoetina beta,"75mcg/0,3ml",Solucao injectavel,"Embalagemm contendo 1 seringa pre-cheia de 0,3ml"
MDS - Medicamento e Diagnóstico na Saúde S.A,MIRCERA,Metoxipolietilenoglicol - epoetina beta,"120mcg/0,3ml",Solucao injectavel,"Embalagemm contendo 1 seringa pre-cheia de 0,3ml"
MDS - Medicamento e Diagnóstico na Saúde S.A,MIRCERA,Metoxipolietilenoglicol - epoetina beta,"250mcg/0,3ml",Solucao injectavel,"Embalagemm contendo 1 seringa pre-cheia de 0,3ml"
WELL WORTH LDA,NITROSOL AEROSOL SPRAY,Trinitrato de glicerina,400 mcg,Solucao de pulverizacao oromucosa sublingual,Frasco contendo 200 doses
WELL WORTH LDA,CINAREX EYE DROPS,Tobramicina,3mg/ml,"Colirio, solucao",FRASCO DE 5ML
MOTLEY HEALTHCARE LDA,VALPROATE 200,Valproato de sodio,200mg,Comprimidos revestidos,Embalagem contendo 10 blisters de 10 comprimidos
MOTLEY HEALTHCARE LDA,MOMEZ 40,Omeprazol,40mg,Po para solucao injectavel,Embalagem contendo  frascos de 10ml
MOTLEY HEALTHCARE LDA,GENTLEY,Gentamicina,40mg/ml,Solucao injectavel,Embalagem contendo 10 ampolas de 2ml
MOTLEY HEALTHCARE LDA,ACTI FEEL GEL,Diclofenac dietilamina + Oleo de linhaca virgem + Salicilato de metilo + Mentol + Alcool benzilico,"1,16%w/w + 3.0%w/w + 10%w/w + 5%w/w + 1%w/w",Gel,Tubo de 30 gm
SOCIEDADE AFRICANA DE SAÚDE LDA,TERLET-2.5,Sulfato de terbutalina,2.5mg,Comprimido,10 blister Alu-Pvc de 10 comprimidos
SOCIEDADE AFRICANA DE SAÚDE LDA,PRENSON-10,Prednisolona,10mg,Comprimidos,10 blisters de 10 comprimidos
SOCIEDADE AFRICANA DE SAÚDE LDA,LEVOMIN COMPLEX,Dexametasona fosfato sodico + Cianocobalamina + Diclofenac sdico,2mg + 10mg + 75mg/3ml,Injectavel,Embalagem contendo 3 frascos de vidro + diluente
FARMACÊUTICA AUSTRAL,NIFEDI-DENK 20 RETARD,Nifedipina,20mg,Comprimido de libertacao prolongada,Embalagem de 30 e 100 comprimidos
FARMACÊUTICA AUSTRAL,METFORMIN DENK 850,Cloridrato de metformina,850mg,Comprimidos revestidos por pelicula,Embalagem contendo 30 e 120 comprimidos
FARMACÊUTICA AUSTRAL,IBUPROFEN DENK 400,Ibuprofeno,400mg,Comprimidos revestidos por pelicula,Embalagem contendo 20 e 100 comprimidos
FARMACEUTICA AUSTRAL,ENA-DENK 20,Enalapril,20mg,Comprimidos,Embalagem contendo blisters com 30 comprimidos
NATUR PHARMA,DOXY-DENK 100,Hiclato de Doxiciclina,100mg,Capsulas,Embalagem contendo blisters de 20 comprimidos
FARMACÊUTICA AUSTRAL,DICLO-DENK 50,Diclofenac sodico,50mg,Comprimidos revestidos por pelicula,Embalagem contendo 20 e 100 comprimidos
NATUR PHARMA,CIPRO-DENK 500,Ciprofloxacina,500mg,Comprimidos revestidos por pelicula,Embalagem contendo 10 comprimidos
NATUR PHARMA,AMOXI-DENK 500,Amoxicilina,500mg,Comprimidos,Embalagem contendo 20 comprimidos
NATUR PHARMA,AMOXICLAV - DENK 500/62.5,Amoxicilina + Acido Clavulanico,500mg + 65.5mg,Comprimidos,Embalagem contendo blister de 16 comprimidos
FARMACÊUTICA AUSTRAL,AMLO-DENK 5,Amlodipina,5mg,Comprimidos,Embalagem contendo 50 comprimidos
FARMACÊUTICA AUSTRAL,AMLO-DENK 10,Amlodipina,10mg,Comprimidos,Embalagem contendo 50 comprimidos
MOTLEY HEALTHCARE LDA,MOXMOD 500,Amoxicilina,500mg,Capsulas,Embalagem contendo 10 blisters de 10 comprimidos
MOTLEY HEALTHCARE LDA,MOXMOD 250,Amoxicilina,250mg,Capsulas,Embalagem contendo 10 blisters de 10 comprimidos
MOTLEY HEALTHCARE LDA,MODFEN - 100 TABLETS,Diclofenac sodico,100mg,Comprimidos,Embalagem contendo 10 blisters de 10 comprimidos
TECCARE LDA,NP-AMOXICLAV 312.5MG/5ML,Amoxicilina + Acido clavulanico,250mg + 62.5mg,Po para suspensao oral,Frasco de 60ml
MOTLEY HEALTHCARE LDA,MOMEZ 20,Omeprazol,20mg,Capsulas,Embalagem contendo 10 blisters de 10 capsulas
MOTLEY HEALTHCARE LDA,MODS RELIEF TABLETS,Diclofenac sodico + Paracetamol + Maleato de clorfeniramina + Trissilicato de magnesio,50mg + 325mg + 4mg + 100mg,Comprimidos,Embalagem contendo blisters de 10 comprimidos
MOTLEY HEALTHCARE LDA,MOD CLOX 500,Cloxacilina,500mg,Capsulas,Embalagem contendo 10 blisters de 10 capsulas
MOTLEY HEALTHCARE LDA,CEE PIME 1 GM,Cloridrato de cefepima,1g,Po para solucao injectavel,Frasco de 20ml
TECCARE LDA,INJECCAO DE HIDROCLORETO DE TRAMADOL,Tramadol,100mg/2ml,Injectavel,Embalagem contendo 100 ampolas de 2ml
FARMACÊUTICA AUSTRAL,SIMVA -DENK,Sinvastatina,20mg,Comprimidos,Embalagem de 30 comprimidos
FARMACÊUTICA AUSTRAL,SIMVA -DENK,Sinvastatina,40mg,Comprimidos,Embalagem de 30 comprimidos
FARMACÊUTICA AUSTRAL,METFORMIN DENK 1000,Cloridrato de Metformina,1000mg,Comprimidos revestidos por pelicula,Embalagem contendo 30 comprimidos
FARMACÊUTICA AUSTRAL,LOSAR - DENK 50,Losartan,50mg,Comprimidos revestidos por pelicula,Embalagem contendo 28 comprimidos
FARMACÊUTICA AUSTRAL,LOSAR - DENK 100,Losartan,100mg,Comprimidos revestidos por pelicula,Embalagem contendo 28 comprimidos
FARMACÊUTICA AUSTRAL,GLIMEPIRIDE DENK 3,Glimeperida,3mg,Comprimidos,Embalagem de 30 comprimidos
FARMACÊUTICA AUSTRAL,ENA-DENK 10,Enalapril,10mg,Comprimidos,Embalagem contendo 3 blisters de 10 comprimidos
FARMACÊUTICA AUSTRAL,DICLO - DENK 100 RECTARD,Diclofenac sodico,100mg,Comprimidos de libertacao prolongada,Embalagem contendo 10 e 100 comprimidos
FARMACÊUTICA AUSTRAL,GLIMEPIRIDE DENK 2,Glimeperida,2mg,Comprimidos,Embalagem de 30 comprimidos
ENTERPRISE SOLUTIONS LDA,ATENOLOL,Atenolol,100mg,Comprimidos,Embalagem contendo 10 blisters de 10comprimidos
ENTERPRISE SOLUTIONS LDA,SOLUCAO ORAL DE VALPROATO DE SODIO BP 200MG/5ML,Valproato de Sódio,200mg/5ml,Solucao oral,Frasco de vidro de 200ml
ENTERPRISE SOLUTIONS LDA,AMINOFILINA BP 240MG/10ML,Aminofilina,240mg/10ml,Solucao injectavel,Ampolas de vidro de 10ml
MOTLEY HEALTHCARE LDA,MOM IRON,Acido Folico + Lactato de calcio +Gluconato ferroso + Vitamina B12,300mcg + 150mg + 30mg + 0.5mcg,Xarope,Embalagem contendo frasco de 200ml
MOTLEY HEALTHCARE LDA,MODBEN,Albendazol,400mg,Comprimido,Embalagem contendo blister de 1 comprimido
MOTLEY HEALTHCARE LDA,MODBEN,Albendazol,200mg/5ml,Suspensao oral,Embalagem contendo frasco de 10ml
MOTLEY HEALTHCARE LDA,LEVIFIL - 20,Cloridrato de vardenafil,20mg,Comprimidos,Embalagem contendo 1 blister de 10 comprimidos
"GENERICS & SPECIALITIES, Lda",TIMATE,Timolol,"0,5% w/v",Gotas oftalmicas,Embalagem contendo Frasco de 5ml
"GENERICS & SPECIALITIES, Lda",GENMOX 250,Amoxicilina,250mg,Suspensao Oral,Garrafa de 100ml
"GENERICS & SPECIALITIES, Lda",AMOXIGEN,Amoxicilina,500mg,Capsulas,Embalagem contendo 10 blisters de 10 capsulas
"GENERICS & SPECIALITIES, Lda",HUMOG 75UI/150UI HP,Menotrofina,75 UI/150 UI,Po solvente para injeccao,Ampola de vidro de 1ml
AFRI FARMÁCIA LDA,DOLUTEGRAVIR + LAMIVUDINA + TENOFOVIR DISOPROXIL FUMARATO,Dolutegravir + Lamivudina + Tenofovir disoproxil Fumarato,50mg + 300mg + 300mg,Comprimidos revestidos,"Frasco de 30, 90, 100 e 180 comprimidos"
AFRI FARMÁCIA LDA,Clofazimina comprimidos 100mg,Clofazimina,100mg,Comprimido,Embalagem 10 blister de 10 comprimidos
"GENERICS & SPECIALITIES, Lda",CLOTRIMAZOLE VAGINAL CREAM,Clotrimazol,50mg/5mg,Creme,Embalagem contendo bisnaga de 30g
AFRI FARMÁCIA LDA,UMICORT-100,Succinato sódico de hidrocortisona,100mg,Injectavel,"Engalagem contendo 10 frascos de 7,5ml"
"LUA COMÉRCIO, LDA",COTRIMEX 480,Sulfametoxazol + trimetoprim,400mg + 80 mg,Comprimidos,Embalagem contendo 10 blisters de 10 comprimidos
AFRI FARMÁCIA LDA,DOLUTEGARAVIR + EMTRICITABINA + TENOFOVIR ALAFENAMIDA COMPRIMIDOS,Dolutegaravir + Emtricitabina + Tenofovir Alafenamida,50mg + 200mg + 25mg,Comprimido revestido,Frasco HDPE de 30 comprimidos
AFRI FARMÁCIA LDA,VIVITRA 440,Trastuzumab,440mg,Solução liquida,Frasco de vidro de 100ml
"GENERICS & SPECIALITIES, Lda",FOLIGRAF 75 UI,Hormonio de foliculo estimulante humano recombinante para injeccao,75UI,Po liofilizado para injeccao,Frasco de 2ml
AFRI FARMÁCIA LDA,VIVITRA 150,Trastuzumab,150mg,Solução liquida,"Frasco de vidro de 7,2ml"
ALISA FARMA LDA,LIDOCAINA GEL BP 2% W/W,Lidocaina,2%w/w,Gel,Bisnaga de 30g
ALISA FARMA LDA,ALICONAZOLE 150,Fluconazol,150mg,Comprimidos,Embalagem contendo 10 blisters de 10 comprimidos
AJUDA MEDICAL LIMITADA,SCOTRIZOL,Trimetoprim + Sulfametoxazol,240mg/5ml,suspensão oral,frasco de 100ml
AJUDA MEDICAL LIMITADA,IBUWIN-100,Ibuprofeno,100mg/5ml,suspensão oral,frasco de 100ml
AFRI FARMÁCIA LDA,TENOFOVIR ALAFENAMIDE TABLETS 25mg,Tenofovir Alafenamida,25mg,Comprimidos revestidos,Embalagem contendo frascos de 30 e 100 comprimidos
EUROFARMA MOÇAMBIQUE,PRAIVA,Cloridrato de Moxifloxacina,400mg,Comprimidos erevestidos,Embalagem contendo blisters de 5 e 7 comprimidos
EUROFARMA MOÇAMBIQUE,PIEMONTE,Montelucaste de sodio,4mg,Comprimido revestido,Embalagem 10 e 30 comprimidos
EUROFARMA MOÇAMBIQUE,PIEMONTE,Montelucaste de sodio,10mg,Comprimido revestido,Embalagem contendo 10 e 30 comprimidos
EUROFARMA MOÇAMBIQUE,PIEMONTE,Montelucaste de sodio,5mg,Comprimido revestido,Embalagem contendo 10 e 30 comprimidos
EUROFARMA MOÇAMBIQUE,LUGANO,Fumarato de fluticasona + Propionato de formoterol di-hidratado,12mcg + 250mcg,Capsula gelatinosa dura com po para inalacao,Embalagem contendo 8 capsulas e 60 capsulas
EUROFARMA MOÇAMBIQUE,HEPTAR,Heparina sódica bovina,5.000 UI/ml,Solucao injectavel,Embalahem contendo 50 ampolas de 5ml
EUROFARMA MOÇAMBIQUE,DUOMO HP,Mesilato de doxazosina + Finasterida,2mg + 5mg,Capsula gelatinosa dura,"Embalagem contendo 20, 30, 60 capsulas"
MISSIONPHARMA MOÇAMBIQUE,LIDOCAINA INJECTAVEL BP 2%P/V,Lidocaina,20mg/ml,solução injectável,5 x 20ml
MISSIONPHARMA MOÇAMBIQUE,CIPROFLOXACIN TABLETS  USP 250MG,"Ciprofloxacina, hidrocloreto",250mg,comprimidos,embalagem de 100 comprimidos
MISSIONPHARMA MOÇAMBIQUE,AZITROMICIN ORAL SUSPENSION  200mg/5ml,Azitromicina,200mg/5ml,suspenção oral,
"SHANI, LIMITADA",DOLUTEGRAVIR,Dolutegravir,50mg,Comprimido,Frasco HDPE de 30 comprimidos
FARMA HOLDINGS SA,DESREM - REMDESIVIR FOR INJECTION 100MG,Remdesivir,100mg,Injectavel,Frasco de 30ml
MEDIFARMA LDA,VINRAB 1000 I.U (RABIES ANTISERUM 1000I.U),Imunoglubulina antirrabica,1000UI,Solucao injectavel,10  frascos de 5ml
"GENERICS & SPECIALITIES, Lda",TROYPOFOL,Propofol,10mg,Solucao injectavel,Ampola de vidro de 20 ml
"GENERICS & SPECIALITIES, Lda",BENZOSED,Midazolam,1mg/ml,Solucao injectavel,Ampola de vidro de 5ml
"GENERICS & SPECIALITIES, Lda",BUPITROY HEAVY,Cloridrato de bupivacaina,5mg/ml,Solucao injectavel,5 Ampola de vidro de 4ml
"GENERICS & SPECIALITIES, Lda",PLASEP,Clopidogrel,75mg,Comprimidos revestidos por pelicula,3 blisters de 10  comprimidos
"KAMBENY, LDA",DOLUTEGRAVIR + LAMIVUDINA + TENOFOVIR DISOPROXIL FUMARATO,Dolutegravir + Lamivudina + Tenofovir disoproxil fumarato,50mg + 300mg + 300mg,Comprimidos revestidos,caixa contendo frascos de 30mg e 90 comprimidos
"MEDIS FARMACÊUTICA, LDA",INSTGRA,Dolutegravir,50mg,Comprimidos,Frasco HDPE de 30 comprimidos
"MEDIS FARMACÊUTICA, LDA",KEPIN,Cetoprofeno,100mg/2ml,Solucao injectavel,Embalagem contendo 6 ampolas de 2ml
"MEDIS FARMACÊUTICA, LDA",BETAMOX ES,Amoxicilina + Acido clavulanico,"600mg/5ml + 42,9mg/5ml",Po para suspensao oral,Caixa contendo 1 frasco de 100ml
"SHANI, LIMITADA",SHARAMIN,Clorfeniramina maleato,4mg,comprimidos,10 blister de 10 comprimidos
DKT - MOZAMBIQUE,PLAN ÍNTIMO 1.5mg,"Levonorgestrel 1,5",200mcg,Comprimidos,Blister 1x1 comprimidos
"MEDIS FARMACÊUTICA, LDA",IVABRADINA AZEVEDOS,Ivabradina,5mg,Comprimidos revestidos por pelicula,Embalagem contendo 56 comprimidos
"SHANI, LIMITADA",FLUGAL,Fluconazol,50mg/5ml,Suspensao oral,Frasco de 200ml
KWALITY PHARMACEUTICAL AFRICA LIMITED,MULTIVITA,Vitamina A + Vitamina B1 + Vitamina B2 Vitamina D3 + Vitamina C + Vitamina B,"1,6 mg +  0.500mg + 0.500mg + 2.5mg + 25mg + 7.50mg",Comprimidos,10 blisters 10 comprimidos
"MEDIS FARMACÊUTICA, LDA",IVABRADINA AZEVEDOS,Ivabradina,7.5mg,Comprimidos revestidos por pelicula,Embalagem contendo 56 comprimidos
KWALITY PHARMACEUTICAL AFRICA LIMITED,AMOKWAL,Amoxicilina,500mg,Capsulas,10 blisters de 10 capsulas
"MEDIS FARMACÊUTICA, LDA",SULFADIAZINA DE PRATA CRÈME 1%,Sulfadiazina de prata,10mg (1%),Creme,Tubo de aluminio de 30mg
"MEDIS FARMACÊUTICA, LDA",SINVASTATINA AZEVEDOS 20MG,Sinvastatina,20mg,Comprimidos,06 blisters de 10 comprimidos
MEDIMPORT LDA,AMOXICILINA + ACIDO CLAVULANICO BLUEPHARMA,Amoxicilna + Acido clavulanico,125mg/5ml + 31.25/5ML,Po para suspensao oral,Frasco de vidro ambar de 120ml
MEDIMPORT LDA,AMOXICILINA + ACIDO CLAVULANICO BLUEPHARMA,Amoxicilna + Acido clavulanico,250MG/5ml + 62.5mg/5ml,Po para suspensao oral,Frasco de vidro ambar de 120ml
HEDERA LDA,FENAREN,Diclofenac dietilamonio,"11,6mg/g",Gel dermatologico,Bisnaga de aluminio de 60g
"MEDIS FARMACÊUTICA, LDA",VINTOR,Eritropoietina,4000UI,Solucao injectavel,Blisters contendo seringa de vidro pre-enchido de 1ml
"MEDIS FARMACÊUTICA, LDA",TAVIN EM,Tenofovir disoproxil fumarato + Emtricitabina,300mg + 200mg,Comprimido revestido por pelicula,Frasco HDPE de 30 comprimidos
"MEDIS FARMACÊUTICA, LDA",PAUSE MF,Acido tranexanico + Acido mefenamico,500mg + 250mg,Comprimidos revestido por pelicula,Embalagem contendo 3 X 10 comprimidos
FARMA HOLDINGS SA,LINEZOLID TABLETS 600MG,Linezolida,600mg,Conprimidos de libertacao imediata,Embalagem contendo 1x10; 30; 100 e 200 comprimidos;
"MEDIS FARMACÊUTICA, LDA",FENIL-V SUPOSITORIO,Diclofenac,100mg,Supositorio,Caixa contendo blisters de 12 supositorios
"MEDIS FARMACÊUTICA, LDA",ATORVASTATINA AZEVEDOS,Atorvastatina,20mg,Comp[rimidos revestidos,Embalagem contendo 2 blisters de 14 comprimidos
"MEDIS FARMACÊUTICA, LDA",ATORVASTATINA AZEVEDOS,Atorvastatina,40mg,Comp[rimidos revestidos,Embalagem contendo 2 blisters de 14 comprimidos
MDS - Medicamento e Diagnóstico na Saúde S.A,NAPROXENO GENERIS,Naproxeno,500mg,Comprimidos gastro resistente,Embalagem contendo blisters de 60 comprimidos
MDS - Medicamento e Diagnóstico na Saúde S.A,LOSARTAN GENERIS,Losartan,50mg,Comprimidos revestidos por pelicula,Embalagem contendo blisters de 56 comprimidos
MDS - Medicamento e Diagnóstico na Saúde S.A,DESLORATADINA GENERIS,Desloratadina,5mg,Comprimidos revestidos por pelicula,Embalagem contendo blisters de 20 comprimidos
MDS - Medicamento e Diagnóstico na Saúde S.A,CLOPIDOGREL GENERIS PHAR,Clopidogrel,75mg,Comprimidos revestidos por pelicula,Embalagem contendo blistrs de 28 comprimidos
MDS - Medicamento e Diagnóstico na Saúde S.A,AMOXICILINA + ACIDO CLAVULANICO GENERIS,Amoxicilna + Acido clavulanico,500mg + 125mg,Comprimidos revestido por pelicula,Embalagem contendo blisters de 16 comprimidos
MDS - Medicamento e Diagnóstico na Saúde S.A,AMOXICILINA + ACIDO CLAVULANICO GENERIS,Amoxicilna + Acido clavulanico,875mg + 125mg,Comprimidos revestido por pelicula,Embalagem contendo blisters de 16 comprimidos
MDS - Medicamento e Diagnóstico na Saúde S.A,IRBESARTAN + HIDROCLOROTIAZIDA GENERIS,Irbesartan + Hidroclorotiazida,"150mg + 12,5mg",Comprimidos,Embalagem contendo 28 comprimidos
MDS - Medicamento e Diagnóstico na Saúde S.A,LOSARTAN GENERIS,Losartan,100mg,Comprimidos revestidos por pelicula,Embalagem contendo blisters de 56 comprimidos
"LUA COMÉRCIO, LDA",SALBUTAMOL - NC,Salbutamol,2mg/5ml,Solucao oral,Frasco de vidro de 100ml
NATUR PHARMA LDA,CLOTRI-DENK 1%,Clotrimazol,1%,Creme,Bisnaga de 20g
"LUA COMÉRCIO, LDA",CESAPRAZ - 40,Omeprazol injectavel,40mg,Po para solucao injectavel,Embalagem contendo 10 frascos de vidro de 10 ml
"LUA COMÉRCIO, LDA",BUSCOMEX-20,Butilbrometo de hioscina,20MG,Injectavel,Ampolas de vidro ambar de 1 ml
NATUR PHARMA LDA,ACYCLOVIR DENK 5%,Aciclovir,5%,Creme,Bisnaga de 7g
NATUR PHARMA LDA,ACYCLOVIR DENK 200,Aciclovir,200mg,Comprimidos,Blister de 25 comprimidos
MEDIMPORT LDA,TRAMADOL + PARACETAMOL BLUEPHARMA,Tramadol + Paracetamol,75mg + 650mg,Comprimidos,Embalagem contendo 20 comprimidos
MEDIMPORT LDA,TADALAFIL BLUEPHARMA,Tadalafil,5mg,Comprimido revestido por pelicula,Embalagem 28 comprimido
MEDIMPORT LDA,TADALAFIL BLUEPHARMA,Tadalafil,10mg,Comprimido revestido por pelicula,Embalagem de 4 comprimidos
MEDIMPORT LDA,TADALAFIL BLUEPHARMA,Tadalafil,20mg,Comprimido revestido por pelicula,Embalagem de 4 comprimidos
MEDIMPORT LDA,MOXIFLOXACINA BLUEPHARMA,Moxifloxacina,400mg,Comprimido revestido por pelicula,Blister de 5 e 7 comprimidos
MEDIMPORT LDA,ETORICOXIB BLUEPHARMA,Etoricoxib,30mg,Comprimido revestido por pelicula,Embalagem contendo 7 comprimidos
MEDIMPORT LDA,ETORICOXIB BLUEPHARMA,Etoricoxib,60mg,Comprimido revestido por pelicula,Embalagens contendo 20 comprimidos
MEDIMPORT LDA,ETORICOXIB BLUEPHARMA,Etoricoxib,90mg,Comprimido revestido por pelicula,Embalagens contendo 20 comprimidos
MEDIMPORT LDA,ETORICOXIB BLUEPHARMA,Etoricoxib,120mg,Comprimido revestido por pelicula,Embalagem contendo 7 comprimidos
MEDIMPORT LDA,ESCITALOPRAM BLUEPHARMA,Escitalopram,20mg,Comprimido revestido por pelicula,Eembalagem de 56 comprimidos
MEDIMPORT LDA,ESCITALOPRAM BLUEPHARMA,Escitalopram,10mg,Comprimido revestido por pelicula,Eembalagem de 56 comprimidos
AFRI FARMÁCIA LDA,"EFAVIRENZ, LAMIVUDINA E TENOFOVIR DOSOPROXIL FUMARATO",Efavirenz + Lamivudina + Tenofovir disoproxil fumarato,1000mg,Comprimidos revestidos por película,"Frasco de 30, 90 e 180 comprimidos"
MEDIMPORT LDA,BROMETO DE IPRATROPIO BLUEPHARMA,Brometo de ipratronio,20mcg/dose,Solucao pressurizada para inalacao,Frasco pressurizado contendo 200 doses
MEDIMPORT LDA,ACETILCISTEINA BLUEPHARMA,Acetilcisteina,600mg,Comprimido efervescente,Embalagem (tubo) contendo 20 comprimidos efervescente
"ORANE PHARMA, Lda",CLOZIDE,Hidroclorotiazida,25mg,Comprimidos,Embalagem contendo 10 blisters de 10 comprimidos
"TMI - HEALTHCARE, LDA",SALBUTRAL+AEROMED,Sulfato de salbutamol,120mcg,Aerossol para inalacao,Frasco contendo 250 doses
AFRI FARMÁCIA LDA,M-FLOX,Cloridrato de moxifloxacina,400mg,Comprimido revestido,Embalagem contendo BLISTER DE  5 comprimidos; Embalagem contendo 10 blisters de 5 comprimidos; 1X10 COMPRIMIDO;
"EVEREADY PHARMA, LDA",ALBUREL,Albumina Humana Solução,20%,Solucao para injeccao,Frasco de vidro de 100ml e 50ml
AFRI FARMÁCIA LDA,D-ARTEPP,Dihidroartemisina + Fosfato de piperaquina,60mg + 480mg,Comprimido,6 comprimidos
AFRI FARMÁCIA LDA,D-ARTEPP,Dihidroartemisina + Fosfato de piperaquina,30mg +240mg,Comprimido,6 comprimidos
AFRI FARMÁCIA LDA,DARUNAVIR COMPRIMIDOS 600MG,Darunavir,600mg,Comprimidos,Frasco contendo 60 comprimidos
WELL WORTH LDA,LAMIVUDINE AND TENOFOVIR DISOPROXIL FUMARATE TABLETS,Lamivudina + Tenofovir disoproxil fumarate,300mg + 300mg,Comprimidos,Embalagem HDPE de 30 comprimidos
WELL WORTH LDA,Q-TIB,Isoniazid + Pyridoxina Hydrochloride + Sulfamethoxazole + Trimethoprim,300mg + 25mg + 800mg + 16mg,Comprimidos,Frasco HDPE de 30 comprimidos
WELL WORTH LDA,LOPINAVIR AND LOPINAVIR TABLETS USP 200/50 MG,Lopinavir + Ritonavir,200mg + 50mg,Comprimidos,Frasco HDPE de 120 comprimidos
"MEDIS FARMACÊUTICA, LDA",NIMED GEL 30MG/G,Nimensulida,30mg/g,Gel,Bisnaga de aluminio de 100g
"MEDIS FARMACÊUTICA, LDA",DOLUTEGRAVIR COMPRIMIDO DISPERSIVEL 10MG,Dolutegravir,10mg,Comprimidos dispersiveis,Frasco HDPE de 90 comprimidos
"MEDIS FARMACÊUTICA, LDA",AZUNATE,Atrtesunato,60mg,Po para injectavel,Frasco contendo 60 mg + solvente
"MEDIS FARMACÊUTICA, LDA",TIVICAY,Dolutegravir sodico,10mg,Comprimidos revestidos por película,Frasco HDPE de 30 comprimidos
"MEDIS FARMACÊUTICA, LDA",TIVICAY,Dolutegravir sodico,25mg,Comprimidos revestidos por película,Frasco HDPE de 30 comprimidos
"SHANI, LIMITADA",ACE XAROPE 120MG/5ML,Paracetamol,120mg/5ml,Xarope,Garrafa PET redonda de cor ambar de 100ml
"SHANI, LIMITADA",ALATROL XAROPE 5MG/5ML,Cetirizina cloridrato,5mg/5ml,Xarope,Garrafa de 60ml
HEDERA LDA,UNI-CARBAMAZ,Carbamazepina,200mg,Comprimidos,Embalagem contendo 200 comprimidos
"TMI - HEALTHCARE, LDA",ROCURON,brometo de rocuronio,10mg/ml,Solucao injectavel,25 frascos de 5ml
HEDERA LDA,PARAFUSIV,Paracetamol,10mg/ml,Solucao para perfusao,Embalagem contendo 100 unidades de 100ml
HEDERA LDA,BACLON,Baclofeno,10mg,Comprimidos,Embalagem contendo 2 blisters de 10 comprimidos
AFRI FARMÁCIA LDA,CLAVAMYN-625,Amoxicilina + Acido clavulanico,500mg + 125mg,Comprimido,Embalagem 2 blisters de 10 comprimidos
"ORBIS PHARMA, Lda",VASOTIL®,Enalapril,10mg,Comprimidos,Embalagem contendo 30 e 60 comprimidos
"ORBIS PHARMA, Lda",UNOTATION,Acido tranexamico BP,100mg/ml,Solucao injectavel,Caixa contendo 5 ampolas de 5ml
"ORBIS PHARMA, Lda",OFLOTECH SUSPENSION,Ofloxacina + Ornidazol,50mg + 125mg,Suspensão Oral,Frasco de 60ml
"ORBIS PHARMA, Lda",BRAIPORIN SYRUP,Valproato de sodio,200mg/5ml,Xarope,Frasco de 100ml
"GENERICS & SPECIALITIES, Lda",KETAMAX 50,Cloridrato de ketamina,50mg,Solucao injectavel,Ampola de vidro 10ml
"GENERICS & SPECIALITIES, Lda",AZITHROGEN,Azitromicina,200mg/5ml,Suspensao oral,Frasco de vidro de 15ml
ACE HEALTH CARE LDA,ÁCIDO SALICÍLICO POMADA BP 20%W/W,Ácido salicílico,20%w/w,Pomada,Tubo de 100g
"EVEREADY PHARMA, LDA",HIDROCORTISONA SÓDICA SUCCINATO PARA INJECCAO USP,Succinato sódico de hidrocortisona,100mg,Po para injeccao,Frasco de vidro de 5 ml
"EVEREADY PHARMA, LDA",CLORIDRATO DE BUPIVACAINA EM INJECCAO DE DEXTROSE USP 5ML,Cloridrato de Bupivacaina,5mg/ml,Solucao para injeccao,Embalagem contendo 10 qampolas de 5ml
"EVEREADY PHARMA, LDA",ERSOLONE,Acetato de prednisolona,10mg/ml,Suspensao oftalmica,Frasco de 10ml
FARMA HOLDINGS SA,ULCEREST 40,Esomeprazol,40mg,Comprimidos gastroresistentes,Frasco HDPE de 28 comprimidos e Blister de 10 comprimidos
FARMA HOLDINGS SA,ULCEREST 20,Esomeprazol,20mg,Comprimidos gastroresistentes,Frasco HDPE de 28 comprimidos e Blister de 10 comprimidos
"MURETXE PHARMA, SA",SILDEMURE,Sildenafil,100mg,Comprimidos,Embalagem contendo 1 blisters de 4 comprimidos
"MURETXE PHARMA, SA",SALBUMURE,Salbutamol,4mg,Comprimidos,Embalagem contendo 10 blisters de 10 comprimidos
"MURETXE PHARMA, SA",CLAVAMURE,Amoxicilina + Acido clavulanico,500mg + 125mg,Comprimidos,Embalagem contendo 2 blisters de 10 comprimidos
"MURETXE PHARMA, SA",ALBEMURE,Albendazol,400mg,Comprimidos mastigaveis,Caixa contendo Blisters de 1 comprimidos
"GENERICS & SPECIALITIES, Lda",FLUGEN,"Paracetamol + Cafeina + Clorfeniramina, maleato + Fenilefrina, cloridrato","500mg + 30,6mg + 2,1mg + 5,25mg",Comprimidos,Embalagem contendo 25 x 4 comprimidos
HEDERA LDA,CICLO 21,Levonorgestrel + Etinilestradiol,"0,15mg + 0,03mg",Comprimidos,Embalagem contendo 21 comprimidos
HEDERA LDA,CARBAMAZEPINA,Carbamazepina,200mg,Comprimidos,Embalagem contendo 200 comprimidos
"LUA COMÉRCIO, LDA",THIONON,Tiopental de sodio,1g,Pó para solução injectável,Frasco de de vidro de 20ml
AFRI FARMÁCIA LDA,IBUPAR TABLETS,Paracetamol + Ibuprofeno,325mg + 400mg,Comprimidos,Embalagem contendo 1 blister de 10 comprimidos
AFRI FARMÁCIA LDA,DAWASTIN ORAL SUSPENSION,Nistatina,100.000UI,Suspensao oral,Embalagem contendo frasco de 12ml e 30ml
AFRI FARMÁCIA LDA,TRAMAX 50,"Tramadol, cloridrato",50mg,Capsula de gelatina dura,Embalagem contendo 10 frascos de 10 capsulas
AFRI FARMÁCIA LDA,THEOXONE - 1G,Ceftriaxona,1g,Po para solucao injectavel,Frasco de vidro transparente tipo III
AFRI FARMÁCIA LDA,NORMNIL SUSPENSION,Albendazol,200mg/ml,Suspensão,Frasco de 10ml
MEDIMPORT LDA,CO-PACKAGE MIFEPRISTONE 200MG,Mifepristone + Misoprostol,200mg + 200mcg,Comprimidos vaginais,Embalagem contendo blisters de 1 comprimido de Mifepristone e 4 de misoprostol
"ORBIS PHARMA, Lda",PERPHYL,Lactulose,667mg/ml,Xarope,Frasco de 200ml
"MEDIS FARMACÊUTICA, LDA",ROSUMIBE COMPRIMIDOS REVESTIDO,Rosuvastatina + Ezetimiba,10mg + 10mg,Comprimido revestido,Embalagem contendo blisters de 50 comprimidos
"MEDIS FARMACÊUTICA, LDA",ROSUMIBE COMPRIMIDOS REVESTIDO,Rosuvastatina + Ezetimiba,20mg + 10mg,Comprimido revestido,Embalagem contendo blisters de 50 comprimidos
"MEDIS FARMACÊUTICA, LDA",ROSUMIBE COMPRIMIDOS REVESTIDO,Rosuvastatina + Ezetimiba,40mg + 10mg,Comprimido revestido,Embalagem contendo blisters de 50 comprimidos
"MEDIS FARMACÊUTICA, LDA",SPEC OXYTOCIN 10UI,Oxitocina,10UI,Solucao injectavel,Ampola de vidro transparente de 1ml
"MEDIS FARMACÊUTICA, LDA",SPEC OXYTOCIN 5UI,Oxcitocina,5UI,Solucao injectavel,Ampola de vidro transparente de 1ml
"MEDIS FARMACÊUTICA, LDA",PARAMOLAN CAF,Paracetamol + Cafeina,500mg + 65mg,Comprimidos,Blister de 20 comprimidos
"MEDIS FARMACÊUTICA, LDA",D-MED AZEVEDOS,Vitamina A colecalciferol,25000UI,Solucao oral,Embalagem de 4 ampolas
"MEDIS FARMACÊUTICA, LDA",FEBUMAC 80,Febuxostato,80mg + 480mg,Comprimido,Embalagem contendo Blister de 10 comprimidos
"MEDIS FARMACÊUTICA, LDA",FLEXABENZ GEL,Diclofenac dietilamina + Ciclobenzaprima cloridrato + Metilsalsilato + Oleo de linhaca + Mentol,"1.0% w/w + 2,0% w/w + 10%w/w + 3.0%w/w + 50%w/w",Gel,Tubo de 30g
MISSIONPHARMA MOÇAMBIQUE,FENOXIMETILPENICILINA COMPRIMIDOS BP 500MG,Fenoximetilpenicilina,500mg,Comprimidos,Frasco HDPE de 500 comprimidos
MISSIONPHARMA MOÇAMBIQUE,CLOTRIMAZOLE VAGINAL INSERTS USP 500MG,Clotrimazol,500mg,Comprimidos vaginais,Embalagem contendo 1 comprimidos e um aplicador
MISSIONPHARMA MOÇAMBIQUE,AMILORIDO COMPRIMIDOS BP 5mg,Amilorido,5mg,Comprimidos,Frasco HDPE de 150 e de 100 comprimidos
MAPUTO MEDICAL LDA,TICANASE NASAL SPRAY,Propionato de fluticasona,"0,05g",Spray nasal,1 ampola de 12g
MAPUTO MEDICAL LDA,NEUROVIT,Cloridrato de tiamina + Cloridrato de piridoxina + Cianocobalamina,250mg + 100mg + 250mcg,Comprimido,Embalagem contendo 20 comprimidos
HEDERA LDA,SILGLOS,Sulfadiazina de prata,10mg/g,Crème dermatologico,Embalagem contendo bisnaga com 30g ou 50g
HEDERA LDA,AMOXICILINA,Amoxicilina trihidrato,500mg,Capsulas,Embalagem contendo 21 capsulas
HEDERA LDA,PARACETAMOL,Paracetamol,500mg,Comprimidos,Embalagem contendo 20 e 500 comprimidos
HEDERA LDA,VARFARINA SODICA,varfarina sodica,5mg,Comprimido,Embalagem contendo blisters de 30 comprimidos
HEDERA LDA,AMOXICILINA,Amoxicilina trihidrato,250mg/ml,Po para suspensao oral,Embalagem contendo po para suspensao oral de 150ml + copo de medida de 15ml
"TMI - HEALTHCARE, LDA",TANSULOSINA CICLUM,Cloridrato de tansulosina,"0,4mg",Capsulas de libertacao prolongada,Blister de aluminio de 60 capsulas
HEDERA LDA,PREDNISONA,Prednisolona,20mg,Comprimidos,Embalagem contendo blister de 10 comprimidos
NATUR PHARMA LDA,PARA-DENK 250 SUPPOS,Paracetamol,250mg,Supositorio,Blister de 10 supositorios
NATUR PHARMA LDA,PARA-DENK 125 SUPPOS,Paracetamol,125mg,Supositorio,Blister de 10 supositorios
WELL WORTH LDA,INFICEF 200,Cefixima,200mg/5ml,Suspensao oral,Frasco 60 ml
WELL WORTH LDA,ORISDROX,Cefadroxil,250mg/5ml,Po para suspensao oral,Frasco PET de 60ml
"EVEREADY PHARMA, LDA",OMEPRAZOLE DELAYED - RELEASE CAPSULES USP 20MG,Omeprazol,20mg,Capsula,Embalgem contendo 10 blisters de 10 comprimidos
"EVEREADY PHARMA, LDA",BIOPENEM - 500MG,Meropenem,500mg,Injeccao,Ampola de vidro contendo po e 10ml de agua esteril
"EVEREADY PHARMA, LDA",HEPARINA INJECTAVEL BP 5000UI/5ML,Heparina injectavel BP,5mg/ml,Infusao intravenosa,Embalagem contendo 10 frascos de 5ml
"EVEREADY PHARMA, LDA",ANGIMOX-CV COMPRIMIDOS BP 625MG,Amoxicilina + Acido clavulanico,500mg + 125mg,Comprimidos,Embalagem contendo 2 blisters de 10 comprimidos
"GENERICS & SPECIALITIES, Lda",TETRAMAG,"Tetraciclina, cloridrato",1%,Pomada Oftálmica,Bisnaga de 5g
"GENERICS & SPECIALITIES, Lda",PIROXICAM,Piroxicam,20mg,Capsulas,Embalagem contendo 10 blisters de 10 comprimidos
"GENERICS & SPECIALITIES, Lda",ISOTROY,Isoflurano USP,100%v/v,Liquido para inalacao,Frasco de 100ml e 250ml
"GENERICS & SPECIALITIES, Lda",ISOTROY,Isoflurano USP,200%v/w,Liquido para inalacao,frasco de 100 e 250ml
"GENERICS & SPECIALITIES, Lda",FUROSEMIDA 20MG/2ML,Furosemida,20mg/2ml,Solucao injectavel,Embalagem contendo 10 ampolas de 2 ml
"GENERICS & SPECIALITIES, Lda",GENCEF-1G,Ceftriaxona,1g,Po para injeccao,Frasco de vidro de 10ml
"GENERICS & SPECIALITIES, Lda",GENLEX DRY SYRUP 125MG/5ML,Cefalexina,125mg/ml,Po para suspensao oral,Frasco de vidro 100ml
"GENERICS & SPECIALITIES, Lda","BUPITROY 0,5%","Buprvacaina, cloridrato USP",5mg/ml,Solucao injectavel,Embalagem contendo frasco de 20ml
ORUMELA MOÇAMBIQUE LIMITADA,VITAMILIEZER,Vitamina B1 + Vitamina B6 + Vitamina B12,160mg + 200mg + 200Mcg,Comprimidos,Embalagem contendo blisters 10 x 10 comprimidos
ORUMELA MOÇAMBIQUE LIMITADA,NUMOL SUSPENSION,Ibuprofeno + Paracetamol,100mg + 125mg,Suspensão oral,Frasco Pet de 100ml
ORUMELA MOÇAMBIQUE LIMITADA,NUCLACIN SUSPENSION,Claritromicina,25mg/5ml,Suspensão oral,Frasco PET de 100ml
ORUMELA MOÇAMBIQUE LIMITADA,ASTHMAOF,Salbutamol,2mg,Xarope,Frasco de 100ml
HEDERA LDA,POLIDERMS,Valerato de Betametasona + Sulfato de Gentamicina + Tolnaftato de Clioquinol,0.5mg + 1mg + 10mg + 10mg,Crème dermatologico,Embalagem contendo bisnaga de 20g
HEDERA LDA,FERID,Sulfato de neomicina + bacitracina Zincica,5mg/g + 250UI/g,Pomada,Embalagem contendo bisnaga de 20g
HEDERA LDA,PERFENOL,Paracetamol + Maleato de clorfeniramina + Cloridrato de fenilefrina,400mg + 4mg + 4mg,Capsulas,Embalagem contendo 20 capsulas
BIZA PHARMA LDA,DOACT,Amoxicilina + Acido clavulanico,"125mg + 31,25mg",Po para suspensao oral,Frasco de 100ml
BIZA PHARMA LDA,DOACT,Amoxicilina + Acido clavulanico,875mg + 125mg,Comprimidos,Embalagem contendo 1x10 comprimidos
BIZA PHARMA LDA,DOACT - 625,Amoxicilina + Acido clavulanico,500mg + 125mg,Comprimidos revestidos,Embalagem contendo 14 comprimidos
BIZA PHARMA LDA,DOACT 312.5 suspension,Amoxicilina + Acido clavulanico,250mg + 62.5mg,Suspensao oral,Frasco de vidro de 100ml
BIZA PHARMA LDA,DOSMOX-500,Amoxicilina,500mg,Comprimidos,Embalagem contendo 100 comprimidos
EUROFARMA MOÇAMBIQUE,LEG,Desloratadina,5mg,Comprimidos revestidos,Embalagem contendo blisters de 10 comprimidos
EUROFARMA MOÇAMBIQUE,LEG,Desloratadina,"0,5mg/ml",Xarope,Embalagem contendo frasco de 60 ml
EUROFARMA MOÇAMBIQUE,ANTARA,Levetiracetam,250mg,Comprimidos revestidos,Embalagem contendo 30 comprimidos
EUROFARMA MOÇAMBIQUE,ANTARA,Levetiracetam,750mg,Comprimidos revestidos,Embalagem de 30 comprimidos
FARMA HOLDINGS SA,NEPEXTO 25MG,Etanercepte,25mg/0.5ml,Injectável,Embalagem contendo seringa pré-cheia de 1ml
FARMA HOLDINGS SA,NEPEXTO 50MG,Etanercepte,50mg/ml,Injectável,Embalagem contendo caneta pré-cheia de 1ml de uso único
FARMA HOLDINGS SA,ABEVMY™ 400MG/16ML,Bevacizumab,400mg/16mg,Injectavel,Frasco de 16ml
FARMA HOLDINGS SA,ABEVMY™ 100MG/4ML,Bevacizumab,100mg/4ml,Injectavel,Frasco de 16ml
AFRI FARMÁCIA LDA,LAREGAB 100,Gabapentina Capsulas,100mg,Comprimido,Blister de 10 comprimidos
AFRI FARMÁCIA LDA,TRIM 960,Sulfametoxazol + Trimetoprim,800mg + 160mg,Comprimidos,Embalagem contendo 10 blisters de 10 comprimidos
AFRI FARMÁCIA LDA,BIOPOLIO B1/3,Poliomielite bivalente tipo 1 e 2,NLT 106.0CCID 50 + nlt 105.8CCID 50,Suspensao aquosa,Frasco de vidro USP tipo I e 20 doses por frasco
AFRI FARMÁCIA LDA,ABACAVIR + DOLUTEGRAVIR + LAMIVUDINA,"Abacavir, sulfato + Dolutegravir + Lamivudina",600mg + 50mg + 300mg,Comprimidos,"Frasco HDPE de 30, 90 e 180 comprimidos"
AFRO REMEDIES LDA,TIABENDAZOL POMADA 5%W/W,Tiabendazol,5%w/w,Pomada,Embalagem contendo tubo laminado de 30g
MISSIONPHARMA MOÇAMBIQUE,SULFATO FERROSO 300MG + ACIDO FOLICO 1MG COMPRIMIDOS,Sulfato ferroso + Acido folico,300mg + 1mg,Comprimidos,frasco HDPE de 500 comprimidos
"ORBIS PHARMA, Lda",MYMUS,Simeticona,"66,6mg/ml",Gotas orais,Frasco de 40ml
MISSIONPHARMA MOÇAMBIQUE,CLORPROMAZINA BP 100MG,Clorpramazina BP,100mg,Comprimidos,Frasco de 1000 comprimidos
MISSIONPHARMA MOÇAMBIQUE,NAPROBLEO,Bleomicina injectavel USP,15UI,Injectavel,Frasco silex de 5ml
"MEDIS FARMACÊUTICA, LDA",CETIRIZINA BALDACCI COMPRIMIDOS 10MG,Cetirizina cloridrato,10mg,Comprimidos,Embalagem contendo 2 blisters de 10 comprimidos
"MEDIS FARMACÊUTICA, LDA",VIROPRIL,Dolutegravir + Lamivudina + Tenofovir disoproxil fumarato,50mg + 300mg + 300mg,Comprimido,Frasco HDPE de 30 comprimidos
"MEDIS FARMACÊUTICA, LDA",CETIRIZINA BALDACCI 1MG/ML SOLUCAO ORAL,"Cetirizina, cloridrato",1mg/ml,Solucao oral,Frasco de vidro ambar tipo III de 150ml
"MEDIS FARMACÊUTICA, LDA",PAUSE INJECTAVEL,Acido Tranexanico,500mg/5ml,Solucao injectavel,Embalagem contendo 5 ampolas de 5ml
"SHANI, LIMITADA",MALAKANT JR,Sulfametoxazol + Trimetoprim,250mg + 12.5mg,Comprimidos revestidos,Embalagem contendo 25 blisters de 3 comprimidos
"TMI - HEALTHCARE, LDA",MEBOCAINA FORTE,Tirotricina + Cloreto de Cetilpiridinio + Oxibuprocaina,"4mg + 2mg + 0,2mg",Pastilhas,Embalagem PVC/PVDC/ALU contendo 16 e 24 unidades
HEDERA LDA,DRUSOLOL,Cloridrato de dorzolamida + Maleato de timolol,20mg/5mg + 5mg/ml,Solucao oftalmica esteril,Frasco de 5ml
HEDERA LDA,HISTADIN,Loratadina,10mg,Comprimidos,Embalagem contendo 12 comprimidos
HEDERA LDA,VIVERDAL,Risperidona,1mg,Comprimidos revestidos,Embalagem contendo 30 comprimidos
HEDERA LDA,VIVERDAL,Risperidona,2mg,Comprimidos revestidos,Embalagem contendo 30 comprimidos
HEDERA LDA,VIVERDAL,Risperidona,3mg,Comprimidos revestidos,Embalagem contendo 30 comprimidos
HEDERA LDA,HISTADIN,Loratadina,1mg/ml,Xarope,Frasco de vidro ambar de 100ml
"LUA COMÉRCIO, LDA",LUACILLIN,Ampicilina,500mg,Po para injeccao,"Caixa contendo 50 frascos de vidro de 7,5ml"
WELL WORTH LDA,MICOZOLE PLUS CREAM,Nitrato de miconazol,2%w/w,Creme,Tubo de aluminio de 15gm
CIS PHARMA LDA,CIS-PARACARE,Paracetamol,500mg,Comprimidos,Embalagem contendo 10 blisters de 10 comprimidos
CIS PHARMA LDA,CIS-IBUCARE,Ibuprofeno,400mg,Comprimidos revestidos por pelicula,Embalagem contendo 10 blisters de 10 comprimidos
"TMI - HEALTHCARE, LDA",HEMAX,Eritropoetina humana recombinante,2000UI/2ml,Solucao injectavel,Embalagem contendo 1 ampola de 2ml
"TMI - HEALTHCARE, LDA",NEUTROMAX,Filgrastim,300mg,Solucao injectavel,Embalagem contendo 1 ampola de solucao de 1ml
ENTERPRISE SOLUTIONS LDA,AVAM 625,Amoxicilina + Acido clavulanico,500mg + 125mg,Comprimidos,Embalagem contendo 2 blisters de 10 comprimidos
ENTERPRISE SOLUTIONS LDA,AVAM 375,Amoxicilina + Acido clavulanico,250mg + 125mg,Comprimidos,Embalagem contendo 2 blisters de 10 comprimidos
ENTERPRISE SOLUTIONS LDA,AMINOFILINA bp 100MG,Aminofilina,100mg,Comprimidos,Embalagem contendo 10 blisters de 10 comprimidos
"GENERICS & SPECIALITIES, Lda",MEGPHEN,Cloranfenicol USP,"0,5%w/v",Solucao oftalmica,Frasco plastico de 10ml
ACE HEALTH CARE LDA,TRIPI VISION,Tropicamida USP,1%w/v,Colirio,Garrafa de vidro de 10ml
ACE HEALTH CARE LDA,LATANO VISION,Latanoprost,"0,005% w/v",Colirio,Garrafa plastica de 3ml
ACE HEALTH CARE LDA,CYCLO VISION,"Ciclopentolato, hidrocloreto",1.0%v/v,Colirio,Garrafa de plastico de 5ml
ACE HEALTH CARE LDA,ERYTHROMYCIN STEARATE ORAL SUSPENSION 250MG/5ML,Estearato de eritromicina,250mg/5ml,Po para suspensao oral,Frasco HDPE de 100ml
ACE HEALTH CARE LDA,DORZOLA VISION,Dorzolamida,2%w/v,Colirio,Garrafa plastica de 5ml
ACE HEALTH CARE LDA,BEVAMAB 100,Bevacizumabe,100mg/4ml,Injectavel,Frasco de vidro 4ml
ACE HEALTH CARE LDA,BEVAMAB 400,Bevacizumabe,400mg/16ml,Injectavel,Frasco de vidro de 16ml
ACE HEALTH CARE LDA,BENZILO PENICILINA PARA INJCÇÃO,Benzilpenicina de sodio,5.0 mega,Po para injeccao,caixa contendo 50 frascos
ACE HEALTH CARE LDA,BENZYLPENICILINA FAO INJECTION,Benzilpenicina Benzatina,2.4 mega,Po para injeccao,caixa contendo 50 frascos
ACE HEALTH CARE LDA,AMPICILLIN SODIUM FOR INJECTION 1G,Ampicina sodica injectavel 1g,1g,Po para injeccao,Caixa contendo 50 frascos de 1g
ACE HEALTH CARE LDA,PREDNOL VISION,Acetato de prednisolona,1%w/v,Colírio,Garrafa plastica de 10ml
ACE HEALTH CARE LDA,KET VISION,ketorolac de trometamina,0.5%w/w,Colirio,Garrafa plastica de 5ml
EUROFARMA MOÇAMBIQUE,LIMIAR,Pregabalina,150mg,Capsula dura,Embalagem contendo 10 e 30 comprimidos
EUROFARMA MOÇAMBIQUE,LIMIAR,Pregabalina,75mg,Capsula dura,Embalagem contendo 10 comprimidos
EUROFARMA MOÇAMBIQUE,HORMUS,Undecilato de testosterona,250mg/ml,Solução injectável,Embalagem contendo 1 ampola de 4ml
EUROFARMA MOÇAMBIQUE,COQUES,Celecoxibe,200mg,Cápsula de gelatina dura,Embalagem contendo 10 e 30 capsulas
EUROFARMA MOÇAMBIQUE,AMORA,Acetato de clormadinona + Etinilestradiol,"2mg + 0,03mg",Comprimidos revestidos,Embalagem contendo 21 comprimidos
AFRI FARMÁCIA LDA,RABIVAX-S,Vacina antirabica inativada liofilizada,"2,5UI/ml",Po e solvente para solucao injectavel,Frasco de po + Solvente
AFRI FARMÁCIA LDA,ROTAVAC 5D,Rotavirus 116E derivado de celulas Vero,NLT 105.0   FFU/ml,Gotas,"Frasco de vidro tipo I (36x0,5ml) e (25x2.5ml)"
NATUR PHARMA LDA,FLUCONA -DENK 150,Fluconazol,150mg,Capsulas,Embalagem contendo 1 blister de 1 capsula
NATUR PHARMA LDA,FLUCONA -DENK 100,Fluconazol,100mg,Capsulas,Embalagem contendo 1 blister de 1 capsula
AFRI FARMÁCIA LDA,TYPBAR TCV,Vacina conjugada de febre tifoide VI (Polissacarideo de S. typhi Ty2 conjugado ao toxoide de tetano),25µg,Suspensao para injeccao,"Frasco de dose unica (0,5ml) e Frasco multidoses (5 doses) de vidro dose unica de 2,5ml"
"MEDIS FARMACÊUTICA, LDA",SERAX COMPRIMIDO VAGINAL,Sertaconazol nitrato,500mg,Comprimido,Blister de 1 comprimido
AFRO REMEDIES LDA,AZITROMICINA COMPRIMIDOS 500MG,Azitromicina,500mg,Comprimidos,Embalagem contendo 3 blisters de 10 comprimidos
ACE HEALTH CARE LDA,TOBRA VISION,Tobramicina USP,0.3% w/v,Colirio,Frasco plastico de 10ml
ACE HEALTH CARE LDA,LATANO PLUS VISION,Latanoprost + Timolol,"0,005% w/v + 0,5%w/v",Colirio,Frasco plastico de 2ml
MOZPHARMA LDA,ZYXIUS,Dimetindeno,1mg/g,Gel,Bisnaga de aluminio de 30g e 50g
MOZPHARMA LDA,PARKADINA,Amantadina,100mg,Capsulas,Embalagem contendo 60 capsulas em blisters
MEDIFARMA LDA,METOCLOPRAMIDA BASI,Metoclopramida,10mg/2ml,Solucao injectavel,Embalagem contendo 50 ampolas de 2ml
MOZPHARMA LDA,PULDREN,Acetilcisteina,40mg/ml,Solucao oral,Frasco contendo 200ml
MOZPHARMA LDA,SORO FISIOLOGICO BASI,Cloreto de sodio,9mg/ml,Solução para perfusão,Embalagem de 50 unidades de 100ml e Embalagem contendo 20 unidades de 500ml
MOZPHARMA LDA,FENTANILO BASI,Fentanilo,"0,05mg/ml",Solucao injectavel,Embalagem contendo 10 ampolas tipo I
MOZPHARMA LDA,PULDREN,Acetilcisteina,20mg/ml,Solucao oral,Frasco contendo 200ml
MOZPHARMA LDA,TENIVERME,Flubendazol,100mg,Comprimidos,Embalagem contendo 6 comprimidos
MOZPHARMA LDA,TENIVERME,Flubendazol,20mg/ml,Suspensao oral,embalagem contendo frasco de 30 ml
MDS - Medicamento e Diagnóstico na Saúde S.A,SINVASTATINA GENERIS MG,Sinvastatina,20mg,Comprimidos revestidos por pelicula,Embalagem contendo 60 comprimidos em blisters
MDS - Medicamento e Diagnóstico na Saúde S.A,SINVASTATINA GENERIS PHAR,Sinvastatina,40mg,Comprimidos revestidos por pelicula,Embalagem contendo 60 comprimidos em blisters
"TMI - HEALTHCARE, LDA",BIOFERON,Interferon alfa-2b humana recombinante,3 000 000 UI,Po injectavel liofilizada,`1 Frasco de po + 1 ampola com 1ml + 1 seringa descartavel + 2 agulhas descartaveis
HEDERA LDA,UNIPRAZOL,Omeprazol,20mg,Capsula dura,Embalagem contendo 28 capsulas
HEDERA LDA,BROMAZEPAM,Bromazepam,3mg,Comprimidos,Embalagem contendo 30 comprimidos
HEDERA LDA,SCALID,Nimensulida,100mg,Comprimidos,Embalagem contendo 12 comprimidos
HEDERA LDA,DIMEDROX,Acetato de medroxiprogesterona,150mg/ml,Suspensao injectavel,Embalagem contendo 1 ampola de 1ml
HEDERA LDA,DIAMOX,Acetazolamida,250mg,Comprimidos,Embalagem contendo 25 comprimidos
HEDERA LDA,FOSMOL,Fosfomicina trometamol,3000mg,Granulado para solucao oral,Embalagem contendo uma saqueta de 3000mg
HEDERA LDA,BROMAZEPAM,Bromazepam,6mg,Comprimidos,Embalagem contendo 30 comprimidos
AFRI FARMÁCIA LDA,TD VACCINE 10D,Toxoide difterico USP + Toxoide do tetano USP,≤5LF (≥2 UI) + ≥5LF (≥2 UI),Suspensao para injeccao,Frasco de 10 doses de 5 ml
AFRI FARMÁCIA LDA,SPAQ-CO®,Sulfadoxina + Pirimetamina + Amodiaquina,500mg + 25mg + 153mg,Comprimidos dispersiveis,Caixa de 50 blisters
AFRI FARMÁCIA LDA,SPAQ-CO®,Sulfadoxina + Pirimetamina + Amodiaquina,"250mg + 12.5mg + 76,5 mg",Comprimidos dispersiveis,Caixa de 50 blisters
WELL WORTH LDA,I-PILL,Levonorgestrel,"1,5mg",Comprimidos,Embalagem contendo 1 blister de 1 comprimido
WELL WORTH LDA,LAMIVUDINA AND ZIDOVUDINA TABLETS FOR ORAL SUSPENSION 30MG/60MG,Lamivudina + Zidovudina,30mg + 60mg,Comprimidos,Frasco HDPE de 60 comprimidos
WELL WORTH LDA,"EFAVIRENZ, LAMIVUDINA AND DISOPROXIL FUMARATO TABLETS 400/300/300 MG",Efavirenz + Lamivudina + Tenofovir,400mg + 300mg + 300mg,Comprimidos,Embalagem contendo frasco de 30 e 90 comprimidos
ENTERPRISE SOLUTIONS LDA,GLIBENCLAMIDA,Glibenclamida,5mg,Comprimidos,Embalagem contendo 10 blisters de 10 comprimidos
ENTERPRISE SOLUTIONS LDA,GENTES,Gentamicina,80mg/2ml,Injectavel,Embalagem contendo 10 ampolas de 2ml
ENTERPRISE SOLUTIONS LDA,ENOXES,Enoxaparina,40mg/0.4ml,Injectavel,Embalagem contendo 10 ampolas de 0.4ml
FARMA HOLDINGS SA,KIRSTY™,Insulina aspartico,100UI/ml,Solução injectável,Frasco de dose múltipla de 10ml
EUROFARMA MOÇAMBIQUE,HOLMES H,"Olmesartan, medoxomila + Hidroclororiazida","40mg + 12,5mg",Comprimido revestido,Embalagem contendo 30 comprimidos
EUROFARMA MOÇAMBIQUE,HOLMES H,"Olmesartan, medoxomila + Hidroclororiazida",40mg + 25mg,Comprimido revestido,Embalagem contendo 30 comprimidos
ACE HEALTH CARE LDA,"ATRO 0,5% VISION",Sulfato de atropina USP,1%w/v,Colirio,Frasco plastico de 10ml
EUROFARMA MOÇAMBIQUE,PRENI,Prednisolona,11mg/ml,Solução oral,Frasco gotejador de 20ml
EUROFARMA MOÇAMBIQUE,PRENI,Prednisolona,3mg/ml,Solução oral,Embalagem contendo frasco âmbar com 60ml + seringa doseadora
EUROFARMA MOÇAMBIQUE,HOLMES H,"Olmesartan, medoxomila + Hidroclororiazida","20mg + 12,5mg",Comprimido revestido,Embalagem contendo 30 comprimidos
EUROFARMA MOÇAMBIQUE,PRENI,Prednisolona,40mg,Comprimido,Embalagem contendo 7 comprimidos
EUROFARMA MOÇAMBIQUE,PRENI,Prednisolona,20mg,Comprimido,Embalagem contendo 10 comprimidos
EUROFARMA MOÇAMBIQUE,PRENI,Prednisolona,20mg,Comprimido,Embalagem contendo 10 e 20 comprimidos
EUROFARMA MOÇAMBIQUE,PRENI,Prednisolona,5mg,Comprimido,Embalagem contendo 10 e 20 comprimidos
"GENERICS & SPECIALITIES, Lda",AMGICIN,Gentamicina,1000mg,Po liofilizado esteril,caixa contendo 40 frascos contendo po para 1000mg
MEDIMPORT LDA,AMOXICILINA + ACIDO CLAVULANICO BLUEPHARMA,Amoxicilina + Acido clavulanico,500mg + 125mg,Comprimidos revestidos por pelicula,Embalagem contendo blisters de 16 comprimidos
MEDIMPORT LDA,AMOXICILINA + ACIDO CLAVULANICO BLUEPHARMA,Amoxicilina + Acido clavulanico,875mg + 125mg,Comprimidos revestidos por pelicula,Embalagem contendo blisters de 16 comprimidos
MEDIMPORT LDA,CLOPIDOGREL BLUEPHARMA,Clopidogrel,75mg,Comprimidos revestidos,Embalagem com blisters de 28 comprimidos
ALISA FARMA LDA,ALBENDAZOL,Albendazol,400mg,Comprimidos,Embalagem contendo 10 blisters de 10 comprimidos
ACE HEALTH CARE LDA,ATRO 1% VISION,Sulfato de atropina USP,1%w/v,Colirio,Frasco plastico de 10ml
ACE HEALTH CARE LDA,PROPARA VISION,"Proparacaina, hidrocloreto","0,5W/v",Colirio,Frasco plastico de 5ml
ACE HEALTH CARE LDA,CELL VISION,Hipromelose USP,"0,3%w/v",Colirio,Frasco de 10ml
ACE HEALTH CARE LDA,PARIN - E,Enoxiparina sodica BP,"40mg/0,4ml",Injectavel,Seringa pre-cheia de 1 ml
ACE HEALTH CARE LDA,KROMO VISION,Cromolina,2%w/v,Solucao oftalmica,Frasco de 10ml
ENTERPRISE SOLUTIONS LDA,BISOPROLOL,Fumarato de bisoprolol,"2,5mg",Comprimidos,Embalagem contendo 10 blisters de 10 comprimidos
ENTERPRISE SOLUTIONS LDA,ERYTHES,Estearato de eritromicina BP,500mg,Comprimidos revestidos,Embalagem contendo 10 blisters de 10 comprimidos
WELL WORTH LDA,DEFLUX TABLET,Domperidona,10mg,Comprimidos,Embalagem contendo 1 blisters de 15 comprimidos
WELL WORTH LDA,TEARON EYE DROPS,Polietilenoglicol + Propilenoglicol,"4,00mg + 3.00mg",Colirio,Frasco conta-gotas de 10ml
WELL WORTH LDA,GLIPITA® M 50/1000 TABLET,"Sitagliptina, fosfato + Metformina, cloridrato",50mg + 1000mg,Comprimidos revestidos,Embalagem contendo 30 Comprimidos em 3 blisters de 10 Comprimidos
WELL WORTH LDA,GLIPITA® M 50/500 TABLET,"Sitagliptina, fosfato + Metformina, cloridrato",50mg + 500mg,Comprimidos revestidos,Embalagem contendo 30 Comprimidos em 3 blisters de 10 Comprimidos
HEDERA LDA,CORTISONAL,Succinato sódico de hidrocortisona,100mg,Po para solucao injectavel,Frasco de vidro contendo 100mg de po
HEDERA LDA,CORTISONAL,Succinato de hidrocortisona,500mg,Po para solucao injectavel,Frasco de vidro contendo 500mg de po
HEDERA LDA,CORTISONAL,Succinato sódico de hidrocortisona,10mg/g,Crème topico,Bisnaga de aluminio de 20g
"GENERICS & SPECIALITIES, Lda",LERIN,"Metilergonovina, maleato USP","0,2mg/ml",Solução injectável,Ampola de vidro de 1 ml
"GENERICS & SPECIALITIES, Lda",SILVAGEN,Sulfadiazina de Prata,1%,Creme,frasco de 30g
NATUR PHARMA LDA,DENK- AIR JUNIOR,Montelucaste de sodio,5mg,comprimidos mastigaveis,28 comprimidos
NATUR PHARMA LDA,DENK- AIR JUNIOR,Montelucaste de sodio,10mg,comprimidos mastigaveis,28 comprimidos
"ORBIS PHARMA, Lda",FLUCLOXACILINA BASI,Flucloxacilina sódica,500mg,Cápsulas,24 cápsulas
"ORBIS PHARMA, Lda",FLUCLOXACILINA BASI,Flucloxacilina sódica,250mg/5ml,Pó para solução oral,Frasco de 100ml
"SHANI, LIMITADA",SKLOBETA,"Clobetasol, propionato","0,05%w/w",Creme,Embalagem contendo bisnaga de 30g
MOZPHARMA LDA,TOMIN,Tramadol + Paracetamol,"37,5 mg + 325mg",Comprimido revestido por pelicula,Embalagem contendo 20 comprimidos
MOZPHARMA LDA,ALPRAZOLAM BASI,Alprazolam,"0,5mg",Comprimidos,Embalagem contendo 60 comprimidos
MOZPHARMA LDA,TELMISARTAN BASI,Telmisartan,80mg,Comprimidos,Frasco de 28 comprimidos
MOZPHARMA LDA,ALPRAZOLAM BASI,Alprazolam,"0,25mg",Comprimidos,Embalagem contendo 60 comprimidos
MOZPHARMA LDA,ZARVITE,Tadalafil,20mg,Comprimidos revestido por pelicula,Embalagem contendo 3 comprimidos
MOZPHARMA LDA,ALPRAZOLAM BASI,Alprazolam,1mg,Comprimidos,Embalagem contendo 60 comprimidos
MOZPHARMA LDA,TELMISARTAN BASI,Telmisartan,20mg,Comprimidos,Frasco de 28 comprimidos
MOZPHARMA LDA,TELMISARTAN BASI,Telmisartan,40mg,Comprimidos,Frasco de 28 comprimidos
MOZPHARMA LDA,PLASVEN,Gelatina,40mg,Solucao para perfusao,10 frascos de 500ml
HEDERA LDA,VANCOTRAT,Cloridrato de vancomicina,500mg,Po para solucao para infusao,Embalagem contendo 50 frascos-ampolas
HEDERA LDA,CLORIDRATO DE PROPRANOLOL,Cloridrato de propranolol,40mg,Comprimido revestido,Embalagem contendo 30 comprimidos
HEDERA LDA,EPIXIVAL,Acido valproico,4mg/ml,Solucao injectavel,"Embalagem contendo 5 ampolas de 3ml, 4ml e 10ml"
FARMA HOLDINGS SA,SILVEX 1% CREAM,Sulfadiazina de prata,1%p/p,Creme,Tubo de aluminio de 20g
"GENERICS & SPECIALITIES, Lda",TYPHIBEV,Vacina contra tifoide VI conjugada,25mcg,Solucao para injeccao muscular,"Embalagem contendo 48 Frascos de 2,5ml (5doses) ou 0,5ml (1 dose)"
"GENERICS & SPECIALITIES, Lda",MRBEV®,Vacina contra sarampo e rubeola (viva) atenuada liofilizada,≥1000CCID50,Solucao para injectavel,"Frasco de uma dose com diluente de 0,5ml; Frasco de 5 doses com diluente de 2.5ml e Frasco de 10 doses com diluente de 5ml"
"GENERICS & SPECIALITIES, Lda",CANHERA 440,Trastuzumab,440mg,Injectavel,Frasco de 440mg + frasco de agua para injectaveis
"GENERICS & SPECIALITIES, Lda",CANHERA 150,Trastuzumab,150mg,Injectavel,Frasco de 150mg + frasco de agua para injectaveis
"GENERICS & SPECIALITIES, Lda",LERIN,"Metilergonovina, maleato USP","0,125mg",Comprimido revestido por película,Embalagem contendo 3 blisters de 10 comprimidos
"MEDIS FARMACÊUTICA, LDA",DATRAMOL,"Tramadol, cloridrato + paracetamol","37,5mg + 325mg",Comprimidos dispersiveis,Embalagem contendo 1 blister de 10 comprimidos
"MEDIS FARMACÊUTICA, LDA",MUSCUREL,Tiocolquicosido,8mg,Capsula dura,Embalagem contendo 1 blister de 10 capsulas
"MEDIS FARMACÊUTICA, LDA",AZITROMICINA AZEVEDOS,Azitromicina,500mg,Po para solucao para perfusao,Embalagem contendo 10 frascos
"MEDIS FARMACÊUTICA, LDA",ACICLOVIR CORZIL,Aciclovir,250mg,Po para solucao injectavel,Embalagem contendo frasco de 250mg
AFRI FARMÁCIA LDA,METHYLDOPA TABLETS,Metildopa,250mg,Comprimidos revestidos por pelicula,Embalagem contendo 1000 comprimidos
AFRI FARMÁCIA LDA,AGUA ESTERILIZADA PARA INJECCAO DE BP,Água Esterilizada para injeccao,10ml,Injectavel,Embalagem contendo 50 ampolas
MISSIONPHARMA MOÇAMBIQUE,PARACETAMOL TABLETS BP  500mg,Paracetamol,500mg,Comprimidos,Frasco de HDPE de 1000 comprimidos
MEDIFARMA LDA,FLAGORIN-1000,Heparina,1000UI/ml,Solucao injectavel,Frasco de 5ml
WELL WORTH LDA,HEALTHEASE ZINC 20MG TABLETS,Sulfato de Zinco,20mg,Comprimidos,Embalagem contendo 10 blisters de 10 comprimidos
WELL WORTH LDA,HEALTHEASE NEOVENT SYRUP,Sulfato de salbutamol,2mg/ml,Xarope,Garrafa de 100ml
MDS - Medicamento e Diagnóstico na Saúde S.A,METFORMINA GENERIS,Metformina,500mg,Comprimidos revestidos por pelicula,Embalagem contendo blisters de 60 comprimidos
WELL WORTH LDA,HEALTHEASE LOPERAMIDE,Loperamida,2mg,Capsulas,Embalagem contendo 10 blisters de 10 comprimidos
ACE HEALTH CARE LDA,FACTOCEL VIII 500 UI,"Fracao de factor VIII anti hemofilico humano seco EP/IP, 500UI",500UI,Po liofilizado para solucao injectavel,Frasco de 30 ml
WELL WORTH LDA,HEALTHEASE CLOTRIMAZOLE 2% VAGINAL CREAM,Clotrimazol,20mg,Creme,Tubo de aluminio de 35g
MDS - Medicamento e Diagnóstico na Saúde S.A,AVASTIN,Bevacizumab,25mg/ml,Concentrado para solucao para perfusao,Frasco para injectaveis de 4ml e 16ml
CIS PHARMA LDA,CIS-GRIPE 250,Paracetamol + Cloridrato de fenilefrina + Maleato de clorfeniramina + Citrato de sodio,250mg + 5mg + 2mg + 60mg,Xarope,Frasco PET ambar de 60mL
CIS PHARMA LDA,CIS-GRIPE 125,Paracetamol + Cloridrato de fenilefrina + Maleato de clorfeniramina,"125mg + 2,5mg + 1mg",Xarope,Frasco  de 60mL
CIS PHARMA LDA,CIS-TOSSE,Cloridrato de bromexina + Guaifenesina + Difenidramina + Cloridrato de fenilefrina,4mg + 50mg + 10mg + 5mg,Xarope,Frasco de 100ml
CIS PHARMA LDA,CIS-BENDAZ,Albendazol,200mg,Suspensao,Frasco de 10ml
MOZPHARMA LDA,ONDASETROM BASI,Ondansetron,4mg/2ml,Solucao injectavel,Embalagem contendo 10 ampolas de vidro de 2ml
MOZPHARMA LDA,IKYNOL,Alopurinol,100mg,Comprimido,Embalagem contendo blisters de 60 comprimidos
MOZPHARMA LDA,ANTADAR,Cefotaxima,1000mg,Po para solucao injectavel,Embalagem contendo 1 e 100 frascos de 10ml
MOZPHARMA LDA,GLUCOSE 5% BASI,Glucose,50mg/ml,Solucao para perfusao,10 frascos de 1000ml e 20 frascos de 500 ml
MOZPHARMA LDA,IKYNOL,Alopurinol,300mg,Comprimido,Embalagem contendo blisters de 60 comprimidos
MOZPHARMA LDA,LORATADINA BASI,Loratadina,10mg,Comprimido,Embalagem contendo 20 comprimidos
MOZPHARMA LDA,LEVOFLOXACINE BASI,Levofloxacina,5mg/ml,Solucao para perfusao,Embalagem contendo 50 frascos de 100ml
FARMA HOLDINGS SA,ISONIAZID TABLET BP 100MG,Isoniazida,100mg,Comprimidos,Frascos HDPE de 100 comprimidos e Blisters de 10 comprimidos
FARMA HOLDINGS SA,ISONIAZID TABLET BP 300MG,Isoniazida,300mg,Comprimidos,embalagem contendo Frasco HDPE de 30 e 100 comprimidos ou 24 Blisters de 28 comprimidos
FARMA HOLDINGS SA,DURART 600,Darunavir,600mg,Comprimidos revestidos,Frasco HDPE de 60 meses
NATUR PHARMA LDA,TRAMADOL DENK 50,Tramadol,50mg,Comprimido efervescente,Blister de 10 comprimidos
NATUR PHARMA LDA,ATENOLOL DENK 50 MG,ATENOLOL,50mg,Comprimido revestido por pelicula,Embalagem em blisters de 30 comprimidos
NATUR PHARMA LDA,LEVO DENK 500,Levofloxacina,500mg,Comprimido revestidos por pelicula,Embalagem contendo 10 blisters
HEDERA LDA,ACETATO DE DEXAMETASONA,Acetato de dexametasona,1mg/g,Creme,Bisnaga de aluminio de 10g
HEDERA LDA,UNI-DIAZEPAX,Diazepam,5mg,Comprimidos,Frasco de 200 comprimidos
HEDERA LDA,UNI-DIAZEPAX,Diazepam,5mg/ml,Solucao injectavel,Embalagem contendo 30 ampolas de 2ml
HEDERA LDA,UNITIDAZIN,Cloridrato de tioridazina,100mg,Comprimido revestido,Embalagem contendo 30 comprimidos
HEDERA LDA,FENOBARBITAL,Fenobarbital,100mg,Comprimidos,Embalagem contendo 20 comprimidos
HEDERA LDA,UNI-DIAZEPAX,Diazepam,10mg,Comprimidos,Frasco de 200 comprimidos
"GENERICS & SPECIALITIES, Lda",MAGTIM,"Timolol, maleato","0,5%w/v",Solução oftálmica,Garrafa plastico de 10ml
"GENERICS & SPECIALITIES, Lda",ADCIST,Cisplatina,50mg/50ml,Solução Injectável,Embalagem de 50ml
MDS - Medicamento e Diagnóstico na Saúde S.A,MONTELUCASTE GENERIS,Montelucaste,10mg,Comprimidos para mastigar,Embalagem contendo 28 comprimidos
MDS - Medicamento e Diagnóstico na Saúde S.A,MONTELUCASTE GENERIS,Montelucaste,4mg,Comprimidos para mastigar,Embalagem contendo 28 comprimidos
MDS - Medicamento e Diagnóstico na Saúde S.A,HEMLIBRA,Emicizumab,30mg/ml,Solucao inectavel,Frasco  de vidro tipo I de 1ml
MDS - Medicamento e Diagnóstico na Saúde S.A,TADALAFIL GENERIS,Tadalafil,5mg,Comprimido revestidos por pelicula,Embalagem contendo 28 comprimidos
MDS - Medicamento e Diagnóstico na Saúde S.A,TADALAFIL GENERIS,Tadalafil,10mg,Comprimido revestidos por pelicula,Embalagem contendo 28 comprimidos
MDS - Medicamento e Diagnóstico na Saúde S.A,TADALAFIL GENERIS,Tadalafil,20mg,Comprimido revestidos por pelicula,Embalagem contendo 28 comprimidos
FARMA HOLDINGS SA,SULFADOXINE AND PYRIMETHAMINE TABLETS USP 500MG + 25MG,Sulfadoxina + Pirimetamina,500mg + 25mg,Comprimido,Frasco de 1000 comprimidos
EUROFARMA MOÇAMBIQUE,HOLMES,Olmesartan medoxomila,20mg,Comprimido revestido,Embalagem contendo blister de 10 e 30 comprimidos
EUROFARMA MOÇAMBIQUE,HOLMES,Olmesartan medoxomila,40mg,Comprimido revestido,Embalagem contendo blister de 10 e 30 comprimidos
EUROFARMA MOÇAMBIQUE,DESVE,Succinato de desvenlafaxina monohidratado,100mg,Comprimido de libertacao prolongada,Embalagem contendo blister com 30 e 60 comprimidos
EUROFARMA MOÇAMBIQUE,DESVE,Succinato de desvenlafaxina monohidratado,50mg,Comprimido de libertacao prolongada,Embalagem contendo blister com 30 e 60 comprimidos
MEDIS FARMACEUTICA LDA,LOTEM SUSPENSAO,Ibuprofeno + Paracetamol,200mg + 250mg,Suspensao oral,Frasco de 100ml e 200ml
DKT MOZAMBIQUE,PRUDENCE PERFORMAX 100MG FC,Citrato de sildenafil,100mg,Comprimidos revestidos,Embalagem 1x14 comprimidos
MOZPHARMA LDA,MONEXE,Valsartan + Hidroclorotiazida,"160mg + 12,5mg",Comprimidos revestidos por pelicula,Embalagem com 56 comprimidos
MOZPHARMA LDA,VYEVE DUO,Sinvastatina + Ezetimiba,10mg + 10mg,Comprimidos,Embalagem de 28 comprimidos
MOZPHARMA LDA,VYEVE,Ezetimiba,10mg,Comprimidos,Embalagem de 28 comprimidos
MOZPHARMA LDA,GLUCOSE 10% BASI,Glucose,50mg/ml,Solucao para perfusao,10 frascos de 1000ml e 20 frascos de 500 ml
MOZPHARMA LDA,MONEXE,Valsartan + Hidroclorotiazida,"80mg + 12,5mg",Comprimidos revestidos por pelicula,Embalagem com 56 comprimidos
MOZPHARMA LDA,TERBUL,Tioconazol,10mg/g,Creme,Bisnaga de 30g
MOZPHARMA LDA,ISITRI,Dinitrato de isossorbida,10mg/10ml,Solucao injectavel,Embalagem de 10 ampolas
MOZPHARMA LDA,VYEVE DUO,Sinvastatina + Ezetimiba,40mg + 10mg,Comprimidos,Embalagem de 28 comprimidos
MOZPHARMA LDA,ONDANSETROM BASI,Ondansetron,2mg/ml,Solucao injectavel,Embalagem contendo 10 ampolas de vidro de 2ml
MOZPHARMA LDA,VYEVE DUO,Sinvastatina + Ezetimiba,20mg + 10mg,Comprimidos,Embalagem de 28 comprimidos
"GENERICS & SPECIALITIES, Lda",GENFORM,Metformina,500mg,Comprimidos,Embalagem contendo 10 blisters de 10 comprimidos
HEDERA LDA,PARACETAMOL,Substancia activa,200mg/ml,Solucao oral,Frasco de 15ml
MDS - Medicamento e Diagnóstico na Saúde S.A,HEMLIBRA,Emicizumab,150mg/ml,Solucao inectavel,Frasco  de vidro tipo I de 1ml
MDS - Medicamento e Diagnóstico na Saúde S.A,MONTELUCASTE GENERIS,Montelucaste,5mg,Comprimidos para mastigar,Embalagem contendo 28 comprimidos
AFRI FARMÁCIA LDA,ZIDOVUDINA COMPRIMIDOS USP 300MG,Zidovudina,300mg,Comprimidos revestidos por pelicula,Frasco de 60 comprimidos
AFRI FARMÁCIA LDA,LAMIVUDINA E ZIDOVUDINA COMPRIMIDOS 150mg/300mg,Lamivudina + Zidovudina,150mg + 300mg,Comprimidos revestidos por pelicula,Frasco de 60 comprimidos
AFRI FARMÁCIA LDA,CHLORAMPHENICOL,Cloranfenicol,250mg,Capsula,Frasco de 1000 capsulas
MDS - Medicamento e Diagnóstico na Saúde S.A,METFORMINA GENERIS,Metformina,850mg,Comprimidos revestidos por pelicula,Embalagem contendo blisters de 60 comprimidos
MDS - Medicamento e Diagnóstico na Saúde S.A,METFORMINA GENERIS,Metformina,1000mg,Comprimidos revestidos por pelicula,Embalagem contendo blisters de 60 comprimidos
FARMA HOLDINGS SA,SULFAMETHOXAZOLE/TRIMETHOPRIM TABLETS USP,Sulfametoxazol +Trimetoprim,400mg + 80mg,Comprimidos,Embalagem contendo 10 blisters de 10 comprimidos e Frasco HDPE de 100 comprimidos
FARMA HOLDINGS SA,SULFAMETHOXAZOLE/TRIMETHOPRIM TABLETS USP,Sulfametoxazol +Trimetoprim,800mg +160mg,Comprimidos,Embalagem contendo 10 blisters de 10 comprimidos e Frasco HDPE de 100 comprimidos
FARMA HOLDINGS SA,METFORMIN TABLETS BP 1000MG,Metformina,1000mg,Comprimidos,frasco de 1000 comprimidos
FARMA HOLDINGS SA,LISINOPRIL TABLETS BP 20 MG,Lisinopril,20mg,Comprimidos,frasco de 1000 comprimidos
FARMA HOLDINGS SA,DOLUTEGRAVIR TABLETS 50MG,Dolutegravir,50mg,Comprimidos revestidos por pelicula,"Frasco HDPE/ACLAR contendo 30, 90 e 180 comprimidos; Blisters contendo 10 comprimidos"
MDS - Medicamento e Diagnóstico na Saúde S.A,SILDENAFIL GENERIS,Sildenafil,50mg,Comprimido revestido,Embalagem contendo 4 ou 8 comprimidos
MDS - Medicamento e Diagnóstico na Saúde S.A,SILDENAFIL GENERIS,Sildenafil,100mg,Comprimido revestido,Embalagem contendo 4 ou 8 comprimidos
WELL WORTH LDA,POWERCORT CREAM,Propionato de clobetasol,"0,05%w/w",Creme,Tubo dobravel de aluminio de 15g
WELL WORTH LDA,CANDID DUSTING POWDER,Clotrimazol,1%w/w,Pó tópico,Garrafa plástica de 30g
"NEOPHARMA, LDA",LINEZOLID TABLETS 600MG,Linezolid,600mg,Comprimidos revestidos por pelicula,Embalagem contendo 10 blisters de 10 comprimidos
"NEOPHARMA, LDA",ISONIAZID TABLETS BP,Isoniazida,100mg,Comprimidos,Embalagem contendo 24 blisters de 28 comprimidos
MAPUTO HEALTHCARE Lda,ELDERVIT-12,Vitamina C + Vitamina B 12 + Acido Folico + Nicotinamida,"150mg + 250mcg + 0,7mg + 12mg",Po para injeccao,Ampola de 2ml
HEDERA LDA,UNI-VIR,Aciclovir,200mg,Comprimidos,Embalagem contedo blister de 25 comprimidos
HEDERA LDA,FOLDAN,Tiabendazol,50mg/g,Pomada dermatologica,Embalagem contendo bisnaga de aluminio de45g
HEDERA LDA,CLORIDRATO DE TRAMADOL,"Tramadol, cloridrato",50mg/ml,Solução injectável,Embalagem contendo 50 ampolas com 1ml 2ml
HEDERA LDA,PROCTFIS H®,"Hidrocortisona, acetato de  + Lidocaína base + Subgalato de bismuto + Óxido de zinco",5mg/g + 20mg/g + 20mg/g + 100mg/g,Pomada,Bisnaga de 20g com 10 aplicadores
"TMI - HEALTHCARE, LDA",AMLODIPINA CICLUM 5mg,"Amlodipina, besilato",5mg,Comprimidos,Embalagem contendo blisters com 60 comprimidos
"TMI - HEALTHCARE, LDA",AMLODIPINA CICLUM 10mg,"Amlodipina, besilato",10mg,Comprimidos,Embalagem contendo blisters com 60 comprimidos
"TMI - HEALTHCARE, LDA",TOPIRAMATO CICLUM 50MG,Topiramato,50mg,Comprimidos revestidos por pelicula,Embalagem  contendo blisters de 60 comprimidos
"TMI - HEALTHCARE, LDA",TOPIRAMATO CICLUM 100MG,Topiramato,100mg,Comprimidos revestidos por pelicula,Embalagem  contendo blisters de 60 comprimidos
"TMI - HEALTHCARE, LDA",TOPIRAMATO CICLUM 200MG,Topiramato,200mg,Comprimidos revestidos por pelicula,Embalagem  contendo blisters de 60 comprimidos
"TMI - HEALTHCARE, LDA",TOPIRAMATO CICLUM 25MG,Topiramato,25mg,Comprimidos revestidos por pelicula,Embalagem  contendo blisters de 60 comprimidos
MDS - Medicamento e Diagnóstico na Saúde S.A,MABTHERA® 100mg,Rituximab,100mg/10ml,Concentrado para solucao para perfusao,Frasco de vidro com rolha de borracha contendo 100mg
MDS - Medicamento e Diagnóstico na Saúde S.A,ROSUVASTATINA GENERIS,Rosuvastatina,5mg,Comprimidos revestidos por pelicula,Embalagem com blisters com 60m comprimidos
MDS - Medicamento e Diagnóstico na Saúde S.A,ROSUVASTATINA GENERIS,Rosuvastatina,10mg,Comprimidos revestidos por pelicula,Embalagem com blisters com 60m comprimidos
MDS - Medicamento e Diagnóstico na Saúde S.A,ROSUVASTATINA GENERIS,Rosuvastatina,20mg,Comprimidos revestidos por pelicula,Embalagem com blisters com 60m comprimidos
MISSIONPHARMA MOÇAMBIQUE,FENOBARBITAL COMPRIMIDOS,Fenobarbital,100mg,Comprimidos,Frasco de 1000 comprimidos
NATUR PHARMA LDA,PARACO-DENK 500/30,Paracetamol + Codeina,500mg + 30mg,Comprimidos,Embalagem em blister de 20 comprimidos
NATUR PHARMA LDA,CALCID-DENK,Calcio + Colecalciferol,1000mg + 880 I.E,Comprimido efervescente,1 tubo com 20 comprimidos
MOZPHARMA LDA,DIMIDON,Ibuprofeno,75mg,Supositorio,Embalagem contendo 10 supositorio
MOZPHARMA LDA,ENTIX,FUROSEMIDA,20mg/2ml,Solucao injectavel,50 ampolas de vidro de 2ml
MOZPHARMA LDA,DIMIDON,Ibuprofeno,40mg/ml,Solucao oral,Frasco de vidro de 200ml
MOZPHARMA LDA,CLOTRIMAZOL BASI,Clotrimazol,20mg/ml,Crème Vaginal,Bisnaga de aluminio com 20 gramas e 3 aplicadores
MOZPHARMA LDA,DIMIDON,Ibuprofeno,150mg,Supositorio,Embalagem contendo 10 supositorio
MOZPHARMA LDA,CLORETO DE POTASSIO BASI,Cloreto de potassio,"74,5mg/ml",Concentrado para solucao para perfusao,100 ampolas LDPE ou vidro tipo I de 10ml
MEDIS FARMACEUTICA LDA,S-PYRIMAC LD,Sulfadoxina + Pirimetamina,"250mg + 12,5mg",Comprimidos dispersiveis,"Blister 10x10, e blister 25x3 comprimidos"
NATUR PHARMA LDA,DENK- AIR JUNIOR,Montelucaste de sodio,4mg,comprimidos mastigaveis,28 comprimidos
ACE HEALTH CARE LDA,HYDROCORTISONA ACETATE OINTMENT BP,"Hidrocortisona, acetato",1%w/w,pomada,Bisnaga de 15g
"HEDERA, LDA",CELESTRAT,Maleato de dexclorfeniramina + Betametasona,"2mg + 0,25mg",Comprimidos,Embalagem contendo blisters de 20 comprimidos
MDS - Medicamento e Diagnóstico na Saúde S.A,IRBESARTAN + HIDROCLOROTIAZIDA GENERIS,Irbesartan + Hidroclorotiazida,"300mg + 12,5mg",Comprimidos,Embalagem contendo 28 comprimidos
"HEDERA, LDA",CELESTRAT,Maleato de dexclorfeniramina + Betametasona,"0,4mg/ml + 0,05mg/ml",Xarope,Embalagem contendo frasco de 120ml
AFRO REMEDIES LDA,AFROZIM-400,cefixima,400mg,Comprimidos,Embalagem contendo 10 blisters de 10 comprimidos
AFRO REMEDIES LDA,AFROZIM DRY SYRUP,cefixima,100mg/5ml,Suspensao oral,Frasco HDPE de 30ml + 30ml de agua para injectaveis
AFRO REMEDIES LDA,CYNOCAMED,Cianocobalamina,400mg/5ml,Injectavel,Embalagem contendo 5 ampolas de 2ml
"ORBIS PHARMA, Lda",TRULOC IV 40MG,Esomeprazol,40mg,Po para solucao injectavel,Embalagem contendo 1 ou 10 frasco
"ORBIS PHARMA, Lda",TRYZETOR PLUS 10/20mg,Ezetimiba + Sinvastatina,10mg + 20mg,Comprimidos,Embalagem (Blistrs) contendo 30 comprimidos
"ORBIS PHARMA, Lda",TRYZETOR,Ezetimiba,10mg,Comprimidos,Embalagem (Blistrs) contendo 30 comprimidos
MDS - Medicamento e Diagnóstico na Saúde S.A,HERCEPTIN,Trastuzumab,150mg,Po para concentrado para solucao para perfusao,Frasco para injectaveis de 20ml
MDS - Medicamento e Diagnóstico na Saúde S.A,HERCEPTIN,Trastuzumab,600mg,Solucao injectavel,Frasco de vidro transparente de 6ml
MDS - Medicamento e Diagnóstico na Saúde S.A,HIDROCORTISONA GENERIS,Hidrocortisona,100mg,Po para solucao injectavel,10 frascos de 4ml
MDS - Medicamento e Diagnóstico na Saúde S.A,TRAMADOL GENERIS,Tramadol,50mg,Capsulas,Embalagem contendo 20 capsulas
MEDIS FARMACEUTICA LDA,"LAURODERME PASTA CUTANEA 9,5MG/G + 5MG/G",Oxido de zinco + Acido salsilico,"9,5mg/g + 5mg/g",Pasta,Bisnaga de 50g e 100g
MEDIS FARMACEUTICA LDA,Clofazimina comprimidos 50mg,Clofazimina,50mg,Comprimidos,Embalagem contendo 10 blisters de 10 comprimidos
MEDIS FARMACEUTICA LDA,S-PYRIMAC,Sulfadoxina + Pirimetamina,500mg + 25mg,Comprimidos,Embalagem contendo 10x10 comprimidos
MEDIS FARMACEUTICA LDA,LAURODERME PO CUTANEA 23MG/G + 2MG/G,Oxido de zinco + Acido salsilico,23mg/g + 2mg/g,Pasta,Bisnaga de 50g e 100g
MEDIS FARMACEUTICA LDA,CLARITROMICINA AZEVEDOS,Claritromicina,500mg,Po para solucao injectavel,Embalagem contendo 10 frascos
MEDIS FARMACEUTICA LDA,ISONIAZID DISPERSIBLE TABLETS 100mg,Isoniazida,100mg,Comprimidos dispersíveis,Embalagem contendo 10 blisters de 10 comprimidos
ACE HEALTH CARE LDA,NOXAPAR 40,Enoxiparina sodica,"40mg/0,4ml",Solucao injectavel,Embalagem contendo seringas pre-cheia steril de 1ml
ACE HEALTH CARE LDA,NOXAPAR 60,Enoxiparina sodica,"60mg/0,6ml",Solucao injectavel,Embalagem contendo seringas pre-cheia steril de 1ml
ACE HEALTH CARE LDA,NOXAPAR 80,Enoxiparina sodica,"80mg/0,8ml",Solucao injectavel,Embalagem contendo seringas pre-cheia steril de 1ml
ACE HEALTH CARE LDA,PRETGESTAN 100,Progesterona BP,100mg,Capsulas,Embalagem contendo 10x2x15 capsulas
ACE HEALTH CARE LDA,PRETGESTAN 200,Progesterona BP,200mg,Capsulas,Embalagem contendo 10x1x15 capsulas
ACE HEALTH CARE LDA,ACEMOL-S 120,Paracetamol,120mg/ml,Suspensao oral,Frasco de 100ml
ACE HEALTH CARE LDA,TOBRASON VISION,Tobramicina + Dexametasona USP,"0,3%w/v + 0,1%w/v",Suspensao oftalmica,Frasco plastico de 10ml
ACE HEALTH CARE LDA,NACL VISION,Cloreto de Sódio USP,0.05,Solução oftálmica,Frasco plástico de 10ml
"ORBIS PHARMA, Lda",TRYZETOR PLUS 10/40mg,Ezetimiba + Sinvastatina,10mg + 40mg,Comprimidos,Embalagem (Blisters) contendo 30 comprimidos
"ORBIS PHARMA, Lda",TRYZETOR PLUS 10/10mg,Ezetimiba + Sinvastatina,10mg + 10mg,Comprimidos,Embalagem (Blistrs) contendo 30 comprimidos
MEDIFARMA LDA,OZINC-DT,Sulfato de Zinco,20mg,Comprimidos,Embalagem contendo 1 blister de 10 comprimidos; Embalagem contendo 10 blisters de 10 Cmprimidos e embalagem contendo 3 blisters de 10 comprimidos
MEDIFARMA LDA,COTRIMOL 400/80,Sulfametoxazol + Trimetoprim,400mg + 80mg,Comprimidos,Embalagem contendo 10 blisters 10 comprimidos
"EVEREADY PHARMA, LDA",PDSOLONE,Succinato de sódio metilprednisolona,40mg,Po para injectavel,Frasco de vidro de 5ml embalado em caixa
"GENERICS & SPECIALITIES, Lda",DERMOGEN CG,"Betametasona, dipropionato + Clotrimazol + Gentamicina, sulfato","0,05%w/v + 1.0%w/v + 0,1%w/v",Creme,Embalagem contendo bisnaga de 30g
AFRI FARMÁCIA LDA,CLORIDRATO DE TETRACICLINA,Cloridrato de tetraciclina,1mg,Pomada oftalmica,Tubo dobravel de aluminio de 5gm
AFRI FARMÁCIA LDA,HIDROCLOROTIAZIDA COMPRIMIDOS,Hidroclorotiazida,25mg,Comprimidos,Frasco de 25 comprimidos
AFRI FARMÁCIA LDA,NORMNIL,Albendazol,400mg,Comprimidos,Embalagem contendo 10 blisters de 10 comprimidos e 1blister de 1 comprimido
FARMA HOLDINGS SA,DURART 800,Etanolato de Darunavir,800mg,Comprimido revestidos,Frasco HDPE opaco contendo 30 comprimidos
FARMA HOLDINGS SA,COMBIART,Arteméter + Lumefantrina,20mg + 120mg,Comprimidos,Embalagem contendo blisters 30x18 e 30x24 comprimidos
FARMA HOLDINGS SA,TENOFOVIR DISOPROXIL FUMARATO/ EFAVIRENZ/EMITRICITABINA TABLETS 300MG/600MG/200MG,Tenofovir disoproxil fumarato + Efavirenz + Emtricitabina,300ng + 600mg + 200mg,Comprimidos,Frasco contendo 30 comprimidos
WELL WORTH LDA,CANDID-V GEL,Clotrimazol,2%w/w,Gel vaginal,Tubo dobrável de alumínio
WELL WORTH LDA,DINOGEST,Dienogest,2mg,Comprimidos,Embalagem contendo blister strip de 10 comprimidos
WELL WORTH LDA,NEOCLAV 1 GM,Amoxicilina trihidratada + Clavulanato de potássio,875mg + 125mg,Comprimidos,Embalagem contendo 1x10 comprimidos
"TMI - HEALTHCARE, LDA",KOLLAGENASE,Colagenase,"0,6U/g",Pomada dermatológica,Caixa contendo 01 bisnaga de alumínio de 30g
WELL WORTH LDA,DERIVA-C GEL,Adapaleno + Fosfato de clindamicina,1mg + 10mg,Gel,Tubo de 15gm
"NATUR PHARMA, LDA",AXABAN-DENK 2.5MG,Apixaban,2.5mg,Comprimidos revestidos por pelicula,Frasco HDPE d 60 comprimidos
"NATUR PHARMA, LDA",AXABAN-DENK 5MG,Apixaban,5mg,Comprimidos revestidos por pelicula,Frasco HDPE d 60 comprimidos
"NATUR PHARMA, LDA",AMOXICLAV - DENK 1000/125,Amoxicilina + ácido clavulânico,1000mg + 125mg,Pó para suspensão oral,Embalagem contendo 8 ou 12 saquetas
"NATUR PHARMA, LDA",AMOXI-DENK 1000,Amoxicilina,1000mg,Comprimidos,Rmbalagem contendo blister de 10 comprimidos
"NATUR PHARMA, LDA",PARACETAMOL DENK 500,Paracetamol,500mg,Comprimidos,Embalagem contendo 20 comprimidos
MDS - Medicamento e Diagnóstico na Saúde S.A,PANTOPRAZOL GENERIS,Pantoprazol,20mg,Comprimido gastrorresistente,Embalagem contendo Blister de 14  e 56 comprimidos
MDS - Medicamento e Diagnóstico na Saúde S.A,PANTOPRAZOL GENERIS,Pantoprazol,40mg,Comprimido gastrorresistente,Embalagem contendo Blister de 14  e 56 comprimidos
MDS - Medicamento e Diagnóstico na Saúde S.A,GLIMEPIRIDA GENERIS® 1mg Comprimidos,Glimepirida,1mg,Comprimidos,Embalagem contendo blisters de 60 comprimidos
MDS - Medicamento e Diagnóstico na Saúde S.A,GLIMEPIRIDA GENERIS® 2mg Comprimidos,Glimepirida,2mg,Comprimidos,Embalagem contendo blisters de 60 comprimidos
MDS - Medicamento e Diagnóstico na Saúde S.A,GLIMEPIRIDA GENERIS® 3mg Comprimidos,Glimepirida,3mg,Comprimidos,Embalagem contendo blisters de 60 comprimidos
MDS - Medicamento e Diagnóstico na Saúde S.A,GLIMEPIRIDA GENERIS® 4mg Comprimidos,Glimepirida,4mg,Comprimidos,Embalagem contendo blisters de 60 comprimidos
"NEOPHARMA, LDA","DOLUTEGRAVIR, LAMIVUDINE & TENOFOVIR DISOPROXIL FUMARATE",Dolutegravir + Lamivudina + Tenofovir disoproxil fumarato,50mg + 300mg + 300mg,Comprmidos,"Frasco de 30, 60, 90 e 180 comprimidos"
"NEOPHARMA, LDA",RIFAMPIN AND ISONIAZID,Rifampicina + Isoniazida,150mg + 75mg,Comprimdos,Caixa de 24 Blisters x 28 comprimidos
"NEOPHARMA, LDA",RIFAMPIN AND ISONIAZID,Rifampicina + Isoniazida,75mg + 50mg,Comprimdos dispersíveis,"Embalagem contendo 14 tiras de alumínio de 6 comprimidos, tiras de alumínio de 10 comprimidos, blisters de alumínio de 5 comprimidos"
"ORBIS PHARMA, Lda",DYNACAZ 60MG MR,Glicazida,60 mg,Comprimidos de libertacao modificada,Embalagem contendo 28 e 30 comprimidos
"ORBIS PHARMA, Lda",DYNACAZ 90MG MR,Glicazida,90 mg,Comprimidos de libertacao modificada,Embalagem contendo 28 e 30 comprimidos
NATUR PHARMA LDA,DOLOFORTE DENK,Tramadol + Paracetamol,"37,5mg + 325mg",Comprimidos revestidos por pelicula,Embalagem contendo 20 comprimidos
AFRO REMEDIES LDA,TRIMSRO,"Triancinolona, acetonida USP",40mg/ml,Injectável,Ampola 1 x 1ml embalada numa caixa
ENTERPRISE SOLUTIONS LDA,OXYTES,Oxitocina,10UI/2ml,Injectavel,Embalagem contendo 10 ampolas de 2ml
ENTERPRISE SOLUTIONS LDA,CEFTRES,Ceftriaxona,1g,Injectavel,Embalagem contendo 1 ampola de 1g
ENTERPRISE SOLUTIONS LDA,AMIODES,Amiodarona,150mg,Injectável,Embalagem contendo 10 ampola de 3ml
ENTERPRISE SOLUTIONS LDA,NATURISTA GLYPSO,Glicerina,1g,Supositório,Embalagem contendo 3 blisters de 5 supositórios
ORUMELA MOÇAMBIQUE LIMITADA,FENOFILA,Citrato de Sildenafil,100mg,Comprimidos revestidos por película,Embalagem contendo  blisters de 4 comprimidos
MEDIMPORT LDA,EDURANT™,Rilpivirina,25mg,Comprimido revestido,Frasco contendo 30 comprimidos revestidos por película
MEDIS FARMACEUTICA LDA,PANILTRI,"Amlodipina, besilato + Ramipril + Hidroclorotiazida",5mg + 5mg + 12.5mg,Cápsulas,Embalagem em vlister de 30 comprimidos
MEDIS FARMACEUTICA LDA,PANILTRI,"Amlodipina, besilato + Ramipril + Hidroclorotiazida",10 mg + 5 mg + 25 mg,Cápsulas,Embalagem em vlister de 30 comprimidos
MEDIS FARMACEUTICA LDA,PANILTRI,"Amlodipina, besilato + Ramipril + Hidroclorotiazida",10 mg + 10 mg + 25 mg,Cápsulas,Embalagem em vlister de 30 comprimidos
MEDIS FARMACEUTICA LDA,COLROSET,Rosuvastatina + Ezetimiba,5 mg +10 mg,Comprimidos,Embalagem em blister de 28 comprimidos
MEDIS FARMACEUTICA LDA,COLROSET,Rosuvastatina + Ezetimiba,10 mg +10 mg,Comprimidos,Embalagem em blister de 28 comprimidos
MEDIS FARMACEUTICA LDA,COLROSET,Rosuvastatina + Ezetimiba,20 mg +10 mg,Comprimidos,Embalagem em blister de 28 comprimidos
"TMI - HEALTHCARE, LDA",NASOALDO,Furoato de mometasona monohidratada,50mcg,Spray,Frasco contendo 140 doses
"SHANI, LIMITADA",Supyra® Dispersible,Cloridrato de Amodiaquina + Sulfadoxina +Pirimetamina,150mg + 500mg + 25mg,Comprimido dispersivel,50 blisters
"SHANI, LIMITADA",Supyra® Dispersible Junior,Cloridrato de Amodiaquina + Sulfadoxina +Pirimetamina,"75mg + 250mg + 12,5mg",Comprimido dispersivel,50 blisters
MDS - Medicamento e Diagnóstico na Saúde S.A,ÁCIDO FÓLICO GENERIS,Acido Folico,5mg,Comprimido,blisters de 60 comprimidos
MDS - Medicamento e Diagnóstico na Saúde S.A,OLANZAPINA GENERIS,Olanzapina,"2,5mg",Comprimido,blisters de 28 comprimidos
MDS - Medicamento e Diagnóstico na Saúde S.A,OLANZAPINA GENERIS,Olanzapina,5mg,Comprimido,blisters de 28 comprimidos
MDS - Medicamento e Diagnóstico na Saúde S.A,OLANZAPINA GENERIS,Olanzapina,"7,5mg",Comprimido,blisters de 28 comprimidos
FARMA HOLDINGS SA,PREDNISOLONE TABLETS BP 20mg,Prednisolona,20mg,Comprimido revestido,Frasco HDPE contendo 1000 comprimidos
FARMA HOLDINGS SA,TenofoVIR DISOPROXIL FUMARATO/ Lamivudine TABLETS 300MG/300MG/200MG,Tenofovir disoproxil fumarato + Lamivudina,300mg + 300mg,Comprimido revestido,Frasco HDPE contendo 30 comprimidos
FARMA HOLDINGS SA,Emtricitabine/Tenofovir disproxil fumarate 200mg/300mg tablets,Emtricitabina + Tenofovir disopropil fumarato,200mg + 300mg,Comprimido revestido,Frasco HDPE contendo 30 comprimidos
FARMA HOLDINGS SA,TENOFOVIR DISOPROXIL FUMARATE TABLETS 300mg,Tenofovir Disoproxil Fumarato,300mg,Comprimido revestido,Frasco HDPE contendo 30 comprimidos
NATUR PHARMA LDA,DESLORA-DENK 5,Desloratadina,5mg,Comprimidos revestidos por pelicula,Embalagem contendo blister de 10 comprimidos
MOZPHARMA LDA,OLANZAPINA BASI,Olanzapina,5mg,Comprimidos orodispersiveis,Embalagem contendo blister de 28 comprimidos
MOZPHARMA LDA,SOLUÇAO POLIETILECTROLÍTICA COM GLUCOSE BASI,Cloreto de sódio + Cloreto de potassio + Cloreto de magnésio hexa-hidratado + Cloreto de calcio di-hidratado + Acetato de sodio tri-hidratado + Glucose mono-hidratrado,"5,85g/l + 0,30g/l + 0,25g/l + 0,37g/l + 5,17g/l  + 55,0g/l",Solução para perfusão,"Frasco polietileno de 50, 100, 500 e 1000 ml"
MOZPHARMA LDA,FENARTIX,Hidroxizina,25mg,Comprimidos revestidos por película,Embalagem contendo blisters de 60 comprimidos
MOZPHARMA LDA,STRYMIX,Pregabalina,150mg,Cápsulas,Embalagem contendo blisters de 56 comprimidos
MOZPHARMA LDA,STRYMIX,Pregabalina,75mg,Cápsulas,Embalagem contendo blisters de 56 comprimidos
MOZPHARMA LDA,STRYMIX,Pregabalina,50mg,Cápsulas,Embalagem contendo blisters de 56 comprimidos
MOZPHARMA LDA,STRYMIX,Pregabalina,25mg,Cápsulas,Embalagem contendo blisters de 56 comprimidos
MOZPHARMA LDA,STRYMIX,Pregabalina,300mg,Cápsulas,Embalagem contendo blisters de 56 comprimidos
MOZPHARMA LDA,OLANZAPINA BASI,Olanzapina,10mg,Comprimidos orodispersiveis,Embalagem contendo blister de 28 comprimidos
MOZPHARMA LDA,SOLUÇAO POLIETILECTROLÍTICA BASI,Cloreto de sódio + Cloreto de potassio + Cloreto de magnésio hexa-hidratado + Cloreto de calcio di-hidratado + Acetato de sodio tri-hidratado,"5,85g/l + 0,30g/l + 0,25g/l + 0,37g/l + 5,17g/l",Solução para perfusão,"Frasco polietileno de 50, 100, 500 e 1000 ml"
ENTERPRISE SOLUTIONS LDA,NAPIZOLE 40MG,Omeprazol,40mg,Pó para perfusão,Frasco de vidro ambar de 10ml
ENTERPRISE SOLUTIONS LDA,AVAM 156,Amoxicilina + Ácido Clavulânico,(125mg + 31.25mg)/5mL,Suspensão Oral,Frasco HDPE de 150mL
"HEDERA, LDA",TADALAFILA,Tadalafil,20mg,Comprimido revestido,Embalagem contendo 4x20 comprimidos
MDS - Medicamento e Diagnóstico na Saúde S.A,CARVEDILOL GENERIS,Carvedilol,"6,25mg",Comprimidos revestidos por pelicula,Embalagem contendo 56 comprimdos
MDS - Medicamento e Diagnóstico na Saúde S.A,CARVEDILOL GENERIS,Carvedilol,25mg,Comprimidos revestidos por pelicula,Embalagem contendo 56 comprimdos
MDS - Medicamento e Diagnóstico na Saúde S.A,LOSARTAN + HIDROCLOROTIAZIDA GENERIS,Losartan + Hidroclorotiazida,"50mg + 12,5mg",Comprimidos revestidos por pelicula,Embalagem contendo 56 comprimdos
MDS - Medicamento e Diagnóstico na Saúde S.A,LOSARTAN + HIDROCLOROTIAZIDA GENERIS,Losartan + Hidroclorotiazida,"100mg + 12,5mg",Comprimidos revestidos por pelicula,Embalagem contendo 28 comprimdos
MDS - Medicamento e Diagnóstico na Saúde S.A,LOSARTAN + HIDROCLOROTIAZIDA GENERIS,Losartan + Hidroclorotiazida,100mg + 25mg,Comprimidos revestidos por pelicula,Embalagem contendo 28 comprimdos
MEDIMPORT LDA,DUODIX,Ibuprofeno + Paracetamol,200mg + 500mg,comprimido revestido por pelicula,Embalagem contendo 10 ou 20 unidades
MEDIS FARMACEUTICA LDA,STREPSILS LARANJA COM VITAMINA C,Alcool Diclorobenzilico + Amilmetacresol,1.2mg + 0.6mg,Pastilha,Embalagem contendo 24 pastilhas
MEDIS FARMACEUTICA LDA,STREPSILS MEL E LIMAO,Alcool Diclorobenzilico + Amilmetacresol,1.2mg + 0.6mg,Pastilha,Embalagem contendo 24 pastilhas
MEDIS FARMACEUTICA LDA,GAVISCON,Alginato de Sodio + Bicarbonato de Sodio + Carbonato de Calcio,250mg + 133.5mg + 80mg,Comprimidos mastigáveis,Embalagem contendo 24 pastilhas
MEDIS FARMACEUTICA LDA,GAVISCON,Alginato de Sodio + Bicarbonato de Sodio + Carbonato de Calcio,500mg + 267mg + 160mg,Suspensão Oral,Embalagem contendo saquetas 12x10mL embalados numa caixa juntamente com FI
MEDIS FARMACEUTICA LDA,ESOMEPRAZOL AZEVEDOS,Esomeprazol,40mg,Po para solucao injectavel ou para perfusao,Embalagem contendo 1frasco ou 1x10 frascos
FARMA HOLDINGS SA,OTYCULF 500mg,Flucitosina,500mg,Comprimidos,Embalagem contendo 100 comprimidos
FARMA HOLDINGS SA,OTYCULF 250mg,Flucitosina,250mg,Comprimidos,Embalagem contendo 100 comprimidos
FARMA HOLDINGS SA,ISONIAZID/PYRIDOXINA HYDROCHLORIDE/SULFAMETHOXAZOLE/TRIMETHOPRIM 300MG/25MG/800MG/160MG TABLETS,Isoniazida + Cloridrato de Piridoxina + Sulfametoxazol + Trimetoprim,300mg + 25mg + 800mg + 160mg,Comprimidos revestidos por pelicula,Embalagem contendo  blister de 1x10 cp e frascos HDPE de 30 comprimdos
MAPUTO HEALTHCARE Lda,CARVA® 75,Ácido AcetilSalicílico,75mg,Comprimido revestido,Embalagem contendo 10 blisters de 10 comprimidos
MAPUTO HEALTHCARE Lda,ANGILOCK PLUS 100/12.5,"Losartan, Potássica + Hidroclorotiazida",100mg + 12.5mg,Comprimido,Embalagem contendo 3 blisters de 10 comprimdos
DKT MOZAMBIQUE,MEDOGEN 150mg/ml,Acetato de medroxiprogesterona,150mg/ml,Suspensao injectavel,Embalagem de 1 e 20 frascos
DKT MOZAMBIQUE,INJECTA-FEM 150mg/ml,Medroxiprogesterona,150mg/ml,Suspensao injectavel,Embalagem de 1 e 20 frascos
MEDIS FARMACEUTICA LDA,GAVISCON DUEFET,Alginato de Sodio + Bicarbonato de Sodio + Carbonato de Calcio,500mg + 213mg + 325mg,Suspensao oral,Embalagem contendo 12 frascos de 10ml
DKT MOZAMBIQUE,SOLUTION,Mifepristona + Misoprostol,200mg + 200mcg,Comprimido vaginal,Embalagem contendo 1 comprimido de Mifepristona e 4 comprimidos de Misoprostol
MDS - Medicamento e Diagnóstico na Saúde S.A,CELECOXIB GENERIS® 100mg CÁPSULAS,Celecoxibe,100mg,Cápsula,Embalagem contendo 60 cápsulas
MDS - Medicamento e Diagnóstico na Saúde S.A,CELECOXIB GENERIS® 200mg CÁPSULAS,Celecoxibe,200mg,Cápsula,Embalagem contendo 60 cápsulas
MDS - Medicamento e Diagnóstico na Saúde S.A,ZOLPIDEM GENERIS,Zolpidem,10mg,Comprimidos revestidos por pelicula,Embalagem contendo 14 comprimidos
"Orbis Pharma, Lda",CREVAS 5mg,Rosuvastatina,5mg,Comprimidos revestidos,Embalagem contem 30 comprimidos
"Orbis Pharma, Lda",CREVAS 10mg,Rosuvastatina,10mg,Comprimidos revestidos,Embalagem contem 30 comprimidos
"Orbis Pharma, Lda",CREVAS 20mg,Rosuvastatina,20mg,Comprimidos revestidos,Embalagem contem 30 comprimidos
ORUMELA MOÇAMBIQUE LIMITADA,FENOFILA,Citrato de Sildenafil,50mg,Comprimido revestido por pelicula,Embalagem contem 4 comprimidos
Ajuda medical limitada,SCORT,"Triancinolona, acetonida",40mg,Suspensão Injectável,Frasco de vidro transparente de 1ml embalado em uma caixa junto com folheto
MEDIMPORT LDA,PARACETAMOL BEN-U-RON,Paracetamol,40mg/ml,Xarope,Frasco de 85 e 150ml
FARMA HOLDINGS SA,LAMIVUDINA/ ZIDOVUDINA TABLETS USP 150mg/300mg,Lamivudina + Zidovudina,150mg + 300mg,Comprimidos revestidos por pelicula,"blister PVC contendo 60 comprimidos, frasco HDPE branco com tampa de rosca  contendo 60cp,  frasco HDPE branco com tamp de rosca e dessecante de silica contendo 60cp"
NATUR PHARMA LDA,FURO-DENK 40mg,Furosemida (micronizada),40mg,Comprimido,Embalagem contendo 100 comprimidos
HEDERA LDA,FLUCISTEIN®,Acetilcisteina,40mg/g,Granulos Simples,Embalagem contendo 15 envelopes de 5g
HEDERA LDA,COMBOFUSIV,Paracetamol + Ibuprofeno,3mg/ml + 10mg/ml,Solucao para perfusao,Embalagem contendo 10 frasco injectaveis de 100ml
"NEOPHARMA, LDA",ATAZANAVIR SULFATE AND RITONAVIR TABLETS,Atazanavir Sulfato + Ritonavir,300mg + 100mg,Comprimidos revestidos,Frasco HDPE x 30 comprimidos
EUROFARMA MOÇAMBIQUE,BILASTINA,Bilastina,20mg,Comprimido,"Embalagem contendo 4, 8, 10,15, 20 e 30 comprimidos"
EUROFARMA MOÇAMBIQUE,FILINAR G,Acebrofilina,5mg,Gel,"Embalagem contendo 1 frasco com 60ml e 120ml acompanhado de colher plastica dosadora 1ml, 2.5ml e 5ml"
MEDIMPORT LDA,FLUSIN-C,"Clorfeniramina, maleato +Pseudoefedrina, cloridrato + Ácido Ascórbico",2mg,Xarope,Embalagem contendo frasco de 100ml
MDS - Medicamento e Diagnóstico na Saúde S.A,ESCITALOPRAM GENERIS,Oxalato de Escitalopram,10mg,Comprimido revestido por pelicula,Embalagem contendo 56 comprimido
MDS - Medicamento e Diagnóstico na Saúde S.A,ESCITALOPRAM GENERIS,Oxalato de Escitalopram,20mg,Comprimido revestido por pelicula,Embalagem contendo 56 comprimido
"NEOPHARMA, LDA",LAMIVUDINE AND TENOFOVIR DISOPROXIL FUMARATE TABLETS,Lamivudina + Tenofovir Disproxil Fumarate,300mg + 300mg,Comprimido revestido por pelicula,Embalagem contendo frasco de 30 comprimidos
"NEOPHARMA, LDA",EMTRICITABINE AND TENOFOVIR DISOPROXIL FUMARATE TABLETS,Emtricitabina + Fumarato de Tenofovir Disoproxil,200mg + 300mg,Comprimido revestido por pelicula,Embalagem contendo frasco de 30 comprimidos
"Orbis Pharma, Lda",ZILANTIX®,Azitromicina,40mg/mL,Pó para Suspensão oral,1 frasco HDPE de 30mL
"Orbis Pharma, Lda",ZILANTIX®,Azitromicina,500mg,Comprimidos,Blister ALU/PVC de 3 Comprimidos
"Orbis Pharma, Lda",DYNARB 150mg,Irbesartan,150mg,Comprimidos,Blisters brancos opacos de PVC-PVDC/Alumínio de 30 comprimidos (3x10 ou 2x15)
"Orbis Pharma, Lda",DYNARB 300mg,Irbesartan,300mg,Comprimidos,Blisters brancos opacos de PVC-PVDC/Alumínio de 30 comprimidos (3x10 ou 2x15)
FARMA HOLDINGS SA,FAMYTEC,Misoprostol,200mcg,Comprimido não revestido,Embalagem contendo 1 blister de 4 comprimidos
MDS - Medicamento e Diagnóstico na Saúde S.A,VENLAFAXINA GENERIS®,"Venlafaxina, Cloridrato",150mg,Cápsula de libertação prolongada,Embalagem contendo blister de 30 cápsulas de libertação prolongada
MDS - Medicamento e Diagnóstico na Saúde S.A,VENLAFAXINA GENERIS®,"Venlafaxina, Cloridrato","37,5mg",Cápsula de libertação prolongada,Embalagem contendo blister de 30 cápsulas de libertação prolongada
MDS - Medicamento e Diagnóstico na Saúde S.A,VENLAFAXINA GENERIS®,"Venlafaxina, Cloridrato",75mg,Cápsula de libertação prolongada,Embalagem contendo blister de 30 cápsulas de libertação prolongada
MDS - Medicamento e Diagnóstico na Saúde S.A,TOPIRAMATO AUROVITAS 25mg,Topiramato,25mg,Comprimido revestido por pelicula,Embalagem contendo blisters de 60 Comprimidos
MDS - Medicamento e Diagnóstico na Saúde S.A,TOPIRAMATO AUROVITAS 50mg,Topiramato,50mg,Comprimido revestido por pelicula,Embalagem contendo blisters de 60 Comprimidos
MDS - Medicamento e Diagnóstico na Saúde S.A,TOPIRAMATO AUROVITAS 100mg,Topiramato,100mg,Comprimido revestido por pelicula,Embalagem contendo blisters de 60 Comprimidos
MOZPHARMA LDA,CEFTAZIDIMA BASI 1G,Ceftazidima,1g,Pó para Solução para perfusão,Embalagem contendo 10 frascos para Injectáveis de Vidro tipo I
MOZPHARMA LDA,CEFTAZIDIMA BASI 2G,Ceftazidima,2g,Pó para Solução para perfusão,Embalagem contendo 10 frascos para Injectáveis de Vidro tipo I
MOZPHARMA LDA,CEFEPIMA BASI,Cefepima,1g,para Solução Injectável,Embalagem contendo 10 frascos de 20ml
MOZPHARMA LDA,CLOPIDOGREL BASI,Clopidogrel,75mg,Comprimido revestido por película,Embalagem contendo 28 comprimidos
MOZPHARMA LDA,FLUOXETINA BASI,Fluoxetina,25mg,Cápsula,Embalagem contendo 20 ou 60 Cápsulas
FARMACÊUTICA AUSTRAL,DOLIMEX® PERF,Paracetamol,10mg/ml,Solução para perfusão,"Sacos de 50ml: caixas com 1, 5, 10, 40, 45, 50 ou 60 sacos. Sacos de 100ml: caixas com 1, 5, 10, 40, 45, 50 ou 55 sacos."
FARMACÊUTICA AUSTRAL,OTASOL®,Clotrimazol,10mg/ml,Gotas auriculares,1 frasco com 10ml de solução
FARMACÊUTICA AUSTRAL,MOFLOK®,Moxifloxacina,5mg/ml,"Colírio, Solução",1 frasco com 5ml de solução
MDS - Medicamento e Diagnóstico na Saúde S.A,MABTHERA® 500mg,Rituximab,500mg/10ml,Concentrado para solucao para perfusao,Frasco de vidro com rolha de borracha contendo 500mg
MDS - Medicamento e Diagnóstico na Saúde S.A,IBUPROFENO GENERIS® 20mg/ml SUSPENSÃO ORAL,Ibuprofeno,20mg/ml,Suspensão oral,Frasco de 200ml
HEDERA LDA,OLANZAPINA,Olanzapina,5mg,Comprimido revestido,Blister de 30 Comprimidos
HEDERA LDA,OLANZAPINA,Olanzapina,10mg,Comprimido revestido,Blister de 30 Comprimidos
"EUROFARMA MOÇAMBIQUE, Lda",MELOCOX,Meloxicam,"7,5mg",Comprimidos,Embalagem contendo blisters Alu-Alu de 10 comprimidos
"EUROFARMA MOÇAMBIQUE, Lda",MELOCOX,Meloxicam,15mg,Comprimidos,Embalagem contendo blisters Alu-Alu de 10 comprimidos
FARMA HOLDINGS SA,RITONAVIR TABLETS 100mg,Ritonavir,100mg,Comprimido revestido por película,Frasco contendo 30 Comprimidos
"TMI - HEALTHCARE, LDA",HEMAX,Eritropoetina humana recombinante,4000UI/2ml,Solucao injectavel,Embalagem contendo 1 ampola de 2ml
MDS - Medicamento e Diagnóstico na Saúde S.A,GLICLAZIDA GENERIS® 60mg COMPRIMIDOS DE LIBERTAÇÃO MODIFICADA,Gliclazida,60mg,Comprimido de libertação modificada,Blisters de 30 Comprimidos de libertação modificada
ENTERPRISE SOLUTIONS LDA,GLUCOSE DEXTROSE 5%,Glicose anidra BP,5%w/v,Injectavel,Embalagem contendo 1 frasco de 100ml
ENTERPRISE SOLUTIONS LDA,LACTATO DE RINGER,Lactato de sodio + Cloreto de sodio + Cloreto de potassio + Cloreto de calcio,"0,32 mg + 0,6mg + 0.04mg + 0.027mg/ 100ml",Injectavel,Embalagem contendo 12 frascos de 1000ml
"FARMA HOLDINGS, SA",AMILORIDE HYDROCHLORIDE TABLETS USP 5mg,"Amilorido, cloridrato",5mg,Comprimidos,Frasco HDPE contendo 1000 comprimidos
"FARMA HOLDINGS, SA",AMOXICILINA CÁPSULA BP 500mg,Amoxicilina,500mg,Cápsula,10 blister de 10 cápsulas
"FARMA HOLDINGS, SA",GASTRO-RESISTANT OMEPRAZOLE CAPSULES BP 20mg,Omeprazol,20mg,Cápsulas gastroresistentes,3 blister de 10 comprimidos
"MARIA ELISA PHARMACEUTICALS, LDA",ATROPINE,"Atropina, sulfato",10mg/mL,Colírio,Frasco plástico de 10mL com conta-gotas
"GENERICS & SPECIALITIES, LDA",GENSPRIN 100,Ácido AcetilSalicílico,100mg,Comprimidos,Embalagem contendo blisters de 10x10 Comprimidos
"TMI - HEALTHCARE, LDA",NEUMOCORT,Budesonida,200mcg,Aerossol,Embalagem contendo frasco de 12.1g/10mL e 3.6g/3mL
"AFRI FARMÁCIA, LDA",RITUXIREL®,Rituximabe,100mg,Solução para perfusão,Frasco de 10ml
"AFRI FARMÁCIA, LDA",RITUXIREL®,Rituximabe,500mg,Solução para perfusão,Frasco de 50ml
"TMI - HEALTHCARE, LDA",SALBUTRAL AC,Sulfato de Salbutamol + Brometo de Ipratrópio,100mcg/20mcg,Aerossol para inalação,Embalagem contendo frasco de 3.5g/3ml 60 doses e 14.5g/12.5ml 250 doses
"AFRI FARMÁCIA, LDA",SEPTRIN,Trimetoprim + Sulfametoxazol,80mg + 400mg,Comprimidos,"Blister de 20, frascos de 100 e 250"
"AFRI FARMÁCIA, LDA",SEPTRIN DS,Trimetoprim + Sulfametoxazol,160mg + 800mg,Comprimidos,10 blister de 10 comprimidos
"AFRI FARMÁCIA, LDA",EFAVIRENZ  CAPSULES USP 200mg,Efavirenz,200mg,Comprimidos,Frasco HDPE de 90 Comprimidos
"GENERICS & SPECIALITIES, LDA",GENMOX-S 125,"Amoxicilina, Tri-hidratada",125mg/5mL,Pó para suspensão oral (Xarope seco),"Frasco plástico de HDPE de 100mL, embalado em uma caixa com folheto e copo medidor"
MOZ IN,INFUTETRA,Tetraciclina,10mg,pomada,Bisnaga de 5g
MEDIMPORT LDA,SEDOXIL,MEXAZOLAM,1mg,Comprimidos,"CXS 20, 40 OU 60 COMP"
Medis Farmacêutica Lda.,ARINATE® 60,Artesunato,60 mg,"Pó, solvente e diluente para solução injetável","Frasco com pó cristalino branco contendo 60 mg do artesunato, sem excipientes"
Medis Farmacêutica Lda,ARINATE® 120,Artesunato,120 mg,"Pó, solvente e diluente para solução injectável",Embalagem contendo 10 ampolas
"MEDIS FARMACÊUTICA, LDA",ARINATE® 240,Artesunato,240mg,"Pó, solvente e diluente para solução injectável",Embalagem contendo 10 ampolas
"MARIA ELISA PHARMACEUTICALS, LDA",ATROPINE,"Atropina, sulfato",10mg/mL,Colírio,Frasco plástico de 10mL com conta-gotas
"CICOTI FARMACÊUTICA, LDA",ATAZANAVIR/RITONAVIR,"Atazanavir, sulfato + Ritonavir",300mg + 100mg,Comprimidos,Embalagem contendo frasco HDPE de 30 comprimidos
"MEDIS FARMACÊUTICA, LDA",DAPIRING 25MG  ANEL VAGINAL,Dapivirina,25mg,Anel  Vaginal,Embalagem contendo 1 ou 3 bolsas
"GENERICS & SPECIALITIES, LDA",CLAVUGEN 1G,Amoxicilina + Clavulanato de Potássio,875mg + 125mg,Comprimidos revestidos por película,Embalagem contendo 10 blisters de 10 Comprimidos
"AFRI FARMÁCIA, LDA",EFAVIRENZ  CAPSULES USP 50mg,Efavirenz,50mg,Cápsulas gelatinosas,"Frasco HDPE redondo com 30, 60 e 90 Cápsulas"
"AFRI FARMÁCIA, LDA",EFAVIRENZ  CAPSULES USP 200mg,Efavirenz,200mg,Comprimidos,Frasco HDPE de 90 Comprimidos
"GENERICS & SPECIALITIES, LDA",EQUIRAB,Imonoglobulina Anti-rábica,1000UI/5mL,Injectável,Embalagem contendo 10 frascos de vidro de 5mL
"GENERICS & SPECIALITIES, LDA",GENMOX-S 125,"Amoxicilina, Tri-hidratada",125mg/5mL,Pó para suspensão oral (Xarope seco),"Frasco plástico de HDPE de 100mL, embalado em uma caixa com folheto e copo medidor"
"GENERA, LDA",RIVAROXABANO GERMED,Rivaroxabano,10mg,Comprimidos revestidos por película,Embalagem contendo 30 comprimidos
TRUCARE UNIPESSOAL LIMITADA,KETOCLAR,Cetoconazol,2%p/p,Creme,Bisnaga de 30g
"AFRI FARMÁCIA, LDA",NISTATINA SUSPENSÃO ORAL USP,Nistatina,100.000 UI/MI,Suspensão oral,Embalagem contendo 10 frascos de 30ml
"MARIA ELISA PHARMACEUTICALS, LDA",PRODBENZOATE,Benzoato de Banzila,250mg/Ml,Emulsão,Frasco de 200mL
"MDS - Medicamentos e Diagnósticos na Saúde, SA",ALOPURINOL GENERIS,Alopurinol,100mg,Comprimidos,Embalagem contendo blister de 60 unidades
"MDS - Medicamentos e Diagnósticos na Saúde, SA",ALOPURINOL GENERIS,Alopurinol,300mg,Comprimidos,Embalagem contendo blister de 60 unidades
"MDS - Medicamentos e Diagnósticos na Saúde, SA",FUROSEMIDA GENERIS,Furosemida,40mg,Comprimidos,Embalagem contendo blister PVC-ALU de 60 comprimidos
"MDS - Medicamentos e Diagnósticos na Saúde, SA",TRAMADOL AUROVITAS,Tramadol,100mg,Comprimidos de libertacao prolongada,Embalagem com blister de 20 comprimidos
"GENERICS & SPECIALITIES, LDA",AXAGYL,Metronidazol,0.5% p/v (500mg/100mL),Injectável,Frasco de vidro de 100mL
"WELLWORTH, LDA",SKILID TABLETS,Nimesulida,100mg,Comprimidos,Embalagem contendo 2x10 comprimidos
"AFRI FARMÁCIA, LDA",PRETOMANIDA 200mg COMPRIMIDO,Pretomanida,200mg,Comprimido,Embalagem contendo blister Alu/Alu de 10 x 10 Comprimidos
"MEDIS FARMACÊUTICA, LDA",ROSUMIBE,Rosuvastatina + Ezetimiba,5mg+10mg,Comprimido revestido por pelicula,Embalagem com blister de 60 comprimidos
"NEOPHARMA, LDA",EMTRICITABINE AND TENOFOVIR ALAFENAMIDE FUMARATE TABLETS 200/25mg,"Emtricitabina + Tenofovir, alafenamida fumarato",200mg + 25mg,Comprimidos,Embalagem contendo frasco de 30 e 60 comprimidos
"GENERICS & SPECIALITIES, Lda",ERYPRO SAFE - 10000,Eritropoetina Humana Recombinante alfa,10000 UI,soluçâo injectável,seringa de 1ml
"SOCIEDADE MOÇAMBICANA DE MEDICAMENTOS, SA",POLIELECTROLITICO DE RESTITUIÇÃO SOLUÇÃO PEDIATRICA,Cloreto de sódio + Cloreto de potássio + Lactato de sódio,,Solução injectável,Balões de 1000mL
"MEDIFARMA, LDA",TASONE,"Betametasona, dipropionato",0%,Creme,Bisnaga de 15g
"MEDIFARMA, LDA",,"Betametasona, dipropionato + Gentamicina, sulfato",0.025% + 0.1%,Creme,Bisnaga de 15g
"SOCIEDADE MOÇAMBICANA DE MEDICAMENTOS, SA",LACTATO DE RINGER,Lactato de Sódio + Cloreto de Sódio + Cloreto de Potássio+ Cloreto de Cálcio dihidratado,6g + 400g + 6.4g + 270g ou (0.32g + 0.6g + 0.04g + 0.027g),Solução injectável,Balões de 1000mL
"MEDIMOC, SA",DIFLUCAN  200,Fluconazol,200mg,Comprimidos,Frasco de 28 Comprimidos
"MEDIMPORT, LDA",CARDIPRIL 10,"IMIDAPRIL, cloridrato",10mg,Comprimidos,"Caixa de 7, 14, 28 0U 56 comp"
"MEDIMPORT, LDA",CARDIPRIL 5,"IMIDAPRIL, cloridrato",5mg,Comprimidos,"Caixa de 7, 14, 28 0U 56 comp"
"MEDIMPORT, LDA",BIALZEPAM INJ,Diazepam,10mg/2mL,Pó para Injectável,"CX  de  6 , 60 ou 100 ampolas"
"MEDIMPORT, LDA",GASTROBÁRIO COLOIDAL,SULFATO BÁRIO COLOIDAL,148.80g,Pó para Suspensão Oral,Sacos de 150 G de Pó
"MEDIMPORT, LDA",TOSIFAR,"Fominobeno, Cloridrato",160mg,Comprimidos,CX 20 COMP
"MEDIMOC, SA",KALETRA CÁPSULAS,Lopinavir + Ritonavir,133.3mg + 33.3 mg,Cápsulas,Frasco de 90 Cápsulas
"MEDIMOC, SA",NORVIR SEC,Ritonavir,100mg,Cápsulas moles de gelatina,Frasco de 84 cápsulas
"MEDIMOC, SA",NORVIR SOLUÇÃO,Ritonavir,80mg/mL,Solução Oral,Frasco de 90mL e 225mL
"MEDIMOC, SA",KALETRA SOLUÇÃO,Lopinavir + Ritonavir,80mg + 20mg,Solução Oral,Frasco de  60mL
"MEDIMPORT, LDA",Naqua,Furosemida,20mg/2mL,Solução injectável,Caixa de 100 Ampolas
"MEDIMPORT, LDA",TOLDEX,Ácido Acetilsalicílico,500mg,Comprimidos,Embalagem de 20 Comprimidos
"MEDIMPORT, LDA",TOLDEX Retard,Ácido Acetilsalicílico,650mg,Comprimidos,CXS 20 Comprimidos e CXS 60 Comprimidos
"MEDIMPORT, LDA",Naqua,Furosemida,40mg,Comprimidos,Embalagem de  60 Comprimidos
JEEBS INTERNATIONAL LDA,SECLO-40,Omeprazol,40mg,Cápsulas,Blisters 3x6
"WELLWORTH, LDA",DUOVIR N,Lamivudina + Zidovudina + Nevirapina,150mg + 300mg + 200mg,Comprimidos,Frasco de 60 Comprimidos
"WELLWORTH, LDA",TRIOMUNE 30,Nevirapina + Estavudina + Lamivudina,200mg + 150mg + 30mg,Comprimidos,Frasco de 60 Comprimidos
"WELLWORTH, LDA",TRIOMUNE 40,Estavudina + Lamivudina + Nevirapina,40mg+150mg 200mg,Comprimidos,Frasco de 60 Comprimidos
"MEDIS FARMACÊUTICA, LDA",BECONVITE Xarope,VIT B1 + VIT B2 + VIT B6 + VIT PP + VIT B12 + D-PANTENOL,120mg + 90.5mg + 22mg + 330mg + 0.288mg + 42mg,Xarope,Frasco de 200ml
"GENERICS & SPECIALITIES, Lda",AVALON SKIN OINTMENT,MENTOL+SALICILATO DE METILO,10%+10%,Pomada,Bisnagas de 20g
"MEDIMOC, SA",KLABAX 125 Suspensão,Claritromicina,125mg/5ml,Suspensão Oral,Frasco de 100ml
"MEDIMOC, SA",Ceroxim,"Cefuroxime,acetil",125mg/5ml,Suspensão Oral,Frasco de 100ml
"SHANI, LIMITADA",KLABAX 250,Claritromicina,250mg,Comprimidos,Blister de 4 comprimidos
"SHANI, LIMITADA",KLABAX 250 Suspensão,Claritromicina,250mg/5ml,Suspensão Oral,Frasco de 100ml
"SHANI, LIMITADA",KLABAX 500,Claritromicina,500mg,Comprimidos,Blister de 10 comprimidos
"SHANI, LIMITADA",RANOPHAGE OD,"Metformina, Cloridrato",500mg,Comprimido de Libertação Prolongada,CAIXA 30 comprimidos
"FARMA HOLDINGS, SA",Estavudina,Estavudina,40mg,Cápsulas,Embalagem de 60 cáps
"MEDÁFRICA, Lda",Dermin loção,Benzoato de Benzilo,0.25,Loção,Frasco 100ml
"FARMA HOLDINGS, SA",Estavudina + Lamivudina + Nevirapina,Estavudina + Lamivudina + Nevirapina,40mg+150mg 200mg,Comprimidos,Frasco de 60cáps
"MEDIFARMA, LDA",Lamivudina 150,Lamivudina,150mg,Comprimidos,Embalagem de 60 comp
"PHARCO MOÇAMBIQUE, LDA",Zidovudina,Zidovudina,100mg,Cápsulas,Frasco de 60 Cápsulas
"PHARCO MOÇAMBIQUE, LDA",Nevirapina + Estavudina + Lamivudina,Nevirapina + Estavudina + Lamivudina,200mg + 150mg + 30mg,Comprimidos,Frasco de 60 Comprimidos
"PHARCO MOÇAMBIQUE, LDA",PHARCOVIR 40,Estavudina + Lamivudina + Nevirapina,40mg+150mg 200mg,Comprimidos,Frasco de 60 Comprimidos
"MEDIFARMA, LDA",Lactato de Sódio Composto,Lactato Sódio,,Solução injectável,1000ml
"PHARCO MOÇAMBIQUE, LDA",ESTAVUDINA,ESTAVUDINA,20mg,Cápsulas,Frasco de 60 Cápsulas
"PHARCO MOÇAMBIQUE, LDA",Nevirapina,Nevirapina,200mg,Comprimidos,Frasco de 60 Cápsulas
"PHARCO MOÇAMBIQUE, LDA",Pó Didanosina,Didanosina,167mg,Pó,Saquetas de 167mg
"GENERICS & SPECIALITIES, Lda",SHANVAC TM B DE HEPATITE B 10,ANTÍGENO DE HEPATITE B,10mcg,Suspensão injectável,"frascos de 0,5ml, 1ml,2ml,2,5ml, 3 ml, e 10ml"
"GENERICS & SPECIALITIES, Lda",SHANVAC TM B DE HEPATITE B 20,ANTÍGENO DE HEPATITE B,20mcg,Suspensão injectável,"frascos de 0,5ml, 1ml,2ml,2,5ml, 3 ml, e 10ml"
"MEDIS FARMACÊUTICA, LDA",BEVITECÊ,Ácido Ascórbico (Vit. C) + VIT B1+VIT B4+VIT B6+VIT PP+VIT B12+ VIT B2+ PANTOTENATO DE CÁLCIO,50mg + 5mg + 1mg + 2mg + 25mg + 5 UG+ 5mg + 5mg,Cápsulas,FRS 20 CÁPS
"MEDIS FARMACÊUTICA, LDA",CIFLAN 250,Ciprofloxacina,250mg,Cápsulas,CXS 16 CÁPS
"MEDIS FARMACÊUTICA, LDA",CIFLAN 500,Ciprofloxacina,500mg,Cápsulas,CXS 16 CÁPS
"MEDIS FARMACÊUTICA, LDA",CIFLAN 750,Ciprofloxacina,750mg,Comprimidos,Embalagem de  16 comprimidos
"MEDIS FARMACÊUTICA, LDA",DERMOFIX  Pó,"Sertaconazol, Nitrato",2g,Pó,Frasco de 30g
"MEDIS FARMACÊUTICA, LDA",DERMOFIX Solução,"Sertaconazol, Nitrato",2% p/v,Solução cutânea,Frasco de 30ml
"MEDIS FARMACÊUTICA, LDA",FLOGOCAN 20,Piroxicam,20mg,Cápsulas,CXS 20 CÁPS E CXS 60 CÁPS
"MEDIS FARMACÊUTICA, LDA",RANITINE 150,Ranitidina,150mg,Comprimidos Revestidos,Embalagem de 20 e 60 Comprimidos
"WELLWORTH, LDA",SIMCARD 10,Sinvastatina,10mg,Comprimidos,Blisters 10x5x10
MAPUTO HEALTH CARE Lda,METROSAN,Metronidazol,500mg/100mL,Solução injectável,FRASCO DE 100ML
"MEDIMOC, SA",Ceroxim,"Cefuroxime,acetil",250mg/5ml,Suspensão Oral,Frasco de 100ml
"MEDIFARMA, LDA",LACTATO DE RINGER,Cloreto de sódio+sódio+K+Kcl+Cl+Cacl+Ca+lactato Na+glactato,0.9g + 0.040g gr + 0.020g + 0.305g,Pó para Injectável,"Balões de 250 mL, 500 mL e 1000 mL"
"MEDIFARMA, LDA",CIPROX,CIPROFLOXACINA,0.2%m/v,Solução injectável,FR 100 ML
"MEDIFARMA, LDA",METRIS,Metronidazol,500mg/100ml,Suspensão Oral,Balão de 100 mL
"MEDIS FARMACÊUTICA, LDA",HECLIVIR,Aciclovir,50mg/g,Creme,BISNAGA 10 GR
"MEDIMOC, SA",BETADINE Espuma Ginecológica+BX:BX,IODOPOVIDONA,0%,Solução vaginal,"embalagem de 125ml, 500ml"
"MEDIMOC, SA",BETADINE Pomada,IODOPOVIDONA,0%,Pomada dérmica,Bisnaga de 30g
"MEDIMOC, SA",BETADINE Solução Dérmica,IODOPOVIDONA,10%,Solução dérmica,EMBALAGEM ML
"MEDIMOC, SA",BETADINE Solução Espuma,IODOPOVIDONA,4%,Solução Espuma,EMBALAGEM 125 e 500ML
"MEDIMOC, SA",BETADINE Solução Ginecológica,IODOPOVIDONA,10%,Solução vaginal,EMBALAGEM 200ML
"MEDIS FARMACÊUTICA, LDA",AMONAT Adulto,"Artesunato + Amodiaquina, Cloridrato",200mg + 200mg,Comprimidos,BLISTER  DE 15COMP E 9 COMP
"MEDIS FARMACÊUTICA, LDA",Amonat jr,Artesunato + Amodiaquina,........,Comprimidos,"1x3, 1x12, 1x3, 1x6"
"MEDIS FARMACÊUTICA, LDA",ARTESIANE SUPPOGEL,Beta Artemeter,160mg,Supositório,Blisters de 6 Supositorios
MAPUTO HEALTH CARE Lda,KCLOX-500,CLOXACILINA,500mg,Cápsulas,10EMBALAGEM 10 BLIS DE COMP
MAPUTO HEALTH CARE Lda,LUXONEG-500,Ácido Nalidíxico,500mg,Comprimidos Revestidos,BLISTER  DE 10  x 10 COMP
"MEDÁFRICA, Lda",CONVERTEN 2.5,"Enalapril, maleato",2.5mg,Comprimidos,CX 10x10
SOCIEDADE FARMACÊUTICA JORDANA,VOMINORE,MECLIZINA+VIT B6,25mg + 50mg,Comprimidos,Caixa x 20 comp
"MEDÁFRICA, Lda",GLICLAZ,Gliclazida,80mg,Comprimidos,BLISTER  DE 10 COMP
"SHANI, LIMITADA",Adical,"Cálcio, Carbonato + Colecalciferol (Vit.D3)",1250mg + 250UI,Comprimidos Revestidos,Blisters 10x10
SOCIEDADE FARMACÊUTICA JORDANA,BACTALL 250,Ciprofloxacina,250mg,Comprimidos,BLISTER  1X10 COMP
SOCIEDADE FARMACÊUTICA JORDANA,BACTALL 500,Ciprofloxacina,500mg,Comprimidos,BLISTER  1X1O COMP
SILMED,ARTECOSPE Criança,Artesunato + Sulfadoxina + Pirimetamina,50mg + 500mg + 25mg,Comprimidos,BLISTER de 8 comp
SILMED,ARTECOSPE Adulto,Artesunato + Sulfadoxina + Pirimetamina,100mg + 500mg + 25mg,Comprimidos,BLISTER de 9 comp
"WELLWORTH, LDA",NEOLEXIN,Cefalexina,500mg,Cápsulas,Blisters 10x10
"MEDIMOC, SA",TRANSPULMINA  POMADA Adulto,CÂNFORA+EUCALIPTOL+MENTOL,"0,5G+2,0G+1,0G",Pomada,Bisnaga de 20g
"MEDIMOC, SA",TRANSPULMINA  POMADA Infantil,CÂNFORA+EUCALIPTOL,"0,5g+2,0g",Pomada,Bisnaga de 20g
"MEDIMOC, SA",TRANSPULMINA  SUPOSITÓRIO Adulto,CÂNFORA+EUCALIPTOL+MENTOL,0.0270g + 0.0650g + 0.0090g,Supositório,EMBALAGEM  DE 5 SUP
"MEDIMOC, SA",TRANSPULMINA  SUPOSITÓRIO Infantil,CÂNFORA+EUCALIPTOL+MENTOL,"0.013g + 0,031g + 0,004g",Supositório,EMBALAGEM  DE 5 SUP
SOCIEDADE FARMACÊUTICA JORDANA,FUNZOL 100,Fluconazol,100mg,Cápsulas,CAIXAS DE  7 CÁPS
SOCIEDADE FARMACÊUTICA JORDANA,FUNZOL 150,Fluconazol,150mg,Cápsulas,CAIXAS  DE 7 CÁPS
SOCIEDADE FARMACÊUTICA JORDANA,FUNZOL 50,Fluconazol,50mg,Cápsulas,CAIXAS DE 7 CÁPS
"MEDIS FARMACÊUTICA, LDA",BIO RITMO,ASPARTATO DE ARGININA + CLORIDRATO DE PIRIDOXINA + ÁCIDO D-GLUCONODIMETILAMINOACÉTICO (SAL CÁLCICO),4000mg + 100mg + 100mg,ampolas bebiveis,Embalagem de 20 ampolas de 10ml
"AFRI FARMÁCIA, LDA",ZIDOVUDINE 300,Zidovudina,300mg,Comprimidos,EMBALAGEM   60 COMP
SOCIEDADE FARMACÊUTICA JORDANA,SECNEZOLE 500,Secnidazol,500 MG,Comprimidos,Caixa x 4 comp
"AFRI FARMÁCIA, LDA",Lamivudina,Lamivudina,150mg,Comprimidos,EMBALAGEM 60 COMP
"AFRI FARMÁCIA, LDA",Lamivudina,Lamivudina,300mg,Comprimidos,EMBALAGEM 30 COMP
"WELLWORTH, LDA",NEOMOX 250,"Amoxicilina, Trihidrato",250mg,Cápsulas,Blisters 10x10
"AFRI FARMÁCIA, LDA",LAMIVUDINA E ZIDOVUDINA,Lamivudina + Zidovudina,150mg + 300mg,Comprimidos Revestidos,EMBALAGEM   60 COMP
"WELLWORTH, LDA",NEVIMUNE,Nevirapina,200mg,Comprimidos,Frasco de 60 Comprimidos
"WELLWORTH, LDA",NEVIMUNE SUSPENSÃO ORAL,Nevirapina,50mg/100mL,Suspensão Oral,Frasco de 100ml e frasco de 25ml
"MEDIS FARMACÊUTICA, LDA",CETONEO,Cetoconazol,20mg,Creme,Bisnagas de 30g
"MEDIS FARMACÊUTICA, LDA",NEO AMITRIPTILIN,"Amitriplina, cloridrato",25mg,Comprimidos,CAIXA COM BLISTRES DE 20 COMP
"MEDIS FARMACÊUTICA, LDA",NEO BENDAZOL,Albendazol,200mg/5ml,Suspensão Oral,FRASCOS DE 10 ML
"MEDIS FARMACÊUTICA, LDA",NEO MEBEND,MEBENDAZOL,100mg/5mL,Suspensão Oral,FRASCO 30 ML
"MEDIS FARMACÊUTICA, LDA",NEO METRODAZOL,Metronidazol,40mg/ml,Suspensão Oral,FRASCO COM 80 ML
"MEDIS FARMACÊUTICA, LDA",NEOTRIN,Sulfametoxazol + Trimetoprim,400mg + 80mg,Comprimidos,EMBALAGEM X 20 COMP
"MEDIS FARMACÊUTICA, LDA",NEOTRIN Suspensão,Trimetoprim + Sulfametoxazol,40mg + 8mg/ml,Suspensão Oral,FRSACO DE 60 ML
"MEDIS FARMACÊUTICA, LDA",RENALAPRIL,"Enalapril, maleato",5mg,Comprimidos,EMBALAGEM 3x10 COMP
"MEDIS FARMACÊUTICA, LDA",RENALAPRIL,"Enalapril, maleato",20mg,Comprimidos,Embalagem 3x10 COMP
"MEDIFARMA, LDA",MELDAR,Sulfadoxina + Pirimetamina,500mg + 25mg,Comprimidos,"STRIP 3 COMP,BLISTER DE 10 E STRIP COM 10"
"AFRI FARMÁCIA, LDA",OMEWIN,Omeprazol,20mg,Cápsulas,Embalagem de 100 cápsulas
"AFRI FARMÁCIA, LDA",MODISPRIN tablets,Ácido Acetilsalicílico,500mg,Comprimidos,EMBALAGEM 100 COMP(10x10)
"AFRI FARMÁCIA, LDA",NEGANIL,Ácido Nalidíxico,500mg,Comprimidos,CAIXA 100 COMP COM 10 BLISTERS DE 10
"AFRI FARMÁCIA, LDA",ESSEL FORTE,FOSFOLIPIDOS ESSENCIAIS+B1+B2+B6+NIACINA+VIT.E+B12,300mg+6mg+6mg+6mg+30mg+6mg+6mcg,Cápsulas,5 blister de 10 caps
"AFRI FARMÁCIA, LDA",TIABENDAZOL,TIABENDAZOL,50mg/g,Pomada,Bisnaga de 30g
"AFRI FARMÁCIA, LDA",UTERA - 500,Tetraciclina,500mg,Comprimidos,BLISTER 10X10
MAPUTO HEALTH CARE Lda,HERPIZYG,Aciclovir,5%,Pomada,BISNAGA DE 15G
MAPUTO HEALTH CARE Lda,QUALL Eczema Creme,Betametasona,0%,Creme,BISNAGA DE 15 GR
MAPUTO HEALTH CARE Lda,TOLNYS LOÇÃO,CLOTRIMAZOL+GENTAMICINA,1%+1%,Loção,BISNAGA 15 GRS
MAPUTO HEALTH CARE Lda,ASGUD,Sulfadiazina de Prata,1%,Creme,BISNAGA 25 G
MAPUTO HEALTH CARE Lda,BUTATE,Clotrimazol,1%,Creme tópico,BISNAGA 15 GR
MAPUTO HEALTH CARE Lda,QUACE Eczema Creme,"Clobetasol, Proprionato",0%,Creme,Bisnaga de 15g
MAPUTO HEALTH CARE Lda,TOLNYS Creme,CLOTRIMAZOL+GENTAMICINA,1%+1%,Creme tópico,BISNAGA 15 GR
"MEDIS FARMACÊUTICA, LDA",DESDEK,Ácido Fusídico,10mg/g,Gel Oftálmico,Bisnagas de 5g
"MEDIS FARMACÊUTICA, LDA",DESDEK Pomada,FUSIDATO DE SÓDIO,20mg/g,Pomada,BISNAGA  15  GR
"MEDIS FARMACÊUTICA, LDA",DESDEK Creme,Ácido Fusídico,20mg/g,Creme,BISNAGA  15  GR
"MEDIS FARMACÊUTICA, LDA",EDOLFENE,FLURBIPROFENO SÓDICO,0.3mg/g,Gel Oftálmico,Bisnagas de 5g
"MEDIMPORT, LDA",DOCLIS,"Diltiazem, Cloridrato",60mg,Comprimidos,Caixas de 60 Comprimidos
"MEDIMPORT, LDA",DOCLIS RETARD 120,"Diltiazem, Cloridrato",120mg,Cápsulas,Caixas de 60 Cápsulas
"MEDIMPORT, LDA",DOCLIS RETARD 240,"Diltiazem, Cloridrato",240mg,Cápsulas,Caixas de 30 Cápsulas
"WELLWORTH, LDA",LAMIVIR,Lamivudina,150mg,Comprimidos,Frasco de 60 Comprimidos
"MEDIFARMA, LDA",FOLET,Ácido Fólico,5mg,Comprimidos,Blister de 30
"AFRI FARMÁCIA, LDA",GENEVAC-B,ANTÍGENO DE HEPATITE B,20mcg,Suspensão injectável,FRASCO
"AFRI FARMÁCIA, LDA",GENEVAC-B PEDIÁTRICO,ANTÍGENO DE HEPATITE B (PEDIÁTRICO),10mcg,Suspensão injectável,"FRASCO DE de 0,5 ML e 5 ML"
"MEDIFARMA, LDA",Doxina,"Doxiciclina, Hidrocloreto",100mg,Cápsulas,Blister de 10 cáps
MAPUTO HEALTH CARE Lda,SALBID 2,"Salbutamol, Sulfato",2mg,Comprimidos,EMBALAGEM 10 x 10  BLISTERS  DE COMP
"MEDIMOC, SA",SARGENOR 5,ASPARTATO DE ARGININA,5g,Solução Oral,EMBALAGEM DE 20 AMPOLAS DE 10ML
"MEDIS FARMACÊUTICA, LDA",ARIPLUS,Artesunato + Sulfadoxina + Pirimetamina,100mg + 500mg + 25mg,Comprimidos,Embalagens 81
"MEDIS FARMACÊUTICA, LDA",ARIPLUS Junior,Artesunato + Sulfadoxina + Pirimetamina,50mg + 500mg + 25mg,Comprimidos,Embalagens 72
"MEDIS FARMACÊUTICA, LDA",ACEPROTIN-25,Captopril,25mg,Comprimidos,"EMBALAGEM 20, 10x10"
"MEDIS FARMACÊUTICA, LDA",ACEPROTIN-50,Captopril,50mg,Comprimidos,"EMBALAGEM 20, 10x10"
"MEDIS FARMACÊUTICA, LDA",ADCO - Naphensyl  1%,"Fenilefrina, cloreto",100mg/10ml,Gotas nasais,Embalagem de 10ml
"MEDIS FARMACÊUTICA, LDA","ADCO - Naphensyl 0,25%","Fenilefrina, cloreto",25mg/10ml,Gotas nasais,Embalagem de 10ml
MAPUTO HEALTH CARE Lda,AMALAR,Sulfadoxina + Pirimetamina,500mg + 25mg,Comprimidos,BLISTERES 25 X 6 COMP
"MEDIS FARMACÊUTICA, LDA",DICLO-DENK 25,Diclofenac,25mg,Comprimidos Revestidos,BLISTER  10 X10 COMP
"MEDIS FARMACÊUTICA, LDA",DICLO-DENK 50,Diclofenac,50mg,Comprimidos Revestidos,BLISTER  10 X10 COMP e de 20 comprimidos
"MEDIS FARMACÊUTICA, LDA",DICLO-DENK 75,Diclofenac,75mg/3mL,Solução Injectável,10 AMPOLA de 3 mL
"MEDIS FARMACÊUTICA, LDA",METFORMIN DENK 500,Metformina,500mg,Comprimidos Revestidos,BLISTER  10 X10 COMP
"MEDIS FARMACÊUTICA, LDA",METFORMIN DENK 850,Metformina,850mg,Comprimidos Revestidos,120 Comprimidos
"FARMA HOLDINGS, SA",Estavudina,Estavudina,30mg,Cápsulas,Embalagem de 60 cáps
"AFRI FARMÁCIA, LDA",QUADRIMENINGO,"antígeno polissacarídeo de Neisseria meningitidis do serotipo A, C, Y, W135","50mcg/0,5ml",Pó para suspensão injectável,FRASCO  DE 1 DOSE + AMPOLA COM DILUENTE
"AFRI FARMÁCIA, LDA",ZIDOVUDINE ORAL SOLUTION,Zidovudina,50mg/5ml,Solução Oral,FRASCO de 240ml
"MEDIS FARMACÊUTICA, LDA",ZMAX,"Azitromicina, Dihidratada",2g,Granulado para Suspensão Oral,Frasco de 60ml
BAYER SCHERING PHARMA MOÇAMBIQUE,MICROGESTE,Etinilestradiol + Gestodeno,"0,06mg + 0,015mg",Comprimidos Revestidos,BLISTER  DE 28 E 84 UNIDADES e 3x8 comp
BAYER SCHERING PHARMA MOÇAMBIQUE,Finacea,Ácido Azelaico,15% (150mg / g),Gel,"Bisnagas de 5g, 30g e 50g"
MAPUTO HEALTH CARE Lda,FOSURE,"Betametasona, valerato + Tolnaftato + Gentamicina + Iodoclorohidroxiquinolina",0.64 + 10 + 1 + 10mg,Creme,bisnaga 15g
"GENERICS & SPECIALITIES, Lda",GENFULVIN,Griseofulvina,500mg,Comprimidos,Embalagem 10x10 e de 1000
"GENERICS & SPECIALITIES, LDA",GENMOX,"Amoxicilina, Trihidrato",500mg,Cápsulas,CARTEIRAS COM 10 COMP
"GENERICS & SPECIALITIES, Lda",NEUROBION FORTE inj,Tiamina + Piridoxina + Cianocobalamina + Nicotinamida + Dexpantenol,100mg + 100mg + 1000µg + 100mg + 50mg,Injectável,AMPOLAS 2x5x2ml
"MEDIS FARMACÊUTICA, LDA",XALATAN,LATANOPROST,50mcg/ml,Colírio,Frasco de 2.5ml
"AFRI FARMÁCIA, LDA",LAMIVUDINE ORAL SOLUTION,Lamivudina,10mg/ml,Solução Oral,FRASCO  DE   240ML
"SHANI, LIMITADA",ZIMAX 500,Azitromicina,500mg,Comprimidos Revestidos,Blisters 1x3
"MAPUTO HEALTH CARE,LDA",DEBENZACIN INJECTION,PENICILINA BENZATÍNICA,2.4 M. UI,Pó para Injectável,Frasco de  10 mL
"MEDICURA, LDA",RHEUMAC GEL,Diclofenac,10mg,Gel,BISNAGA  DE 20  G
"MEDIS FARMACÊUTICA, LDA",HEAT DEEP CREAM,Mentol + Óleo de Eucalipto + Metilsalicilato + Óleo de Terpentina,"5,19+1,97+12,80+1,47%",Creme,Embalagens de 30g
"WELLWORTH, LDA",PIROX 20,Piroxicam,20mg,Cápsulas,Blisters 2x10
BAYER SCHERING PHARMA MOÇAMBIQUE,VALETTE,DIENOGEST+ETINILESTRADIOL,2mg + 0.035mg,Comprimidos Revestidos,BLISTER  DE 21 E 63  UNIDADES
BAYER SCHERING PHARMA MOÇAMBIQUE,ADVANTAN SOLUÇÃO,Aceponato de Metilprednisolona,1mg / mL,Solução cutânea,Frasco Conta_Gotas
"WELLWORTH, LDA",FUNGICIP,Clotrimazol,1%,Creme vaginal,Bisnaga de 30 G
"MEDIS FARMACÊUTICA, LDA",XIDANEF,KETOTIFENO,1mg,Comprimidos,10 blister de 10 comprimidos
MOFARMEX,CO-TRIMOXAZOL 960,Trimetoprim + Sulfametoxazol,160mg+800mg,Comprimidos,blister de 20 comp
MOFARMEX,ENALAPRIL 10MG,"Enalapril, maleato",10mg,Comprimidos,EMBALAGEM 20 comp e embalagem de 100 comp
MOFARMEX,RIFAMPICINA CAPSULES,Rifampicina,150MG,Cápsulas,FRASCOS 1000 CÁPS
SOCIEDADE FARMACÊUTICA JORDANA,ANGIOTEC 10,"Enalapril, maleato",10mg,Comprimidos,embalagens 30
SOCIEDADE FARMACÊUTICA JORDANA,ANGIOTEC 20,"Enalapril, maleato",20mg,Comprimidos,embalagens 20
SOCIEDADE FARMACÊUTICA JORDANA,ANGIOTEC 5,"Enalapril, maleato",5mg,Comprimidos,embalagens 30
"MEDIS FARMACÊUTICA, LDA",SEPTIL SOLUÇÃO,Iodopovidona,10g/100ml,Solução cutânea,FRASCO DE  20ML
"AFRI FARMÁCIA, LDA",NEVIRAPINA,Nevirapina,200mg,Comprimidos,CXS 100 COMP
"MEDIFARMA, LDA",Trandid,Clotrimazol,0.01,Creme tópico,Bisnaga de 15g
"MEDIFARMA, LDA",TRANDID B,Clotrimazol + Diproprionato de Beclometasona,"1%+0,025 %",Creme tópico,Bisnaga de  15G
"AFRI FARMÁCIA, LDA",ERYKO-125,"Eritromicina, estolato",125mg/ml,Suspensão Oral,Frascos de 100 mL e 60 mL
INTERNATIONAL VENTURE,CANDACIDE,Nistatina,100.000UI,Suspensão Oral,Frasco 20mL e 30mL
INTERNATIONAL VENTURE,FLUSTAT,"Paracetamol + fenilpropanolamina,hidrocloreto + Dextrometorfano, hidrobrometo",500mg + 25mg + 15mg,Xarope,
"MEDIS FARMACÊUTICA, LDA",LISOPAN 500,Paracetamol,500mg,Comprimidos efervescentes,CAIXA 16 COMPRIMIDOS
"MEDIS FARMACÊUTICA, LDA",RANITINE 300,"Ranitidina, Cloridrato",300mg,Comprimidos revestidos,"EMBALAGENS DE 20, 30 e 60 COMP"
SOCIEDADE FARMACÊUTICA JORDANA,TORVACOL,Atorvastatina,10mg,Comprimidos,embalagem de 30
SOCIEDADE FARMACÊUTICA JORDANA,TORVACOL,Atorvastatina,20mg,Comprimidos,embalagem de 30
SOCIEDADE FARMACÊUTICA JORDANA,TORVACOL,Atorvastatina,40mg,Comprimidos,embalagem de 30
"AFRI FARMÁCIA, LDA",TRIM-240,Trimetoprim + Sulfametoxazol,200mg + 40mg/5ml,Suspensão Oral,FRS 100 mL e 60 mL
BAYER SCHERING PHARMA MOÇAMBIQUE,DOLVIRAN,Ácido Acetilsalicílico + Codeína Fosfato+ Cafeína,400mg+9.6mg+50mg,Comprimidos,EMBALAGENS DE 20 COMP
BAYER SCHERING PHARMA MOÇAMBIQUE,CIPROXINA,Ciprofloxacina,750mg,Comprimidos,EMBALAGEM DE  16 COMP
BAYER SCHERING PHARMA MOÇAMBIQUE,CIPROXINA,Ciprofloxacina,250mg,Comprimidos,"EMBALAGEM DE  16 COMP, 8 comp"
BAYER SCHERING PHARMA MOÇAMBIQUE,CIPROXINA,Ciprofloxacina,500mg,Comprimidos,"EMBALAGEM DE  16 COMP, 8 comp"
"MEDIS FARMACÊUTICA, LDA",ATENOLOL DENK 50,Atenolol,50mg,Comprimidos,10 Bisteres x 10 Comp
"MEDIS FARMACÊUTICA, LDA",SOLUFEN,Ibuprofeno,200mg,Cápsulas,EMBALAGEM DE 20 e 60 CÁPS
BAYER SCHERING PHARMA MOÇAMBIQUE,LEVITRA 10,"Vardenafil, cloridrato tri-hidratado",10mg,Comprimidos Revestidos,EMBALAGEM  4 COMP
BAYER SCHERING PHARMA MOÇAMBIQUE,LEVITRA 20,"Vardenafil, cloridrato tri-hidratado",20mg,Comprimidos Revestidos,EMBALAGEM  4 COMP
BAYER SCHERING PHARMA MOÇAMBIQUE,LEVITRA 5,"Vardenafil, cloridrato tri-hidratado",5mg,Comprimidos Revestidos,EMBALAGEM  4 COMP
MAPUTO HEALTH CARE Lda,BACTOCLAV 375,"Amoxicilina, Trihidrato + Clavulanato de Potássio",250mg+125mg,Comprimidos Revestidos,BLISTER  DE 3 x 6 COMP
MAPUTO HEALTH CARE Lda,EPIKLIN,"Betametasona, diproprionato + Ácido Salicílico","0,6600mg+20,000mg",Loção,FRASCO  15 ML
MAPUTO HEALTH CARE Lda,EPIKLIN,Betametasona + Ácido Salicilico,"0,64mg + 30mg",Pomada,bisnaga 15g
"MEDIS FARMACÊUTICA, LDA",VI-DAYLIN COM FERRO,VIT A + VIT D + VIT E + VVIT C + VIT B1 + RIBOFLAVINA + NIACINA + PIRIDOXINA + CIANOCOBALAMINA + FERRO,"1500 UI+400 UI+5 UI+35 MG+0,5 MG+0,6 MG+8 MG+0,4 MG+1,55 UG+10 MG/ML",Gotas Orais,FRASCO DE  30 ML
"MEDIS FARMACÊUTICA, LDA",VI-DAYLIN XAROPE,VIT A + VIT D + VIT B1 + VIT B2 + VIT B6 + NICOTINAMIDA + VIT C,"3000 UI+400 UI+1,5 MG+1,2 MG+1 MG+10 MG+50 MG/5ML",Xarope,FRASCO DE  150 ML
MAPUTO HEALTH CARE Lda,IBUPROFENO,Ibuprofeno,200mg,Comprimidos revestidos,blister de 10  x 10 comp
MAPUTO HEALTH CARE Lda,IBUPROFENO,Ibuprofeno,400mg,Comprimidos revestidos,blister de 10  x 10 comp
MAPUTO HEALTH CARE Lda,DIPVITE SKIN CREAM,"Betametasona, diproprionato","0,704mg",Creme,bisnaga 15g
BAYER SCHERING PHARMA MOÇAMBIQUE,AVELOX,"Moxifloxacina, Cloridrato",400mg,Comprimidos Revestidos,EMBALAGEM  DE 5 E 7 COMP
"MEDIS FARMACÊUTICA, LDA",ADCO - CLOTRIMAZOLE,Clotrimazol,50mg/5g,Creme vaginal,Tubo de 50g com 6 aplicadores
"MEDIS FARMACÊUTICA, LDA",ADCO-ERYTHROMYCIN CÁPSULAS,"Eritromicina, estolato",250mg,Cápsulas,Embalagem de 20 e 250 Cápsulas
"MEDIS FARMACÊUTICA, LDA",CLOTRI-DENK 1% CREAM,CLOTRIMAZOL,0.01,Creme tópico,Bisnaga de 20g
"MEDIS FARMACÊUTICA, LDA",CLOTRI-DENK 100 VAGINAL,Clotrimazol,100mg,Comprimidos vaginais,BLISTER  DE 6 COMP
"SHANI, LIMITADA",MAXIPLEX,Tiamina (Vit. B1) + Piridoxina (Vit. B6) + Cianocobalamina (Vit. B13) + Riboflavina (vit. B2) + D-Pantenol + Niacinamida,"1mg + 0,75mg + 0,5mcg + 1mg + 2,5mg + 13mg",Xarope,Frasco 100ml
"SHANI, LIMITADA",ORS,DEXTROSE ANIDRA + CLORETO DE SÓDIO + CLORETO DE POSSÍO + CITRATO DE SÓDIO,20g + 3.5g + 1.5 + 2.9,Pó para Solução Oral,Embalagem de 50 saquetas de 30g
"GENERICS & SPECIALITIES, Lda",GENCIMET,CIMETIDINA,200mg,Comprimidos Revestidos,EMBALAGEM 10
"GENERICS & SPECIALITIES, Lda",LORGEN,Loratadina,10mg,Comprimidos Revestidos,"EMBALAGEM  DE 10x10, 3x10"
"AFRI FARMÁCIA, LDA",NS,Cloreto de Sódio,0.9% W/V,Pó para Injectável,FRASCOS de 500mL e 1000mL
BAYER SCHERING PHARMA MOÇAMBIQUE,GLUCOBAY 100,Acarbose,100mg,Comprimidos,EMBALAGEM DE 50 COMPRIMIDOS
BAYER SCHERING PHARMA MOÇAMBIQUE,GLUCOBAY 50,Acarbose,50mg,Comprimidos,EMBALAGEM DE 50
BAYER SCHERING PHARMA MOÇAMBIQUE,Nimotop,Nimodipina,30mg,Comprimidos Revestidos,EMBALAGEM  50 COMP REVESTIDOS e 20 comp
MAPUTO HEALTH CARE Lda,Erazit,Eritromicina,0.02,Loção,Frasco 20mL
"MEDIMPORT, LDA",VICOMBIL Xarope,"ALFA-TOCOFEROL,acet.+VITC+ÁC. FÓLICO+VIT B12+VITA B6+VITB1+NICOTINAMIDA+PANTOTENATO DE Ca+RETINOL+VITB2+ERGOCALCIFEROL","10mg+75mg+0,2mg+1mg+3mg+3mg+20mg+5mg+5000UI+2mg+500UI",Xarope,Frasco de 200ml
"WELLWORTH, LDA",NEORYTH,"Eritromicina, estearato",250mg/5mL,Suspensão oral,Frasco de 100mL
"AFRI FARMÁCIA, LDA",VITAMIN B COMPLEX,Tiamina (Vit. B1) + Riboflavina (Vit. B2) + Nicotinamida,1mg + 1mg + 1mg,Comprimidos,EMBALAGEM   1000 COMP
SOCIEDADE FARMACÊUTICA JORDANA,ROMAC 300,Roxitromicina,300mg,Comprimidos,BLISTER  DE 10 COMP
"AFRI FARMÁCIA, LDA",GRIPE WATER,BICARBONATO DE SÓDIO+ÓLEO DE ENDRO,40mg + 0.01mg,Solução Oral,FRASCO  100 ML
"AFRI FARMÁCIA, LDA",STAVUDINE 30,Estavudina,30mg,Cápsulas,FRASCO  DE 60 CÁPS
"AFRI FARMÁCIA, LDA",STAVUDINE 40,Estavudina,40mg,Cápsulas,FRASCO  DE 60 CÁPS
SOCIEDADE FARMACÊUTICA JORDANA,ERACID,Claritromicina,250mg,Comprimidos,Embalagem de 14 Comprimidos
SOCIEDADE FARMACÊUTICA JORDANA,ERACID,Claritromicina,500mg,Comprimidos,Embalagem de 14 Comprimidos
SOCIEDADE FARMACÊUTICA JORDANA,LOWRAC 5,"Amlodipina, besilato",5mg,Cápsulas,CAIXAS  DE 14 CÁPS
SOCIEDADE FARMACÊUTICA JORDANA,MONOZIDE 25,Hidroclortiazida,25MG,Comprimidos,CAIXA  C/30
"SOCIEDADE MOÇAMBICANA DE MEDICAMENTOS, SA",ROMAC 100,Roxitromicina,100mg,Comprimidos,Blister de 10 Comprimidos
SOCIEDADE FARMACÊUTICA JORDANA,ROMAC 150,Roxitromicina,150mg,Comprimidos,BLISTER  DE 10 COMP
MAPUTO HEALTH CARE Lda,ALVEA,TOCOFEROL(VIT E)+ALOE VERA,5mg+100mg,Creme,FRASCO  DE 50g
MAPUTO HEALTH CARE Lda,NAFTOL Solution,Tolnaftato,10MG/ML,Solução dérmica,FRASCO 15 ML
MAPUTO HEALTH CARE Lda,OPALEN Anti-acne gel,Adapalene,0.01,Gel,BISNAGA  30  GR
"MEDIMPORT, LDA",CARDIPRIL 20,"IMIDAPRIL,cloridrato",20mg,Comprimidos,CAIXAS  DE 56 COMP
"MEDIMPORT, LDA",RESOCHINA,"Cloroquina , difosfato",250mg,Comprimidos Revestidos,CXS 20 COMP
"GENERICS & SPECIALITIES, LDA",GENCOL 250 Caps,Cloranfenicol,250mg,Cápsulas,"Embalagem 10X10, 1000"
"GENERICS & SPECIALITIES, Lda",Paluface-SP-100,Artesunato + Sulfadoxina + Pirimetamina,100mg+500mg+25mg,Comprimidos Revestidos,Blister de 9 comprimidos
"GENERICS & SPECIALITIES, Lda",PEN G,FENOXIMETILPENICILINA( PENICILINA V),500mg,Comprimidos Revestidos,CARTEIRA 10 COMP
"GENERICS & SPECIALITIES, Lda",PIROXIGEN,Piroxicam,20MG,Cápsulas,EMBALAGEM  10x 10
"AFRI FARMÁCIA, LDA",GASTROCID SUSPENSION,"DIMETILPOLISSILOXANO (DIMETICONE)+ALUMÍNIO,hidróxido+MAGNÉSIO,hidróxido",25mg/5ml + 220mg/5ml +195mg/5ml,Suspensão Oral,FRASCO 100 ML
"AFRI FARMÁCIA, LDA",GASTROCID TABLETS,"DIMETILPOLISSILOXANO (DIMETICONE)+ALUMÍNIO,hidróxido+MAGNÉSIO,hidróxido",25mg + 120mg + 250mg,Comprimido Mastigável,EMBALAGEM 100 COMP
"WELLWORTH, LDA",ASTHALIN XAROPE,"Salbutamol, Sulfato",2mg/5mL,Xarope,Frasco de 100ml
"MEDIS FARMACÊUTICA, LDA",PARA-DENK 125 Suppos,Paracetamol,125mg,Supositórios,BLISTER  DE 10 Supositórios
"MEDIS FARMACÊUTICA, LDA",PARA-DENK 250 Suppos,Paracetamol,250mg,Supositórios,CXS 10 SUPS
"GENERICS & SPECIALITIES, LDA",ERYTHROGEN,"Eritromicina, Estearato",500mg,Comprimidos,Embalagem 10X10
"WELLWORTH, LDA",NOVATAX  1000,Ceftriaxona,1000mg/10mL,Pó para Injectável,1 Ampola + Água PPI 5mL
"GENERICS & SPECIALITIES, LDA",ERYTHROGEN 125,"Eritromicina, Estearato",125mg/5mL,Suspensão Oral,FRACO 100 ML
"GENERICS & SPECIALITIES, LDA",ERYTHROGEN 250,"Eritromicina, Estearato",250mg/5mL,Suspensão Oral,FRACO 100 ML
"MEDIFARMA, LDA",Trandid C,"Betametasona, diproprionato",0.00025,Creme,Bisnaga de 20g
"UTOMI, LDA",ARTECOM,Dihidroartemisina + fosfato de piperaquina + trimetoprim,32mg+320mg+90mg,Comprimidos,Embalagem de 8 comp
"WELLWORTH, LDA",OCUTIM,"Timolol, maleato",0.5% w/v,Solução Oftálmica,Frasco de 5mL
"WELLWORTH, LDA",LO-KAL GOLD,Aspartame,18mg,Comprimidos,Frasco de 300 Comprimidos
"MEDIS FARMACÊUTICA, LDA",HERPEX,Aciclovir,50mg/g,Pomada,BISNAGA  5 E 10 GR
"SAHAR MEDIRAN, LDA",LORAXIME,CEFOTAXIMA SÓDICA,1000mg,Preparação injectável,AMPOLAS
"MAPUTO HEALTH CARE, LDA",CLORTON 50,CLORTALIDONA,50MG,Comprimidos,EMBALAGEM 10 BLIS DE 10 COMP
MAPUTO HEALTH CARE Lda,SPAMOX-500,Amoxicilina,500mg,Cápsulas,Blisters 10x10 e Frascos de 500 Cápsulas
"WELLWORTH, LDA",FEBRIDOL 125,Paracetamol,125mg,Supositórios,Blisters 2x5
"WELLWORTH, LDA",FEBRIDOL 250,Paracetamol,250mg,Supositórios,Blisters 2x5
"MEDIS FARMACÊUTICA, LDA",NARIZIMA,"Lisozima, Cloridrato + Cloridrato De Tonzilamina + Cloridrato De Isobenzidrina",500mg + 50mg + 50mg,Solução para pulverização nasal,Frasco de 20 ml
"MEDIS FARMACÊUTICA, LDA",NEO ITRAX,Itraconazol,100mg,Cápsulas,3 Blister com 5 cápsulas
"MEDIS FARMACÊUTICA, LDA",NEO MEBEND,Mebendazol,100mg,Comprimidos,Blisteres de 6 Comp
"MEDIS FARMACÊUTICA, LDA",PROPIOSOL,Propionato de clobetasol,0.5mg/g,Pomada,Bisnagas de 30g
"MEDIS FARMACÊUTICA, LDA",PROPIOSOL,Propionato de clobetasol,0.5mg/g,Creme,Bisnagas de 30g
MISSIONPHARMA MOÇAMBIQUE,PREDNISOLONA,Prednisolona,5mg,Comprimidos,Blister de 10 comp
MAPUTO HEALTH CARE Lda,CLOTRY,CLOTRIMAZOL,1%,Solução cutânea,Frascos cde 15 ml
"MEDIS FARMACÊUTICA, LDA",ASUNAT DENK-100 PLUS,Artesunato + Sulfametoxipirazina + Pirimetamina,100mg+500mg+250mg,Comprimidos,Embalagens de 6 Comp
"MEDIS FARMACÊUTICA, LDA",ASUNAT DENK-200 PLUS,Artesunato + Sulfametoxipirazina + Pirimetamina,200mg+500mg+250mg,Comprimidos,Embalagens de 6 Comp
"MEDIS FARMACÊUTICA, LDA",BETAMOX,Amoxicilina + Ácido Clavulânico,"125mg+31,25mg/5mL (28,75mg+7,438mg)",Pó para Suspensão Oral,"Frascos de 75ml,100ml, 120ml e 150 ml"
"MEDIS FARMACÊUTICA, LDA",VALZAAR 160,Valsartan,160mg,Comprimidos Revestidos,3 Carteiras x 10 Comp
"MEDIS FARMACÊUTICA, LDA",VALZAAR 80,Valsartan,80mg,Comprimidos Revestidos,3 Carteiras x 10 Comp
"AFRI FARMÁCIA, LDA",WHITFIELD OINTMENT,Ácido Salicílico + Ácido Benzóico,6% + 3%,Pomada,Bisnaga de 20G
MAPUTO HEALTH CARE Lda,BENZIL BENZOATO loçao,Benzoato de Benzilo,25mg/ml,Loção,FRASCO DE 100 ML
MAPUTO HEALTH CARE Lda,BICOSONS,VIT.B1 + VIT. B2 + VIT.B6 + NIACINAMIDA + DEXPATENOL,"2 mg + 1 mg + 0,5 mg +15 mg + 2,5 mg",Xarope,FRASCO DE 100 ML
MAPUTO HEALTH CARE Lda,CIROCAINE GEL,Lidocaína,2% m/v,Gel,Tubo de aluminio de 30 g
MAPUTO HEALTH CARE Lda,CIROHIST- DH XAROPE,"DIFENIDRAMINA, Cloridrato + CLORETO DE AMÔNIO + CITRATO DE SÓDIO + MENTOL","12,50 mg + 100 mg + 50 mg + 1 mg",Xarope,FRASCOS DE 100 ML
MAPUTO HEALTH CARE Lda,CLORFENIRAMINA XAROPE B.P,"Clorfeniramina, maleato",2mg/5mL,Xarope,FRASCOS DE 100 ML
MAPUTO HEALTH CARE Lda,CORORANGE DROPS,FERRO III HIDRÓXIDO DE POLIMALTOSE+VIT.A+VITD3+VIT.B1+VITB2+NICOTINAMIDA+ÁCIDO CÍTRICO,"20 mg+4000UI+400 UI+1mg+0,4 mg+5 mg+1,5 mg",Gotas Orais,Frasco de conta  gotas de 15 ml
MAPUTO HEALTH CARE Lda,ILU NEBULISER,"Salbutamol, Sulfato",5mg/ml,Aerossol pressurizado para Nebulização,Frascos de 15 ml
MAPUTO HEALTH CARE Lda,NISTATINA SUSPENSÃO ORAL,Nistatina,100.000UI,Suspensão Oral,FRASCO DE 30 ML
MAPUTO HEALTH CARE Lda,VISITA PLUS,"Betametasona, diproprionato + Clotrimazol + Gentamicina sulfato","0.0275% + 1,1% + 0.115%",Creme tópico,Bisnagas 20 g
"MEDIMOC, SA",BALSAMO EHRLICH,ÓLEO DE EUCALIPTO + MENTOL+ CÂNFORA + ÉSTER BENZ.DO ACIDO NICOTINICO + ÓLEO DE RESINA CAPSICUM,1.8g + 0.1g + 0.1g + 1.0g + 0.5g,Pomada,Bisnaga de 75 ml
"WELLWORTH, LDA",ATORLIP-10,Atorvastatina,10mg,Comprimidos,Blisters 10x10 e 3x10
"WELLWORTH, LDA",CIPLACEF 1000,Ceftriaxona,1000mg,Solução Injectável,1 Ampola + Água ppi
"MEDIMPORT, LDA",AGIOCUR,Sementes de Plantago Ovata + Tegumentos de Ispaghula + Frutos Secos de Sene,650MG/G+22MG/G,Granulado,CAIXA CONTENDO 250G DE GRANULADO
"MEDIMPORT, LDA",AGIOLAX,Sementes de Plantago Ovata + Tegumentos de Ispaghula + Frutos Secos de Sene,"52,0g + 2,2g + 6,74g -13,15g",Granulado,EMBALAGEM  DE 250G E 400G
"WELLWORTH, LDA",BECOVITA XAROPE,Tiamina (Vit. B1) + Riboflavina (Vit. B2) +  Piridoxina (B6) + Cianocobalamina (Vit. B12) + Nicotinamida + D-Pantenol,5mg + 2.5mg + 1.5mg + 2.5mg + 25mg + 2.5mg,Xarope,Frascos 100ml
"MAPUTO HEALTH CARE, LDA",MHC -CLAVAMOC SUSPENSÃO,"Amoxicilina, Trihidrato + Clavulanato de Potássio",125mg/5mL + 31.25mg/5mL,Pó para Suspensão Oral,Frascos 100mL
"MEDIS FARMACÊUTICA, LDA",ACYCLOVIR-DENK 200,Aciclovir,200mg,Comprimidos Revestidos,Embalagem de 25 comprimidos
"MEDIS FARMACÊUTICA, LDA",ACYCLOVIR-DENK 5%,Aciclovir,5mg/g,Creme,BISNAGA de 5 GRS
SISMED - Sistemas médicos,CIPRIN-500,Ciprofloxacina,500mg,Comprimidos,Blisters 10x10
"WELLWORTH, LDA",GLYGARD,Gliclazida,80 mg,Comprimidos,Blisters 1x10
"WELLWORTH, LDA",NOVACLAV DRY SYRUP,Amoxicilina + Ácido Clavulânico,125mg/5ml + 31.25mg/5ml,Pó para Suspensão Oral,Frasco 100 ML
"MEDIMPORT, LDA",FIBROCIDE,Pentosano polissulfato de sódio,25mg,Comprimidos Revestidos,EMBALAGEM DE 60 COMPRIMIDOS
"MEDIMPORT, LDA",LEGALON,Silimarina,140mg,Cápsulas,EMBALAGEM DE  60 CÁPSULAS
"MEDIMPORT, LDA",LEGALON,Silimarina,1g/100g ou 10mg/g,Suspensão Oral,FRASCO DE  200 ML
"MEDIMPORT, LDA",Spasmoplex,Cloreto de tróspio,20mg,Comprimidos Revestidos,EMBALAGEM DE  60 COMP
"GENERICS & SPECIALITIES, Lda",Gencycline,Hirocloreto de Tetraciclina,500mg,Cápsulas,Embalagem 10X10
"GENERICS & SPECIALITIES, Lda",FLUGEN,"PARACETAMOL+CAFEÍNA,anidra+CLORFENIRAMINA,maleato+FENILEFRINA,cloridrato",300mg + 30.6mg + 2.1mg + 5.25mg,Cápsulas,BLISTER  DE 10 CÁPS
"GENERICS & SPECIALITIES, Lda",NEUROBION FORTE,Tiamina (Vit B1) + Piridoxina + Cianocabalamina + Nicotinamida + Pantotenato de Cálcio,10mg + 3mg + 15mcg + 100mg + 50mg,Comprimidos Revestidos,BLISTERES 2 X 5 X 10 COMP
"SHANI, LIMITADA",EXOVATE POMADA,"CLOBETASOL,propionato",0.5mg,Pomada,Bisnaga de 10g
"SHANI, LIMITADA",OMASTIN,Fluconazol,50mg,Cápsulas,Blisters 1x50
"MEDIMOC, SA",Allergodil,"Azelastina, cloridrato",0.10%,Solução Nasal,Frasco de 10ml
"MEDIMOC, SA",Allergodil,"Azelastina, cloridrato",0.50%,Colírio,Frasco de 10ml
"WELLWORTH, LDA",ABAMUNE,"Abacavir, sulfato",300mg,Comprimidos,Frascos de 60 comprimidos
"WELLWORTH, LDA",Efavir 600,Efavirenz,600mg,Comprimidos,Embalagem de 30
"WELLWORTH, LDA",HALOTRIN,"Halofantrina, hidrocloreto",100mg/5ml,Xarope,Frascos 30ml
"WELLWORTH, LDA",LAMIVIR S 30,Estavudina  + Lamivudina,30mg + 150mg,Comprimidos,Frasco de 60 Comprimidos
"WELLWORTH, LDA",LAMIVIR S 40,Lamivudina+Estavudina,150mg + 40mg,Comprimidos,Frasco de 60 Comprimidos
"GENERICS & SPECIALITIES, LDA",GENDOL,Paracetamol,500mg,Comprimidos,Embalagens 10X10 e 50x10
"MEDIMPORT, LDA",ETIZEM 180,"DILTIAZEM,cloridrato",180mg,Cápsula de libertação prolongada,EMBALAGEM DE 60 CÁPSULAS
"MEDIMPORT, LDA",ETIZEM 240,"DILTIAZEM,cloridrato",240mg,Cápsula de libertação prolongada,EMBALAGEM DE  60 CÁPSULAS
"MEDIMPORT, LDA",ETIZEM 300,"DILTIAZEM,cloridrato",300mg,Cápsula de libertação prolongada,EMBALAGEM DE  60 CÁPSULAS
"MEDIMPORT, LDA",VENOPARIL,ESCINA + SALICILATO DIETILAMINA,10mg+50 mg,Gel,BISNAGA 40 G
"AFRI FARMÁCIA, LDA",ARTECURE,Artesunato + Sulfadoxina + Pirimetamina,100mg+500mg+25mg,Comprimidos,10 BLISTERS DE (6+3) COMP
"AFRI FARMÁCIA, LDA",ARTHONATE 100,Artesunato,100mg,Comprimidos,1 BLISTER DE 6 COMP
"AFRI FARMÁCIA, LDA",ARTHONATE 50,Artesunato,50mg,Comprimidos,4 BLISTERS DE 10 COMP
"MEDIS FARMACÊUTICA, LDA",CORTICIL T,"HIDROCORTISONA  + OXITETRACICLINA, cloridrato",10mg/g+30mg/g,Pomada,BISNAGA 10 G
"MEDIS FARMACÊUTICA, LDA",PILOCARCIL,"PILOCARPINA,cloridrato",20MG/ML,Colírio,FRASCO DE  10 ML
"MEDIS FARMACÊUTICA, LDA",TORRENT NORFLOXACIN,NORFLOXACINA,400mg,Comprimidos Revestidos,EMBALAGEM DE 100 COMPRIMIDOS
"PHARMANOVA, Lda",MELDOL,Paracetamol,500mg,Comprimidos,Blisters 50x2 Comprimidos
"GENERICS & SPECIALITIES, Lda",Cotrigen,Sulfametoxazol + Trimetoprim,400mg + 80mg,Comprimidos,Embalagem 10X10
"MEDIMOC, SA",BETADINE Solução Bucal,IODOPOVIDONA,0%,Solução Bucal,Frasco de 125ml
"PHARMANOVA, Lda",PAINRID,Paracetamol + Cafeína,500mg + 30mg,Cápsulas,Blisters 50x2 Cápsulas
"MEDIS FARMACÊUTICA, LDA",KINAZOL® Dermicum,Ketoconazol,20mg/mL,Shampoo,FRS 60ml e de 100ml
"WELLWORTH, LDA",MEFLIAM,"Mefloquina, hidrocloreto",250mg,Comprimidos,Embalagem 1x6
"MEDIMPORT, LDA",ASPEN NEVIRAPINE,Nevirapina,200mg,Comprimidos,blister 60 comp
"MEDIMPORT, LDA",ASPEN LAMZID AND NEVERAPINA,Lamivudina + Zidovudina + Nevirapina,150mg +300mg +200mg,Comprimidos,Embalagem de 6 + 6
"MEDIMPORT, LDA",ASPEN LAMZID,Lamivudina + Zidovudina,150mg+300mg,Comprimidos,Embalagem de 60 Comprimidos
"MEDIMPORT, LDA",TRUVADA,Tenofovir disopropil fumarato + Emtricitabina,300mg + 200mg,Comprimidos,Frasco de 30 Comprimidos
"MEDIS FARMACÊUTICA, LDA",ISOPROTIL,Isotretinoína,8mg,Cápsulas,"Blister de 20,30,50,60,90 e 100"
"MEDIS FARMACÊUTICA, LDA",ISOPROTIL,Isotretinoína,16mg,Cápsulas,"Blister de 20,30,50,60,90 e 100"
"MEDIS FARMACÊUTICA, LDA",PANDERMIL,"Hidrocortisona, acetato",10mg/g,Líquido cutâneo,FRS 100 ML
"WELLWORTH, LDA",CANDID CREAM,Clotrimazol,1%,Creme tópico,Bisnaga de 20g
"WELLWORTH, LDA",FORCAN 150,Fluconazol,150mg,Cápsulas,Blisters 10x10 e 1x5
"WELLWORTH, LDA",FORCAN 50,Fluconazol,50mg,Cápsulas,Blisters 10 x 4
"WELLWORTH, LDA",WARF-5,Warfarina sódica,5mg,Comprimidos,Blisters 10x10
"WELLWORTH, LDA",ZINORAL SHAMPOO,Ketoconazol,2% W/W,Shampoo,Frasco de 100ml
"SAHAR MEDIRAN, LDA",CÁLCIO - EFF,LACTATO-GLUCONATO DE CÁLCIO + CARBONATO DE CÁLCIO + BICARBONATO DE SÓDIO + ÁCIDO CÍTRICO + Sacarose + Sacarina sódica + Cloreto de sódio + Sabor de limão + Polietilenoglicol + Benzoato de sódio + Etanol + Polivinilpirrolidona (K-30) + Cálcio,"2,94g + 0,3g + 1g + 1,65g + 0,85g + 0,02g + 0,02g +0,02g + 18g + 0,10g + 0,88ml + 0,24g",Comprimido Efervescente,Frasco de 10 comprimidos
"MEDIS FARMACÊUTICA, LDA",PROSTAFIN,Finasterida,5mg,Comprimidos Revestidos,"Blister de 10, 30 e 60 comprimidos"
MISSIONPHARMA MOÇAMBIQUE,ALBENDAZOL,Albendazol,400mg,Comprimido Mastigável,Embalagem 10X10
MISSIONPHARMA MOÇAMBIQUE,FENOXIMETILPENICILINA,Fenoximetilpenicilina Potássica,500mg,Comprimidos,Embalagem 10X10
MISSIONPHARMA MOÇAMBIQUE,METRONIDAZOL,Metronidazol,250mg,Comprimidos,Embalagem 10X10
MISSIONPHARMA MOÇAMBIQUE,PARACETAMOL,Paracetamol,500mg,Comprimidos,Embalagem 10X10
"MEDIS FARMACÊUTICA, LDA",TERBINAFINA FUNGIL,"Terbinafina, Cloridrato",250mg,Comprimidos,Embalagem de 14 e 28 comprimidos
"WELLWORTH, LDA",Fertomid 50,"Clomifeno, citrato",50mg,Comprimidos,Blisters 1x10 e 10x10
"GENERICS & SPECIALITIES, Lda",ARTEFIL-100,Artesunato,100mg,Comprimidos Revestidos,Blister de 6 comprimidos
"GENERICS & SPECIALITIES, Lda",ARTEFIL-50,Artesunato,50mg,Comprimidos,Blister de 6 comprimidos
"GENERICS & SPECIALITIES, Lda",ATORGEN,Atorvastatina Cálcio,20mg,Comprimidos Revestidos,Blister de 10 comprimidos
"GENERICS & SPECIALITIES, Lda",SPAFIL,Sulfadoxina + Pirimetamina + Artesunato,500mg+25mg+100mg,Comprimidos,Blister de 9 comp: 6+3
"GENERICS & SPECIALITIES, Lda",SPAFIL KID,Sulfadoxina + Pirimetamina + Artesunato,500mg+25mg+50mg,Comprimidos,Blister de 9 comp: 6+3
"GENERICS & SPECIALITIES, Lda",GENCIN,Gentamicina,40mg,Solução Injectável,
"GENERICS & SPECIALITIES, Lda",Nistatina Suspensão oral,Nistatina,100000 U.I/5ml,Suspensão Oral,
"GENERICS & SPECIALITIES, Lda",Tosselvon Linctus,"Bromexina, Hidrocloreto",4mg/5mL,Xarope,Frasco de 100mL
"GENERICS & SPECIALITIES, Lda",Lumbrix S,Mebendazol USP,100mg/5mL,Suspensão Oral,
"GENERICS & SPECIALITIES, Lda",Sarnax,Benzil benzoato BP,25%W/V,Emulsão Cutânea,
"AFRI FARMÁCIA, LDA",CLOPID,Clopidogrel Bissulfato,75mg,Comprimidos,10x0
"GENERICS & SPECIALITIES, Lda",BROZEET,"Terbutalina, Sulfato + Ambroxol, Hidrocloreto + Guaifenisina",1.5mg + 15mg + 50mg,Xarope,Frasco de 100ml
"AFRI FARMÁCIA, LDA",PENVIR,Famociclivir,250mg,Comprimidos,5x6
"AFRI FARMÁCIA, LDA",PENVIR,Famociclivir,500mg,Comprimidos,5x3
"AFRI FARMÁCIA, LDA",HIDRALAZINE-25,"Hidralazina, Cloridrato",25mg,Comprimidos Revestidos,
"GENERICS & SPECIALITIES, Lda",AZITHRAL-250,"Azitromicina, Dihidrato",250mg,Comprimidos,
"GENERICS & SPECIALITIES, Lda",AZITHRAL-500,"Azitromicina, Dihidrato",500mg,Comprimidos,
"GENERICS & SPECIALITIES, LDA",CLARITHRO-500,Claritromicina,500mg,Comprimidos,
"SHANI, LIMITADA",STORVAS,Atorvastatina Cálcica,10mg,Comprimidos Revestidos,Embalagem de 30 comp
"SHANI, LIMITADA",STORVAS,Atorvastatina Cálcica,20mg,Comprimidos Revestidos,Embalagem de 30 comp
"WELLWORTH, LDA",SIMCARD-20,Sinvastatina,20mg,Cápsulas,11 blister de 10 cápsulas
MAPUTO HEALTH CARE Lda,GLUCOSE A 5% W/V,Glucose,0%,Solução Injectável,1 x 500ml; 1 x 1000ml
MAPUTO HEALTH CARE Lda,NIRMET,Metronidazol,500mg/100ml,Solução Injectável,frasco de 100ml
"MEDIMOC, SA",BACTERACIN-F,Trimetoprim + sulfametoxazol,800mg + 160mg,Comprimidos,Embalagens de 10 Comprimidos
"MEDIMOC, SA",ALPHACAÍNE 50,"Lidocaína, Cloridrato + Epinefrina",20mg/ml + 0.02mg/ml,Solução Injectável,"5 Blisters com 10 ampolas de 1,8ml"
"MEDIMOC, SA",RIFAXIN CÁPSULAS,Rifampicina,300mg,Cápsulas,
"MEDIMOC, SA",MAXIBU,Paracetamol + Ibuprofeno + Cafeína,325mg + 200mg + 30mg,Cápsulas,"2 Blisters de 10, 25 Blisters de 10 Comprimidos"
"MEDIMOC, SA",MAXVIN,Piroxicam,20mg,Cápsulas,10x10
"MEDIMOC, SA",GLOMETH TABLETS,"Prometazina, Cloridrato",25mg,Comprimidos Revestidos,10x10
"MEDIS FARMACÊUTICA, LDA",PARACETAMOL + CAFEÍNA ALGIK,Paracetamol + Cafeína,500mg + 50mg,Comprimido Efervescente,embalagem de 20 saquetas
"MEDIS FARMACÊUTICA, LDA",BONALEN 10,Ácido Alendrónico,10mg,Comprimidos,Embalagem de 15a 30 Comprimidos
"MEDIS FARMACÊUTICA, LDA",BONALEN 70,Ácido Alendrónico,70mg,Comprimidos Revestidos,"embalagem de 2, 6, 4, 8 e 12 Comprimidos"
"MEDIS FARMACÊUTICA, LDA",CEFUROXIME- SYNTO,Cefuroxima Sódica,750mg,Pó para Injectável,"embalagem de 10, 50 e 100 frascos"
"MEDIS FARMACÊUTICA, LDA",CEFUROXIME- SYNTO,Cefuroxima Sódica,1500mg,Pó para Injectável,"embalagem de 10, 50 e 100 frascos"
"MEDIS FARMACÊUTICA, LDA",ITRAZOL,Itraconazol,100mg,Cápsulas,embalagem de 4 e 15 comprimidos
"MEDIS FARMACÊUTICA, LDA",TESS,"Ciproterona, Acetato + Etinilestradiol","2mg + 0,035 mg",Comprimidos Revestidos,"embalagem de 1 x28, 3 x 28, 50 x 28"
"MEDIS FARMACÊUTICA, LDA",TUSSILENE®,"Dextrometorfano, Bromidrato",10mg,Pastilha,embalagem de 12 e 24 pastilhas
"GENERICS & SPECIALITIES, Lda",GLYCODIN COUGH SYRUP,Hidrato de Terpina + Hidrobrometo de Dextrometorfano + Levomentol,10mg/5ml + 10mg/5ml + 3.75mg/5ml,xarope,Frasco de 100ml
"MAPUTO HEALTH CARE, LDA",AMURATE,"Amilorido, hidrocloreto",5mg,Comprimidos,Embalagem de 10 x10 comp
"MEDIMOC, SA",CIPOXCIN,"Ciprofloxacina, Cloridrato",250mg,Comprimidos,1x10 Comp e embalagem de 10 x10
"MEDIMOC, SA",ERREGRA-50,Citrato de Sildenafil,50mg,Comprimidos,4 Comprimidos
"MEDIMOC, SA",ERREGRA-100,Citrato de Sildenafil,100mg,Comprimidos,4 Comprimidos
"MEDIMOC, SA",MAXTRIM,Sulfametoxazol + Trimetoprim,400mg + 80mg,Comprimidos,10x10
"MEDIS FARMACÊUTICA, LDA",TORAS-DENK 5,Torasemida,5mg,Comprimidos,Embalagem de 30 comprimidos
"MEDIS FARMACÊUTICA, LDA",TORAS-DENK 10,Torasemida,10mg,Comprimidos,Embalagem de 30 comprimidos
"SHANI, LIMITADA",Codef,"Codeína, fosfato + Mepiramina, maleato + Efedrina, Cloridrato",7.5mg + 20mg + 15mg,Xarope,
MAPUTO HEALTH CARE Lda,MICROLETTE CONFIANÇA,Etinilestradiol + Levonorgestrel,0.03mg + 0.15mg,Comprimidos vaginais,1 x 28 comp
"WELLWORTH, LDA",PROFENAC,Diclofenac Sódico,0.1%W/V,Solução Oftálmica,
"GENERICS & SPECIALITIES, Lda",MULTIGEN,Multivitaminas,2500UI+200UI+1mg+1mg+0.5mg+15mg+25mg,Comprimidos,50x10
"GENERICS & SPECIALITIES, Lda",NALGEN S,Ácido Nalidíxico,300mg/5mL,Suspensão Oral,
"MEDIMOC, SA",CLORIDRATO DE OXIMETAZOLINA,"Oximetazolina, cloridrato","0,5mg/mL",Solução Nasal,Frasco de 30ml
"MEDIMOC, SA",DIGOXINA,Digoxina,0.25mg,Comprimidos,Frascos de 30 e 100 comprimidos
"GENERICS & SPECIALITIES, Lda",ENERGEN,Vit. B1 + Vit. B6+Vit B2+Vit B12+Nicotinamida+Ácido fólico,"1mg+1mg+15mg+1mg+1mcg+0,5mg",Comprimidos,10x10
"GENERICS & SPECIALITIES, Lda",MORPHIGESIC,"Morfina, Sulfato",30mg,Comprimidos,
"WELLWORTH, LDA",MICOGEL,"Miconazol, Nitrato",2%/g,Pomada,Bisnaga de 15g
"WELLWORTH, LDA",ASPIN 100,Ácido Acetilsalicílico,100mg,comprimido de revestimento entérico,Blisters 1x30
"WELLWORTH, LDA",EDOCOMPLEX,"Tiamina, hidrocloreto (Vit.B1) + Riboflavina (Vit.B2) + Nicotinamida (Vitaminas do complexo B)",1mg + 1mg + 10mg,Comprimidos,Frasco de 1000 Comprimidos
"WELLWORTH, LDA",EDOVIT,"Vitamina A + tiamina, hidrocloreto + Riboflavina + Piridoxina, hidrocloreto + Cianocobalamina + Nicotinamida + Ácido ascórbico","1000UI + 1mg + 1mg + 0,25mg + 1mcg + 5mg + 5mg",Comprimidos Revestidos,Frasco de 1000 Comprimidos
MAPUTO HEALTH CARE Lda,DICLOFENAC SÓDIO INJECTÁVEL,Diclofenac Sódio,25mg/mL,Solução Injectável,Ampola de 3mL
MAPUTO HEALTH CARE Lda,GENTAMICINA SOLUÇÃO INJ,Gentamicina,40mg/ml,Solução Injectável,frasco 2ml
MAPUTO HEALTH CARE Lda,T-CLOR,Clorfernamina maleato,2mg/5ml,Xarope,frasco 100ml
MAPUTO HEALTH CARE Lda,CLORANFENICOL SUCCINATO SÓDICO,Clorafenicol succinato sódico,1g,Pó para suspensão injectável,frasco 10ml
MEDIMPORT LDA,AMARYL,Glimepiride,1mg,Comprimidos,6 Carteiras x 10 Comp
"MEDIS FARMACÊUTICA, LDA",ATERAX,"Hidroxizina, Dihidrocloreto",25mg,Comprimidos,Blisteres de 10 Comp
MEDIMPORT LDA,CO ARSUCAM,Artesunate+Amodiaquina,25mg + 67.5mg,Comprimidos,"1 blister x 3comp, 25 Blisteresx3 Comp, 25blister de 6comp"
MEDIMPORT LDA,CO ARSUCAM,Artesunate+Amodiaquina,50mg + 135mg,Comprimidos,1 blister x 3comp e 25 Blisteresx3 Comp
MEDIMPORT LDA,CO ARSUCAM,Artesunate+Amodiaquina,100mg + 270mg,Comprimidos,"1blister x 3comp, 25 Blisteresx3 Compe 25blister de 6comp"
"MEDIS FARMACÊUTICA, LDA",KEPPRA,Levetitracetam,100mg/ml,Solução Oral,Frascos de 300ml
"MEDIS FARMACÊUTICA, LDA",XYZAL,"Levo-Cetirizina, Dihidrocloreto",5mg,Comprimidos Revestidos,Blisteres de 14 Comp
"MEDIS FARMACÊUTICA, LDA",Biopental-om,concentrado om-85,7.14ml,gotas nasais,Frascos de 25ml
"MEDIS FARMACÊUTICA, LDA",CIRRUS,"Cetirizina, Hidrocloreto + Pseudoefedrina, Hidrocloreto",120mg + 5mg,Comprimidos Revestidos,Blisteres de 14 Comp
"MEDIS FARMACÊUTICA, LDA",ZYRTEC,"Cetirizina, Dihidrocloreto",10mg,Comprimidos Revestidos,"1 x 10, 3 x 10 e embalagem de 20 comprimidos"
"MEDIS FARMACÊUTICA, LDA",NEO  METRODAZOL,Metronidazol,250mg,Comprimidos,2 Blisteres x 10 comprimidos
"MEDIS FARMACÊUTICA, LDA",NEO FLUOXETIN,"Fluoxetina, Cloridrato",20mg,Cápsulas,Cartucho de 2 Blisteres de 14 Comprimidos
"MEDIS FARMACÊUTICA, LDA",NEO LORATADIN,LORATADINA,10mg,Comprimidos,Blister de 12 comprimidos
"MEDIS FARMACÊUTICA, LDA",TEGREX,Carbamazepina,200mg,Comprimidos,2 blister x 10 comprimidos
"MEDIS FARMACÊUTICA, LDA",AMLOCOR 5,"Amlodipina, besilato",5mg,Comprimidos,Blister 3 x 10 Comprimidos
"MEDIS FARMACÊUTICA, LDA",AMLOCOR 10,"Amlodipina, besilato",10mg,Comprimidos,BLISTERES 3 x 10 COMP
"MEDIS FARMACÊUTICA, LDA",LISTRIL 5,LISINOPRIL,5mg,Comprimidos,10CARTEIRA  x 10 COMP
"MEDIS FARMACÊUTICA, LDA",RESPIDON 1,Risperidona,1mg,Comprimidos Revestidos,EMBALAGEM  DE 50 COMP
"MEDIS FARMACÊUTICA, LDA",RESPIDON 2,Risperidona,2mg,Comprimidos Revestidos,BLISTERES 50 COMP
"MEDIS FARMACÊUTICA, LDA",AMETHER DENK 40,Beta Artemeter,40mg,Supositório,6 Supositorios
"MEDIS FARMACÊUTICA, LDA",SYSCAN 150,Fluconazol,150mg,Cápsulas,1Blisterx 1 Cápsula
"MEDIS FARMACÊUTICA, LDA",ALMINTH-400,Albendazol,400mg,Comprimido Mastigável,1 strip x 1 comp
"MEDIS FARMACÊUTICA, LDA",CALCIGARD RETARD,Nifedipina,20mg,Comprimidos,Bister de 10 x 10 comprimidos
"MEDIS FARMACÊUTICA, LDA",DICLOMAX- 25,Diclofenac sodium,25mg,Comprimidos,Embalagens de 100 comp.
"MEDIS FARMACÊUTICA, LDA",DICLOMAX- 50,Diclofenac Sódico,50mg,Comprimidos,Embalagens de 100 comp.
"MEDIS FARMACÊUTICA, LDA",FUNGICIDE,Ketoconazol,200mg,Comprimidos,Caixa de 30 e de 100 comprimidos
"MEDIS FARMACÊUTICA, LDA",TORRENT CAPTOPRIL,Captopril,25mg,Comprimidos,Embalagens de 100 comp.
"MEDIS FARMACÊUTICA, LDA",TORRENT LOPERAMIDE,Loperamida,2mg,Comprimidos,Embalagens de 100 comp.
"GENERICS & SPECIALITIES, Lda",Glicose Infusão Intravenosa,Glicose anídrica,5%,Infusão Intravenosa,Balão de 250ml e de 500ml
"MEDIS FARMACÊUTICA, LDA",ANTIDEP,Imipramina,25mg,Comprimidos Revestidos,1 carteira x 10 Comp e 100 comp
"MEDIS FARMACÊUTICA, LDA",Darte-q Capsules,Dihidroartemisina + Piperaquina fosfato,40mg + 320mg,Cápsulas,1x8 Capsulas
"MEDIS FARMACÊUTICA, LDA",DARTE-Q GRANULES,Dihidroartemisina + Piperaquina fosfato,15mg + 120mg,Granulado,SAQUETAS 15mg
"MEDIS FARMACÊUTICA, LDA",FEGEM PLUS 100,Ferro Elementar+Ácido Fólico,"100mg + 0,35mg",Comprimido Mastigável,3x10 comp.
"MEDIS FARMACÊUTICA, LDA",OMIZAC,Omeprazol,20mg,Cápsulas,BLISTERES 5 x 10 CÁPS
MAPUTO HEALTH CARE Lda,Maprocar,Finasterida,5mg,Comprimidos revestidos,BLISTERES 10 X 10 COMP
MAPUTO HEALTH CARE Lda,Mortem Plus,Arteméter + Lumefantrina,20mg + 120mg,Comprimidos,3BLISTER DE 8 COMP
MOFARMEX,Atripla,Efavirenz + Emtricitabina + Tenofovir disoproxil fumarato,600mg + 200mg + 300mg,Comprimidos,Frasco de 30 Comprimidos
MOFARMEX,Stocrin 200,Efavirenz,200mg,Comprimidos,Frasco de 30 e 90 Comprimidos
MOFARMEX,Stocrin 50,Efavirenz,50mg,Comprimidos,Frasco de 30 e 90 Comprimidos
MOFARMEX,Stocrin 600,Efavirenz,600mg,Comprimidos,Frasco de 30 e 90 Comprimidos
MISSIONPHARMA MOÇAMBIQUE,DICLOFENAC SÓDICO,Diclofenac Sódico,25mg,Comprimido gastro-resistente,Embalagem 10X10
"GENERICS & SPECIALITIES, Lda",ALUGEN,Hidróxido de Alumínio,500mg,Comprimidos,embalagens 10X10
"GENERICS & SPECIALITIES, Lda",CLORETO DE SÓDIO BP,Cloreto de Sódio,0.9%w/m,Solução injectável,"Balões de 250, 500 e 1000ml"
"GENERICS & SPECIALITIES, Lda",GENFORM,"Metformina, hidrocloreto",500mg,Comprimidos,embalagens 10X10
MISSIONPHARMA MOÇAMBIQUE,CLORANFENICOL,Cloranfenicol,1%,Pomada Oftálmica,Bisnaga de 5g
MISSIONPHARMA MOÇAMBIQUE,CLOTRIMAZOL,Clotrimazol,1%,Creme tópico,Tubo de 20g
MISSIONPHARMA MOÇAMBIQUE,DIPROPIONATO DE BETAMETASONA,Dipropianato de Betametasona,0%,Creme,Bisnaga de 30g
"GENERICS & SPECIALITIES, Lda",GLIGEN,Glibenclamida,5mg,Comprimidos,EMBALAGEM  10x 10
"MEDIS FARMACÊUTICA, LDA",DICLO DENK -100 Rectal,Diclofenac,100mg,Supositório,10 Supositórios
"MEDIS FARMACÊUTICA, LDA",DICLO DENK -100 Retard,Diclofenac,100mg,Comprimido de Libertação Prolongada,10 x 10 Comp
"MEDIS FARMACÊUTICA, LDA",FERRO DENK-50,"Ferro (II), fumarato",50mg,Comprimidos Revestidos,Embalagens de 50 Comp
"MEDIS FARMACÊUTICA, LDA",QUINTOR - 500,Ciprofloxacina,500mg,Comprimidos,10x10 comp.
"GENERICS & SPECIALITIES, Lda",GENSIDAR,Sulfadoxina + Pirimetamina,500mg + 25mg,Comprimidos,Blister de 3 comp.
MISSIONPHARMA MOÇAMBIQUE,ÁCIDO ACETILSALICÍLICO,Ácido Acetilsalicílico,500mg,Comprimidos,"Embalagem 10X10, 500"
MISSIONPHARMA MOÇAMBIQUE,ÁCIDO BENZÓICO COMPOSTO BP,Ácido Salicílico + Ácido Benzóico,30mg + 60mg,Pomada,Bisnaga de 40g
MISSIONPHARMA MOÇAMBIQUE,DICLOFENAC SÓDICO,Diclofenac Sódico,50mg,Comprimidos,Embalagem 10X10
MISSIONPHARMA MOÇAMBIQUE,NISTATINA,Nistatina,100.000UI/g,Creme,Bisnaga de 30g
MISSIONPHARMA MOÇAMBIQUE,TETRACICLINA HCL,"Tetraciclina, hidrocloreto",3% (30mg/g),Pomada,Bisnaga de 15g
MISSIONPHARMA MOÇAMBIQUE,Ácido Ascórbico,Ácido Ascórbico,100mg,Comprimidos,Embalagem 10X10
MISSIONPHARMA MOÇAMBIQUE,Clorfeniramina 4,"Clorfeniramina, maleato",4mg,Comprimidos,Embalagem 10X10
MISSIONPHARMA MOÇAMBIQUE,CO-TRIMOXAZOL,Trimetoprim + Sulfametoxazol,200mg/5mL + 40mg/5mL,Suspensão Oral,Frasco de 100mL
"MEDIS FARMACÊUTICA, LDA",ARTEOPTIC 1%,Carteolol,10mg/ml,Colírio,Frascos de 5ml
"MEDIS FARMACÊUTICA, LDA",ARTEOPTIC 2%,Carteolol,20mg/ml,Colírio,Frascos de 5ml
"MEDIS FARMACÊUTICA, LDA",RANITIN 150,Ranitidina,150mg,Comprimidos,embalagem de 10 x10 comp
"MEDIS FARMACÊUTICA, LDA",RANITIN 300,Ranitidina,300mg,Comprimidos,embalagem de 10 x10 comp
"MEDIS FARMACÊUTICA, LDA",TERBINAFINA BALDACCI,"Terbinafina, Cloridrato",10mg/g,Creme,Embalagem de 15g
"WELLWORTH, LDA",CLEAR COUGH,"Difenidramina, Hidrocloreto",14.1mg,Xarope,Frasco de 100ml
"WELLWORTH, LDA",DR SMITH´S VITAMINA E,"Alfatocoferil, Acetato",400mg,Cápsulas moles de gelatina,Blisters 10x10
"WELLWORTH, LDA",FINCAR,Finasterida,5mg,Comprimidos Revestidos,Blisters 20x10
"WELLWORTH, LDA",GLINIL,Glibenclamida BP,5mg,Comprimidos,Blisters 10x10
"AFRI FARMÁCIA, LDA",SERGEN-50,"Sertralina, Hidrocloreto",50mg,Comprimidos Revestidos,Blisters 10x10
"GENERICS & SPECIALITIES, LDA",GENMOX-125,Amoxicilina,125mg/5mL,Suspensão Oral,Frasco de 100mL
"GENERICS & SPECIALITIES, LDA",GENMOX-250,Amoxicilina,250mg/5mL,Suspensão Oral,Frasco de 100mL
"GENERICS & SPECIALITIES, Lda",INDOGEN,Indometacina,25mg,Cápsulas,EMBALAGEM  10x 10
"GENERICS & SPECIALITIES, Lda",LOPERAMIDA HIDROCLORETO USP,Loperamida Hidrocloreto USP,2mg,Cápsulas,EMBALAGEM  10x 10
"MEDIS FARMACÊUTICA, LDA",BENOXOGEL 10%,Peróxido de Benzoílo,10% p/p,Gel,Bisnagas de 40g
"MEDIS FARMACÊUTICA, LDA",BENOXOGEL 5%,Peróxido de Benzoílo,5% p/p,Gel,Bisnagas de 40g
"MEDIS FARMACÊUTICA, LDA",EFCURE 600,Efavirenz,600mg,Comprimidos Revestidos,Embalagens de 30 e 60 Comp
"MEDIS FARMACÊUTICA, LDA",FONGITAR,Alcatrão mineral + Óleo de cade + Piritiona de Zinco + Extracto  de Coaltar em oleo de amendoim,3mg/ml+ 3mg/ml + 10mg/ml + 4mg/ml,Champô,Frasco de 150ml
"MEDIS FARMACÊUTICA, LDA",ISOTREX,Isotretinoína,"0,05mg/g",Gel,Bisnagas de 30g
"MEDIS FARMACÊUTICA, LDA",ISOTREXIN,Isotretinoína + Eritromicina,0.05% + 2%,Gel,Bisnagas de 30g
"MEDIS FARMACÊUTICA, LDA",LACTISONA,Hidrocortisona,1%,Líquido Cutâneo,Frascos de 60ml
"MEDIS FARMACÊUTICA, LDA",LACTISONA,Hidrocortisona,3%,Líquido Cutâneo,Frascos de 60ml
"MEDIS FARMACÊUTICA, LDA",NEVIR,Nevirapina,200mg,Comprimidos,Embalagem  de 60 COMP
"MEDIS FARMACÊUTICA, LDA",PANOXYL,Peróxido de Benzoílo,10%,Loção,Frascos de 100ml
"MEDIS FARMACÊUTICA, LDA",POLYTAR,Alcatrão mineral + Óleo de cade + Solução de Coaltar,3 + 3 + 1 + 3mg,Champô,Frasco de 150ml
"MEDIS FARMACÊUTICA, LDA",TARMED,Solução de Coaltar,4%,Champô,Frasco de 130ml
"MEDIS FARMACÊUTICA, LDA",DUAC GEL,Clindamicina + Peróxido de Benzoílo,1% p/p + 5% p/p,Gel,Frascos de 25g
"MEDIS FARMACÊUTICA, LDA",FAMOTIONE DENK 40,Famotidina,40mg,Comprimidos Revestidos,2 Blisteres x 10 comprimidos
"MEDIS FARMACÊUTICA, LDA",LAZID,Lamivudina + Zidovudina,150mg + 300mg,Comprimidos Revestidos,Embalagem de 60 COMP
"MEDIS FARMACÊUTICA, LDA",PARACO-DENK 1000/60 SUPP,Paracetamol + Fosfato de Codeína,1000mg + 60mg,Supositório,Embalagens de 10 Supositório
"MEDIS FARMACÊUTICA, LDA",PARACO-DENK 500/30,Paracetamol + Codeína,500mg + 30mg,Comprimidos,2x10 Comp
"MEDIS FARMACÊUTICA, LDA",PARA-DENK 4%,Paracetamol,4%,Xarope,Frascos de 100ml
"MEDIS FARMACÊUTICA, LDA",VIT B - DENK,Vit. B1 + Vit. B6,100mg + 200mg,Comprimidos Revestidos,10x10 comp.
BAYER SCHERING PHARMA MOÇAMBIQUE,ASPIRINA MASTIGÁVEL,Ácido Acetilsalicílico,500mg,Comprimidos,Embalagem de 10 Comprimidos
BAYER SCHERING PHARMA MOÇAMBIQUE,DIANE-35,"Ciproterona,acetato + Etiniestradiol",2mg + 0.035mg,Comprimidos,EMBALAGEM COM BLISTERS DE 21 OU 63 UNIDADES
BAYER SCHERING PHARMA MOÇAMBIQUE,POSTENOR,Levonorgestrel,1.5mg,Comprimidos,EMBALAGEM COM BLISTER DE 1 COMP
"MEDIS FARMACÊUTICA, LDA",AMOXI-DENK 250 DISPERS,Amoxicilina,250mg,Comprimido Dispersível,2x10 Comp
"MEDIS FARMACÊUTICA, LDA",CAPTOPRIL DENK 25,Captopril,25mg,Comprimidos,10x10 comp.
"MEDIS FARMACÊUTICA, LDA",DENKALGIN PAIN RELIEF,Ácido Acetilsalicílico + Paracetamol + Cafeína,250mg + 200mg + 50mg,Comprimidos,2x10 Comp
"MEDIS FARMACÊUTICA, LDA",FANTEM,Arteméter + Lumefantrina,20mg + 120mg,Comprimidos,"Embalagens de12, 24, 36 e 48 Comp"
"MEDIS FARMACÊUTICA, LDA",IBUPROFEN DENK 400,Ibuprofeno,400mg,Comprimidos Revestidos,embalagem de 20 e de 10x10 comprimidos
"MEDIS FARMACÊUTICA, LDA",MALMED INFANT,Artesunato + Amodiaquina,25mg + 75mg,Comprimidos,CARTEIRA  DE 6 COMP
"MEDIS FARMACÊUTICA, LDA",MALMED JR,Artesunato + Amodiaquina,100mg + 300mg,Comprimidos,CARTEIRA  DE 6 COMP
"MEDIS FARMACÊUTICA, LDA",MALMED KID,Artesunato + Amodiaquina,50mg + 150mg,Comprimidos,CARTEIRA  DE 6 COMP
"MEDIS FARMACÊUTICA, LDA",MICANE,"Miconazol, nitrato",20mg/g,Creme,Bisnaga de 30 g
"MEDIS FARMACÊUTICA, LDA",PARA-DENK,Paracetamol,500mg,Comprimidos,2x10 Comp
"MEDIS FARMACÊUTICA, LDA",SIMVA-DENK 20,Sinvastatina,20mg,Comprimidos Revestidos,3x10 comp.
"MEDIS FARMACÊUTICA, LDA",SIMVA-DENK 40,Sinvastatina,40mg,Comprimidos Revestidos,3x10 comp.
"MEDIS FARMACÊUTICA, LDA",Vit B12-Denk 3000 Injectable,Cianocobalamina (Vit.B12),3000mg,Injectável,50 Ampolas de 2ml
"GENERICS & SPECIALITIES, Lda",TETRAGEN,Hirocloreto de Tetraciclina,500mg,Cápsulas,Embalagem 10X10 de 500 e 1000 cáps
"MEDIS FARMACÊUTICA, LDA",AMLO-DENK 5,"Amlodipina, besilato",5mg,Comprimidos,"caixa de 10, 5x10"
"MEDIS FARMACÊUTICA, LDA",AMLO-DENK 10,"Amlodipina, besilato",10mg,Comprimidos,5x10
"MEDIS FARMACÊUTICA, LDA",CAPTOPRIL HCT DENK 50/25,Captopril + Hidroclortiazida,50mg + 25mg,Comprimidos,10x10 comp.
"MEDIS FARMACÊUTICA, LDA",ENA-DENK-10,"Enalapril, maleato",10mg,Comprimidos,Embalagem 3x10 COMP
"MEDIS FARMACÊUTICA, LDA",ENA-DENK-20,"Enalapril, maleato",20mg,Comprimidos,Embalagem 3x10 COMP
"MEDIS FARMACÊUTICA, LDA",FLAGYL,Metronidazol,250mg,Comprimidos Revestidos,Embalagens de 20 e 40
"MEDIS FARMACÊUTICA, LDA",FLAGYL ÓVULOS,Metronidazol,500mg,Óvulos,10 unidades
MEDIMPORT LDA,RHINATHIOL 2%,Carbocisteína,2mg,Xarope,Embalagens de 125ml
MEDIMPORT LDA,RHINATHIOL 5%,Carbocisteína,5mg,Xarope,Embalagens de 125ml
"NATUR PHARMA, LDA",CICLO-21,Etinilestradiol + Levonorgestrel,0.03mg + 0.15mg,Comprimidos,1 e 2 Blisteresx 21 Comp
"MEDIS FARMACÊUTICA, LDA",ANALGIL,Salicilato de Metilo,150mg/g,Pomada,Embalagem de 20g
"MEDIS FARMACÊUTICA, LDA",LEVEL,Etinilestradiol + Levonorgestrel,0.02mg + 0.1mg,Comprimidos Revestidos,"1x 21, 3x21 e 50 x 21 Comp"
"MEDIS FARMACÊUTICA, LDA",RANI-DENK-150,Ranitidina,150mg,Comprimidos Revestidos,2x10 Comp
"MEDIS FARMACÊUTICA, LDA",SUPREMA,Estradiol + Acetato de Noretisterona,2mg+1mg,Comprimidos Revestidos,"1,3,50 Blisteres x 28 Comp"
"MEDIS FARMACÊUTICA, LDA",EMTRI-30,Nevirapina + Estavudina + Lamivudina,200mg + 30mg + 150mg,Comprimidos,Embalagens de 60 Comp
"MEDIS FARMACÊUTICA, LDA",EMTRI-40,Estavudina + Lamivudina + Nevirapina,40mg+150mg 200mg,Comprimidos,Embalagens de 60 Comp
"MEDIS FARMACÊUTICA, LDA",NIFEDI-DENK-10 RETARD,Nifedipina,10mg,Comprimido de Libertação Prolongada,10x10 comp.
"MEDIS FARMACÊUTICA, LDA",NIFEDI-DENK-20 RETARD,Nifedipina,20mg,Comprimido de Libertação Prolongada,10x10 comp.
"MEDIMOC, SA",ATENOLOL 100,Atenolol,100mg,Comprimidos,Embalagens 1X28/ 1X30
"MEDIMOC, SA",CAPTOPRIL,Captopril,12.5mg,Comprimidos,Embalagem 30 comp
"MEDIMOC, SA",CAPTOPRIL,Captopril,50mg,Comprimidos,Embalagem 30 comp
"MEDIMOC, SA",HALOPERIDOL,Haloperidol,5mg/mL,Solução Injectável,50 Ampolas de 1mL
"MEDIMOC, SA",SEDILAX,Paracetamol + Carisoprodol+Diclofenac + Cafeína,300mg + 125mg + 50mg + 30mg,Comprimidos,Embalagens de 30 comp
"MEDIMOC, SA",SOROLIV,Cloreto de Sódio,9mg/ml,Solução Nasal,Frasco de 30ml
"MEDIMOC, SA",TYLIDOL,Paracetamol,500mg,Comprimidos,Embalagens de 200 comp
MAPUTO HEALTH CARE Lda,ORALCON,Etinilestradiol + Levonorgestrel,0.03mg + 0.15mg,Comprimidos Revestidos,3blister de 21 comp
"AFRI FARMÁCIA, LDA",CIPROPLUS-500,Ciprofloxacina,500mg,Comprimidos,Blisters 10x10
"MEDIS FARMACÊUTICA, LDA",ELAMAX,Valerato de Estradiol e Valerato de Estradiol +Acetato de Ciproterona,2mg e 2mg+1mg,Comprimidos Revestidos,"1,3,50 estojos de 21 comp"
"MEDIS FARMACÊUTICA, LDA",LOVELLE (R),Etinilestradiol + Levonorgestrel,0.052mg + 0.266mg,Comprimidos Revestidos,"1,3,10 e 50 Blisteres x 21 Comp"
"MEDIMOC, SA",ALUVIA,Ritonavir + Lopinavir,200mg+50 mg,Comprimidos,Frasco de 60 comprimidos
"MEDIMOC, SA",ALUVIA 125,Lopinavir + Ritonavir,100mg+25mg,Comprimidos,Frasco de 60 comprimidos
"GENERICS & SPECIALITIES, Lda",XILOGEN,"Xilometazolina, hidrocloreto","0,1% m/v",Gotas Nasais,Frasco de 15ml
MISSIONPHARMA MOÇAMBIQUE,SULFATO FERROSO + ÁCIDO FÓLICO,Sulfato ferroso + Ácido Fólico,200mg + 0.25mg,Comprimidos,Frasco de 500 Comprimidos
"GENERICS & SPECIALITIES, LDA",GENCOL,Cloranfenicol,0%,Gotas auriculares,
"SAHAR MEDIRAN, LDA",CAPTOPRIL 50,Captopril,50mg,Comprimidos,Blisters 10x10
"SAHAR MEDIRAN, LDA",CYANEM,Cianocobalamina (Vit.B12),100mcg,Solução Injectável,10 ampolas
"SAHAR MEDIRAN, LDA",GEMYCIN,"Gentamicina, Sulfato",20mg,Solução Injectável,10 ampolas
"SAHAR MEDIRAN, LDA",IBUPROFEN,Ibuprofeno,400mg,Comprimidos,Blisters 10x10
"MEDIMOC, SA",MARFARINA,Warfarina,5mg,Comprimidos,Embalagem de 10 comprimidos
"MEDIMOC, SA",VITACREME B12,Cianocobalamina (Vit.B12),0%,Creme Facial,
"MEDIMOC, SA",VITACREME B12,Cianocobalamina (Vit.B12),0%,Leite Corporal,
"AFRI FARMÁCIA, LDA",FLUCONAZOL,Fluconazol,200mg,Comprimidos,Blisters 10x10
"AFRI FARMÁCIA, LDA",TERBIN,Terbinafina hidrocloreto,10mg/g,Creme,Bisnaga de 10g
"MEDIS FARMACÊUTICA, LDA",ATAZOR™-100,"Atazanavir, Sulfato",100mg,Cápsulas,Embalagens de 60 Cápsulas
"MEDIS FARMACÊUTICA, LDA",ATAZOR™-150,"Atazanavir, sulfato",150mg,Cápsulas,Embalagens de 60 Cápsulas
"MEDIS FARMACÊUTICA, LDA",ATAZOR™-200,"Atazanavir, Sulfato",200mg,Cápsulas,Embalagens de 60 Cápsulas
"MEDIS FARMACÊUTICA, LDA",Fantem Suspension,Arteméter + Lumefantrina,180mg+1080mg,Suspensão Oral,
"MEDIS FARMACÊUTICA, LDA",FURO - DENK 40,Furosemida,40mg,Comprimidos,Embalagem de 100 comprimidos
"AFRI FARMÁCIA, LDA",OMGENIX-20,Omeprazol,20mg,Cápsulas,Blisters de 4x7
"MEDIMOC, SA",CLOTREN,Clotrimazol,10mg/g,Creme tópico,Bisnaga de 50g
"MEDIMOC, SA",DIMEZIN COMPRIMIDOS,Simeticone,40mg,Comprimidos,embalagem de 20 comprimidos
"MEDIS FARMACÊUTICA, LDA",CARBATOL-200,Carbamazepina,200mg,Comprimidos,2x5x10 (100)
"MEDIS FARMACÊUTICA, LDA",NEXPRO-20,Esomeprazol,20mg,Comprimidos Revestidos,cx 100
"MEDIS FARMACÊUTICA, LDA",NEXPRO-40,Esomeprazol,40mg,Comprimidos Revestidos,cx 50
"MEDIS FARMACÊUTICA, LDA",SYSCAN 200,Fluconazol,200mg/100ml,Infusão Intravenosa,frasco de 100ml
"GENERICS & SPECIALITIES, LDA",DICLOGEN,Diclofenac Sódico,25mg,Injectável,
"GENERICS & SPECIALITIES, Lda",HALOCEF CAPSULES,Cefaclor  anídrico,500mg,Cápsulas,
"MEDIMOC, SA",DEPRAMINA,"Imipramina, Cloridrato",25mg,Comprimidos Revestidos,20 Comprimidos
"MEDIMOC, SA",PARACETAMOL,Paracetamol,500mg,Comprimidos,50 Blisters de 10 comprimidos
"MEDIS FARMACÊUTICA, LDA",AUGMENTIN DUO®,Amoxicilina + Ácido Clavulânico,875mg + 125mg,Comprimidos Revestidos,Embalagem de 16 comprimidos
"MEDIS FARMACÊUTICA, LDA",BETNOVATE® Pomada,"Betametasona, valerato",1mg/g,Pomada,Bisnaga de 30g
"MEDIS FARMACÊUTICA, LDA",AEROLIM,"Salbutamol, Sulfato",5mg/mL,Solução respiratória,Frasco de 10mL
"MEDIS FARMACÊUTICA, LDA",AEROLIN® Xarope,"Salbutamol, Sulfato",2mg/5mL,Xarope,Frasco de 200mL
"GENERICS & SPECIALITIES, LDA",GENCOL,"Cloranfenicol, Suiccinato de Sódio",1g/10ml,Pó para suspensão injectável,
"GENERICS & SPECIALITIES, Lda",GEN-Q-INJECTION,"Quinina, Dihidrocloreto",300ml/ml,Solução Injectável,
"GENERICS & SPECIALITIES, LDA",GENCOL,Cloranfenicol,"0,5% w/V",Gotas Oftálmicas,
"GENERICS & SPECIALITIES, LDA",GENSONE,"Prednisolona, Acetato",10mg/mL,Gotas Oftálmicas,
"MEDIS FARMACÊUTICA, LDA",BENYLIN Chesty,"Orciprenalína, sulfato + Hidrocloreto de Bromexina",5mg/5ml + 4mg/ 5mL,Xarope,100mL e 200mL
"GENERICS & SPECIALITIES, Lda",ATENOGEN,Atenolol,100mg,Comprimidos,
"GENERICS & SPECIALITIES, Lda",DARACOM,Vitaminas do Complexo B,10mg + 0.5mg + 1mg + 10mg + 0.5mg + 1.5mcg,Solução Injectável,
"GENERICS & SPECIALITIES, Lda",GENCIN,Gentamicina,0.003,Gotas Oftálmicas,
"AFRI FARMÁCIA, LDA",IRBISH-H,Irbesartan,150mg,Comprimidos,10x0
"GENERICS & SPECIALITIES, Lda",CIPROCIR,Ciprofloxacina,"0,3% w/v",Gotas Oftálmicas,
"GENERICS & SPECIALITIES, Lda",NALGEN,Ácido Nalidíxico,500mg,Comprimidos,
"WELLWORTH, LDA",NORFLOX - 400,Norfloxacina,400mg,Comprimidos,Blister de 10 x 10 comp
"WELLWORTH, LDA",KETO DROPS,Ketorolac de Trometamina,"0,5%w/v",Solução Oftálmica,Frasco de 5ml
"GENERICS & SPECIALITIES, Lda",CAPTOGEN,Captopril,25mg,Comprimidos,Embalagem de 10 blister de 10 comp
"GENERICS & SPECIALITIES, Lda",GENCODYL,Bisacodil,5mg,Comprimidos,Embalagem de 10 blister de 10 comp
MAPUTO HEALTH CARE Lda,NIRPID 10%,Óleo de Soja,10g/100ml,Injectável,Frascos de 500ml
MAPUTO HEALTH CARE Lda,NIRPID 20%,Óleo de Soja,20g/100ml,Injectável,Frascos de 500ml
MAPUTO HEALTH CARE Lda,NIRMIN 10 PLUS,Aminoácidos com Eletrólitos,10%m/v,Injectável,Frasco de 500ml
"GENERICS & SPECIALITIES, Lda",METILGEN,Metildopa,250mg,Comprimidos,Caixinha de 10 blistersx10 comp
"GENERICS & SPECIALITIES, LDA",GENCOL - S,"Cloranfenicol, Palmitato",250mg/5mL,Suspensão Oral,Frasco de 100mL
"AFRI FARMÁCIA, LDA",LAMIVUDINE + ZIDOVUDINE + NEVIRAPINE,Lamivudina + Zidovudina + Nevirapina,150mg + 300mg + 200mg,Comprimidos,Cada frasco contem 60 comp
"MAPUTO HEALTH CARE,LDA",PENCARE 500,Penicilina V Potássica,500mg,Comprimidos,Caixa de 10 blisteres de 10 comp
"MAPUTO HEALTH CARE, LDA",NIRMIN 5S,Aminoácidos + Sorbitol,5%w/v+5%w/v,Injectável,Frasco de 500mL
"FARMA HOLDINGS, SA",ARUNATE AQ,Artesunato + Cloridrato de Amodiaquina,50mg+153mg,Comprimidos,"3+3 blister, 6+6 blister, 12+12 blister"
"WELLWORTH, LDA",CIPLIN DS,Trimetoprim + Sulfametoxazol,800mg+160mg,Comprimidos,"Caixinha de 10 blistersx10 comp, 5 x 10, 20 x 10 e de 1000 comp"
"WELLWORTH, LDA",FORCAN 100,Fluconazol,100mg,Comprimidos,Embalagem de 1 blister de 4 comp
"WELLWORTH, LDA",CIPRIL 20,Lisinopril,20mg,Comprimidos,Caixinha de 1 blistersx10 comp
"WELLWORTH, LDA",CIPLOX GOTAS OFTALMICA/AURICULARES,Ciprofloxacina,"0,3%w/w",Solução Oftálmica,Frasco de 5mL
"GENERICS & SPECIALITIES, Lda",METAGEN,"Metoclopramida, Hidrocloreto",10mg,Comprimidos,Embalagem de 10 blister de 10 comp
"GENERICS & SPECIALITIES, Lda",G-CLOX,Cloxacilina,500mg,Cápsulas,Embalagem de 10 blister de 10 caps
"GENERICS & SPECIALITIES, Lda",MORPHIGESIC 5 SYRUP,"Morfina, Sulfato",5mg/5mL,Xarope,Frasco de 100mL
"GENERICS & SPECIALITIES, Lda",MORPHIGESIC 10mg,"Morfina, Sulfato",10mg,Comprimidos,"Embalagens de de 10, 100, 1000 comp"
MAPUTO HEALTH CARE Lda,FROLIC 250,Sulfato Ferroso seco + Ácido Fólico,200mg+0.25mg,Comprimidos,Embalagem de 10 blister de 10 comp
MAPUTO HEALTH CARE Lda,NIRFOL 1%,Propofol,10mg/ml,Injectável,Frasco de 20ml
MAPUTO HEALTH CARE Lda,RANCIP 500,"Ciprofloxacina, Hidrocloreto",500mg,Comprimidos,Embalagem de 1 blister de 10 comp
MAPUTO HEALTH CARE Lda,LUMETHER,Arteméter + Lumefantrina,20mg + 120mg,Comprimidos,Embalagem de 3 blister de 8 comp
"PROFARMA, LDA",PROSTOKOS,Misoprostol,25mcg,Comprimidos vaginais,Embalagem de 100 comp
"PROFARMA, LDA",PROSTOKOS,Misoprostol,100mcg,Comprimidos vaginais,Embalagem de 50 comp
"PROFARMA, LDA",PROSTOKOS,Misoprostol,200mcg,Comprimidos vaginais,Embalagem de 50 comp
"MEDIFARMA, LDA",MISOTAC,Misoprostol,200mcg,Comprimidos,Embalagem de 2 blister de 10 comp cada
MAPUTO HEALTH CARE Lda,SULFATO DE QUININA BP 300,"Quinina, Sulfato",300mg,Comprimidos,10x10
MEDIMPORT LDA,ECTODINE ESPUMA CUTANEA,Iodopovidona,40mg/ml,Espuma cutanea,"Frasco de 5ml,10ml,50ml,125ml e 500ml"
MEDIMPORT LDA,ECTODINE SOLUÇÃO CUTANEA,Iodopovidona,100mg/ml,Solução cutânea,"Frasco de 5ml, 10ml, 50ml, 125ml e 500ml"
MEDIMPORT LDA,AZITROMICINA,"Azitromicina, Dihidrato",1g,Comprimidos,Blister de 1 comp e 1x3
MEDIMPORT LDA,AZITROMICINA,"Azitromicina, Dihidrato",250mg,Comprimidos,Blister de 10 comp e 1x3
MEDIMPORT LDA,AZITROMICINA,"Azitromicina, Dihidrato",500mg,Comprimidos,Blister de 3 comp e 1 comp
BAYER SCHERING PHARMA MOÇAMBIQUE,CLIMEN,"Ciproterona, acetato + Estradiol, valerato",1mg + 2x(2mg),Comprimidos,Blister de 21 comp
BAYER SCHERING PHARMA MOÇAMBIQUE,PROGYLUTON,"Estradiol, valerat + Norgestrel","2x(2mg) + 0,5mg",Comprimidos,Blister de 21 comp
BAYER SCHERING PHARMA MOÇAMBIQUE,BETAFERON,Interferao beta-1b,"0,3mg",Injectável,12 e 15 frascos
MEDIMPORT LDA,PARACETAMOL,Paracetamol,500mg,Comprimidos,Embalagens contendo 10 blisters de 10 comp
MEDIMPORT LDA,AMINOFILINA,Aminofilina,100mg,Comprimidos,"Frasco de 500 comp, 10x10"
MEDIMPORT LDA,OMEPRAZOL,Omeprazol,20mg,Cápsulas,Embalagens contendo 3 blisters de 10 comp
MEDIMPORT LDA,ERYTHROPEX 500,"Eritromicina, Estearato",500mg,Comprimidos,Embalagens contendo 1 blisters de 10 comp
MEDIMPORT LDA,RANITIDINA,"Ranitidina, Cloridrato",150mg,Comprimidos,Embalagens contendo 10 blisters de 10 comp
BAYER SCHERING PHARMA MOÇAMBIQUE,PRIMOLUT NOR,"Noretisterona, acetato",10mg,Comprimidos,Blister de 20 comp
"WELLWORTH, LDA",ZIDOVIR 300,Zidovudina,300mg,Comprimidos,Embalagens contendo 6 blisters de 10 comp
"AFRI FARMÁCIA, LDA",Z MOX 500,"Amoxicilina,Trihidrato",500mg,Cápsulas,Embalagens contendo 10 blisters de 10 caps
TATA DE MOÇAMBIQUE,INFUGESIC 200,Ibuprofeno,200mg,Comprimidos,Embalagens contendo 10 blisters de 10 comp
TATA DE MOÇAMBIQUE,LASTUSS-LA,"Dextrometorfano, Bromidrato",30mg,Suspensão Oral,Frasco de 100ml
"GENERICS & SPECIALITIES, Lda",GENCIN,"Gentamicina, sulfato",40mg/mL,Solução Injectável,Embalagens contendo 10 blisters de 10 ampolas de 2mL
"GENERICS & SPECIALITIES, Lda",RANITIDINE TABLETS USP,"Ranitidina, Hidrocloreto",300mg,Comprimidos,Embalagens contendo 10 blisters de 10 comp
"GENERICS & SPECIALITIES, Lda",DIABEND-40,Gliclazida,40mg,Comprimidos,Embalagens contendo 10 blisters de 10 comp
"GENERICS & SPECIALITIES, Lda",DIABEND,Gliclazida,80mg,Comprimidos,Embalagens contendo 3 blisters de 20 comp; 10x10
BAYER SCHERING PHARMA MOÇAMBIQUE,PROVIRON,Mesterolona,25mg,Comprimidos,Blisters de 20 e 50 comp
"MEDIS FARMACÊUTICA, LDA",NIZORAL CREME,Ketoconazol,20mg/g,Creme,Bisnaga de 15g de Creme
"MEDIS FARMACÊUTICA, LDA",IMODIUM,"Loperamida, Cloridrato",2mg,Cápsulas,Embalagem contendo 1 blister de 6 cápsulas
"MEDIS FARMACÊUTICA, LDA",LARGACTIL 25,"Cloropromazina, Cloridrato",25mg,Comprimidos dispersíveis,Blister de 60 comp
"MEDIMOC, SA",MEDABON,Mifepristona + Misoprostol,200mg + 200mcg,Comprimidos,Blister de 5 comp
"MEDIFARMA, LDA",DUO-COTECXIN,Dihidroartemisinina + Piperaquina,40mg + 320mg,Comprimidos,Blister de 9 comp
"MEDIFARMA, LDA",SANIQUAD M 20,Gluconato de Clorexidina,4%m/v,Liquido,Frasco de 500ml
"WELLWORTH, LDA",DR. SMITHS VITAMINA E,"Alfatocoferil, Acetato",200mg,Cápsulas,Embalagens contendo 10 blisters de 10 comp
"WELLWORTH, LDA",OSTEOCIP,Sulfato de Potassio de Glucosamina + Sulfato de Sodio de Condroitina,500mg + 400mg,Comprimidos,Embalagens contendo 3 blisters de 10 comp
"WELLWORTH, LDA",HYDRAZIDE 25,Hidroclorotiazida,25mg,Comprimidos,Embalagens contendo 10 blisters de 10 comp
"MEDIS FARMACÊUTICA, LDA",DAKTARIN CREAM,"Miconazol, Nitrato",20mg/g,Creme,Bisnaga de 20g
"MEDIS FARMACÊUTICA, LDA",CLORIDRATO DE TRAMADOL,"Tramadol, Cloridrato",50mg/mL,Solução Injectável,Embalagens contendo 6 ampolas de 2mL
"MEDIS FARMACÊUTICA, LDA",MOTILIUM,"Domperidona, maleato",1mg/mL,Suspensão Oral,Frasco de 100mL
"MEDIS FARMACÊUTICA, LDA",NIZORAL,Ketoconazol,200mg,Comprimidos,Embalagem 1X10
"WELLWORTH, LDA",LEVOFLOX,Levofloxacina,500mg/100mL,Infusão Intravenosa,Frasco de 100mL
"GENERICS & SPECIALITIES, Lda",BAL-ESTON,Betametasona,0.5mg,Comprimidos,Embalagem 10X10
"MEDIS FARMACÊUTICA, LDA",DAKTACORT,"Miconazol, Nitrato + Hidrocortisona",20mg/g + 10mg/g,Creme,Bisnaga de 15g
"GENERICS & SPECIALITIES, Lda",ARPIMUNE ME-100,Ciclosporina,100mg,Cápsulas,Embalagem 10X5
BAYER SCHERING PHARMA MOÇAMBIQUE,GYNERA,Etinilestradiol + Gestodeno,0.03mg + 0.75mg,Comprimidos,Embalagem de 21 e 63
"WELLWORTH, LDA",SYNCLAIR SUSPENSÃO PEDIÁTRICA,Claritromicina,125mg/5mL,Pó para Suspensão Oral,Frasco de 30mL
MEDIMPORT LDA,CLORANFENICOL,Clorafenicol,250mg,Cápsulas,Embalagem 10X10
"MEDIS FARMACÊUTICA, LDA",CHLORCOL EYE OINTMENT,Cloranfenicol,10.4mg,Pomada Oftálmica,20 bisnagas com 3.5g
BRAZILGENÉRICOS SA,VALERATO DE BETAMETASONA,"Betametasona, valerato",1mg/g,Creme,Bisnaga de 30g
"WELLWORTH, LDA",CEFIX 200,Cefixima anidrosa,200mg,Comprimidos,Embalagem de 4
MISSIONPHARMA MOÇAMBIQUE,NISTATINA SUSPENSÃO,Nistatina,100.000UI,Suspensão Oral,Frasco de 20ml
MISSIONPHARMA MOÇAMBIQUE,IBUPROFENO,Ibuprofeno,400mg,Comprimidos Revestidos,Embalagem 10x10
MISSIONPHARMA MOÇAMBIQUE,ALBENDAZOL,Albendazol,200mg,Comprimidos,Frasco de 25
MISSIONPHARMA MOÇAMBIQUE,INDOMETACINA,Indometacina,25mg,Cápsulas,Embalagem 10x10
MISSIONPHARMA MOÇAMBIQUE,SAIS DE REHIDRATAÇÃO ORAL,Glicose de Anidro+ Cloreto de sódio+ Cloreto de potássio+ Citrato de sódio,"(20g + 3,5g + 1,5g + 2,9g)/27,9g",Pó para Solução Oral,Embalagem de 25 saquetas e de 50 saquetas
MISSIONPHARMA MOÇAMBIQUE,PENICILINA PROCAÍNA INJECTÁVEL,Benzilpenicilina,3M UI,Pó  para injecção,Embalagem c7 25 frascos
"WELLWORTH, LDA",CIPLAR-40,"Propanolol, Hidrocloreto",40mg,Comprimidos,Emb.c/20 combin. 7X10
MOZPHARMA LDA,SUPOFEN 125mg,Paracetamol,125mg,Supositórios,Blister c/12
"MEDIFARMA, LDA",DIPROGENTA CREME,"Betametasona, dipropionato + Gentamicina, sulfato",0.64mg + 1.7mg,Creme,Bisnaga de 30g
"LIFE Pharma, Lda",DOLNACID-SM,Hidróxido de Alumíno gel+Alumínio Silicato de Magnésio Hidratado + Hidróxido de Magnésio + Simeticone,300mg+50mg+25mg+25mg,Comprimidos,Embalagem de 10
"LIFE Pharma, Lda",PARAPROFANE PLUS,Paracetamol + Ibuprofeno + Cafeína,325mg + 400mg + 40mg,Cápsulas,Embalagem de 10x10
"LIFE Pharma, Lda",OMIFRED,Omeprazol,20mg,Cápsulas,Embalagem de 3x10; 10x10
"MEDIS FARMACÊUTICA, LDA",ADCO-ACYCLOVIR TOPICAL,Aciclovir,"250mg/5g  (0,05g/g)",Creme,Bisnaga de 10g
MISSIONPHARMA MOÇAMBIQUE,ÁGUA ESTERILIZADA P/INJECÇÕES,Água esterilizada p/injecções,,Sol. Injectável esterilizada,Ampola de 10ml
MISSIONPHARMA MOÇAMBIQUE,METOCLOPRAMIDA INJECTÁVEL,"Metoclopramida, Cloridrato",5mg/ml,Solução Injectável Estéril,Embalagem de 8 ampolas de 2ml
MISSIONPHARMA MOÇAMBIQUE,FENOXIMETILPENICILINA,Fenoximetilpenicilina Potássica,500mg,Comprimidos,Frasco de 500 comp
MISSIONPHARMA MOÇAMBIQUE,OXITOCINA INJECTÁVEL,Oxitocina,5UI/ml,Solução Injectável,20 ampolas de 1ml
MISSIONPHARMA MOÇAMBIQUE,Cloridrato de Lidocaína,"Lidocaína, Cloridrato",2% m/v,Solução Injectável,Frasco de 50mL
"GENERICS & SPECIALITIES, Lda",BENZILPENICILINA PROCAÍNA,Benzilpenicilina Procaína,3 Mega,Solução Injectável Estéril,"Frasco de 15ml, 50x15ml, 12x50x15ml"
"GENERICS & SPECIALITIES, Lda",AMPICILINA SÓDICA,Ampicilina,0.5g,Pó para Injectável,Embalagem com 50 Frascos de 7ml
"GENERICS & SPECIALITIES, Lda",BENZILPENICILINA BENZATÍNICA,Benzilpenicilina Benzatínica,2.4 Mega,Pó para Solução Injectável,
"GENERICS & SPECIALITIES, Lda",MOFETYL-250,Mycophenolate Mofetil,250mg,Comprimidos Revestidos,Embalagem de 33x10
MISSIONPHARMA MOÇAMBIQUE,ÁCIDO NALIDÍXICO,Ácido Nalidíxico,500mg,Comprimidos,Frasco de 1000
MISSIONPHARMA MOÇAMBIQUE,SULFATO FERROSO + ÁCIDO FÓLICO,Sulfato Ferroso + Ácido Fólico,300mg + 0.15mg,Comprimidos,Frasco de 500
"MEDIS FARMACÊUTICA, LDA",CEFTRIX,Ceftriaxona Sódica,500mg,Pó para Injectável,Frasco de 10ml
"WELLWORTH, LDA",TACHYRA-200,"Amiodarona, Hidrocloreto",200mg,Comprimidos,Embalagem de 1x10
"MEDIS FARMACÊUTICA, LDA",ENA + HCT DENK 20/12.5,Enalapril + Hidroclorotiazida,20mg + 12.5mg,Comprimidos,Embalagem 3X10
"MEDIS FARMACÊUTICA, LDA",NIMTECH SUSPENSION,Nimesulida,50mg/5ml,Suspensão Oral,Frasco de 60ml
"MEDIS FARMACÊUTICA, LDA",GYNO- DAKTARIN,"Miconazol, Nitrato",20mg/g,Creme Vaginal,Bisnaga de 40g
"SHANI, LIMITADA",Starval 80,Valsartan,80mg,Comprimidos Revestidos,Embalagem de 30
"SHANI, LIMITADA",Starval 160,Valsartan,160mg,Comprimidos Revestidos,Embalagem de 30
"MEDIS FARMACÊUTICA, LDA",STUGERON,Cinarizina,25mg,Comprimidos,Embalagem 5x10
"AFRI FARMÁCIA, LDA",MALIDAR,Sulfadoxina + Pirimetamina,500mg + 25mg,Comprimidos,25x3
"MEDIFARMA, LDA",SANIQUAD PVT T4,Iodopovidina,4%m/v,Solução tópica,1x200ml
"WELLWORTH, LDA",ATORLIP - 20,Atorvastatina,20mg,Comprimidos,Caixinha contendo 3 blister de 10 comp
"WELLWORTH, LDA",AZEE 250,Azitromicina,250mg,Comprimidos,Blister com 6 comp
"MEDIS FARMACÊUTICA, LDA",AMIKACIN SULPHATE INJECTION,"Amicacina, Sulfato",200mg/2mL,Solução Injectável,10 ampolas de 2mL
"SHANI, LIMITADA",RANOXYL,Amoxicilina,125mg/5mL,Pó para Suspensão Oral,Frasco de 100mL
"SHANI, LIMITADA",RANOXYL,Amoxicilina,250mg/5mL,Pó para Suspensão Oral,Frasco de 100mL
"SHANI, LIMITADA",ENHACIN 375,Amoxicilina Anidra+Clavulanato de Potassio,250mg + 125mg,Comprimidos,Embalagem contendo 1 strip de 10 comp
"SHANI, LIMITADA",ENHACIN 625,Amoxicilina Anidra+Clavulanato de Potassio,500mg + 125mg,Comprimidos,Embalagem contendo 1 strip de 10 comp
"SHANI, LIMITADA",RANOXYL,Amoxicilina,500mg,Cápsulas,Embalagem contendo 100 caps(10 blisterx10 caps)
"MEDIS FARMACÊUTICA, LDA",FERRUM HAUSMANN,Ferro(III),50mg/mL,Solução Oral,Frasco de 30ml
"MEDIS FARMACÊUTICA, LDA",DOXY-DENK 100,Doxiciclina,100mg,Comprimidos,2 blister de 10 comp
MAPUTO HEALTH CARE Lda,DIHIDROCLORETO DE QUININA INJECÇÃO,"Quinina, Dihidrocloreto",600mg/2mL,Solução injectável,embalagem de 5 x 2mL
"MEDIS FARMACÊUTICA, LDA",SINVASTATINA BALDACCI,Sinvastatina,10mg,Comprimidos,"Embalagens de 20, 30 e 60 comp"
"MEDIS FARMACÊUTICA, LDA",SINVASTATINA BALDACCI,Sinvastatina,40mg,Comprimidos,Embalagens de 60 comp
"MEDIS FARMACÊUTICA, LDA",CEFIXIMA BALDACCI,Cefixima,100mg / 5mL,Pó para Injectável,Frasco de 50mL
"MEDIS FARMACÊUTICA, LDA",CEFIXIMA BALDACCI,Cefixima,400mg,Comprimidos,Embalagem de 8 comprimidos
"AFRI FARMÁCIA, LDA",ZIDO - H 300,Zidovudina,300mg,Comprimidos,Embalagens de 60 comp
"SHANI, LIMITADA",FLUSTAT XAROPE,Fenilpropanolamina  Hidrocloreto + Dextrometorfano Hidrobrometo + Paracetamol + Álcool,25mg + 15mg + 500mg + 14.8%,Xarope,Frascos de 100 e 200ml
"SHANI, LIMITADA",FLUSTAT CAPSULAS,Clorfeniramina cloridrato +  Clorfeniramina maleato +  Paracetamol +  Ácido Ascórbico + Cafeína,5mg + 2mg + 300mg + 75mg + 30mg,Cápsulas,Blister de 24 Cápsulas e Frasco de 1000 Cápsulas
"WELLWORTH, LDA",CEFABACT,"Cefadroxil, Monohidrato",125mg/5ml,Pó para Suspensão Oral,Frasco de 60ml
MAPUTO HEALTH CARE Lda,SOLUÇAO DE HIPOCLORITO DE SÓDIO,Hipoclorito de sodio,3% m/v,Solução tópica,Frasco de 100ml
"MEDIS FARMACÊUTICA, LDA",FERRUM FOL HAUSMANN,Acido Folico + Complexo Ferrico Polimaltose,0.35mg + 375mg,Comprimidos,Embalagens de 20 e 60 comp
"SHANI, LIMITADA",BETAPHLEM,Carbocisteína,250mg/5ml,Xarope,Frasco de 200ml
"MEDIS FARMACÊUTICA, LDA",CIPRO - DENK 500,"Ciprofloxacina, Cloridrato",500mg,Comprimidos revestidos,Embalagem com 10 comp
"MEDIS FARMACÊUTICA, LDA",CAPILAREMA,Aminaftona,75mg,Cápsulas,20 e 60 caps
"AFRI FARMÁCIA, LDA",DOXORUBICIN,"Doxorrubicina, hidrocloreto",50mg,Injectável,Frasco de 50g
"AFRI FARMÁCIA, LDA",VINCRISTINE SULPHATE,"Vincristina, Sulfato liofilizado",2mg,Injectável,Frasco de 2mL
"GENERICS & SPECIALITIES, Lda",MULTIGEN-S,Vit.A+Vit.D3+Cloridrato de Tiamina+Riboflavina 5 Fosfato de Sodio+Vit.B6+Vit.B12+Niacinamida+Vit.C+D - Pantanol,5000IU+400IU+3mg+0.86mg+2mg+5mg+20mg+10mg+5mg,Xarope,Frasco de 100ml
"GENERICS & SPECIALITIES, Lda",GENVITA-S,Tiamina+Riboflavina+Piridoxina+Cianocobalamina+Niacinamida+D-Pantenol,5mg + 2.5mg + 1.5mg + 2.5mg + 25mg + 2.5mg,Xarope,Frasco de 100ml
BAYER SCHERING PHARMA MOÇAMBIQUE,ANDROCUR,"Ciproterona, acetato",10mg,Comprimidos,Blister com 15 comp
"MEDIFARMA, LDA",DOXIMINE,Sulfadoxina + Pirimetamina,25mg+50mg,Comprimidos,Blister com 3 comp
"MEDIFARMA, LDA",M-CIP,Ciprofloxacina,500mg,Comprimidos,10 blister com 10 comp
BAYER SCHERING PHARMA MOÇAMBIQUE,YAZ,Etinilestradiol + Drospirenona,0.02mg + 3mg,Comprimidos,blister com 28 e 84 unidades
"WELLWORTH, LDA",CEFIX 400,Cefixima,400mg,Comprimidos,"Embalagem contendo 25 blister x 4 comp, 1x4"
"WELLWORTH, LDA",CEFIX DS,Cefixima,50mg/5ml,Xarope,Frasco de 30ml
"WELLWORTH, LDA",OCUTIM,"Timolol, maleato",0.25% m/v,Solução Oftálmica,Frasco de 5mL
"WELLWORTH, LDA",CAPACE 25,Captopril,25mg,Comprimidos,"Embalagem contendo 30 comp, 10x10"
MAPUTO HEALTH CARE Lda,BENKIL 400,Albendazol,400mg,Comprimidos,blister de 1 comprimido
MAPUTO HEALTH CARE Lda,MULTIVITAMINAS,Vit.A+Vit.D3+Vit.B1+Riboflavina 5 Fosfato de Sodio+Niacinamida+Vit.B12+Vit.B6+Vit.C,3000UI+500UI+2mg+1.2mg+10mg+2.5mcg+1mg+40mg,Xarope,Frasco de 100ml
MAPUTO HEALTH CARE Lda,DIAZEPAM,Diazepam,10mg/2ml,Injectável,5 ampolas de 2ml
"WELLWORTH, LDA",DUONASE,Propionato de Fluticonasona+Hidrocloreto de Azelastina,140mg+50mg,Spray nasal,Frasco de 9.8ml contendo 70 doses
"WELLWORTH, LDA",IPRAVENT 20,Brometo Monohidrato de Ipratrópio,20µg,Suspensão Pressurizada para inalação,1 inalador contendo 200doses
"MEDIFARMA, LDA",BENHOL,Mebendazol,100mg,Comprimidos,Embalagem contendo 10 blisters de 10 comp
"MEDIFARMA, LDA",FEVEROL,Paracetamol,500mg,Comprimidos,Embalagem contendo 10 blisters de 10 comp
"SHANI, LIMITADA",SKIPODINE,Iodopovidona,5%ww,Pomada,Bisnaga de 15g
"SHANI, LIMITADA",DRILIX SYRUP,Pseudoefedrina Hidroclorido,,Xarope,Frasco de 100ml
"MEDIFARMA, LDA",BEBEGEL,Gelatina + Glicerina,45mg + 3830mg,Gel rectal,Embalagens contendo 6 canulas
"MEDIFARMA, LDA",BUCAGEL,Salicilato de Colina,870mg,Gel bucal,Bisnagas de 10g
"MEDIFARMA, LDA",SALBUTAMOL NOVOLIZER,"Salbutamol, sulfato",100ug,Pó para inalação,Embalagem de 1 cartucho de 200 doses + 1 inalador e embalagem recarga de 1 cartucho de 200 doses
BAYER SCHERING PHARMA MOÇAMBIQUE,MIRANOVA,Etinilestradiol + Levonorgestrel,0.02mg + 0.1mg,Comprimidos,Embalagens contendo  blisters de 21e 63 comp
BAYER SCHERING PHARMA MOÇAMBIQUE,GASTROGRAFINA,Amidotrizoato de Meglumina + Amidotrizoato de sódio,660mg/ml + 100mg/ml,Solução Gastroentérica,Frasco de 100ml
"GENERICS & SPECIALITIES, Lda","TETRACICLINA, HIDROCLORETO POMADA OFTÁLMICA A 1%","Tetraciclina, Hidrocloreto",1%w/w,Pomada Oftálmica,"Bisnaga de 3,5/5g"
"MEDIFARMA, LDA",ELOCOM POMADA,Furoato de Mometasona,1mg/g,pomada,Bisnaga de 20g
"MEDIFARMA, LDA",ELOCOM LOÇÃO,Furoato de Mometasona,1mg/g,Loção tópica,Frasco de 50ml
BAYER SCHERING PHARMA MOÇAMBIQUE,CLARITINE,Loratadina,10mg,Comprimidos,"Blisters de 7, 10 e 30 comprimidos; 20 comprimidos"
"WELLWORTH, LDA",BABYGESIC,Acetaminofeno,100mg/ml,Suspensão Oral,Frasco de 15ml
"GENERICS & SPECIALITIES, Lda",ALSARTAN 25,Losartan Potássico,25mg,Comprimidos,Embalagens contendo 1 blister x 10 comp e 10 blistrs x 10 comp
"GENERICS & SPECIALITIES, Lda",ALSARTAN 50,Losartan Potássico,50mg,Comprimidos,Embalagens contendo 1 blister x 10 comp e 4 blistrs x 7 comp
"GENERICS & SPECIALITIES, LDA",CLERON,Claritromicina,125mg/5mL,Pó para Suspensão Oral,Frasco de 100mL
"MEDIFARMA, LDA",QUADRIDERME POMADA,Dipropionato de Betametasona + Sulfato de Gentamicina + Clotrimazol,0.64mg + 1.67mg + 10mg,Pomada,Bisnaga de 30g
"MEDIFARMA, LDA",QUADRIDERME CREME,Dipropionato de Betametasona + Sulfato de Gentamicina + Clotrimazol,0.64mg + 1.67mg + 10mg,Creme tópico,Bisnaga de 30g
"MEDIFARMA, LDA",DIPROSONE CREME,Dipropionato de Betametasona,"0.64mg (0,5mg/g)",Creme,Bisnaga de 30g
"MEDIFARMA, LDA",CELESTAMINE,Betametasona + Maleato de dexclorfeniramina,0.25mg + 2mg,Comprimidos,Embalagem contendo 30 comp
"SHANI, LIMITADA",PAINAGON SYRUP,Paracetamol + Fosfato de Codeína + Prometazina Hidroclorido,120mg + 5mg + 6.5mg,Xarope,Frasco de 100ml
"SHANI, LIMITADA",NOZER,Omeprazol,20mg,Cápsulas,Embalagem contendo 30 comp
"SHANI, LIMITADA",BETAPECT,Kaolina Leve + Pectina de Maçã,6g + 450mg,Suspensão Oral,Frasco de 100ml
"SHANI, LIMITADA",BETACIN,Indometacina,25mg,Cápsulas,Frascos contendo 500 caps
"SHANI, LIMITADA",LOPERASTAT SYRUP,"Loperamida, Cloridrato",2mg,Xarope,Frasco de 50ml
"WELLWORTH, LDA",OCUMYCIN,Cloranfenicol,10mg,Pomada,Bisnaga de 3.5g e 5g
"AFRI FARMÁCIA, LDA",THIORIDAZINE,"Tioridazina, Hidrocloreto",100mg,Comprimidos,Frasco de 1000
"MEDIFARMA, LDA",PEELYTE,Cloreto de Sodio + Cloreto de Potassio + Citrato de Sodio + Dextrose Anidra,3.5g + 1.5g + 2.9g + 20g,Pó para Rehidratação,Saquetas de 30g
"MEDIFARMA, LDA",PEEVORAN -50,Diclofenac Sódico,50mg,Comprimidos,Embalagem contendo 10 blisters de 10 comp
"MEDIFARMA, LDA",METRONOL - 250,Metronidazol,250mg,Comprimidos,Embalagem contendo 10 blisters de 10 comp
BAYER SCHERING PHARMA MOÇAMBIQUE,CLARITINE,Loratadina,1mg/ml,Xarope,Frasco de 100ml
AMATROSS,MOZVITAL-MULTIVITAMINAS,Vit.C + Nicotinamida + Vit.E + Ácido Pantonóico + Vit.B6 + Vit.B2 + Vit.B1 + Ácido Fólico + Biotine + Vit.B12,"13,3mg + 4mg + 2,23mg + 1,33mg + 0,44mg + 0,36mg + 0,31mg + 44,0ug + 33,3ug + 0,23ug",Pastilhas Mastigaveis,Frasco de 20 pastilhas
AMATROSS,MOZVITAL-MULTIVITAMINAS,Vit.C + Nicotinamida + Vit.E + Ácido Pantonóico + Vit.B6 + Vit.B2 + Vit.B1 + Ácido Fólico + Biotine + Vit.B12,"60mg + 18mg + 10mg + 6mg + 2mg + 1,6mg + 1,4mg + 150um + 200ug + 1ug",Comprimido Efervescente,Frasco de 20 comp
"GENERICS & SPECIALITIES, Lda",GENFER,Sulfato Ferroso Seco + Ácido Fólico + Monohidrato de Sulfato de Zinco,150mg + 0.5mg + 61.8mg,Cápsulas,Embalagem contendo 3 blisters de 10 caps
"GENERICS & SPECIALITIES, Lda",NASIVION,"Oxymetazolina, Hidrocloreto",0%,Gotas nasais,Frasco de 10ml
"GENERICS & SPECIALITIES, Lda",NASIVION,"Oxymetazolina, Hidrocloreto",0%,Gotas nasais,Frasco de 10ml
"GENERICS & SPECIALITIES, Lda",NASIVION,"Oxymetazolina, Hidrocloreto",0%,Gotas nasais,Frasco de 10ml
"MEDIFARMA, LDA",DIPROFOS,Dipropionato de Betametasona + Fosfato Sodico de Betametasona,6.43mg + 2.63mg,Injectável,Ampolas de 2ml
"MEDIFARMA, LDA",ELOCOM CREME,Furoato de Mometasona,1mg/g,Creme,Bisnaga de 20g
"WELLWORTH, LDA",OSTEOFOS 70,Alendronato Sodico,70mg,Comprimidos,Embalagem contendo 10 blisters de 4 comp
"SHANI, LIMITADA",MONSIN OINTMENT,Mupirocina,20mg,Pomada,Bisnaga de 15g
"SHANI, LIMITADA",CIFRAN OD 500,Ciprofloxacina,500mg,Comprimidos,Embalagem com 10 comp (2 blisters x 5 comp)
"SHANI, LIMITADA",CIFRAN OD 1000,Ciprofloxacina,1000mg,Comprimidos,Embalagem com 10 comp (2 blisters x 5 comp)
"MEDIS FARMACÊUTICA, LDA",TORMOXIN 500,"Amoxicilina, trihidratada",500mg,Cápsulas,Embalagem contendo 10 blisters de 10 comp
"MEDIS FARMACÊUTICA, LDA",TOCOFER 400,Vitamina E,400mg,Cápsulas,Embalagem contendo 10 blisters de 10 comp
"MEDIS FARMACÊUTICA, LDA",SUPRELLE,Estradiol + Acetato de Noretisterona,1mg + 0.5mg,Comprimidos,Embalagens contendo 1 e 3 blisters de 28 e 30 comp
"SHANI, LIMITADA",SEPTADINE ORAL ANTISÈPTICO,Iodopovidona,1g,Solução oral,Frasco de 200ml
"SHANI, LIMITADA",CANDASPOR VAGINAL,Clotrimazol,10mg/g,Creme tópico,Bisnaga de 50g com 6 aplicadores
"AFRI FARMÁCIA, LDA",CISPLATIN INJECTÁVEL BP,Cisplatina,50mg/50mL,Injectável,Frasco de 50ml
"AFRI FARMÁCIA, LDA",METHOTREXATO INJECTÁVEL,Metotrexato,25mg/mL,Injectável,Embalagem de 10 Frasco de 2ml
"AFRI FARMÁCIA, LDA",DACARBAZINE INJECTAVEL USP,Dacarbazina,200mg,Injectável,Frasco de 200mg
"AFRI FARMÁCIA, LDA",CARBOPLATIN INJECTAVEL USP,Carboplatina,150mg,Injectável,Frasco de 150mg
"GENERICS & SPECIALITIES, Lda",PROMETAZINA INJECTAVEL,"Prometazina, Hidrocloreto",25mg/2ml,Injectável,Ampolas de 2ml
"GENERICS & SPECIALITIES, Lda",MAJEROL,Carbamazepina,200mg,Comprimidos,"Embalagens contendo 10 blisters de 10 comp, 1000"
"GENERICS & SPECIALITIES, Lda",ARISTO ACICLO,Aceclofenac,100mg,Comprimidos,Embalagens contendo 3 blisters de 10 comp
"MEDIS FARMACÊUTICA, LDA",ANAEBAN,Complexo PB6 de Bacillus Subtilus,100mg,Cápsulas,Embalagens contendo 2 blisters de 12 caps
BRAZILGENÉRICOS SA,SULFATO DE SALBUTAMOL,"Salbutamol, Sulfato","0,4mg/ml",Solução,Frasco de 120ml
"SHANI, LIMITADA",LITACOLD FLU TABLETS,Paracetamol + Maleato de clorfeniramina + Hidrocloreto de Fenilefrina + Cafeína,500mg + 2mg + 5mg + 30mg,Comprimidos,Blister de 4 comp
"SHANI, LIMITADA",LORD,Loratadina,10mg,Comprimidos,Embalagens contendo 3 blisters de 10 comp
"SHANI, LIMITADA",ANACLAR,Claritromicina,500mg,Comprimidos,Embalagens contendo 10 blisters de 10 comp
"SHANI, LIMITADA",OMEPRAL,Omeprazol,20mg,Cápsulas,Embalagens contendo 10 blisters de 10 caps
"SHANI, LIMITADA",ACIBAN,Hidróxido de alumínio + Hidróxido de magnésio,250mg + 500mg,Comprimidos,Frascos de 500 comp
"SHANI, LIMITADA",BE-TABS ANTACID SUSPENSAO,Trisilicato de Magnesio + Carbonato de Magnesio + Bicarbonato de sodio,500mg + 500mg + 500mg/100ml,Suspensão Oral,Frasco de 100ml
MISSIONPHARMA MOÇAMBIQUE,ESTEARATO DE ERITROMICINA,"Eritromicina, Estearato",500mg,Comprimidos,Embalagens contendo 10 blisters de 10 comp
MISSIONPHARMA MOÇAMBIQUE,FENOXIMETILPENICILINA,Fenoximetilpenicilina Potássica,500mg,Comprimidos,Frascos de 500 comp
MISSIONPHARMA MOÇAMBIQUE,DICLOFENAC  GASTRO-RESISTENTE,Diclofenac Sódico,25mg,Comprimidos,Frascos de 1000 comp
"MEDIFARMA, LDA",AERIUS,Desloratadina,5mg,Comprimidos,Blister de 20 comp
"MEDIFARMA, LDA",DM GEL,Heparina Sódica + Salicilato de Dietilamina + Mentol,50UI + 100mg + 2mg,Gel,Bisnaga de 100g
"WELLWORTH, LDA",FLOMIST,"Fluticasona, Proprionato","0,05%w/w",Spray nasal,Frasco de 10ml
"WELLWORTH, LDA",VASOPRIL 10,"Enalapril, maleato",10mg,Comprimidos,Embalagens contendo 10 blisters de 10 comp
"WELLWORTH, LDA",GINETTE 35,"Ciproterona, Acetato + Etinilestradiol",2mg + 0.035mg,Comprimidos,Blister de 28 comp
"WELLWORTH, LDA",I-PILL,Levonorgestrel,1.5mg,Comprimidos,blister de 1 comprimido
"WELLWORTH, LDA",AZEE,Azitromicina,200mg/5ml,Suspensão Oral,Frasco de 15ml e de 30ml
"GENERICS & SPECIALITIES, Lda",AMPICILINA SODICA PARA INJECÇÃO,Ampicilina Sodica,0.25g,Injectável,Frasco de 5ml
"MEDIS FARMACÊUTICA, LDA",SPASMEND,Paracetamol + Mefenasina,500mg + 150mg,Comprimidos,Embalagens contendo 24 comp
"SHANI, LIMITADA",RALENOST,Alendronato Sodico Anidro,76.188mg,Comprimidos,Embalagens contendo 3 blisters de 4 comp
"SHANI, LIMITADA",AQUATABS 67mg,Dicloroisocianurato de Sódio,67mg,Comprimidos,Blisters com 10 comp
BRAZILGENÉRICOS SA,ALPRAZOLAM,Alprazolam,0.25 mg,Comprimidos,Embalagens contendo 1 blister de 20comp
BRAZILGENÉRICOS SA,ALPRAZOLAM,Alprazolam,0.5 mg,Comprimidos,Embalagens contendo 1 blister de 20comp
BRAZILGENÉRICOS SA,BROMAZEPAM,Bromazepam,3mg,Comprimidos,Embalagens contendo 30 comp
BRAZILGENÉRICOS SA,BROMAZEPAM,Bromazepam,6mg,Comprimidos,Embalagens contendo 30 comp
"SAHAR MEDIRAN, LDA",CIPROXIR,Ciprofloxacina,250mg,Comprimidos,Embalagens contendo 2 blisters de 10 comp
"SAHAR MEDIRAN, LDA",CIPROXIR,Ciprofloxacina,500mg,Comprimidos,Embalagens contendo 2 blisters de 10 comp
"GENERICS & SPECIALITIES, Lda",NYGEN S,Nistatina,100000UI,Pó para Suspensão Oral,Frasco de 30ml
"GENERICS & SPECIALITIES, Lda",AZITHRAL LIQUID 200,Azitromicina,200mg/5ml,Suspensão Oral,Frasco de 15ml
"GENERICS & SPECIALITIES, Lda",ALSARTAN-AM,Losartan Potássio + Amlodipina Basilato,50mg + 5mg,Comprimidos,Embalagens contendo 4 blisters de 7 comp
"GENERICS & SPECIALITIES, Lda",ALSARTAN-H,Losartan PotássiCo + Hidroclorotiazida,"50mg + 12,5mg",Comprimidos,Embalagens contendo 4 blisters de 7 comp
MEDIMPORT LDA,OFLOXAPEX 200,Ofloxacina,200mg,Comprimidos,Embalagens contendo 10 blisters de 10 comp
PIRÂMIDE PHARMA,"ELECTRAL 4,4",Cloreto de Sodio + Cloreto de Potassio + Citrato de Sodio + Glicose Anidra,"0,52g +0,3g + 0,58 + 2,7g",Pó para solução Oral,"Embalagens com saquetas de 4,4g"
"MEDIS FARMACÊUTICA, LDA",CYTOTEC,Misoprostol,0.2mg,Comprimidos,Embalagem contendo 1 blister de 60 comp
"GENERICS & SPECIALITIES, Lda",AZORAN,Azatioprina,50mg,Comprimidos Revestidos,10X10
"GENERICS & SPECIALITIES, Lda","LODOZ 2,5",Furoato de Bisoprolol + Hidroclortiazida,"2,5mg + 6,25mg",Comprimidos,3x10
"GENERICS & SPECIALITIES, Lda",LODOZ 5,Furoato de Bisoprolol + Hidroclortiazida,"5mg + 6,25mg",Comprimidos,3x10
"GENERICS & SPECIALITIES, Lda",AUROLIZA 10,Lisinopril,10mg,Comprimidos,20x14
"GENERICS & SPECIALITIES, Lda",AUROLIZA 20,Lisinopril,20mg,Comprimidos,20x14
"GENERICS & SPECIALITIES, Lda",ISOCOR 20,"Isossorbido, Monohidrato",20mg,Comprimidos,10x10
MAPUTO HEALTH CARE Lda,ESOF 100,"vitamina E, Acetato",100mg,Cápsulas,3x10
MAPUTO HEALTH CARE Lda,MIOCAR,"Pilocarpina, Nitrato",4%,Solução tópica oftálmica,Frasco de 10ml
MAPUTO HEALTH CARE Lda,TRIOBION FORTE INJECÇÃO,Tiamina + Riboflavina + Piridoxina + Cianocobalamina + Nicotinamida + D-Pantenol,(100mg + 5mg +100mg + 1000mcg + 100mg + 50mg)/3ml,Injectável,100 ampolas de 3ml
"WELLWORTH, LDA",GATIQUIN-400,Gatifloxacina,400mg,Comprimidos Revestidos,1x5
"WELLWORTH, LDA",VOMINORM,"Metoclopramida, Hidrocloreto",10mg,Comprimidos,10x10
"WELLWORTH, LDA",TADACIP-20,Tadalafil,20mg,Comprimidos,1x4
"SHANI, LIMITADA","STARVAL HTC 80+12,5",Valsartan + Hidroclortiazida,"80mg + 12,5mg",Comprimidos Revestidos,3x10
"SHANI, LIMITADA",STARVAL HTC 160+25,Valsartan + Hidroclortiazida,160mg + 25mg,Comprimidos Revestidos,3x10
"SHANI, LIMITADA",RACIPER,Esomeprazol Magnésio,20mg,Comprimidos,Embalagem de 14 Comp
"SHANI, LIMITADA",RACIPER,Esomeprazol Magnésio,40mg,Comprimidos,Embalagem de 14 Comp
BAYER SCHERING PHARMA MOÇAMBIQUE,BONEFOS,Ácido Clodrónico,800mg,Comprimidos Revestidos,Blister de 60 comp
"MEDIMPORT, LDA",CLARITHROPEX,Claritromicina,250mg,Comprimidos,1 Blisters de 10 Comprimidos
"MEDIMPORT, LDA",CLARITHROPEX,Claritromicina,500mg,Comprimidos,2 Blisters de 10 Comprimidos
"SHANI, LIMITADA","ETHINILESTRADIOL TABLETS 0,05MG",Etinilestradiol,0.05mg,Comprimidos,1x10
"SHANI, LIMITADA","ETHINILESTRADIOL TABLETS 0,02MG",Etinilestradiol,0.02mg,Comprimidos,1x10
"GENERICS & SPECIALITIES, Lda",Ethyl Chloryde BP Spray,Cloreto de Etilo,100%,Spray,Frasco de 100ml
"MEDIFARMA, LDA",DOXYCIN,Doxiciclina,100mg,Comprimidos,Frasco de 1000 comprimidos
"MEDIFARMA, LDA",METRODA,Metronidazol,250mg,Comprimidos,Frasco de 1000 comprimidos
"SAHAR MEDIRAN, LDA",NORMOPRESS,Atenolol,50mg,Comprimidos,embalagem de 100 comprimidos
"SAHAR MEDIRAN, LDA",NORMOPRESS,Atenolol,100mg,Comprimidos,embalagem de 100 comprimidos
"MEDIFARMA, LDA",CLORIDRATO DE RANITIDINA,"Ranitidina, Cloridrato",50mg/2mL,Solução Injectável,Emb. De 10 ampolas
"MEDIFARMA, LDA",DICLEN,Diclofenac de sódio,50mg,Comprimidos,Frasco plástico de 1000 comp.
"MEDIFARMA, LDA",Albenda,Albendazol,400mg,Comprimidos,Frasco plástico de 1000 comp.
"MEDIFARMA, LDA",Ciprofloxacina,Ciprofloxacina,500mg,Comprimidos,Frasco plástico de 1000 comp.
"LIFE Pharma, Lda",FRUSINA,Furosemida,40mg,Comprimidos,Emb. Blister de 10 x 10 comp e frascos de 1000 comp.
"LIFE Pharma, Lda",GLIFRED,Glibenclamida,5mg,Comprimidos,Emb. Blister de 10 x 10 comp e frascos de 500 comp.
TATA DE MOÇAMBIQUE,Strey ds-125,"Eritromicina, Estearato",125mg/5ml,Pó para Suspensão Oral,Frasco de vidro âmbar de 100ml
"WELLWORTH, LDA",CASANOVA SPRAY,Lidocaína,9.5%w/w,Aerosol,Recipiente de aluminio 100ml
"MEDIFARMA, LDA",PANTOC 20,Pantoprazol,20mg,Comprimido resvestido gastroresistentes,Emb. De 14 e 56 comprimidos
"MEDIFARMA, LDA",PANTOC 40,Pantoprazol,40mg,Comprimido resvestido gastroresistentes,Emb. De 14 e 56 comprimidos
"MEDIFARMA, LDA",PARMOL,Paracetamol,500mg,Comprimidos,Frascos plasticos de 1000 comp
"LIFE Pharma, Lda",NEOPHIL 100,aminofilina anidra,100mg,Comprimidos Revestidos,Emb. Blister de 10 x 10 comp e frascos de 1000 comp.
"LIFE Pharma, Lda",SRIMET,"Metformina, Cloridrato",500mg,Comprimidos Revestidos,Emb. Blister de 10 x 10 comp e frascos de 1000 comp.
"LIFE Pharma, Lda",FRADOX - 100,"Doxiciclina, Hiclato",100mg,Comprimidos Revestidos,Emb. Blister de 10x 10 comp e frascos de 1000 comp.
"MEDIFARMA, LDA",QUINAC,"Quinina, Sulfato",300mg,Comprimidos,Emb. 100 comp. (10x10)
"LIFE Pharma, Lda",HERPENIL 400,Aciclovir,400mg,Comprimido,Emb. Blister de 10 x 10 comp e frascos de 1000 comp.
"MEDIFARMA, LDA",WOMASTIN,Carboplatina,150mg,Solução injectável,Emb. 15ml
"MEDIFARMA, LDA",RIOPAN 800MG,Malgadrato,800mg,Comprimidos,Emb.20 e 50 comp.
"MEDIFARMA, LDA",ACABEL 8MG,Lornoxicam,8mg,Comprimidos Revestidos,Emb. 50 comprimidos
"MEDIFARMA, LDA",SANIQUAD GHS,Cetrimida,15% w/v,Solução,Frasco HDPE 100ml.
"WELLWORTH, LDA",FRUSIX,Furosemida,10mg,Pó para injectável,Emb. Com 100 ampolas de 2ml
"WELLWORTH, LDA",GENTACIP,"Gentamicina, Sulfato","0,3% w/v",Gotas Oftálmicas,Frasco de 10ml
"WELLWORTH, LDA",PARACOD,Paracetamol + Fosfato de codeína,650mg+30mg,Comprimidos efervescentes,Emb. 3 blisters com 4 comp. (3 x 4)
TATA DE MOÇAMBIQUE,IFICEF,Ceftriaxona de sódio,1000mg,Pó injectável,Frasco de 10ml com diluente
TATA DE MOÇAMBIQUE,DICLORAN,Diclofenac de sódio,50mg,Comprimidos,Emb. 10 blisters X 10 comp. E frascos de 1000comp
TATA DE MOÇAMBIQUE,IOTIM  0.25,"Timolol, maleato",0.25%m/v,Colírio,Frasco de 5mL
"LIFE PHARMA, LDA",NEOGESIC,Diclofenac de sódio,50mg,Comprimidos Revestidos,Emb. Blister de 5 x 10 comp e frascos de 1000 comp.
"MEDIFARMA, LDA",PANTOPRAZOLE ALTANA 20,Pantoprazol,20mg,Comprimidos gastroresistentes,Emb. 15 e 56 comprimidos
"MEDIFARMA, LDA",PANTOPRAZOLE ALTANA 40,Pantoprazol,40mg,Comprimidos gastroresistentes,Emb. 15 e 56 comprimidos
"MEDIFARMA, LDA",ÁCIDO FÓLICO E SULFATO FERROSO,Ácido fólico e Sulfato ferroso,200mg+0.25mg,Comprimidos Revestidos,Frasco plástico de 1000 comp.
"MEDIFARMA, LDA",BIOMOL SUSPENSÃO,Paracetamol,120mg/5ml,Suspensão Oral,Frasco de 100ml
"MEDIFARMA, LDA",PANTOC I.V,Pantoprazol,40mg,Pó liofilizado  (uso intravenoso),Frasco com 40mg de pó
"MEDIFARMA, LDA",AERIUS SOLUCAO ORAL,Desloratadina,"2,5mg",solução Oral,Frascos de 60ml
"MEDIFARMA, LDA",CLOTRY,Clotrimazol,100mg,Comprimidos Vaginais,Caixa 1 x 500 comp. Com aplicador
"MEDIFARMA, LDA",SUPRIM-480,Trimetoprim e Sulfametoxazol,80 + 400mg,Comprimidos,Embalagem de 100 Comprimidos (10X10)
"MEDIFARMA, LDA",SANIQUAD H,Peróxido de hidrogénio,3% w/v,solução,Frasco de 500ml
"MEDIFARMA, LDA",EMETHEX 50,Metotrexato,25mg,Injectável,Frasco de 3ml
"MEDIFARMA, LDA",TROFENYL,Citrato de fentanil,50mcg/ml,solução Injectável,Emb. 5 ampolas de 10ml
"MEDIFARMA, LDA",DM CREME,Salicilato de glicol e mentol,90mg + 10mg,Creme,Emb. 1bisnaga de 100g
"MEDIFARMA, LDA",SULFATO FERROSO,Sulfato ferroso,200mg,Comprimidos Revestidos,Frasco HDPE 1000 comp.
"MEDIFARMA, LDA",IBUPROFENO COMPRIMIDOS,Ibuprofeno,200mg,Comprimidos,Frasco plástico de 1000 comp.
"MEDIFARMA, LDA",AMOXIGRAN 125,amoxicilina,125mg/5ml,Pó para Suspensão Oral,Frasco de 100ml
"MEDIFARMA, LDA",AMOXIGRAN 250,amoxicilina,250mg/5ml,Pó para Suspensão Oral,Frasco de 100ml
"MEDIFARMA, LDA",SUPRIM 240,Trimetoprim + Sulfametoxazol,40 + 200mg,pó para Suspensão Oral,Frasco de vidro âmbar de 100ml
"MEDIFARMA, LDA",CICHLOR,Cloranfenicol,"0,5% m/v",Gotas Oftálmicas,Frasco plástico de 10ml
"MEDIFARMA, LDA",RIBOREA,Hidroxiureia,500mg,Cápsulas duras,Caixa 10 x 10 strips
"MEDIFARMA, LDA",CLOTRIMAZOLE CREME,Clotrimazol,0.01g/ml,Creme tópico,Bisnaga de 30g
"MEDIFARMA, LDA",METOCLOPRAMIDA,"Metoclopramida, Cloridrato",5mg/ml,Solução Injectável,ampolas de 2ml
"MEDIFARMA, LDA",RGI OXITOCINA 5 UI/ML,Oxitocina,5UI/ml,Solução Injectável,ampolas de 1ml
"MEDIFARMA, LDA",ADRIVIT,"Adrenalina, Bitartarato",1mg/ml,Solução Injectável,Ampolas âmbar de 1ml
"MEDIFARMA, LDA",,"Quinina, Dihidrocloreto",300mg/ml,Solução injectável,ampolas âmbar de 2ml
MISSIONPHARMA MOÇAMBIQUE,DICLOFENAC DE SÓDIO,Diclofenac de sódio,25mg/mL,Solução Injectável,Emb. ampola de 3mL
"MEDIFARMA, LDA",NELEX OVULOS,Policresuleno,90mg,Óvulos,Emb. 10 Óvulos
"AFRIEUROPHARMA, LDA",MOVATE GEL,Propionato de clobetasol,"0,05%w/w",Gel,Emb. Bisnaga de 30g
"MEDIFARMA, LDA",Acabel 8mg,Lornoxicam,8mg/2ml,Pó e solvente p/sol. Ínjectável,Emb. 1frasco com pó para  sol. Ínjectavel e 1 ampola de 2ml de água
"MEDIFARMA, LDA",Phenoxin,Fenoximetilpenicilina Potássica,500mg,Comprimidos,Frascos plasticos de 1000 comp
"MEDIFARMA, LDA",Faktu,"cinchocaína, Cloridrato + policresuleno",10mg + 50mg,pomada rectal,Emb.  1 bisnaga 50g
"GENERICS & SPECIALITIES, LDA",LAMIVUDINA + NEVIRAPINA + ZIDOVUDINA,Lamivudina + Zidovudina + Nevirapina,150mg + 300mg + 200mg,Comprimidos,frasco HDPE de 60 comprimidos
"FARMA HOLDINGS, SA",ARTEMETHER E LUMEFANTRINA,Arteméter + Lumefantrina,20mg + 120mg,Comprimidos,"Embalagem 4X6, 1x6, 3x6"
"MEDIFARMA, LDA",WOMASTIN,Carboplatina,450mg,Solução injectável,Emb. 45ml
"MEDIS FARMACÊUTICA, LDA",VENLAFAXINA AZEVEDOS,"Venlafaxina, hidroclorido",75mg,cápsulas de libertação prolongada,Emb. Blister de 10 e  30 cápsulas
"MEDIS FARMACÊUTICA, LDA",VENLAFAXINA AZEVEDOS,"Venlafaxina, hidroclorido",150mg,cápsulas de libertação prolongada,Emb. Blister de 10 e  30 cápsulas
MISSIONPHARMA MOÇAMBIQUE,CO-TRIMOXAZOLE,Trimetoprim + Sulfametoxazol,80mg+400mg,Comprimidos,Embalagem contendo  frasco de 500 Comprimidos
MISSIONPHARMA MOÇAMBIQUE,GRISEOFULVIN,Griseofulvina,500mg,Comprimidos,Emb. Blister de 10x 10 comp
MISSIONPHARMA MOÇAMBIQUE,DICLORIDRATO DE QUININA ESTERILIZADO CONCENTRADO,Dicloridrato de quinina,300mg/ml,Solução injectável,Emb. ampola de 2ml
"MEDIFARMA, LDA",Difenidramina,"Difenidramina, Cloridrato",10mg/ml,Solução injectável,Emb. Ampolas de 5ml
"MEDIMOC, SA",INDOMETACINA PROTECH-25,Indometacina,25mg,Cápsulas,Emb. Blister de 1x 10 comp
"MEDIMOC, SA",PROMEZ-20,Omeprazol,20mg,Cápsulas,Emb. Blister de 1x 10 comp
"MEDIMOC, SA",SANOXAL,Albendazol,400mg,Comprimido Mastigável,Emb. Blister 1 comp.
"MEDIMOC, SA",MEBENDAZOL PROTECH-10,Mebendazol,100mg,Comprimidos,Emb. Blister de 1x 10 comp
"MEDIMOC, SA",NYSTATIN PROTECH,Nistatina,500000 UI,Comprimidos Vaginais,Emb. Blister de 1x 10 comp
"MEDIMOC, SA",METOCLOPRAMIDA PROTECH - 10,"Metoclopramida, Cloridrato",10mg,Comprimidos,Emb. Blister de 1x 10 comp
"MEDIMOC, SA",LANOGASTRO,Lanzoprazol,30mg,Cápsulas duras,"Emb. de 7,14 e 28 cáp"
FARMANATURAL,ACTIPRIL,Ácido Acetilsalicílico,500mg,Comprimidos,Blisters de 20 Comprimidos
FARMANATURAL,PARAFINA SOLUÇÃO ORAL,Parafina Líquida Pesada,"144,275ml/145ml",Solução Oral,Frasco de 145ml
FARMANATURAL,BENADERMA GEL COM DIFENIDRAMINA,Cloreidrato de Difenidramina + Calamina + Cânfora,"(1g + 8g + 0,1g)/100g",Gel Cutâneo,Bisnaga de 20g
FARMANATURAL,"BENADERMA COM CALAMINA, CREME",Cloreidrato de Difenidramina + Calamina + Cânfora,"(1g + 8g + 0,1g)/100g",Creme Cutâneo,Bisnaga de 30g
FARMANATURAL,ALGINA POMADE,Salicilato de Metilo + Mentol + Guaiacol,10g + 4g + 1g,Pomada,Bisnaga de 35g
"MEDIFARMA, LDA",ONCOMIDE 500,Ciclofosfamida,500mg,Solução ínjectavel,Emb. frasco de 30ml
FARMANATURAL,BANHÓLEUM COMPOSTO,óleo de soja + Ictiol,800mg + 5mg,Aditivo para banho,Emb. Frasco LDPE e HDPE  de 200 ou 500ml
"SHANI, LIMITADA",CARDIPRO® 100 PLUS TABLET,Atenolol + Clortalidona,100mg + 25mg,Comprimidos,Emb. Blister de 3 x 10 comprimidos
"NATUR PHARMA, LDA",ULTRAMOL 500,Paracetamol,500mg,Comprimidos,10x10
"MEDIMOC, SA",CLINELLE - M,Clindamicina + Clotrimazol,100mg + 100mg,Supositórios vaginais,Emb. de 1 X 7 sup.
SOCIEDADE FARMACÊUTICA JORDANA,METROZOLE,Metronidazol,250mg,Comprimidos,Emb. Blister de10x 10comp
SOCIEDADE FARMACÊUTICA JORDANA,METROZOLE,Metronidazol,500mg,Comprimidos,Emb. Blister de10x 10comp
FARMANATURAL,PANSEBASE COMPOSTO,ácido láctico + ictiol +lecitina de soja,2.8ml/ml + 5mg/ml + 15mg/ml,Shampoo,Emb. Frasco  de 200 ou 500ml
"MEDIS FARMACÊUTICA, LDA",VENLAFAXINA AZEVEDOS,"Venlafaxina, hidroclorido","37,5mg",cápsulas de libertação prolongada,Emb. Blister de 10 e  30 cápsulas
"MEDIS FARMACÊUTICA, LDA",PAROXETINA AZEVEDOS,"Paroxetina, Cloridrato",20mg,Comprimidos Revestidos,Emb. Blister de 20 e  60 comprimidos
"MEDIS FARMACÊUTICA, LDA",PANTOPRAZOLE VIDA,Pantoprazol sódico sesquihidratado,20mg,Comprimido gastro-resistente,Emb. Blister de 56 comprimidos
"SHANI, LIMITADA",LIMCEE TABLET,Ácido ascorbico + Ascorbato sódico,100mg+450mg,Comprimidos,Emb. Blister de  10 x 10comprimidos
"SHANI, LIMITADA",HEMOMIN CAPSULES,Fumarato ferroso + ácido Ascorbico (Vit. C) + piridoxina (Vit.B6) + cianocobalamina,300mg + 100mg + 2.5mg + 10mg + 50mcg,Cápsulas,Emb. Blister de  03 x 10capsulas
"SAHAR MEDIRAN, LDA",TRAMEXIR,"Tramadol, Hidrocloreto",50mg/ml,Solução injectável,Emb. 48 x 10 ampola de 1ml
"SAHAR MEDIRAN, LDA",LORAXONE 500,Ceftriaxona de Sódio,500mg,Solução injectável,Emb. 12 caixinhas com 8ampolas
"SAHAR MEDIRAN, LDA",LORAXONE 1000,Ceftriaxona de Sódio,1000mg,Solução injectável,Emb. 12 caixinhas com 8ampolas
"AFRI FARMÁCIA, LDA",MULTIVITAMIN SYRUP/MYD-TONIC SYRUP,Ferro +Vit B 12 + Vit B1 + Vit  B2 + Vit B6,"138mg + 0,5+5mcg +5mg",Xarope,Emb. Frascos de  120ml
TATA DE MOÇAMBIQUE,PAPILON INJECTION,Diclofenac de sódio,25mg/ml,Solução Injectável,Emb. 50 ampola de 3ml
"SHANI, LIMITADA",ABACT 500,"Ciprofloxacina, Hidrocloreto",500mg,Comprimidos,Emb. Blister de  10 x 10comprimidos
"GENERICS & SPECIALITIES, Lda",ELOSONE OINTMENT,Furoato de mometasona,"0,1% m/m",Pomada,Emb. Bisnaga de 30g
"ORBIS PHARMA, Lda",DYNAK 50MG,Diclofenac de potássio,50mg,Comprimidos,Emb. Com  10   comp
"SHANI, LIMITADA",ZILIRON  TABLETS,Hidro. Polimalltose de ferro+ác. Fólico+Sul. De zinco,"47mg+0,5mg+61,80mg",Comprimidos,Emb. Blister de 1x 10  e
"WELLWORTH, LDA",DICLORIDRATO DE QUININA,Dicloridrato de quinina,300mg/mL,Solução injectável,"Emb. com ampolas de 2ml, 10x10x2ml"
"WELLWORTH, LDA",SULFATO DE QUININA,"Quinina, Sulfato",300mg,Comprimidos,Emb. Frascos HPDE de 1000 comp.
"AFRI FARMÁCIA, LDA",LACTATO DE SÓDIO,Lactato de sódio,0%,Infusão intravenosa,Balões de 500 e 1000ml
MAPUTO HEALTH CARE Lda,CLORETO DE SÓDIO,Cloreto de Sódio,1%,Solução injectável,BALÕES  DE 500 e 1000 ML
"AFRI FARMÁCIA, LDA",GLUCOSE INTRAVENOUS INFUSION B.P,Glicose anidra,5%,Solução injectável,Balões de 500mL e 1000 mL
"AFRI FARMÁCIA, LDA",THIASTAL,"Tiamina, Hidrocloreto",100mg/2mL,Solução injectável,Emb.caixa com 5ampolas x 2ml
"GENERICS & SPECIALITIES, Lda",CANDACORT CREAM,Clotrimazol + hidrocortizona,10mg+10mg,Creme tópico,Emb. Bisnaga de 15g
"GENERICS & SPECIALITIES, Lda",IBUPROFENO,Ibuprofeno,400mg,Comprimidos Revestidos,10x10
"SHANI, LIMITADA",ORAL REHIDRATION SALT,Cloreto de Sódio+ Citrato de sódio+ Cloreto de potassio + GLUCOSE ANIDRA,4.4g + 1.9g + 3.7g + 25.47g,Pó de uso oral,"Emb. Em caixa com 25 saquetas em pó de 27,9g"
"GENERICS & SPECIALITIES, Lda",FOBAN CREAM,ácido fusídico,2% w/w,Creme,Emb. Bisnaga de 5g e 15g
"GENERICS & SPECIALITIES, Lda",DEZOR CREAM,Ketoconazol,2% w/w,Creme,Emb. Bisnaga de 15g
"GENERICS & SPECIALITIES, Lda",ELOSONE CREAM,Furoato de mometasona,0.1% w/w,Creme,Emb. Bisnaga de 15g
"GENERICS & SPECIALITIES, Lda",BEPROGEL SOLUÇÃO TÓPICA,Dipropionato de betametasona,0.05% w/v,Solução tópica,Emb. Frasco plastico de 30ml
"MEDIMOC, SA",EUTHCAL,Carbonato de cálcio + Vitamina D3,250mg + 100UI,Cápsulas moles de gelatina,Emb. Blister de 3x 10 comp
"MEDIMOC, SA",COLDYNE,Cânfora + Clorotimol + Eucaliptol + Mentol + Terpineol,25mg + 5mg + 125mg + 65mg + 120mg,Cápsulas,1x10
"MEDIMOC, SA",PROSTAL 100,Misoprostol,100mg,Comprimidos,embalagem de 4 comprimidos e embalagem de 10 comprimidos
"MEDIMOC, SA",PROSTAL 200,Misoprostol,200mg,Comprimidos,embalagem de 4 comprimidos e embalagem de 10 comprimidos
"MEDIFARMA, LDA",CEXAMETHASONE,"Dexametasona, Fosfato",4mg/mL,Injectável,Ampolas de 2mL
"GENERICS & SPECIALITIES, Lda",Sulfato de gentamicina,"Gentamicina, Sulfato",80mg/2ml,Solução Injectável,Tabuleiro com 10 ampolas
"GENERICS & SPECIALITIES, Lda",Griseofulvina BP 2005,Greseofulvina,500mg,Comprimidos,Embalagem com 100 comprimidos
"GENERICS & SPECIALITIES, Lda",Cloranfenicol BP 2007,Cloranfenicol,250mg,Cápsulas,frasco de 1000 cápsulas
"GENERICS & SPECIALITIES, Lda",VINCRISTINA SULFATO,Vincristina sulfato,2mg/2mL,Soluçao injectavel,Ampolas de 2mL
"MEDIFARMA, LDA",CIPHENICOL,Cephenicol,1g,Pó para Injecção,frasco de 10ml
"MEDIFARMA, LDA",RGI´S FLUCONAZOL,Fluconazol,150mg,Comprimidos,Blister de 4 comprimidos
"MEDIFARMA, LDA",RGI INJECÇÃO DE NEOSTIGMINA,Metilssufato de Neostigmina,"0,5mg",Injectável,Ampola de 1ml
"MEDIFARMA, LDA",CPERIDOL,Haloperidol,5mg/mL,Injectável,Ampola de 1ml
"MEDIFARMA, LDA",Glucose basi 5%,glucose mono-hidratada,50mg/ml,Solução para perfusão,Frasco de 500ml e 1000ml
"MEDIFARMA, LDA",GLUCONATO DE CÁLCIO,Gluconato de Cálcio,100mg/ml,Solução Injectável,Ampolas de 10ml
"MEDIFARMA, LDA",NALIDIX,Acido nalidixico,500mg,Comprimidos,Blisters de 10 comprimidos
"MEDIMOC, SA",Cotri-Protech 480,Sulfametoxazol + Trimetoprim,400mg + 80mg,Comprimidos,Bister de 10 comprimidos
"MEDIMOC, SA",IBUPROTECH-400,Ibuprofeno,400mg,Comprimidos,Blister de 10 comprimidos
"MEDIMOC, SA",CARBAMAZEPINE PROTECH-200,Carbamazepina,200mg,Comprimidos,Embalagem de 10 comprimidos
"MEDIMOC, SA",GLIBEN PROTECH-5,Glibenclamida,5mg,Comprimidos,Embalagem com 10 comprimidos
"MEDIMOC, SA",Grutha,Arteméter + Lumefantrina,20mg+ 120mg,Cápsulas de gelatina dura,Embalagem de 3x8 Capsulas
"MEDIMOC, SA",FOLITECH-5,Ácido Fólico,5mg,Comprimidos,Blister com 10 comprimidos
MEDIMPORT LDA,TIBOZOLE,"Miconazol, Nitrato",10mg,Comprimidos bucais,blister de 7 e embalagem de 70 comprimidos
"MEDIS FARMACÊUTICA, LDA",PANAFCORT COMPRIMIDOS,Prednisona,5mg,Comprimidos,frasco de 1000 comprimidos
MAPUTO HEALTH CARE Lda,CLORETO DE SÓDIO BASI,Cloreto de Sódio,9mg/mL,Solução injectável,Ampolas de 10ml x 50 e x 100 unidades
"MEDIMOC, SA",CLINELLE,Clindamicina + Clotrimazol,100mg + 100mg,Supositórios vaginais,Emb. de 1 X 7 sup.
"SAHAR MEDIRAN, LDA",EXIPIME,Cefepime,500mg,Injectável (IM ou IV),1x12 ampolas
"SAHAR MEDIRAN, LDA",EXIPIME,Cefepime,1000mg,Injectável (IM ou IV),1x12 ampolas
"SAHAR MEDIRAN, LDA",EXIPIME,Cefepime,2000mg,Injectável (IM ou IV),1x12 ampolas
"WELLWORTH, LDA",PENI V 500,fenoximetilpanicilina potássio BP,500mg,Comprimidos,recipiente de 1000 comprimidosl
"WELLWORTH, LDA",HYOSPAN,butil brometo de  hioscina BP,10mg,Comprimidos,Recipiente de 200 Comprimidos
"WELLWORTH, LDA",ROXY-150,Roxitromicina,150mg,Comprimidos Revestidos,Blister de 10 comprimidos
"WELLWORTH, LDA",ROXY-300,Roxitromicina,300mg,Comprimidos Revestidos,Blister de 5 comprimidos
"NATUR PHARMA, LDA",ESOFLUX 40,Esomeprazol Magnésio,40mg,Comprimidos,Blister de 10 comprimidos
"MEDIMOC, SA",DETETRA,"Tetraciclina, Hidrocloreto",500mg,Comprimidos,10 blisters de 10 comprimidos
"MEDIMOC, SA",BASECOLD SYRUP,Paracetamol + Fenilfrina Hcl + Clorfeniramina + Maleato Citrato de Sódio,125mg + 5mg + 1mg + 60mg,Xarope,Frasco de 100ml
"MEDIMOC, SA",AZEPAM 10,Diazepam,10mg,Comprimidos,10 blisters de 10 comprimidos
"MEDIMOC, SA",CIPRODEX,Ciprofloxacina + Dexametasona,"0,3%w/v + 0,1%w/v",Gotas oftálmicas/Auriculares,Frasco de 10mL
"AFRI FARMÁCIA, LDA",ESTAVUDINA + LAMIVUDINA + NEVIRAPINA,Nevirapina + Estavudina + Lamivudina,200mg + 150mg + 30mg,Comprimidos,Frasco de 60mg
"NATUR PHARMA, LDA",DEFNIL - P,Paracetamol + Diclofenac,500mg + 50mg,Comprimidos,10 blister de 10 comp
"MEDIMOC, SA",ERYMER,Eritromicina,125mg/5ml,Suspensão Oral,Frasco de 60ml
MEDIMPORT LDA,MAALOX plus Chawable tablets,Hidroxido de Aluminio + Hidroxido de Magnesio + Dimeticona,200mg + 200mg + 25mg,Comprimidos mastigáveis,Embalagem de 20 e 50 comprimidos
BRAZILGENÉRICOS SA,NORFLOXACINA,Norfloxacina,400mg,Comprimidos Revestidos,Emb. de 14 comp.
BRAZILGENÉRICOS SA,Nistatina,Nistatina,25.000UI/g,Creme vaginal,Bisnaga de 60g com aplicador
"GENERICS & SPECIALITIES, Lda",ZIDOVUDINA + LAMIVUDINA + NEVIRAPINA,Lamivudina + Zidovudina + Nevirapina,150mg + 300mg + 200mg,Comprimidos,Emb. Frasco de 60 comp.
"GENERICS & SPECIALITIES, Lda",Efavirenz capsulas,Efavirenz,200mg,Cápsulas,Emb. Frasco de 90 cap.
"GENERICS & SPECIALITIES, Lda",TENOFOVIR DISOPROXIL + EMTRICITABINA,Tenofovir disoproxil + Emitricitabina,300mg + 200mg,Comprimidos Revestidos,Emb. Frasco de 30 comp.
"GENERICS & SPECIALITIES, Lda",TENOFOVIR DISOPROXIL FUMARATO + EFAVIRENZ + EMTRICITABINA,Efavirenz + Emtricitabina + Tenofovir disoproxil fumarato,600mg + 200mg + 300mg,Comprimidos Revestidos,Emb. Frasco de 30 comp.
"GENERICS & SPECIALITIES, Lda",TENOFOVIR DISOPROXIL + LAMIVUDINA,Tenofovir disoproxil + Lamivudina,300mg+ 300mg,Comprimidos Revestidos,Emb. Frasco de 30 comp.
"GENERICS & SPECIALITIES, Lda",TENOFOVIR DISOPROXIL +LAMIVUDINA + EFAVIRENZ,Tenofovir disoproxil + Lamivudina+Efavirenz,300mg + 300mg + 600mg,Comprimidos Revestidos,Emb. Frasco de 30 comp.
"MEDIFARMA, LDA",RGI Suxametonio,Cloreto de Suxametonio,50mg,Solução Injectável,Frasco de 5ml
"MEDIFARMA, LDA",Ceftrax 1000,Ceftriaxona,1000mg,Pó para Injecção,Frasco de 10ml
"MEDIFARMA, LDA",Amitriptilina,"Amitriptilina, cloridrato",10mg,Comprimidos,Frasco de 100 comprimidos
"MEDIFARMA, LDA",Regenta Plus creme,Clotrimazol + dipropionato de betametazona + Sultato de gentamicina,"19,584+53,4mg+33mg",Creme tópico,Bisnaga de 30g
"MEDIFARMA, LDA",Cecort-100,Hidrocortisona,100mg,Solução injectável,Frasco de 5ml
"MEDIFARMA, LDA",Clorpromazina,"Clorpramazina, HCL",100mg,Comprimidos,Blister de 10x10 comprimidos
"MEDIS FARMACÊUTICA, LDA",TOROCEF 1,"Ceftriaxona, anidra",1000mg,Pó esterilizada p/sol. Ínjectável,Frasco de 10ml
BRAZILGENÉRICOS SA,VALERATO DE BETAMETASONA,"Betametasona, valerato","0,5mg/g",Creme,Bisnaga de 30g
BRAZILGENÉRICOS SA,FOSFATO DE CLINDAMICINA,"Clindamicina, Fosfato",10mg/g,Gel,Bisnaga de 45g
BRAZILGENÉRICOS SA,GLIBENDIAB,Glibenclamida,5mg,Comprimidos Revestidos,20 comprimidos
"MEDIS FARMACÊUTICA, LDA",ENICIL,Latanoprost,"0,05mg/ml",Colírio,"1x2,5ml e 3x2,5ml"
"NATUR PHARMA, LDA",AUROMET 500,Metformina,500mg,Comprimidos,embalagem de 10 x10 comprimidos
"NATUR PHARMA, LDA",AUROMET 850,Metformina,850mg,Comprimidos,embalagem de 10 x10 comprimidos
"MEDIMOC, SA",MERITUS EXP,Ambroxol + Guiafenasina Salbutamol,15mg + 50mg + 1mg,Xarope,Frasco de 100ml
"WELLWORTH, LDA",NORFLOX,Norfloxacina,"0,3% w/v",Gotas oftálmicas/Auriculares,Frasco de 10ml
"WELLWORTH, LDA",RIBACIP 200,Ribavirina,200mg,Cápsulas,2 blisters de 10 caps
"WELLWORTH, LDA",EFAVIR 200,Efavirenz,200mg,Cápsulas,Embalagem de 30 caps
FARMANATURAL,FINASTERIDA SANDOZ,Finasterida,5mg,Comprimidos,Embalagem de 30 comp
"LIFE Pharma, Lda",ERYFRED 500,"Eritromicina, Estearato",500mg,Comprimidos,10 blisters de 10 comp
"LIFE Pharma, Lda",TRACY 500,"Tetraciclina, Cloridrato",500mg,Cápsulas,10 blisters de 10 caps
"SHANI, LIMITADA",GENTAMYCIN INJECTION,"Gentamicina, Sulfato",80mg,Solução Injectável,Caixa de 100 ampolas
"GENERICS & SPECIALITIES, Lda",REJUN 50,Cittrato de Clomifeno,50mg,Comprimidos,6 blisters de 5 comp
"GENERICS & SPECIALITIES, Lda",ARPIMUNE ME SOLUÇÃO ORAL,Ciclosporina,100mg/ml,Solução oral,Frasco de 50ml
"GENERICS & SPECIALITIES, Lda",TRIAXONE 1000,Ceftriaxona Sódica,1000mg,Pó para Injectável,Frasco de 100mg
"GENERICS & SPECIALITIES, Lda",KARDAM 5,"Amlodipina, besilato",5mg,Comprimidos,10 blisters de 10 comp
"GENERICS & SPECIALITIES, Lda",KARDAM 10,"Amlodipina, besilato",10mg,Comprimidos,10 blisters de 10 comp
"GENERICS & SPECIALITIES, Lda",AUROCEF 250,Cefalexina,250mg,Cápsulas,10 blisters de 10 caps
"GENERICS & SPECIALITIES, Lda",AUROCEF 500,Cefalexina,500mg,Cápsulas,10 blisters de 10 caps
"GENERICS & SPECIALITIES, Lda",CANDICAN,Fluconazol,2mg/ml,Injectável,Frascos de 100ml
"GENERICS & SPECIALITIES, Lda",PARACETIN EYE DROPS,Cloranfenicol,"0,5% m/v",Solução Oftálmica,Frasco de 10ml
"GENERICS & SPECIALITIES, Lda",ARPIMUNE ME 25,Ciclosporina,25mg,Cápsulas,10 blisters de 5 caps
"GENERICS & SPECIALITIES, Lda",ARPIMUNE ME 50,Ciclosporina,50mg,Cápsulas,10 blisters de 5 caps
"GENERICS & SPECIALITIES, Lda",BROMOGEN 2.5,Bromocriptina,2.5mg,Comprimidos,5 blisters de 10 comp
"GENERICS & SPECIALITIES, Lda",AROXICAM 7.5,Meloxicam,7.5mg,Comprimidos,3 blisters de 10 comp
"GENERICS & SPECIALITIES, Lda",AROXICAM 15,Meloxicam,15mg,Comprimidos,3 blisters de 10 comp
"GENERICS & SPECIALITIES, Lda",CEFUXIME 750,Cefuroxima sódica,750mg,Pó para Injectável,Frasco de 15ml
"GENERICS & SPECIALITIES, Lda",KOACT 156.25,Amoxicilina + Ácido Clavulânico,125mg/5ml + 31.25mg/5ml,Pó para Suspensão Oral,Frasco de 100ml
"GENERICS & SPECIALITIES, Lda",KOACT 312.50,Amoxicilina + Ácido Clavulânico,250mg/5ml + 62.5mg/5ml,Pó para Suspensão Oral,Frasco de 100ml
"MEDIS FARMACÊUTICA, LDA",DALACIN T 1%,Clindamicina,10mg,Solução cutânea,Frasco de 30ml
"MEDIS FARMACÊUTICA, LDA",AMOXI-DENK 500,Amoxicilina Trihidrato,500mg,Comprimidos,2 blisters de 10 comp
MEDIMPORT LDA,AMARYL,Glimepiride,3mg,Comprimidos,6 blisters de 10 comp
MEDIMPORT LDA,NO - SPA,"Drotaverina, Cloridrato",40mg/2ml,Solução Injectável,Embalagens de 5 ampolas de 2ml
"MEDIS FARMACÊUTICA, LDA",MAGNES-DENK 150,Magnésio,150mg,Cápsulas,Frasco de 50 caps
"MEDIS FARMACÊUTICA, LDA",PREDNISOLONA,Prednisolona,5mg,Comprimidos,Embalagem de 20 Comp
"MEDIS FARMACÊUTICA, LDA",PREDNISOLONA,Prednisolona,20mg,Comprimidos,Embalagem de 10 Comp
"GENERICS & SPECIALITIES, Lda",STAVUDINE CAPSULES,Estavudina,30mg,Cápsulas,Frasco de 60 caps
"GENERICS & SPECIALITIES, Lda",TENOFOVIR DISOPROXIL TABLETS,Tenofovir disoproxil fumarato,300mg,Comprimidos,Frasco de 60 comp
"GENERICS & SPECIALITIES, Lda",ABACAVIR SULFATO TABLETS,"Abacavir, Sulfato",300mg,Comprimidos,Frasco de 60 comp
MAPUTO HEALTH CARE Lda,BACTOCLAV 125,"Amoxicilina, Trihidrato + Clavulanato de Potássio",125mg/5ml + 31.25mg/5ml,Xarope,Frasco de 100ml
MAPUTO HEALTH CARE Lda,KCEPHIN 500,Cefalexina,500mg,Cápsulas,Embalagem de 10 blisters de 10 comp
MAPUTO HEALTH CARE Lda,DEPO - PROGESTIN,"Medroxiprogesterona, Acetato",150mg/ml,Suspensão Injectável,20 frascos de 1ml cada
"MEDIMOC, SA",AMOXICILINA,Amoxicilina,500mg,Cápsulas,"Embalagens contendo 21, 30 e 100 comp"
"SHANI, LIMITADA",TESTOSTERONE UNDECANOATE INJECTION,Testosterona,250mg/2ml,Injectável,10 ampolas de 1ml
"SHANI, LIMITADA",TESTOSTERONE UNDECANOATE INJECTION,Testosterona,250mg/ml,Injectável,10 ampolas de 1ml
"MEDIFARMA, LDA",SULFATO FERROSO + ÁCIDO FÓICO,Sulfato Ferroso+Acido Folico,300mg+1mg,Comprimidos,Frasco PVC
"MEDIFARMA, LDA",BENZILPENICILINA BENZATÍNICA,Benzilpenicilina,2.4 U.I,Suspensão Oral,50 frascos de vidro
"MEDIFARMA, LDA",ADRENALINA,Adrenalina,1mg/ml,Solucao injectavel,Ampolas de vidro
"MEDIFARMA, LDA",ALBENDAZOL,Albendazol,200mg,Comprimidos,Frascos
"MEDIFARMA, LDA",ÁGUA  PARA INJECTAVEIS,Água  para Injectaveis,5ml,Solução injectável,25 Ampolas de vidro de 5ml
"MEDIFARMA, LDA",BENZILPENICILINA PROCAINA,Benzilpenicilina Procaína,3000.000  U.I,Solucao injectavel,Frasco de de vidro
"MEDIFARMA, LDA",BENZOATO DE BENZILO,Benzoato de Benzilo,25%,Locao cutanea,Frasco de 100 mg
"MEDIFARMA, LDA",COTRIMOXAZOL,Sulfametoxazol + Trimetoprim,400mg + 80mg,Comprimidos,Frascos de plasticos de 1000 comprimidos
"MEDIFARMA, LDA",ÁCIDO NALIDÍXICO,Acido Nalidixico,500mg,Comprimidos,Frasco
"MEDIFARMA, LDA",MALEATO  DE CLORFENIRAMINA,"Clorfeniramina, maleato",4mg,Comprimidos,Frasco plastico PVC
"MEDIFARMA, LDA",BENZILPENICILINA PROCAINICA FORTIFICADA,Benzilpenicilina Procaína,3.000.000 U.I,Solucao injectavel,Frasco de vidro
"MEDIFARMA, LDA",AMOXICILINA,Amoxicilina,250mg/5mL,Pó para Suspensão Oral,Frasco de 100ml
"MEDIFARMA, LDA",ARTESUNATO & AMODIAQUINA,Artesunato + Amodiaquina,"50mg + 153,1mg (50mg + 200mg)",Comprimidos,"Blister (3+3), (6+6), (12+12)"
"MEDIFARMA, LDA",DOXICICLINA,Doxiciclina,100mg,Comprimidos,Frasco de plastico PVC com 150 comprimidos
"MEDIFARMA, LDA",ÁCIDO ACETILSALICÍLICO,Ácido Acetilsalicílico,500mg,Comprimidos,Frasco de plastico PVC
"MEDIFARMA, LDA",CLOTRIMAZOL,Clotrimazol,100mg,Comprimidos vaginais,Frasco plástico de 60 comprimidos
"MEDIFARMA, LDA",COTRIMOXAZOL,Sulfametoxazol+Trimetoprim,200mg + 40mg/5ml,Suspensão Oral,Frasco de 100 ml
MOZPHARMA LDA,CLOTRIMAZOL,Clotrimazol creme,1%,Creme tópico,Bisnaga de 30g
"MEDIFARMA, LDA",Oxitocina,Oxitocina,5UI/ml,Solução Injectável,ampolas de vidro
"MEDIFARMA, LDA",Eritromicina,Eritromicina,500mg,Comprimidos Revestidos,Embalagem de 20  comprimidos
"MEDIFARMA, LDA",AMINOFILINA,Aminofilina,100mg,Comprimidos,Frasco plastico com 100 comprimidos
"WELLWORTH, LDA",CEFOPROX - 200,Cefpodoxima proxetil USP,200mg (260.80mg),Comprimidos,10 carteiras de 10 comprimidos
"WELLWORTH, LDA",TADACIP 10,Tadalafil,10mg,Comprimidos,Blister de 4 comp
"WELLWORTH, LDA",GATIQUIN EYE DROPS,Gatifloxacina,3mg,Gotas Oftálmicas,Frasco de 5ml
"WELLWORTH, LDA",ENTOSEC,Secnidazol,1000mg,Comprimidos,Embalagem de 2 comp
"MEDIS FARMACÊUTICA, LDA",ACCURETIC,"Quinapril, Cloridrato + Hidroclorotiazida",20mg + 12.5mg,Comprimidos Revestidos,Embalagens de 14 e 56 comp
"MEDIS FARMACÊUTICA, LDA",VENLAFAXINA AFAX 75,"Venlafaxina, Cloridrato",75mg,,Embalagens de 10 e 30 comp
"MEDIS FARMACÊUTICA, LDA",VENLAFAXINA AFAX 150,"Venlafaxina, Cloridrato",150mg,Comprimidos,Embalagens de 30 comp
"MEDIS FARMACÊUTICA, LDA",ACUPRIL 5,"Quinapril, Cloridrato",5mg,Comprimidos Revestidos,Embalagens de 20 comp
"MEDIS FARMACÊUTICA, LDA",ACUPRIL 20,"Quinapril, Cloridrato",20mg,Comprimidos Revestidos,Embalagens de  14 e 56 comp
"MEDIS FARMACÊUTICA, LDA",CADUET 5mg/10mg,Amlodipina + Atorvastatina,5mg + 10mg,Comprimidos Revestidos,Embalagens de  20 e 60 comp
"MEDIS FARMACÊUTICA, LDA",CADUET 10mg/10mg,Amlodipina + Atorvastatina,10mg + 10mg,Comprimidos Revestidos,Embalagens de  20 e 60 comp
DKT MOZAMBIQUE,LADY-E35,"Ciproterona, Acetato + Etinilestradiol","2mg + 0,035mg",Comprimidos,Embalagem de 3 blisters de 21 comp
"GENERICS & SPECIALITIES, Lda",ARISTOZYME CAPSULES,Pepsina + Diastase,10mg + 50mg,Cápsulas,Embalagem de 5 blisters de 6 caps
"GENERICS & SPECIALITIES, Lda",ARISTOZYME LIQUID,Pepsina + Diastase,10mg + 50mg,Xarope,Frasco de 200ml
"GENERICS & SPECIALITIES, Lda",ROXEM 150,Roxitromicina,150mg,Comprimidos,10 blisters de 10 comp
"GENERICS & SPECIALITIES, Lda",PANTOP,Pantoprazol,40mg,Comprimidos,10 blisters de 10 comp
"GENERICS & SPECIALITIES, Lda",EMADINE 5,"Amlodipina, besilato",5mg,Comprimidos,10 blisters de 10 comp
"GENERICS & SPECIALITIES, Lda",LIVOGEN Z,Fumarato Ferroso + Ácido Fólico + Sulfato de Zinco,152mg + 750mcg + 61.8mg,Comprimidos,5 blisters x 3 x 10 comp
FARMACÊUTICA AUSTRAL,PROGLAU,Dorzolamida,20mg/ml,Colírio,"1x5ml, 3x5ml e 6x5ml"
"MEDIFARMA, LDA",IBUPROFENO,Ibuprofeno,200mg,Comprimidos,Frascos de 100 comprimidos
"MEDIFARMA, LDA",HIDROCLORTIAZIDA + AMILORIDO,Hidroclorotiazida+ Amilorido,50mg,Comprimidos,Frasco  com 25 comprimidos
"MEDIFARMA, LDA",VITAMINA A + E CÁPSULAS,Retinol+Alfatocoferol,20000 UI+ 40 UI,Cápsulas,Frasco com 25 comprimidos
"MEDIFARMA, LDA",LIDOCAÍNA,Lidocaína,20mg/ml (2%),Solução Injectável,Frascos de 50ml e embalagens de 100 ampolas
"MEDIFARMA, LDA",SAIS DE REHIDRATAÇÃO ORAL,Glicose anidra + Cloreto de Sódio + Citrato trissódico trihidratado + Cloreto de potássio,"20mg+3,5mg+2,9mg+1,5mg",Pó para soluçaõ Oral,Caixa de 600 Saquetas de alumínio
"MEDIFARMA, LDA",NISTATINA,Nistatina,100.000 UI,Suspensão Injectável,Frasco de 30ml
"MEDIFARMA, LDA",PARACETAMOL,Paracetamol,120mg/5ml,Suspensão Oral,Frasco plástico
"MEDIFARMA, LDA",PARACETAMOL,Paracetamol,500mg,Comprimidos,Frasco plástico com 1000 comprimidos
"MEDIFARMA, LDA",PRAZIQUANTEL,Praziquantel,600mg,Comprimidos,Sco de 30 comprimidos
"MEDIFARMA, LDA",OMEPRAZOL,Omeprazol,20mg,Cápsulas,Blister de 100 cápsulas
MOZPHARMA LDA,HIDROXIDO DE ALUMINIO,Hidroxodo de aluminio,500 mg,Comprimidos,Frasco de 100 comprimidos
"MEDIFARMA, LDA",METRONIDAZOL,Metronidazol,250mg,Comprimidos,Frasco de 100 comprimidos
"MEDIFARMA, LDA",SAIS DE REIDRATAÇÃO ORAL,Glicose anidra+Cloreto de Sódio+Citrato trissódico dihidratado+Cloreto de potássio,"13,5+2,6+2,9+1,5",Pó para solução oral,"Saquetas de alumínio com 20,6g"
"MEDIFARMA, LDA",FENOXIMETILPENICILINA,Fenoximetilpenicilina,500mg,Comprimidos,Frasco  com 500 comprimidos
"MEDIFARMA, LDA",TETRACICLINA HCL,"Tetraciclina, Cloridrato",1%,Pomada Oftálmica,Caixa de 200 Tubos de alumínio
"MEDIFARMA, LDA",SALBUTAMOL,"Salbutamol, sulfato",2mg,Comprimidos,Frasco plástico
"MEDIFARMA, LDA",CANAMICINA,"Kanamicina, Sulfato",2g/8ml,Pó para solução injectável,40x25
MISSIONPHARMA MOÇAMBIQUE,BENZILPENICILINA BENZATINICA,Benzilpenicilina Benzatinica,2.4 UI,Injectável,Embalagem de 50 frascos
MISSIONPHARMA MOÇAMBIQUE,CLORIDRATO DE TETRACICLINA,"Tetraciclina, Cloridrato",1%w/w,Pomada Oftálmica,Bisnaga de 5g
MISSIONPHARMA MOÇAMBIQUE,BENZOATO DE BENZILO,Benzoato de Benzilo,25%,Emulsão Cutânea,Frasco de 100ml
MISSIONPHARMA MOÇAMBIQUE,HICLATO DE DOXICICLINA,"Doxiciclina, Hiclato",100mg,Comprimidos,Frasco de 150 comprimidos
MISSIONPHARMA MOÇAMBIQUE,SALBUTAMOL,"Salbutamol, Sulfato",2mg,Comprimidos,Frasco de 100 comprimidos
MISSIONPHARMA MOÇAMBIQUE,BENZILPENICILINA PROCAINA,Benzilpenicilina Procaína,3 M UI,Injectável,Embalagem de 25 frascos
MISSIONPHARMA MOÇAMBIQUE,IBUPROFENO,Ibuprofeno,200mg,Comprimidos,Frasco de 100 comprimidos
MISSIONPHARMA MOÇAMBIQUE,ADRENALINA,Adrenalina,1mg/mL,Injectável,Embalagem 5 ampolas  de 1 mL
SISMED - Sistemas médicos,PIRACETAM MEYER,piracetam,400mg,Cápsulas,5 blister x 10 cápsulas
"MEDIMOC, SA",SKINEAL,Ketoconazol + Proprionato de Clobetasol + Sulfato de Neomicina,"10mg + 0,25mg + 5000UI",Creme,Bisnaga de 15g
"GENERICS & SPECIALITIES, Lda",AMOXICILINA BP SUSPENSÂO ORAL,Amoxicilina Trihidrato,125mg/5ml,Suspensão Oral,Frasco de 100ml
"GENERICS & SPECIALITIES, Lda",AMOXICILINA BP SUSPENSÂO ORAL,Amoxicilina Trihidrato,250mg/5ml,Suspensão Oral,Frasco de 100ml
"GENERICS & SPECIALITIES, Lda",AMOXICILINA 500,Amoxicilina Trihidrato,500mg,Cápsulas,Embalagem de 10 blisters de 10 comp
"GENERICS & SPECIALITIES, Lda",PARACETAMOL  BP SUSPENSÃO ORAL,Paracetamol,125mg/5ml,Suspensão Oral,Frasco de 100ml
"GENERICS & SPECIALITIES, Lda",FENOXIMETILPENICILINA,Fenoximetilpenicilina Potássica,500mg,Comprimidos,Embalagem de 10 blisters de 10 comp
"GENERICS & SPECIALITIES, Lda",COTRIMOXAZOL BP,Sulfametoxazol + Trimetoprim,200mg/5ml + 40mg/5ml,Suspensão Oral,Frasco de 100ml
"GENERICS & SPECIALITIES, Lda",LOPINAVIR E RITONAVIR,Lopinavir + Ritonavir,100mg+25mg,Comprimidos,Frasco de 60 comp
"GENERICS & SPECIALITIES, Lda",LOPINAVIR E RITONAVIR,Lopinavir + Ritonavir,200mg+50 mg,Comprimidos,Frasco de 120 comp
"GENERICS & SPECIALITIES, Lda",TENOFOVIR DISOPROXIL FUMARATO,Tenofovir disoproxil fumarato,300mg,Comprimidos,Embalagem de 30 comp
"SAHAR MEDIRAN, LDA",LOPRAX,Cefixima,100mg / 5ml,Suspensão Oral,Frascos de 50ml e 100ml
"SAHAR MEDIRAN, LDA",ATOREX,Atorvastatina,10mg,Comprimidos,Embalagem de 30 comp
"SAHAR MEDIRAN, LDA",ATOREX,Atorvastatina,20mg,Comprimidos,Embalagem de 30 comp
"SAHAR MEDIRAN, LDA",ATOREX,Atorvastatina,40mg,Comprimidos,Embalagem de 30 comp
"SAHAR MEDIRAN, LDA",CAPOTRIL,Captopril,25mg,Comprimidos,Embalagem de 10 blisters de 10 comp
"SAHAR MEDIRAN, LDA",CAPOTRIL,Captopril,50mg,Comprimidos,Embalagem de 10 blisters de 10 comp
"GENERICS & SPECIALITIES, Lda",PENICILINA V POTASSIO,Fenoximetilpenicilina,250mg/5ml,Pó para Suspensão Oral,Frasco de 100ml
"GENERICS & SPECIALITIES, Lda",EMTRICITABINA + TENOFOVIR DISOPROXIL FUMARATO,Tenofovir disopropil fumarato + Emtricitabina,300mg + 200mg,Comprimidos,Embalagem de 30 comp
"GENERICS & SPECIALITIES, Lda",CLOBETAMIL CREME,Propionato de Clobetasol,0.05% w/w,Creme,Bisnaga de 10g
"GENERICS & SPECIALITIES, Lda",BETAMIL GM CREME,Dipropionato de Betametasona + Gentamicina + Nitrato de Miconasol,"0.05% w/w  +  0,1% w/w + 2% w/w",Creme,Bisnaga de 10g
"MEDIS FARMACÊUTICA, LDA",PULMOSAL,Acetilcisteina,200mg,Comprimidos efervescentes,Embalagem de 20 unidades
"SOCIEDADE MOÇAMBICANA DE MEDICAMENTOS, SA",SMM LAMIVUDINA,Lamivudina,150mg,Comprimidos,Frascos de 60 comprimidos
MISSIONPHARMA MOÇAMBIQUE,FOSFATO SÓDICO DE PREDNISOLONA,"Prednisolona, Fosfato",5mg/mL,Injectável,Embalagem100x10 ampolas e 50x10ml
MISSIONPHARMA MOÇAMBIQUE,BENZOATO DE BENZILO,Benzoato de Benzilo,900mg,Solução Tópica,Frasco de 1000 ml
MISSIONPHARMA MOÇAMBIQUE,ESTEREATO DE ERITROMICINA,"Eritromicina, Estearato",500mg,Comprimidos,Frasco de 250 comprimidos
MISSIONPHARMA MOÇAMBIQUE,METRONIDAZOL,Metronidazol,250mg,Comprimidos,Frasco de 1000 comprimidos
MISSIONPHARMA MOÇAMBIQUE,COTRIMOXAZOL,Sulfametoxazol + Trimetoprim,400mg + 80mg,Comprimidos,Frasco de 1000 comprimidos
"MEDIFARMA, LDA",ESTAVUDINA  + LAMIVUDINA,Estavudina  + Lamivudina,30mg + 150mg,Comprimidos,Frasco de HDPE com 60 comprimidos
"MEDIFARMA, LDA",ESTAVUDINA  + LAMIVUDINA,Lamivudina+Estavudina,150mg + 40mg,Comprimidos,Frasco de HDPE com 60 comprimidos
"FARMA HOLDINGS, SA",EFAVIRENZ,Efavirenz,600mg,Comprimidos Revestidos,Embalagem de 60 comprimidos
"MEDIFARMA, LDA",RIOPAN,Magaldrato anidro,800mg/10ml,Gel,Embalagem com 20 e 50 carteiras de 10ml de Gel Oral
"FARMA HOLDINGS, SA",EFAVIRENZ,Efavirenz,200mg,Comprimidos Revestidos,Embalagem de 90 comprimidos
TATA DE MOÇAMBIQUE,FUNGAL 500,Griseofulvina,500mg,Comprimidos,Frasco de 1000 e embalagem de 10 blister de 10 comp
TATA DE MOÇAMBIQUE,BELLOID,Butilbrometo,10mg,Comprimidos,Frasco de 1000 e embalagem de 10 blister de 10 comp
"GENERICS & SPECIALITIES, Lda",HIDRALAZINA,Hidralazina,25mg,Comprimidos,Frasco de 500 comp
"GENERICS & SPECIALITIES, Lda",HALOTANO,Halotano,100% v/v,Liquido volatil para inalação,Frasco de 250ml
"GENERICS & SPECIALITIES, Lda",Z CIL,Ampicilina,500mg,Pó para Injecção,Frasco de 5ml
"GENERICS & SPECIALITIES, Lda",KOACT 625,Trihidrato de Amoxicilina + Clavulanato de Potássio,500mg + 125mg,Comprimidos,Embalagem contendo 3 blisters de 5 comp
"GENERICS & SPECIALITIES, LDA",ASTHAGEN 100,"Salbutamol, sulfato",100mcg,Aerosol,Frascos de 200 doses
"GENERICS & SPECIALITIES, LDA",BECLOGEN,"Betametasona, Dipropionato",200mcg,Aerosol,Frascos de 200 doses
"GENERICS & SPECIALITIES, Lda",CLORIDRATO DE CIPROFLOXACINA,Ciprofloxacina,500mg,Comprimidos,Frascos de 1000 comp
"GENERICS & SPECIALITIES, Lda",DOXICICLINA,Doxiciclina,100mg,Comprimidos,Frascos de 1000 comp
"GENERICS & SPECIALITIES, LDA",HAEMACCEL,Polipeptideo de Gelatina + Cloreto de Sodio + Cloreto de Potássio + Cloreto de Cálcio,"3,5g + 0,85g + 0,0038g + 0,070g",Solução para infusão,Frascos de 500ml
"MEDIMOC, SA",LISINO 5,Lisinopril,5mg,Comprimidos,Blisters de 10 comp
"MEDIMOC, SA",LISINO 10,Lisinopril,10mg,Comprimidos,Blisters de 10 comp
"MEDIMOC, SA",LISINO 20,Lisinopril,20mg,Comprimidos,Blisters de 10 comp
"MEDIMOC, SA",A-VITONE,Vitamina A,200000UI,Cápsulas,Embalagem contendo 30 caps
"MEDIMOC, SA",E-FACTOR 400,Vitamina E,400mg,Cápsulas,Embalagem contendo 3 blisters de 10 caps
"MEDIMOC, SA",CLORIDRATO DE RANITIDINA,Ranitidina,150mg,Comprimidos,"Embalagens de 10, 20 e 100 comp"
"MEDIMOC, SA",LORADINE,Loratadina,10mg,Comprimidos,Embalagens de 10 comp
"AFRI FARMÁCIA, LDA",ARSUAMOON,Artesunato + Hidrocloreto de Amodiaquina,50mg + 150mg,Pó para Injecção,"Blisters de 3x3, 6x6 e 12x12 comp"
"AFRI FARMÁCIA, LDA",BLEOMYCINA,"Bleomicina, Sulfato",15UI,Injectável,1 ampola de 5ml de solvente
"SHANI, LIMITADA",DOLEX PAIN RELIVER,Metilsalicilato + Menta arvensis + Oleo de terpentina + Oleo de Eucalipto,15% + 5% + 3% + 2%,Creme,Bisnaga de 25g
"MEDIS FARMACÊUTICA, LDA",AMINOPHYLLINE,Aminofilina,100mg,Comprimidos,Frasco de 1000 comp e caixa de 100
"MEDIS FARMACÊUTICA, LDA",MILFOL,Ácido Fólico,5mg,Comprimidos,"Frasco de 1000, 100 e de 500 comprimidos"
"MEDIS FARMACÊUTICA, LDA",DERMOVATE CREME,Propionato de Clobetasol,0%,Creme,Bisnaga de 30g
"NATUR PHARMA, LDA",AMOXYN KID,Amoxicilina Trihidrato,125mg,Comprimidos,Embalagens com 10 blisters de 10 comp
"NATUR PHARMA, LDA",AMOXYN 250 DT,Amoxicilina Trihidrato,250mg,Comprimidos,Embalagens com 10 blisters de 10 comp
"NATUR PHARMA, LDA",AMOXYN 500,Amoxicilina,500mg,Cápsulas,Embalagens com 10 blisters de 10 caps
"NATUR PHARMA, LDA",PYRANIM,Nimesulida,100mg,Comprimidos,Embalagens com 10 blisters de 10 comp
"NATUR PHARMA, LDA",ZIMYCIN 100 DRY SYRUP,Azitromicina,100mg/5mL,Xarope,Frasco de 100mL
SISMED - Sistemas médicos,KETOCONAZOLE TABLETS,Ketakenazol,200mg,Comprimidos,Embalagem com 100 comprimidos
SISMED - Sistemas médicos,CETIRIZIN,"Cetirizina, Dihidrocloreto",10mg,Comprimidos,embalagem com 100 comprimidos
SISMED - Sistemas médicos,CORITYNE,Loratadina,10mg,Comprimidos,embalagem com 30 comprimidos
SISMED - Sistemas médicos,PREDNISOLONE,Prednisolona,5mg,Comprimidos,Frasco de 500 comprimidos
SISMED - Sistemas médicos,ZITRO - 500,Azitromicina,500mg,Comprimidos,embalgem de 3 compridos
SISMED - Sistemas médicos,PARACETAMOL MEYER-BPC,Paracetamol,500mg,Comprimidos,embalgem de 100 compridos
SISMED - Sistemas médicos,VALGIMED-100,Clotrimazol,100mg,Comprimidos vaginais,embalgem de 6 compridos
SISMED - Sistemas médicos,CHLORPHENIRAMIN,"Clorfeniramina, maleato",4mg,Comprimidos,Frasco de 500 comprimidos e de 10 x10
SISMED - Sistemas médicos,MEYERAZOL,Omeprazol,20mg,Cápsulas,Embalagem de 30 capsulas
SISMED - Sistemas médicos,ALFEN CAPSULAS,Ibuprofeno + Paracetamol + Cafeina,200mg + 325mg + 40mg,Comprimidos,embalagem de 100 Comprimidos
"MEDIFARMA, LDA",RGI LIDOCAÍNA + ADRENALINA,"Lidocaína, Cloridrato + adrenalina",2% + 0.1%,Injectável,"Frasco de 20ml, 30ml e de 50 ml e de 2ml"
"MEDIFARMA, LDA",FUROSEMIDA,Furosemida,40mg,Comprimidos,Frasco de 1000 comprimidos
"MEDIFARMA, LDA",RGI BUPIVACAÍNA COM DEXTROSE,"Bupivacaína, Cloridrato + Dextrose",5mg + 80mg,Solução Injectável,Ampola de 4ml
MISSIONPHARMA MOÇAMBIQUE,ACIDO BENZOICO COMPOSTO,Ac.Benzoico + Ac.Salicilico,30000mg+ 15000mg,Pomada Tópica,Embalagem com frasco de 500gr
MISSIONPHARMA MOÇAMBIQUE,NISTATINA,Nistatina,3.000.000.00UI,Pomada Tópica,Embalagem com tubo de 30 gr
MISSIONPHARMA MOÇAMBIQUE,ACIDO BENZOICO COMPOSTO,Acido Benzoico + Acido Salicilico,60mg + 30mg,Pomada Tópica,Frasco de 100gr
MISSIONPHARMA MOÇAMBIQUE,ACETATO DE HIDROCORTISONA,"Hidrocortisona, Acetato",1%,Pomada Tópica,Bisnaga de 15gr
MISSIONPHARMA MOÇAMBIQUE,VITAMINA A CAPSULAS,Palmitato de vitamina A,200.000UI,Cápsulas,Frasco de 25 capsulas
MISSIONPHARMA MOÇAMBIQUE,PARAFINA BRANCA,Parafina Branca,1000mg,Pomada Tópica,Bisnaga de 20gr
"NATUR PHARMA, LDA",ZIMYCIN 500,Azitromicina,500mg,Comprimidos,1 blister de 6 comp
"MEDIS FARMACÊUTICA, LDA",BILOBAN,Ginkgo Biloba,40mg/mL,Gotas orais,Frascos de 30ml e 50ml
"MEDIS FARMACÊUTICA, LDA",GLIMEPIRIDE DENK 2,Glimepirida,2mg,Comprimidos,3 blisters de 10 comp e caixa de 10
"MEDIS FARMACÊUTICA, LDA",GLIMEPIRIDE DENK 3,Glimepirida,3mg,Comprimidos,3 blisters de 10 comp e caixa de 10
"MEDIMOC, SA",CLAMIBEN,Glibenclamida,5mg,Comprimidos,Embalagens de 30 e 300 comp
"MEDIMOC, SA",FLUCONAZOL,Fluconazol,150mg,Cápsulas,"Embalagens de 1, 2, 100 e 500 caps"
"MEDIMOC, SA",NORFLOXACINO,Norfloxacina,400mg,ildena,"Embalagens de 14, 20 e 300 comp"
"GENERICS & SPECIALITIES, Lda",AMOXICILINA,Amoxicilina,500mg,Cápsulas,10 blisters de 10 caps
"GENERICS & SPECIALITIES, Lda",PENICILINA PROCAINA 3 MEGA,Penicilina Procaína,3000000UI,Pó para Injecção,10 frascos de 8ml
"GENERICS & SPECIALITIES, Lda",PENICILINA BENZATÌNICA,Penicilina Benzatínica,2400000UI,Pó para Injecção,10 frascos de 8ml
"GENERICS & SPECIALITIES, Lda",BALFEN 200,Ibuprofeno,200mg,Comprimidos,10 blisters de 10 comp
"GENERICS & SPECIALITIES, Lda",IBUPROFENO,Ibuprofeno,400mg,Comprimidos,10 blisters de 10 comp
MEDIMPORT LDA,NAUSETRON 8mg/4ml,Ondansetron,8mg/4ml,Solução Injectável,5 ampolas
MEDIMPORT LDA,NAUSETRON 4mg/2ml,Ondansetron,4mg/2ml,Solução Injectável,5 ampolas
MEDIMPORT LDA,METHYSPEN,Metilprednisolona,500mg,Pó para Injecção,Ampolas de 8ml
MEDIMPORT LDA,MEDPRELON,Prednisolona,5mg,Comprimidos,10 blisters de 10 comp
MEDIMPORT LDA,MEDPRELON,Prednisolona,20mg,Comprimidos,10 blisters de 10 comp
BAYER SCHERING PHARMA MOÇAMBIQUE,NUVELLE,"Estradiol, Valerato + Levonorgestrel + Estradiol, Valerato","2mg + 0,075mg + 2mg",Comprimidos,Blisters de 28 e 84 unidades
BAYER SCHERING PHARMA MOÇAMBIQUE,NEO-PENOTRAN FORTE,Metronidazol + Miconazol,750mg + 200mg,Óvulos,Blister de 7 unidades
"AFRI FARMÁCIA, LDA",SILDENAFIL CITRATO,"Sildenafil, Citrato",50mg,Comprimidos,10x1x4 comp
"AFRI FARMÁCIA, LDA",SILDENAFIL CITRATO,"Sildenafil, Citrato",100mg,Comprimidos,10x1x4 comp
"PROFARMA, LDA",FLORAX - SM Adulto,Saceharomyces Cerevisiae,500milhoes/5ml,Suspensão Oral,embalagem de 5 e 100 flaconetes
"PROFARMA, LDA",FLORAX - SM Pediatrico,Saceharomyces Cerevisiae,250 milhoes/5ml,Suspensão Oral,embalagem de 5 e 100 flaconetes contendo 5ml cada
"GENERICS & SPECIALITIES, Lda",I-VITA,Vitamina A Palmito,200.000UI,Cápsulas,"Frascos de 1000 caps, 500"
"GENERICS & SPECIALITIES, Lda",ISOFLURANO,Isoflurano,100%v/v,Liquido para inalação,Frascos de 100ml e 250ml
"GENERICS & SPECIALITIES, Lda",SEVOFLURANO,Sevoflurano,100%v/v,Liquido para inalação,Frascos de 250ml
"AFRI FARMÁCIA, LDA",CLAREM 250,Claritromicina,250mg,Comprimidos,Embalagem de 14 Comprimidos
"NATUR PHARMA, LDA",LYMPHOCIN 500,Eritromicina,500mg,Comprimidos,10 blisters de 10 comp
"NATUR PHARMA, LDA",CEROCIP,Ciprofloxacina,500mg,Comprimidos,10 Blisters x 10 comprimidos
"NATUR PHARMA, LDA",LEVOX 500,Levofloxacina,500mg,Comprimidos,Blisters de 5 comp
"NATUR PHARMA, LDA",RUFEN 200,Ibuprofeno,200mg,Comprimidos,10 blisters de 10 comp
"NATUR PHARMA, LDA",RUFEN 400,Ibuprofeno,400mg,Comprimidos,10 blisters de 10 comp
"NATUR PHARMA, LDA",UTIBACT,Sulfametoxazol + Trimetoprim,400mg + 80mg,Comprimidos,10 blister de 10 comp
"NATUR PHARMA, LDA",TRIMAPRIM,Sulfametoxazol + Trimetoprim,400mg + 80mg,Comprimidos,10 blister de 10 comp
"AFRI FARMÁCIA, LDA",BCG VACCINE,Bacillus Calmete Estirpe Guerin,33X10 C.F U/mL,Pó liofilizado,Ampolas de 20 doses + diluente
"WELLWORTH, LDA",NEOGESIC COLD SPRAY,Mentol + álcool isopropil,"2% + 23,4%",Spray tópico,Frascos de 100ml
"WELLWORTH, LDA",FORCAN,Fluconazol,2mg/mL,Injecção Intravenosa,Frasco de 100ml
"WELLWORTH, LDA",KETOCONAZOL CREAM 2%w/w,KETOCONAZOL,2%w/w,Creme,Bisnagas de 30g
"WELLWORTH, LDA",NEOGESIC HOT SPRAY,Nicotinato de Metilo + Salicilato de 2-Hidroxietil + Salicilato de Metilo + Salicilato de Etilo,"1,6%w/w + 5%w/w + 1%w/w + 5%w/w",Spray Tópico,Frasco de 100ml
"WELLWORTH, LDA",ISOTRON-20,Isotretinoina,20mg,Cápsulas,Blister de 10 Cáps
"MEDIMPORT, LDA",ASPEGIC INJECTABLE,Acetilsalicilato de Lisina,900mg/5mL,Pó para Solução Injectável,20 frascos de 1g
"MEDIMPORT, LDA",ASPEGIC INJECTABLE,Acetilsalicilato de Lisina,1800mg/5mL (1000mg/5mL),Pó para Solução Injectável,20 frascos de 2g
TATA DE MOÇAMBIQUE,FEBREX,Paracetamol,500mg,Comprimidos,10 blister X10 comp e frasco de 1000 comp
TATA DE MOÇAMBIQUE,DICLORAN INJECÇÃO,Diclofenac,25mg,Solução Injectável,5 ampolas de 3ml e 10 blister X 10 ampolas de 3ml
FARMANATURAL,METFORMINA CICLUM 500,Metformina,500mg,Comprimidos,Embalagem de 30 e de 60 comprimidos
FARMANATURAL,METFORMINA CICLUM 850,Metformina,850mg,Comprimidos,Embalagem de 30 e de 60 comprimidos
"GENERICS & SPECIALITIES, Lda",LIGNOVIT 20,"Lidocaína, Hidrocloreto",21mg,Solução Injectável,Frasco de 50ml
FARMANATURAL,CETIRIZINA STADA,Dicloridrato de Cetirizina,10mg,Comprimidos,Embalagem de 10 comp e de 20 comp
"NATUR PHARMA, LDA",RUFEN FORTE,Ibuprofeno + Paracetamol,400mg + 325mg,Comprimidos,10 blister X10 comp
FARMANATURAL,SINVASTATINA STADA,Sinvastatina,10mg,Comprimidos,Embalagem de 30 e 60 comp
FARMANATURAL,SINVASTATINA STADA,Sinvastatina,20mg,Comprimidos,Embalagem de 30 e 60 comp
FARMANATURAL,ACICLOVIR CICLUM,Aciclovir,800mg,Comprimido,Embalagem de 25 comp e embalagem de 35 comprimidos
"GENERICS & SPECIALITIES, Lda",PREDNISOLONA 5,Prednisolona,5mg,Comprimidos,Frasco de 100 comp
"GENERICS & SPECIALITIES, Lda",PREDNISOLONA 20,Prednisolona,20mg,Comprimidos,Frasco de 100 comp
FARMANATURAL,ANACAL Pomada Rectal,Polissulfato de Mucopolissacaridos + Prednisolona + Polidocanol + Hexaclorofeno,2mg/g + 1.5mg/g + 50mg/g + 5mg/g,Pomada,Bisnaga de 30g
FARMANATURAL,ANACAL Supositórios,Polissulfato de Mucopolissacaridos + Prednisolona + Polidocanol + Hexaclorofeno,4mg + 1mg +50mg +5mg,Supositório,EMBALAGEM DE 10 SUPOSITÓRIOS
FARMANATURAL,AZITROMICINA CICLUM,Azitromicina,500mg,Comprimidos,Embalagem de 3 comprimidos
"NATUR PHARMA, LDA",AMOXYN DRY SYRUP,Amoxicilina Trihidrato,250mg,Pó para Suspensão Oral,Frasco de 60ml
"NATUR PHARMA, LDA",XPIZOLE,Albendazol,400mg,Comprimidos,1 blister X 1 comp
"GENERICS & SPECIALITIES, Lda",HALOPERIDOL,Haloperidol,5mg,Comprimidos,Frasco de 1000 comp
"NATUR PHARMA, LDA",TADAKICK 10,Tadalafil,10mg,Comprimidos,1 blister X 4 comp
"NATUR PHARMA, LDA",TADAKICK 20,Tadalafil,20mg,Comprimidos,1 blister X 4 comp
"NATUR PHARMA, LDA",APLATIN 75,Bissulfato de Clopidogrel,75mg,Comprimidos,10 blister X10 comp
FARMANATURAL,IRBESARTAN CICLUM 150,Irbesartan,150mg,Comprimidos,embalagem de 28 comp
FARMANATURAL,IRBESARTAN CICLUM 300,Irbesartan,300mg,Comprimidos,embalagem de 28 comp
MEDIMPORT LDA,METOMIN ER,"Metformina, Cloridrato",500mg,Comprimidos,Embalagem de 30 comp
MEDIMPORT LDA,EPIROATE CR 300,Valproato de Sódio,300mg,Comprimidos,Embalagem de 30 e 100 comp
MEDIMPORT LDA,EPIROATE CR 500,Valproato de Sódio,500mg,Comprimidos,Embalagem de 100 comp
MEDIMPORT LDA,HYCORCIN 100,"hidrocortisona, succinato sódico",100mg,Pó para Injecção,Embalagem de 10 e 100 frascos
MEDIMPORT LDA,"CARDIVEL 6,25",Cardevilol,6.25mg,Comprimidos,Embalagem de 30 comp
MEDIMPORT LDA,"CARDIVEL 12,5",Cardevilol,"12,5mg",Comprimidos,Embalagem de 30 comp
MEDIMPORT LDA,CARDIVEL 25,Cardevilol,25mg,Comprimidos,Embalagem de 30 comp
MEDIMPORT LDA,ROSUCREST 10,Rosuvastatina Cálcica,10mg,Comprimidos,Embalagem de 30 comp
MEDIMPORT LDA,ROSUCREST 20,Rosuvastatina Cálcica,20mg,Comprimidos,Embalagem de 30 comp
MEDIMPORT LDA,MEDAMOXYL,Amoxicilina,500mg,Cápsulas,10x10
"MEDIS FARMACÊUTICA, LDA",BUPRENORFINA AZEVEDOS,Buprenorfina Cloridrato,2mg,Comprimidos Sublinguais,Embalagem de 7 e 28 comp
"MEDIS FARMACÊUTICA, LDA",BUPRENORFINA AZEVEDOS,Buprenorfina Cloridrato,8mg,Comprimidos Sublinguais,Embalagem de 7 e 28 comp
"AFRI FARMÁCIA, LDA",STALOCAINE,"Lidocaína, cloridrato",2% m/v,Injectável,Frasco de 50mL
"SHANI, LIMITADA",CIPOLON EYE/EAR DROPS,"Ciprofloxacina, Hidrocloreto",3mg/ml,Solução Oftálmica/Auricular,Frasco de 5ml
"SHANI, LIMITADA",GENTADEX,"Gentamicina, Sulfato + Dexametasona",3mg/ml + 1mg/ml,Solução Oftálmica/Auricular,Frasco de 5ml
"SHANI, LIMITADA",GENTAM EYE/EAR DROP,Gentamicina,3mg/ml,Gotas auriculares/Oftálmicas,Frasco de 5ml
"SHANI, LIMITADA",FLOJOCIN,Ofloxacina,3mg/ml,Solução Oftálmica/Auricular,Frasco de 5ml
"SHANI, LIMITADA",LACRINA EYE DROPS,Hidroxipropil Metilcelulose,7mg/ml,Solução Oftálmica,Frasco de 5ml
"SHANI, LIMITADA",TOBDROPS EYE/EAR DROPS,Tobramicina,3mg/ml,Solução Oftálmica/Auricular,Frasco de 5ml
"WELLWORTH, LDA",ZIDOVIR SOLUÇÂO ORAL,Zidovudina,50mg/5ml,Solução oral,Frasco de 10ml
"WELLWORTH, LDA",BO-LAX,Bisacodil,5mg,Comprimidos,10 blister X10 comp
"WELLWORTH, LDA",VASOPRIL 20,"Enalapril, maleato",20mg,Comprimidos,10 blister X10 comp
"WELLWORTH, LDA",ACIVIR POMADA OFTALMICA,Aciclovir,3%,Pomada Oftálmica,Bisnaga de 5g
"GENERICS & SPECIALITIES, Lda",SULFATO ÁCIDO DE KANAMICINA,"Kanamicina, Sulfato",2g/8mL,Pó para Injecção,Frascos de 7mL
"MEDIS FARMACÊUTICA, LDA",MIRTAZAPINA AZEVEDOS,Mirtazapina,30mg,Comprimidos,Emb. de 20 e 60 comp
"GENERICS & SPECIALITIES, Lda",Bupivit D,Bupivacaina hidrocloreto + dextrose,5mg/mL + 50mg/mL,Solução injectável,Emb.com ampolas 4ml
"GENERICS & SPECIALITIES, Lda",Bupivit,Bupivacaina hidrocloreto,5mg/mL,Solução injectável,Emb.com ampolas 4ml e de 20ml
"GENERICS & SPECIALITIES, Lda",Lignovit 20 AH,Lidocaína+ adrenalina,"20mg/ml+0,0125mg/ml",Solução injectável,Emb.com frascos de 20ml
"MEDIMOC, SA",FIBELL,Amoxicilina + Ácido Clavulânico,241mg + 48mg,Pó para suspensão oral,frascos de 100ml
"MEDIFARMA, LDA",METHYLERGONOVINE MALEATO TABLETS USP,"Metilergononovina, maleato","0,125mg",Comprimidos,frasco de 500 comprimidos
"MEDIMOC, SA",VITAFIT,Extrato de ginseng + calcio do fosfato di-calciu + fosforos do fosfato di-calcio + vitamina C + fumarato de ferro + zinco +...+ B1 +B2+ B6 +… +B12,"42,5mg + 75mg + 58mg +30mg+",Cápsulas moles de gelatina,3 blisters com 10 cápsula
"WELLWORTH, LDA",HYDRAZIDE 50,Hidroclorotiazida,50mg,Comprimidos,Frasco de 1000 comp
MISSIONPHARMA MOÇAMBIQUE,DIAZEPAM INJECÇÃO BP,DIAZEPAM,5mg/ml,Solução injectável,5 ampolas de 2ml cada
MAPUTO HEALTH CARE Lda,OMICARE 20,Omeprazol,20mg,Cápsulas,10 blisters x 10 caps
MAPUTO HEALTH CARE Lda,TEBEN,Mebendazol,100mg/5mL,Suspensão Oral,Frasco de 30mL
MAPUTO HEALTH CARE Lda,FAHREN 250,Paracetamol,250mg/5ml,Suspensão Oral,Frasco de 100ml
MAPUTO HEALTH CARE Lda,T-TRIM,Sulfametoxazol + Trimetoprim,200mg/5ml + 40mg/5ml,Suspensão Oral,Frasco de 100ml
MAPUTO HEALTH CARE Lda,FERTOIN,Citrato de Clomifeno,50mg,Comprimidos,10 blisters de 10 comp
MAPUTO HEALTH CARE Lda,VALIZID,Gliclazida,80mg,Comprimidos,10 blisters de 10 comp
MAPUTO HEALTH CARE Lda,GLIVID,Glimepirida,4mg,Comprimidos,10 blisters de 10 comp
MAPUTO HEALTH CARE Lda,RIOLA-N,Noretisterona,5mg,Comprimidos,10 blisters de 10 comp
SISMED - Sistemas médicos,CIPEX 500,Ciprofloxacina,500mg,Comprimidos,1 Blisters x 10 comprimidos
SISMED - Sistemas médicos,MEYERCIPRO,Ciprofloxacina,500mg,Comprimidos,10 Blisters x 10 comprimidos
SISMED - Sistemas médicos,RANITIDIN,Ranitidina,300mg,Comprimidos,10 Blisters x 10 comprimidos
SISMED - Sistemas médicos,OMMED 20,Omeprazol,20mg,Cápsulas,10 blisters x 10 caps
SISMED - Sistemas médicos,AMITRIPTYLINE HYDROCHLORIDE,"Amitriptilina, cloridrato",25mg,Comprimidos,10 blister de 10 comp
SISMED - Sistemas médicos,UNISOLE 5,Prednisolona,5mg,Comprimidos,10 blisters de 10 comp
SISMED - Sistemas médicos,BEPAMIN,Paracetamol + Clorfeniramina maleato,400mg + 2mg,Comprimidos,25 blisters x 20 comp
SISMED - Sistemas médicos,SANAXONE 500,Ceftriaxona de sódio,500mg,Pó para Injecção,"Frasco de 7,5ml"
SISMED - Sistemas médicos,SANAXONE 1000,Ceftriaxona de sódio,1000mg,Pó para Injecção,Frasco de 10ml
SISMED - Sistemas médicos,BACTOMED 480,Sulfametoxazol + Trimetoprim,400mg + 80mg,Comprimidos,10 blister de 10 comp
SISMED - Sistemas médicos,CLINDAMED,Clindamicina + Nitrato de Miconazol,100mg + 100mg,Comprimidos Vaginais,1 blister x 6 comprimidos
SISMED - Sistemas médicos,SANFAC 500 CAP,Cefaclor,500mg,Cápsulas,10 blisters x 10 cáps
SISMED - Sistemas médicos,LANTAZOLIN,Lanzoprazol,30mg,Cápsulas,3 blisters de 10 caps
SOCIEDADE FARMACÊUTICA JORDANA,AZEMOL,Paracetamol,500mg,Comprimidos,2 blisters x 10 comp e 10x10
SOCIEDADE FARMACÊUTICA JORDANA,AZETRIM,Sulfametoxazol + Trimetoprim,400mg + 80mg,Comprimidos,2 blister de 10 comp
MISSIONPHARMA MOÇAMBIQUE,VITAMINA A + VITAMINA E,Palmitato de Vitamina  A + Acetato de Vitamina E,200000UI + 40UI,Cápsulas,Frascos de 25 caps
"MEDIMOC, SA",VACINA BCG,Vacina BCG,1mg,Injectável,Embalagem de 1mg x 50 ampolas
"MEDIS FARMACÊUTICA, LDA",ANGIPINA,Nifedipina,20mg,Comprimidos de libertação prolongada,Embalagem de 30 e 90 comp
MISSIONPHARMA MOÇAMBIQUE,Oxitocina USP,Oxitocina,5UI/ml,Solução Injectável,10 ampolas de 1ml cada
"GENERICS & SPECIALITIES, Lda",CANDAZOLE LOTION,Clotrimazol,10mg/ml,Loção,Emb. Frascos plástico de  10ml
"GENERICS & SPECIALITIES, Lda",ORREPASTE,"Triancinolona, Acetato","0,1% w/w",Pasta oral,Emb. Bisnaga de 5g
"GENERICS & SPECIALITIES, Lda",BEPROSONE CREAM,"Betametasona, diproprionato","0,05%w/w",Creme,Emb. Bisnaga de 15g
"GENERICS & SPECIALITIES, Lda",FOBAN OINTMENT,ácido fusídico,2% w/v,Pomada,Emb. Bisnaga de 5g e de 15g
"GENERICS & SPECIALITIES, Lda",U-CLOSONE POMADA,Butirato de clobetasol,"0,05%w/w",Pomada,Emb. Bisnaga de 15g
"GENERICS & SPECIALITIES, LDA",CLODERM CREAM,Propionato de clobetasol,"0,05%w/w",Creme,Emb. Bisnaga de 15g
"GENERICS & SPECIALITIES, Lda",BEPROSALIC  OINTMENT,Diproprionato de Beclometasona + ácido salicilico,"0,05%w/w + 3% w/w",Pomada,Emb. Bisnaga de 15g
"GENERICS & SPECIALITIES, LDA",CLODERM OINTMENT,Propionato de clobetasol,"0,05%w/w",Pomada,Emb. Bisnaga de 15g
"GENERICS & SPECIALITIES, Lda",DEZOR SHAMPOO,Ketoconazol,2% w/v,Shampoo,Emb. Frascos de  60ml e 120ml
MAPUTO HEALTH CARE Lda,PIOVAR 15,"Pioglitazona, cloridrato",15mg,Comprimidos,Emb. Blister de 10 x10 comp
MAPUTO HEALTH CARE Lda,PIOVAR 30,"Pioglitazona, cloridrato",30mg,Comprimidos,Emb. Blister de 10 x10 comp
MAPUTO HEALTH CARE Lda,VARITAC,"Ranitidina, cloridrato",150mg,Comprimidos,Emb. Blister de 10 x10 comp
SISMED - Sistemas médicos,BECOALOXAN,paracetamol + ibuprofeno,325+200,Comprimidos,caixa de 5 blister x 20 comprimidos
SISMED - Sistemas médicos,MEYERSEPTOL,Trimetoprim e Sulfametoxazol,80mg + 400mg,Comprimidos,5 Blisters de 10 comprimidos
FARMANATURAL,AMLODIPINA CICLUM 5MG,"Amlodipina, besilato",5mg,Comprimidos,blisters de 30 comprimidos
FARMANATURAL,AMLODIPINA CICLUM 10MG,"Amlodipina, besilato",10mg,Comprimidos,blisters de 30 comprimidos
"GENERICS & SPECIALITIES, Lda",DIDANOSINA,Didanosina,400mg,Cápsulas de libertação retardada,Frasco de 30 cápsulas
"GENERICS & SPECIALITIES, Lda",ZIDOVUDINA,Zidovudina,100mg,Cápsulas,100 Cápsulas
"GENERICS & SPECIALITIES, Lda",SULFATO DE ABACAVIR,"Abacavir, Sulfato",300mg,Comprimidos revestidos,Frasco de 60 comprimidos
"GENERICS & SPECIALITIES, Lda",DIDANOSINA,Didanosina,250mg,Cápsulas de libertação retardada,Frasco de 30 cápsulas
"MEDIMOC, SA",ADRENALINA BP INJECTÁVEL,Adrenalina,1mg/mL,Solução Injectável,10 ampolas de 1mL
"GENERICS & SPECIALITIES, Lda",GENTALAB EYE/EAR DROPS,Gentamicina,"0,3% w/v",Gotas auriculares/Oftálmicas,Frasco de 10ml
"MEDIMOC, SA",PROMETAZINE INJECTION,"Prometazina, Hidrocloreto",25mg/ml,Solução Injectável,10 ampolas de 2ml
"MEDIMOC, SA",TOBRA - D,Tobramicina + Dexametasona Sulfato Sódico,"0,3% w/v  +  0,05% w/v",Gotas Oftálmicas/Auriculares,Frasco de 10mL
"MEDIMOC, SA",DICLOLAB FORTE TABLETS,Paracetamol + Diclofenac,500mg + 50mg,Comprimidos,1x12 Comprimidos
"MEDIMOC, SA",MANIN,Manitol,20g,Infusão IV,Frasco de 100ml
"MEDIFARMA, LDA",METHACIN CAPSULE,Indometacina,25mg,Cápsulas,10x10 Cápsulas
"MEDIFARMA, LDA",VIREST 400,Aciclovir,400mg,Comprimidos Revestidos,5 Blisters de 5 comprimidos
MISSIONPHARMA MOÇAMBIQUE,SULFADOXINA + PIRIMETAMINA,Sulfadoxina + Pirimetamina,500mg + 25mg,Comprimidos,1x3 e 1x50
MISSIONPHARMA MOÇAMBIQUE,COMPOSTO DE LACTATO DE SÓDIO INFUSÃO INTRAVENOSA,Lactato de Sódio + Cloreto de Sódio + Cloreto de Potássio+ Cloreto de Cálcio dihidratado,"0,32g + 0,60g + 0,04g + 0,027g",Solução Intravenosa,Frasco de 500ml
MAPUTO HEALTH CARE Lda,FLEXTRA 500,"Glucosamina, Sulfato",500mg,Cápsulas,Embalagem com 10 blister de 10 cápsulas
MAPUTO HEALTH CARE Lda,PROTOCREAM,"Lidocaina, Hidrocloreto + àgua de Hamamélis BPC + òxido de zinco",2% + 5% + 10%  m/v,Pomada,Bisnaga de 20g
MAPUTO HEALTH CARE Lda,IRBESARTAN 150MG,Irbesartan,150mg,Comprimidos,1 blister de 10 comprimidos
MAPUTO HEALTH CARE Lda,IRBESARTAN 300MG,Irbesartan,300mg,Comprimidos,1 blister de 10 comprimidos
"MEDIFARMA, LDA",RGI SALICYLIC ACID OINTMENT,ácido salicílico,5% w/w,Pomada,Tubo de 100mg
SISMED - Sistemas médicos,FINARD- 5,Finasterida,5mg,comprimidos revestidos,Embalagem de 10 x 10 comp
"GENERICS & SPECIALITIES, Lda",NIFEDIPINA COMPRIMIDOS DE LIBERTAÇÃO PROLONGADA 30 MG,nifedipina,30mg,Comprimidos,Embalagem de 10 x 10 comp
GLOPHARMA,AMOXICILINA GENERIS,Amoxicilina,1000mg,Comprimidos,Blister de 16 comprimidos
SISMED - Sistemas médicos,CIPROFLOXACINA GENERIS,Ciprofloxacina,500mg/mL,Suspensão Oral,8 saquetas
"NATUR PHARMA, LDA",CLOPIDOGREL ABA 75mg,Clopidogrel,75mg,Compridos revestidos,embalagem de 28 comprimidos
"ORBIS PHARMA, Lda",AMLODIPINO KERN PHARMA,"Amlodipina, besilato",5mg,Comprimidos,embalagem de 30 comprimidos
"ORBIS PHARMA, Lda",AMLODIPINO KERN PHARMA,"Amlodipina, besilato",10mg,Comprimidos,embalagem de 30 comprimidos
"GENERICS & SPECIALITIES, Lda",IPRED,"Prednisolona, acetato",1% m/v,Suspensão oftálmica,Frasco de 5ml
"SAHAR MEDIRAN, LDA",CEFAZEX®,Cefazolina sódica,500mg,Injectável,Embalagem de 12 ampolas
"SAHAR MEDIRAN, LDA",CEFAZEX®,Cefazolina sódica,1000mg,Injectável,Embalagem de 12 ampolas
"SAHAR MEDIRAN, LDA",ZEMEXIR®,Azitromicina,250mg,Cápsulas,Embalagem de 6 cápsulas
"SAHAR MEDIRAN, LDA",LOFLOX®,Ofloxacina,200mg,Comprimidos,2 blister de 10 comprimidos
"MEDIS FARMACÊUTICA, LDA",MEDOPA,"Dopamina, cloridrato",200mg/5ml,Solução para perfusão,10 ampolas de 5ml
"MEDIFARMA, LDA",ACIDO NALIDIXICO BASI,Acido nalidixico,60mg/ml,Suspensão Oral,Frasco de 100ml
"ORBIS PHARMA, Lda",HIDROCLOROTIAZIDA KERN PHARMA,Hidroclorotiazida,50mg,Comprimidos,Blisters 20 comprimidos
"MEDIS FARMACÊUTICA, LDA",COLART,Arteméter + Lumefantrina,20mg + 120mg,Comprimidos,embalagem de 12 e de 24 comprimidos
"NATUR PHARMA, LDA",FUNGYLCOL KIT,Fluconazol + Tinidazol,150mg + 1000mg,comprimidos revestidos,1 comprimido de fluconazol e 2 de Tinidazol
"GENERICS & SPECIALITIES, Lda",GENXIME - 500,"Cefuroxima, axetil",500mg,Comprimidos,10 blister de 10 comprimidos
"ORBIS PHARMA, Lda",PREDNISONA KERN PHARMA,Prednisolona anidra micronizada,5mg,Comprimidos,blister de 30 comprimidos
"ORBIS PHARMA, Lda",PREDNISONA KERN PHARMA,Prednisolona anidra micronizada,10mg,Comprimidos,blister de 30 comprimidos
"ORBIS PHARMA, Lda",PREDNISONA KERN PHARMA,Prednisolona anidra micronizada,30mg,Comprimidos,blister de 30 comprimidos
"GENERICS & SPECIALITIES, Lda",CEMID - 250,Acetazolamida,250mg,Comprimidos,10 blister de 10 comprimidos
"GENERICS & SPECIALITIES, Lda",MIPROST - 200,Misoprostol,200mg,Comprimidos,1 blister de 4 comprimidos
"GENERICS & SPECIALITIES, Lda",MYDRIPIN EYE DROPS USP,"Atropina, sulfato",1%,Solução oftálmica,Frasco de 5ml
"GENERICS & SPECIALITIES, Lda",QUANTEL 600,Praziquantel,600mg,Comprimidos revestidos,"FRASCO DE 8, 100 E 500 comprimidos"
"MEDIMPORT, LDA",PULMICORT NASAL AQUA 32 mcg/ dose e,Budesonida micronizada,32 mcg/dose,Suspensão para pulverização nasal,cada frasco contem 120 doses
"MEDIS FARMACÊUTICA, LDA",RAMIPRIL AZEVEDOS,Ramipril,2.5mg,Cápsulas,Embalagem de 28 e de 56 cápsulas
"MEDIS FARMACÊUTICA, LDA",RAMIPRIL AZEVEDOS,Ramipril,5mg,Cápsulas,Embalagem de 28 e de 56 cápsulas
"GENERICS & SPECIALITIES, Lda",NIFED RETARD,Nifedipina,20mg,Comprimidos,10 blister de 10 comprimidos
"MEDIMPORT, LDA",PULMICORT NASAL AQUA 64 mcg/dose,Budesonida micronizada,64 mcg/dose,Suspensão para pulverização nasal,cada frasco contem 120 doses
MAPUTO HEALTH CARE Lda,INDOPLANT,Levonorgestrel,75mg,Implante,Caixa com 2 implantes
MAPUTO HEALTH CARE Lda,ELDERVIT CAPSULES,"Tiamina,  + Riboflavina + Cloridrato de Piridoxina + Cianocobalamina + Pantotenato de Cálcio + Nicotinamida + Ácido fólico + Biotina + Ácido Ascórbico","10mg + 10mg + 3mg + 15mcg + 50mg + 100mg + 1,5mg+ 100mcg+150mg+",Cápsulas,10 blister de 15 comrimidos
"NATUR PHARMA, LDA",OMEPRAZOL PROCLOR,Omeprazol,20mg,cápsulas,Embalagem de 60 cápsulas
"NATUR PHARMA, LDA",MALAQUIN,Mefloquina,250mg,Comprimidos,2 blister de 6 comprimidos
"ORBIS PHARMA, Lda",IBUPROFENO KERN PHARMA 400MG,Ibuprofeno,400mg,Comprimidos revestidos,Embalagem de 30 comprimidos
"ORBIS PHARMA, Lda",IBUPROFENO KERN PHARMA 600MG,Ibuprofeno,600mg,Comprimidos revestidos,Embalagem de 40 comprimidos
"MEDIS FARMACÊUTICA, LDA",BROMEXINA TUSSILENE,"Bromexina, Cloridrato",0.8mg/mL,Xarope,frascos de 100 ml e 200 ml
"GENERICS & SPECIALITIES, Lda",TELMI - H,Telmisartan + Hidroclorotiazida,40mg + 12.5mg,Comprimidos,blister de 10 comprimidos e frasco de 10 comprimidos
"MEDIMOC, SA",ALAXOL,Sulfametoxazol + Trimetoprim,400mg+80mg,Comprimidos,10x10 comprimidos
"MEDIMOC, SA",ALITHRO DRY SYRUP,"Eritromicina, etil succinato",125mg/ml,Suspensão Oral,Frasco de 60ml
"MEDIMOC, SA",ALMIZOLE,"Miconazol, Nitrato",2% w/w,Creme,Bisnaga de 20g
"MEDIMOC, SA",ALANINE,"Quinina, Sulfato",300mg,Comprimidos,2x10 Comprimidos
"MEDIMOC, SA",ALITHRO 500,"Eritromicina, Estearato",500mg,Comprimidos revestidos,10x10 comprimidos
"SHANI, LIMITADA",TONOFERON DROPS,Fenocoloidal + Cloridrato de Lisina + Ácido Fólico + Vitamina B12,25mg + 200mg + 2mg + 5µg +,Líquido Oral (gotas),Frasco de 15ml
"WELLWORTH, LDA",CIPLORIC-300,Alopurinol,300mg,Comprimidos,Blister de 10 comprimidos
"WELLWORTH, LDA",CIPLORIC-100,Alopurinol,100mg,Comprimidos,Blister de 10 comprimidos
"WELLWORTH, LDA",PRAZIQUATEL USP,Praziquantel,600mg,Comprimidos,100 comprimidos
MAPUTO HEALTH CARE Lda,MUCODYNE SYRUP,Carbocisteína,250mg/5ml,Xarope,Frasco de 100ml
MAPUTO HEALTH CARE Lda,SULFATO DE QUININA,"Quinina, Sulfato",300mg,Comprimidos revestidos,1000 Comprimidos
"MEDIS FARMACÊUTICA, LDA",TOPIRAMATO AZEVEDOS 25,Topiramato,25mg,Comprimidos revestidos,20 e 60 comprimidos
"MEDIS FARMACÊUTICA, LDA",TOPIRAMATO AZEVEDOS 50,Topiramato,50mg,Comprimidos revestidos,20 e 60 comprimidos
"MEDIS FARMACÊUTICA, LDA",TOPIRAMATO AZEVEDOS 100,Topiramato,100mg,Comprimidos revestidos,20 e 60 comprimidos
"MEDIS FARMACÊUTICA, LDA",TOPIRAMATO AZEVEDOS 200,Topiramato,200mg,Comprimidos revestidos,20 e 60 comprimidos
"MEDIS FARMACÊUTICA, LDA",COVIRO-LS,Estavudina  + Lamivudina,30mg + 150mg,Comprimidos,60 comprimidos
"MEDIS FARMACÊUTICA, LDA",REMOTIL,"Domperidona, maleato",10mg,Comprimido efervescentes,"10, 20 e 60 comprimidos"
"MEDIS FARMACÊUTICA, LDA",CARVEDILOL AZEVEDOS 12.5,Carvedilol,"12,5mg",Comprimidos,10 e 60 comprimidos
"MEDIS FARMACÊUTICA, LDA",AVIRO-Z,Zidovudina,300mg,Comprimidos,60 comprimidos
MEDIMPORT LDA,DICLORIDRATO DE QUININA,Dicloridrato de Quinina,300mg/mL,Solução Injectável,10 ampolas de 2ml e 10 x 10 de 2ml
"GENERICS & SPECIALITIES, LDA",DIGOXINA BP Comprimido,Digoxina,"0,25mg",Comprimidos,Frascos de 500 comprimidos e de 10 x 10
"GENERICS & SPECIALITIES, Lda",VITAQUINE,"Quinina, Hidrocloreto",300mg/mL,Solução Injectável,Âmpola de 2mL
"MEDIMOC, SA",APYXINE,Sulfadoxina +  Pirimetamina,500mg + 25mg,Comprimidos,10x3 comprimidos
"MEDIMOC, SA",ALEPRA,Omeprazol,20mg,Cápsulas,10x10 Cápsulas
"AFRI FARMÁCIA, LDA",RIFAMPICINA + ISONIAZIDA,Rifampicina + Isoniazida,150mg + 100mg,Comprimidos,Frasco de 1000 comprimidos
"MEDIMOC, SA",ALCHOLOR,Cloranfenicol,250mg,Cápsulas,10x10 cápsulas
SISMED - Sistemas médicos,BEFADOL C,Paracetamol + Ácido Ascórbico,150mg + 75mg,Grânulos,Embalagem de 20 Saquetas
"MEDIMOC, SA",ALAXIN 500,Ciprofloxacina,500mg,Comprimidos Revestidos,10x10 comprimidos
"MEDIMOC, SA",JEAN SIAGRA 50,Citrato de Sildenafil,50mg,Comprimidos,4 comprimidos
"MEDIMOC, SA",JEAN SIAGRA 100,Citrato de Sildenafil,100mg,Comprimidos,4 comprimidos
"MEDIMOC, SA",ALGEN,Gentamicina,40mg/ml,Solução Injectável,10 ampolas de 2ml
"MEDIMOC, SA",ALANINE INJECTÁVEL,"Quinina, Sulfato",300mg/ml,Solução Injectável,10x1ml
"MEDIMOC, SA",ALDOX,Doxiciclina,100mg,Cápsulas,10 x 10
"AFRI FARMÁCIA, LDA",BISACODYL,Bisacodil,5mg,Comprimidos,Frasco de 100 comprimidos
"AFRI FARMÁCIA, LDA",RINTID,"Ranitidina, Cloridrato",150mg,Comprimidos,Frasco de 100 comprimidos
"AFRI FARMÁCIA, LDA",ETHIONAMIDE,Etionamida,250mg,Comprimidos,"Frasco de 1000, 10x10 e 1x10 comprimidos"
"FARMA HOLDINGS, SA",CELLTRIAXONE 1000,Ceftriaxona de Sódio,1000mg,Pó para Injecção,Frasco de 10ml
SISMED - Sistemas médicos,MEYEROMAX 200,"Azitromicina, Dihidrato",200mg,saqueta,caixa contendo 10 saquetas
SISMED - Sistemas médicos,COMPLEXO B,Tiamina (Vit. B1) +  Riboflavina (Vit. B2) + Piridoxina (Vit. B6) + Nicotinamida,15mg + 10mg + 10mg +50mg,Cápsulas,100 cápsulas por frasco
SISMED - Sistemas médicos,MEYEROMAX 250,"Azitromicina, Dihidrato",250mg,Cápsulas,caixa de 2 blisters de 3 cáps
SISMED - Sistemas médicos,PIROXICAM,Piroxicam,20mg,Cápsulas,Caixa de 10 blisteres de 10 cáps
MEDIMPORT LDA,CEFTRIAXONA SÓDICA INJECTÁVEL,ceftriaxona sódica,1000mg,pó para uso injectável,caixa de 50 frasco para injectável
SISMED - Sistemas médicos,MEYERCLARI 125,Claritromicina,125mg,saquetas,caixa de 30 saquetas
SISMED - Sistemas médicos,MEYERCLARI 500,Claritromicina,500mg,Comprimidos Revestidos,caixa de 2 blisters x 10 comprimidos
MEDIMPORT LDA,GLIPIRYL,Glimepirida,1mg,Comprimidos,caixa de 30 comprimidos ( 3 x 10 blister
MEDIMPORT LDA,GLIPIRYL,Glimepirida,2mg,Comprimidos,caixa de 30 comprimidos ( 3 x 10 blister
MEDIMPORT LDA,GLIPIRYL,Glimepirida,4mg,Comprimidos,caixa de 30 comprimidos ( 3 x 10 blister
"MEDIFARMA, LDA",RGI SALICYLIC ACID OINTMENT,ácido salicílico,5% w/w,pomada,bisnaga com 100g
TATA DE MOÇAMBIQUE,MAXAMIN® FORTE,"vit. A; acetato de Alfa Tocoferol; colecalciferol, nitrato de tiamina, riboflavina, cloridrato de piridoxina, niacinamida, pantotenato de cálcio, ácido ascorbico, ácido folico, cianocobalamina, fosfato de cálcio tribásico, sulfato de manganés, óxido de ma","10000UI, 15, 1000UI, 10, 10, 3, 45, 10, 150, 1,5, 15mcg, 51,30, 32,4,06, 33,16, 3,93,50",Comprimidos revestidos,embalagem 10x 10 blisters
MEDIMPORT LDA,DEXTROSE 30% SOLUÇÂO INJECTÁVEL,Dextrose,30% (6g/20ml),soluçâo injectável,10 ampolas por embalagem
MEDIMPORT LDA,AMPICILINA SÓDICA INJECTÁVEL 500MG,Ampicilina Sódica,500mg,pó para uso injectável,50 frascos de 7ml para injectáveis por caixa
"AFRI FARMÁCIA, LDA",ANTIRABIES SERUM 1000 IU/5ML,uma equinomunoglobulina anti-rábica em fragmentos,200UI/ml,liquido para injecçâo,Frasco de 1000 UI/5ml
MEDIMPORT LDA,SUCCINATO SÓDICO DE CLORANFENICOL INJECTÁVEL 1G,Succinato Sódico de Cloranfenicol,1g,Pó para suspensão injectável,50  frascos de 7ml para injecçâo por caixa
SISMED - Sistemas médicos,ACICLOVIR MEYER,Aciclovir,800mg,Comprimido,caixa de 3 blisters x 10 capsulas
SISMED - Sistemas médicos,MG-B6 (MAGNESI + PYRIDOXIN),Lactato de Magnésio Dihidrato e Clorohidrato de Piridoxina,470mg e 5mg,comprimidos com filme de revetimento,50 comprimidos (5 blisters x 10 comprimidos/ caixa)
SISMED - Sistemas médicos,DOMPERIDONE,"Domperidona, maleato",10mg,Comprimidos,10 tiras x 10 comprimidos
SISMED - Sistemas médicos,CAPTOPRIL 25MG,Captopril,25mg,Comprimidos,Caixa de 10 tiras x 10 comprimidos
MEDIMPORT LDA,RAMPIL 5MG CAPSULAS,Ramipril,5mg,Cápsulas,embalagens com 30 cápsulas (2 x 15)
MEDIMPORT LDA,RAMPIL 10MG CAPSULAS,Ramipril,10mg,Cápsulas,embalagens com 30 cápsulas (3 x 10)
"MEDIMOC, SA",CAFCHLOR,cloranfenicol,1g,Pó para suspensão injectável,frasco de vidro de 10ml
MEDIMPORT LDA,ISOLIFT 10MG,"Escitalopram, oxalato",10mg,Comprimidos,embalagens de 30 comprimidos (3 x 10 blisters)
MEDIMPORT LDA,ISOLIFT 20MG,"Escitalopram, oxalato",20mg,Comprimidos,embalagens de 30 comprimidos (3 x 10 blisters)
SISMED - Sistemas médicos,INDOMETHACIN,Indometacina,25mg,Comprimidos,embalagem de 10 blister x 30 comprimidos
SISMED - Sistemas médicos,BECOLITOR 10,Atorvastatina Cálcica,10mg,Cápsulas,caixa de 3 blisters x 10 capsulas
SISMED - Sistemas médicos,BECOLITOR 20,Atorvastatina Cálcica,20mg,Cápsulas,caixa de 3 blisters x 10 capsulas
SISMED - Sistemas médicos,MEYERGORIC,"Loperamida, cloridrato",2mg,Cápsulas,100 cápsulas (caixa de 10 blisters x 10 cápsulas)
"MEDIMOC, SA",ALDIX,Acido nalidixico,500mg,Comprimidos,10 blister de 10 comprimidos
TATA DE MOÇAMBIQUE,FUROSEMIDA INJECÇAO BP 10MG/ML,Furosemida,10mg/ml,Solução Injectável,ampola de 2ml
GLOPHARMA,DICLOFENAC GENERIS,DICLOFENAC,50mg,Comprimidos Revestidos,embalagens de 10 e 60 comprimidos
GLOPHARMA,LISINOPRIL GENERIS,"Lisinopril, di-hidratado",20mg,Comprimidos,"Embalagens de 14, 28 e 56  comprimidos"
GLOPHARMA,DOMPERIDONA GENERIS,"Domperidona, maleato",10mg,Comprimidos revestidos,"Embalagens de 20, 60 e 120 comprimidos"
MEDIMPORT LDA,LANPROX,Levofloxacina hemihidrato,5mg/ml,solucao para perfusao,recipiente de 50ml ou 100ml
MISSIONPHARMA MOÇAMBIQUE,FENOXMETILPENICILINA 250MG COMPRIMIDOS,Fenoximetilpenicilina Potássica,250mg,Comprimidos,embalagem de 1000 comprimidos
MISSIONPHARMA MOÇAMBIQUE,DOXICICLINE CAPSULES BP 100MG,Doxicilina,100mg,Cápsulas,Embalagem de 10 blisters de 10 cápsulas
MISSIONPHARMA MOÇAMBIQUE,METRONIDAZOL 250MG COMPRIMIDOS BP,Metronidazol,250mg,Comprimidos,Frasco de 1000 comprimidos
MISSIONPHARMA MOÇAMBIQUE,NALIDIXIC ACID,Ácido Nalidíxico,500mg,Comprimidos,10x 10 blisters
MISSIONPHARMA MOÇAMBIQUE,PRAZIQUANTEL COMPRIMDOS 600MG USP,Praziquantel,600mg,Comprimidos,embalagem de 10 blisters com 10 comprimidos
MISSIONPHARMA MOÇAMBIQUE,CIMETIDINA BP COMPRIMIDOS 200MG,Cimetidina,200mg,Comprimidos,blisters de 10 comprimidos numa embalagem de 100
MAPUTO HEALTH CARE Lda,HIDROCLORETO DE TETRACICLINA 1% USP,"Tetraciclina, Hidrocloreto",1% w/w,Pomada Oftálmica,bisnaga de 5g
MISSIONPHARMA MOÇAMBIQUE,AMOXICILINA COMPRIMIDOS 250MG USP,"Amoxicilina, trihidrato",250mg,Comprimidos revestidos,Frasco de 1000 comprimidos
TATA DE MOÇAMBIQUE,COSCOPIN SUSPENSÂO PEDIÁTRICA,"Noscapina, citrato de sódio e Cloreto de amónio","1,83mg, 0,67mg, 7mg",Suspensão Oral,frasco de 50ml
TATA DE MOÇAMBIQUE,GENTAMICINA INJECCÂO BP,"Gentamicina, Sulfato",40mg/ml,Solução Injectável,ampola de 2ml
TATA DE MOÇAMBIQUE,OXITOCINA INJECÇÂO BP,Oxitocina,5UI/ml,Solução injectável,ampola de 1ml
"GENERICS & SPECIALITIES, Lda",ERYPRO SAFE - 4000,Eritropoetina Humana Recombinante alfa,4000 UI,soluçâo injectável,seringa de 1ml
"GENERICS & SPECIALITIES, Lda","LTHROX - 0,05",Levotiroxina sódica,"0,05mg",Comprimidos,embalagem contendo 10 carteiras de 10 coprimidos
"GENERICS & SPECIALITIES, Lda",GLIMIPREX 1,Glimepirida,1mg,Comprimidos,embalagem contendo 10 carteiras de 10 comprimidos
"GENERICS & SPECIALITIES, Lda",GLIMIPREX 2,Glimepirida,2mg,Comprimidos,embalagem contendo 10 carteiras de 10 comprimidos
"GENERICS & SPECIALITIES, Lda",GLIMIPREX 3,Glimepirida,3mg,Comprimidos,embalagem contendo 10 carteiras de 10 comprimidos
"GENERICS & SPECIALITIES, Lda",GLIMIPREX 4,Glimepirida,4mg,Comprimidos,embalagem contendo 10 carteiras de 10 comprimidos
"MEDIS FARMACÊUTICA, LDA",MIRTAZAPINA VIDA,Mirtazapina,30mg,Comprimidos,embalagem com 20 e 60 comprimidos
"FARMA HOLDINGS, SA",CLAVICIN,Amoxicilina + Ácido Clavulânico,1000mg + 200mg,Pó para Solução Injectável,frasco de 20mL
"SHANI, LIMITADA",TONOFERON XAROPE PEDIÁTRICO,"ferro coloidal, ácido fólico e vitamina B12",80mg + 200mcg + 2.0mcg,xarope pediatrico,frasco de 100ml
"NATUR PHARMA, LDA",DYNKLOR SUSPENSION,Cloranfenicol,125mg/5ml,Suspensão Oral,frasco de 60ml
"NATUR PHARMA, LDA",DYLUCID,Hidróxido de Aluminio gel + Hidróxido de Magnésio + Simeticona;,200mg + 200mg + 50mg,Suspensâo oral (gel para uso oral),frasco cde 170ml
GLOPHARMA,FINASTERIDA GENERIS,Finasterida,1mg,comprimidos revestidos,"embalagem de 20, 28 e 60 comprimidos"
GLOPHARMA,CEFIXIMA GENERIS,Cefixima,100mg/5ml,pó para suspensâo oral,frasco de 100ml
GLOPHARMA,GLIBENCLAMIDA GENERIS,Glibenclamida,5mg,Comprimidos,Embalagem de 20 (2X10) e 60 (4 X 15) comprimidos
GLOPHARMA,IBUPROFENO GENERIS,Ibuprofeno,400mg,Comprimidos,Embalagens de 20 e 60 comp
GLOPHARMA,IBUPROFENO GENERIS,Ibuprofeno,600mg,Comprimidos,"Embalagens de 20, 30 e 60 comp"
GLOPHARMA,FLUCONAZOL GENERIS,Fluconazol,150mg,Cápsulas,embalagem de 2cápsulas e 7 cápsulas
GLOPHARMA,FLUCONAZOL GENERIS,Fluconazol,200mg,Cápsulas,embalagem de 2cápsulas e 7 cápsulas
"NATUR PHARMA, LDA",KANDICIDE-V,Cotrimazol,100mg,Comprimidos Vaginais,embalagem de 6 comprimidos
"NATUR PHARMA, LDA",NOOCETAM,Piracetam,800mg,Comprimidos revestidos,blister de 10 x10 comprimidos
GLOPHARMA,PIRACETAM GENERIS,Piracetam,1200mg,Comprimidos,embalagem de 60 comprimidos
"GENERICS & SPECIALITIES, Lda",NOPRIL-5 TABLETS,"lisinopril, dihidrato",5mg,Comprimidos,10 comprimidos em um blister ou frasco HDPE
MEDIMPORT LDA,SULFATO DE KANAMICINA,"Kanamicina, Sulfato",2g,pó para soluçao injectável,frasco de vidro tipo 2 de 12ml
"SHANI, LIMITADA",CLARITHROMYCIN,Claritromicina,250mg,Comprimidos revestidos,embalagem de 1x 10 e de 10x10 comprimidos
"SHANI, LIMITADA",CLARITHROMYCIN,Claritromicina,500mg,Comprimidos Revestidos,embalagem de 1x 10 e de 100 comprimidos
"SHANI, LIMITADA",ROMILAST 10,montelucaste de sódio,10mg,comprimidos revestidos,Embalagem de 10 comprimidos
"SHANI, LIMITADA",OLVANCE HCT 20,Olmesartam medoxomil (micronizado) + Hidroclorotiazida,"20mg + 12,5mg",comprimidos revestidos,2 blisters x 7 comprimidos
"SHANI, LIMITADA",OLVANCE HCT 40,Olmesartam medoxomil (micronizado) + Hidroclorotiazida,40mg + 12.5mg,comprimidos revestidos,2 blisters x 7 comprimidos
"GENERICS & SPECIALITIES, Lda",LEVO - 72,Levonorgestrel,0.75mg,Comprimidos,embalagem de 1 blister de 2 comp.
"GENERICS & SPECIALITIES, Lda",NUFIL - SAFE,factor recombinante humano estimulante da colónia de granulócitos,300mcg/ 0.5ml,soluçâo injectável,seringas pré-cheia (dose única)
"GENERICS & SPECIALITIES, Lda",CLAVUGEN 1.2 INJECTÁVEL,Amoxicilina + Ácido Clavulânico,1000mg + 200mg,Pó para Solução Injectável,frasco de 20mL
"MEDIFARMA, LDA",KETAMAX,"ketamina, Cloridrato",50mg/ml,soluçâo injectável,"Frasco de 10ml, embalados numa caixa impressa"
MEDIMPORT LDA,ERITROMICINA,"Eritromicina, Estearato",500mg,Comprimidos revestidos,Embalagem a granel de 500 comprimidos e de 100 comprimidos
MEDIMPORT LDA,DIAZEPAM,Diazepam,5mg/ml,soluçao injectável,1ampolas de 10 x 10 de 2ml
MEDIMPORT LDA,FENOXIMETILPENICILINA 500MG BP,Fenoximetilpenicilina Potássica,500mg,Comprimidos,embalagens de 500 comprimidos
MEDIMPORT LDA,FUROSEMIDA,Furosemida,20mg/2ml,Solução Injectável,50 ampola de 2ml de vidro ambar
MAPUTO HEALTH CARE Lda,B- LONG,"Piridoxina, Hidrocloreto",100mg,Comprimidos,blister de 30 comprimidos
"GENERICS & SPECIALITIES, Lda",BECLO-GC CREAM,"Beclometasona, dipropionato + gentamicina, sulfato + clotrimazol","0,025%w/w + 0,1% w/w + 1% w/w",Creme tópico,Bisnaga de 15gr
"GENERICS & SPECIALITIES, Lda",GROWVITA-5,Finasterida,5mg,Comprimidos,10 blister x 10 comp
"GENERICS & SPECIALITIES, Lda",ALLUCID,Hidroxido de aluminio + hidroxido de magnésio,120mg + 250mg,Comprimidos,10 blister X 10 comp e frasco de 1000 comp
"GENERICS & SPECIALITIES, Lda",CT-SUSPENSION,"Ciprofloxacina,hidrocloreto + tinidazol",250mg/5mL + 300mg/5mL,Suspensão Oral,frasco de 30mL
"SHANI, LIMITADA",OLVANCE 20,Olmesartam medoxomil (micronizado),20mg,comprimidos revestidos,2 blisters x 7 comprimidos
"SHANI, LIMITADA",OLVANCE 40,Olmesartam medoxomil (micronizado),40mg,comprimidos revestidos,2 blisters x 7 comprimidos
"AFRI FARMÁCIA, LDA",LAMIVUDINA + ESTAVUDINA,Estavudina  + Lamivudina,30mg + 150mg,Comprimidos,embalagem de 60 comprimidos
"AFRI FARMÁCIA, LDA",LAMIVUDINA + ESTAVUDINA + NEVIRAPINA,Nevirapina + Estavudina + Lamivudina,200mg + 150mg + 30mg,Comprimidos,embalagem de 60 comprimidos
MEDIMPORT LDA,METOTREXATO 5MG,Metotrexato,5mg,Pó liofilizado para injectáveis,10 frascos por embalagem
MEDIMPORT LDA,METOTREXATO 50MG,Metotrexato,50mg,Pó liofilizado para injectáveis,10 frascos por embalagem
MEDIMPORT LDA,OXITOCINA,Oxitocina,5UI/1ml,solução injectável,1 ampola de 1ml; 100 ampolas por embalagem
MEDIMPORT LDA,GENTAMICINA,"Gentamicina, Sulfato",20mg/2ml,Solução Injectável,100 ampolas por embalagem; ampola de 2ml
MEDIMPORT LDA,GENTAMICINA,"Gentamicina, Sulfato",80mg/2ml,Solução Injectável,100 ampolas por embalagem; ampola de 2ml
MEDIMPORT LDA,PENICILINA PROCAÍNA INJECTÁVEL 3MEGA,Penicilina Procaína 3mega,3 mega,Pó para injectável,50 frascos de 18ml por embalagem
MEDIMPORT LDA,HIDROCORTISONA SUCCINATO DE SÓDIO INJECTÁVEL,"hidrocortisona, succinato sódico",100mg,pó para soluçâo injectável,50 frascos por embalagem
MEDIMPORT LDA,ACETIL SALICILATO DE LISINA,Acetil salicilato de lisina,900mg,pó para injectável,50 frascos de 7ml por embalagem
MAPUTO HEALTH CARE Lda,CLADE 2%,"Miconazol, Nitrato + clorocresol",2omg,creme dérmico,bisnaga de 30g
MAPUTO HEALTH CARE Lda,VAROID,valerato de betametasona+ hidrocloreto de fenilefrina + hdrocloreto de lidocaina,"0,5mg + 1,0mg + 25,0mg",Pomada dérmica,bisnaga de 30g
MAPUTO HEALTH CARE Lda,TETRACARE S,"Tetraciclina, Hidrocloreto",10mg,Pomada dérmica,bisnaga de 30g
BAYER SCHERING PHARMA MOÇAMBIQUE,LEVITRA 10MG,"vardenafil, Cloridrato tri-hidratado micronizado",10mg,comprimido orodispersível,Blister de 4 comprimidos
MEDIMPORT LDA,GRISEOFLUVINA COMPRIMIDOS 500MG,Griseofulvina,500mg,Comprimidos,frasco de 1000 comprimidos
SISMED - Sistemas médicos,PREDNISOLONE FORT,prednisolona,20mg,Comprimidos,"frasco de 100, embalagem de 10x10 comprimidos"
SISMED - Sistemas médicos,MEYERVITA,"Acido ascórbico +  tiamina + Riboflavina + Pantotenato de calcio, Piridoxina + Nicotinamida",100mg + 50mg + 20mg + 20mg + 5mg + 50mg,comprimido com filme de revestimento,"frasco de 100 comprimidos, embalagem de 10x10"
SISMED - Sistemas médicos,CEFOTAXIM 1g,cefotaxima,1000mg,Pó para Injecção,Embalagem contendo um frasco do medicamento em po e uma ampola contendo 4ml de agua destilada
SISMED - Sistemas médicos,VITAMIN C 500,Ácido Ascórbico,500mg,Cápsulas,"frasco de 100 capsulas, 10blisterx10 capsulas"
SISMED - Sistemas médicos,ERYTHOM,"Eritromicina, etil succinato",250mg,pó,Embalagem de 20 Saquetas
MEDIMPORT LDA,KETOCONAZOL,ketoconazol,200mg,Comprimidos,frasco de 1000 comprimidos
MEDIMPORT LDA,MIROZYL IV,"meropenem (esterilizado, tamponado) equivalente ao meropenam não hidratado",500mg,pó,Embalagem de 1 e de 10 ampolas
MEDIMPORT LDA,MIROZYL IV,"meropenem (esterilizado, tamponado) equivalente ao meropenam não hidratado",1g,pó,Embalagem de 1 e de 10 ampolas
MEDIMPORT LDA,ZITASPEN,Azitromicina presente como mono-hidrato de azitromicina,500mg,po liofizado seco para perfusao,Cada ampola vem com uma embalagem individual
"NATUR PHARMA, LDA",HEXANTEL,Palmoato de Pirantel,125mg,Comprimidos,Embalagem contendo blister 1 x 6
"NATUR PHARMA, LDA",TERFINE 250,"Terbinafina, Cloridrato",250mg,Comprimidos,embalagem blister 1 x 10
"NATUR PHARMA, LDA",VALK PLUS,Aceclofenac + Paracetamol,100mg + 500mg,Comprimidos,blister PVC/Aluminio 10 x10
"NATUR PHARMA, LDA",RYTHROCIN-E-250,"Eritromicina, estolato",250mg,Comprimidos,embalagem blister 10 x 10
GLOPHARMA,CETIRIZINA GENERIS,"Cetirizina, dicloridrato",1mg/mL,Solução oral,frasco de 150ml e frasco de 200ml
SISMED - Sistemas médicos,GRISEOFLUVIN,Griseofulvina,500mg,Comprimidos,embalagem de 2 x 10 comp
MEDIMPORT LDA,SALBUTAMOL AEROSSOL,"Salbutamol, Sulfato",100mcg/dose,Aerosol,frasco de 10mL
MEDIMPORT LDA,SULFADIAZINA 500MG COMPRIMIDOS USP,Sulfadiazina,500mg,Comprimidos,embalagem com blister de7 x 8 comprimidos
MEDIMPORT LDA,FLUCONAZOL,Fluconazol,50mg/5ml,Pó para suspensão,frasco de 50ml
"GENERICS & SPECIALITIES, Lda",G-MET 5/500,"Metformina, cloridrato + Glibenclamida",500mg + 5mg,Comprimidos,10 carteiras de 10 comprimidos
"GENERICS & SPECIALITIES, Lda",ANGINAL - 10,Dinitrato de isossorbido diluido,10mg,Comprimidos,10 carteiras de 10 comprimidos
"GENERICS & SPECIALITIES, Lda",ACLO 200,Aciclovir,200mg,Comprimido,10 carteiras de 10 comprimidos
"GENERICS & SPECIALITIES, Lda",TERFIN CREAM,"Terbinafina, Cloridrato",10mg/g,Creme,bisnaga de 15g
"MEDIS FARMACÊUTICA, LDA",NADICLOX 2%,ácido fusídico,20mg/g,Creme,Bisnaga de 15g
"AFRI FARMÁCIA, LDA",DOXOPAR - 10,"Doxorrubicina, Cloridrato",10mg,injectável liofilizado,frasco de vidro de 30ml
"ORANE PHARMA, Lda",GLOBENZ,Benzocaína,20%,Gel,bisnaga de 15g
SISMED - Sistemas médicos,FABACLINC,Clindamicina,150mg,Cápsulas,embalagem de 2 blisters com 10 cápsulas cada (2x10)
SISMED - Sistemas médicos,TRIKAXON,Ceftriaxona,1000mg,Pó para Injecção,embalagem contendo 1 frasco do pó e ampola de 10ml de água destilada
"MEDIS FARMACÊUTICA, LDA",TANTUM ROSA,"Benzidamina, Cloridrato",500mg,Pó para solução vaginal,embalagem com 10 e 20 saquetas
SISMED - Sistemas médicos,SILDENAFIL,Citrato de Sildenafil,100mg,Comprimidos,1 Blisters de 4 comprimidos
"MEDIS FARMACÊUTICA, LDA",VEROVEN,Hidrosmina,20mg/g,Gel,1 bisnaga de 40g e de 100g
"MEDIS FARMACÊUTICA, LDA",CROTAX 500,Valaciclovir,500mg,Comprimidos Revestidos,"embalagem de 10, 24, 30 e 42 comprimidos"
"MEDIS FARMACÊUTICA, LDA",CROTAX 1000,Valaciclovir,1000mg,Comprimidos Revestidos,Embalagem de 21 comprimidos
TATA DE MOÇAMBIQUE,HIDROXIDO DE ALUMINIO BP COMPRIMIDO 500MG,Hidroxido de Aluminio seco BP,500mg,Comprimidos,Frasco de 100 comprimidos
TATA DE MOÇAMBIQUE,AMOXICILINA USP SUSPENSÃO ORAL,"Amoxicilina,Trihidrato",250mg/5ml,Xarope,Frasco de 100ml
TATA DE MOÇAMBIQUE,SALBUTAMOL,"Salbutamol, Sulfato",2mg,Comprimidos,Frasco de 100 comprimidos e blister de 10 x 10
TATA DE MOÇAMBIQUE,DIAZEPAM,Diazepam,5mg/ml,Injectável,ampola de 2ml
"MEDIFARMA, LDA",RGI CLORANFENICOL,Cloranfenicol,5%w/v,Gotas auriculares,Frasco de 10mL
SISMED - Sistemas médicos,TRAMALIN - 100,Tramadol,100mg,Cápsulas,embalagem de 10 x10 cápsulas
TATA DE MOÇAMBIQUE,PHYLOGRA,Aminofilina,100mg,Comprimidos,Frasco de 100 comprimidos
"WELLWORTH, LDA",RIMACTAZID,Rifampicina + Isoniazida,150mg + 75mg,comprimidos revestidos,18 x 24 x 48
"WELLWORTH, LDA",RIMSTAR 4-FDC,Rifampicina + Isoniazida+pirazinamida+etambutol,150mg + 75mg + 400mg + 275mg,Comprimidos revestidos,embalagem de 28 e embalagem de 24 x28
"MEDIFARMA, LDA",CLORMAZIN,"Cloropromazina, Cloridrato",100mg,Comprimidos,frasco de 500 comprimidos
"GENERICS & SPECIALITIES, Lda",GRISEOFULVINA 500MG BP,Griseofulvina,500mg,Comprimidos,embalagem de 10 x10
"NATUR PHARMA, LDA",DYNCOFF - DP,"Difenidramina, cloridrato+cloreto de amónio+citrato de sódio + Mentol","14mg+135mg+57mg+1,1mg",Xarope,frasco de 100ml
"NATUR PHARMA, LDA",DYLUCID PLUS,Hidroxido de aluminio+hidroxido de magnesio+simeticona,400mg/5ml + 400mg/5ml + 50mg/5ml,Suspensão Oral,frasco de 170ml
MAPUTO HEALTH CARE Lda,APCALIS - SX,Tadalafil,20mg,Comprimidos revestidos,2 blister de 2 comprimidos
MAPUTO HEALTH CARE Lda,DAZEL,Azitromicina; cetimidazol; fluconazol,1g; 1g; 150mg,Comprimidos,1 blister de 4 comprimidos
"GENERICS & SPECIALITIES, LDA",KARIN,"Heparina, sódica",1000.UI,Injectável,frasco de 50mL
"GENERICS & SPECIALITIES, Lda",PANTOZ,Pantoprazol sódico,40mg,Pó para Injecção,frasco de 10ml
TATA DE MOÇAMBIQUE,UNAFEN - 200,Ibuprofeno,200mg,Comprimidos revestidos,frasco de 100 comprimidos
"NATUR PHARMA, LDA",MAXIGRA 50,"Sildenafil, citrato",50mg,Comprimidos,1 x 4 comprimidos
"NATUR PHARMA, LDA",MAXIGRA 100,"Sildenafil, citrato",100mg,Comprimidos,1 x 4 comprimidos
"GENERICS & SPECIALITIES, Lda",K- PENEM,Meropenem + carbonato de sódio,"1g + 90,2mg (500mg)",Pó para Injecção,10 frascos por embalagem
"GENERICS & SPECIALITIES, Lda",K- PIME,"Cefepime, Cloridrato",500mg,Pó para Injecção,Frasco de 20ml
"MEDIS FARMACÊUTICA, LDA",BREXIN,piroxicam beta-ciclodextrina,20mg,Comprimidos,Embalagem de 10 e de 30 comprimidos
"MEDIS FARMACÊUTICA, LDA",VEROVEN,Hidrosmina,200mg,Cápsulas,Embalagem de 60 cápsulas
SISMED - Sistemas médicos,GLOZEPAM -1,Lorazepam,1mg,Comprimidos,Embalagem de 10 x 10
SISMED - Sistemas médicos,GLOZEPAM -2,Lorazepam,2mg,Comprimidos,Embalagem de 10 x 10
SISMED - Sistemas médicos,CLONAZ - 1,Clonazepam,1mg,Comprimidos,10 blister de 10 comprimidos
SISMED - Sistemas médicos,ALLOPURINOL,Alopurinol,100mg,Comprimidos,10 blister de 10 comprimidos
SISMED - Sistemas médicos,SPIRONOLACTONE TABLETS BP,Espironolactona,25mg,Comprimidos,11 blister de 10 comprimidos
SISMED - Sistemas médicos,BISACODYL,Bisacodil,5mg,Comprimidos,10 blister de 10 comprimidos
SISMED - Sistemas médicos,RANITIDINE TABLETS USP,"Ranitidina, cloridrato",150mg,Comprimidos,10 blister de 10 comprimidos
SISMED - Sistemas médicos,CARDIN - 20,Nifedipina,20mg,Comprimidos,10 blister de 10 comprimidos
"AFRI FARMÁCIA, LDA",DOXOPAR - 50,"Doxorrubicina, Cloridrato",50mg,injectável liofilizado,frasco de vidro de 30ml
"ORBIS PHARMA, Lda",AZITROMICINA KERN PHARMA,Azitromicina,500mg,Comprimidos revestidos,Embalagem de 3 comprimidos
"NATUR PHARMA, LDA",MEBEND,Mebendazol,100mg,Comprimidos,10 blister de 6 comprimentos
"NATUR PHARMA, LDA",HEXANTEL suspensão,Palmoato de pirantel,250mg,Suspensão oral,Frasco de 10mL
"ORBIS PHARMA, Lda",LORATIDINA KERN PHARMA,Loratadina,10mg,Comprimidos,Embalagem de 20 comprimidos
"NATUR PHARMA, LDA",X-TRAM,Tramadol,50mg,Cápsulas,Blister de 10 x10 cápsulas
"ORBIS PHARMA, Lda",IBUPROFENO KERN PHARMA,Ibuprofeno,200mg,granulado branco efervescente,20 saquetas
TATA DE MOÇAMBIQUE,METRONIDAZOL INJECÇÃO USP,Metronidazol,500mg,Solução estéril,frasco de 100ml
"AFRI FARMÁCIA, LDA",OFLOMAC 200,Ofloxacina,200mg,Comprimidos,frasco de 500 comprimidos
"GENERICS & SPECIALITIES, Lda",BENZOL-5-LOTION,Peróxido de benzil Hidratado BP,5%w/w,Loção tópica,frasco de 30ml
"MEDIS FARMACÊUTICA, LDA",CLORIDRATO DE OXIMETAZOLINA,"Oximetazolina, cloridrato",0.25mg/ml,Solução nasal,Embalagem de 20ml
"MEDIS FARMACÊUTICA, LDA",CLORIDRATO DE OXIMETAZOLINA,"Oximetazolina, cloridrato",0.50mg/ml,Solução nasal,Embalagem de 30ml
MAPUTO HEALTH CARE Lda,MOCLAV - 625,"Amoxicilina, Trihidrato + Clavulanato de Potássio",500mg + 125mg,Comprimidos,embalagem com 10 x 10 comprimidos
"GENERICS & SPECIALITIES, Lda",XYLONE,"Xilometazolina, hidrocloreto",0.05% w/v,gotas nasais,Frasco de 10ml
"GENERICS & SPECIALITIES, Lda",XYLONE,"Xilometazolina, hidrocloreto",0.1% m/v,gotas nasais,Frasco de 10ml
MAPUTO HEALTH CARE Lda,METOSIC - 25,"Metoprolol, tartarato",25mg,Comprimido revestido,Embalagem de 10 x10
MAPUTO HEALTH CARE Lda,METOSIC - 50,"Metoprolol, tartarato",50mg,Comprimido revestido,Embalagem de 10 x11
"MEDIS FARMACÊUTICA, LDA",NOCUF,"Guaifanasina + Clorfeniramina, maleato + Pseudoefedrina, HCl",100mg + 2mg + 30mg,Cápsulas,25 blister de 4 cápsulas e 1 X 10
MAPUTO HEALTH CARE Lda,GLIMCARE,Glimepirida,1mg,Comprimidos,Embalagem de 10 x10 comprimidos
MAPUTO HEALTH CARE Lda,GLIMCARE,Glimepirida,2mg,Comprimidos,Embalagem de 10 x10 comprimidos
MAPUTO HEALTH CARE Lda,GLIMCARE,Glimepirida,4mg,Comprimidos,Embalagem de 10 x10 comprimidos
"NATUR PHARMA, LDA",TICLOPIDINA TROMBOPAT,"Teclopidina, cloridrato",250mg,Comprimido revestido,embalagem de 60 comprimidos
"NATUR PHARMA, LDA",BICALUTAMIDA FARMOZ,Bicalutamida,50mg,Comprimido revestido,embalagem de 30 comprimidos
"MEDIS FARMACÊUTICA, LDA",METFORMIN DENK 1000,"Metformina, hidrocloreto",1000mg,Comprimido revestido,2 blister de 15 comprimidos
"MEDIS FARMACÊUTICA, LDA",ATAZOR - 300,"Atazanavir, sulfato",300mg,Cápsulas,Embalagem de 30 cápsulas
MEDIMPORT LDA,MAALOX PLUS SUSPENSION,Hidróxido de aluminio  + Hidróxido de Magnésio + Simeticona;,225mg + 200mg + 25mg/5ml,Suspensão  Oral,frasco de 150ml e frasco de 350ml
"GENERICS & SPECIALITIES, Lda",METAGEN PLUS,Acetaminofeno + dextrometorfano iidrobrometo + succinato de doxilamina + clorfeniramina maleato,325mg + 15mg + 6.25mg + 4mg,Cápsulas,embalagem de 3 x 10 cápsulas
"GENERICS & SPECIALITIES, Lda",FEROFOL PLUS,Fumarato ferroso + polissacarídeo complexo de ferro + ascobato de sódio + ácido folico + cloridrato de piridoxina + óleo de peixe,"15mg + 15mg +20mg + 1mg + 25mg + 215,12mg + 53,46mg",Cápsulas moles de gelatina,embalagem de 10 x10
"GENERICS & SPECIALITIES, Lda",CALCIGEN,vitamina A palmitato + colecalciferol + carbonato de cálcio + hidrogeno fosfato de cálcio anidro,2500IU + 400IU + 50mg + 150mg,Cápsulas moles de gelatina,embalagem de 10 x10
"GENERICS & SPECIALITIES, Lda",FEROFOL,sulfato ferroso seco + cianocobalamina + ácido fólico + DL - serina + hidrogeno fosfato de calcio anidro,2500UI + 400IU + 50mg + 150mg,Cápsulas moles de gelatina,embalagem de 10 x10
"GENERICS & SPECIALITIES, Lda",GENTOSSE FORTE,"Guaifanasina + efedrina, HCL",200mg +25mg,Cápsulas moles de gelatina,embalagem de 10 x11
"WELLWORTH, LDA",CIPLIN,Sulfametoxazol + Trimetoprim,400mg+80mg,Comprimidos,recipiente de 1000 comprimidosl
"WELLWORTH, LDA",OFLOX-200,Ofloxacina,200mg,Comprimidos,embalagem de 10 x10
"GENERICS & SPECIALITIES, Lda",SPASMOL TABLETS,"Dicicloverina, hidrocloreto + Paracetamol",20mg + 500mg,Comprimidos,embalagem de 10 x 5 x 10 comprimidos
"GENERICS & SPECIALITIES, Lda",PROPOVAN 1%,Propofol,10mg/ml,emulsão Injectável,5 ampolas de 20ml
"GENERICS & SPECIALITIES, Lda",GENLIN FORTE,"Difenidramina, cloridrato + dextrometorfano, Bromidrato + fenelefrina, Cloridrato",50mg + 15mg + 5mg,Cápsulas moles de gelatina,Embalagen de 10 x 10cápsulas
"GENERICS & SPECIALITIES, Lda",KEDPRO,"Medroxiprogesterona, acetato",150mg/ml,Suspensão para injecção,Frasco de 1ml
"GENERICS & SPECIALITIES, Lda",GENLIN CÁPSULA,"Difenidramina, cloridrato",50mg,Cápsulas moles de gelatina,Embalagem de 10 x 10 comp
"WELLWORTH, LDA",CLOSERINE,Cicloserina,250mg,Cápsulas,embalagem de 40 cápsulas
"WELLWORTH, LDA",PENI V SOLUTION,Fenoximetilpenicilina,250mg,Solução oral,Frasco de 100ml
"MEDIS FARMACÊUTICA, LDA",OMNACORTIL 5,prednisolona,5mg,comprimido dispersivel,cada embalagem contem 100 comprimidos (10 blisters x 10 comprimidos) e um folheto informativo
"WELLWORTH, LDA",HYOSPAN,Hioscina Butilbrometo,20mg,Injectável,Embalagem de 10 ampolas de 1ml
MaPUTO HEALTH CARE Lda,B-LONG F,"Piridoxina, Hidrocloreto + acido fólico",100mg + 5mg,Comprimidos de libertação prolongada,1 blister de 30 comprimidos
"GENERICS & SPECIALITIES, Lda",MEBENDAZOL SUSPENSÃO ORAL,Mebendazol,100mg/5mL,Suspensão Oral,Embalagem de 30ml
SOCIEDADE FARMACÊUTICA JORDANA,AZEFEN 200,Ibuprofeno,200mg,Comprimidos,embalagem de 500 comprimidos
SOCIEDADE FARMACÊUTICA JORDANA,AZEFEN 400,Ibuprofeno,400mg,Comprimidos,embalagem de 500 comprimidos
"MEDIFARMA, LDA",COMBACT - HIB,Polissacarideo Haemophilus influenza  tipo B Conjugado com a protéina tetanus +toxoide difterico purificado + toxoide tetânico purificado + suspensão inactiva Bordetella pertussis,10mcg+ 30U.I + 60I.U + 4IU,Suspensão injectável,Frasco de 1 ou 10 doses
"MEDIS FARMACÊUTICA, LDA",NITRATO DE MICONAZOL,"Miconazol, Nitrato",20mg/g,Loção cremosa,Frasco de 30g
"MEDIS FARMACÊUTICA, LDA",COLOSAR - DENK 50/12.5,Losartan Potássico + Hidroclorotiazida,50mg + 12.5mg,Comprimidos,2 blister de 14 comprimidos
"MEDIS FARMACÊUTICA, LDA",LOSAR - DENK 50,Losartan Potássico,50mg,comprimidos revestidos,2 blister de 14 comprimidos
"MEDIS FARMACÊUTICA, LDA",LOSAR - DENK 100,Losartan Potássico,100mg,comprimidos revestidos,2 blister de 14 comprimidos
"MEDIS FARMACÊUTICA, LDA",ONGLINEX®,"L-cistina + Piridoxina, cloridrato (Vit.B6)",300mg + 50mg,Cápsulas,Blister de 100 e de 180 Cápsulas
"MEDIS FARMACÊUTICA, LDA",METOCLOPRAMIDA MEDINFAR,"Metoclopramida, Hidrocloreto",10mg/2ml,Injectável,Embalagem de 6 ampolas de 2ml
"NATUR PHARMA, LDA",DEPAINe/c 50,Diclofenac sódio,50mg,Comprimidos revestidos,10 blister de 10 comprimidos
"NATUR PHARMA, LDA",DEPAIN SR 100,Diclofenac sódio,100mg,Comprimidos revestidos,10 blister de 10 comprimidos
"MEDÁFRICA, Lda",SAFETELMI 40,Telmisartan,40mg,Comprimidos,3 blister de 10 comprimidos
"MEDÁFRICA, Lda",SAFETELMI 80,Telmisartan,80mg,Comprimidos,3 blister de 10 comprimidos
"GENERICS & SPECIALITIES, Lda",MIFITON,Mifepristona,200mg,comprimidos,embalagem de 3 carteiras de 1 commprimidos
"GENERICS & SPECIALITIES, Lda",FLUT-250,Flutamida,250mg,comprimidos,10 blister de 10 comprimidos
"GENERICS & SPECIALITIES, Lda",PILENIL OINTMENT,Lidocaina hidrocloreto + Oxido de Zinco,"0,70% + 6,60%",Pomada,Tubo de 25g
"NATUR PHARMA, LDA",CYNOFER,Feredetate de Sodio + acido Folico + Vitamina B12,231mg + 1.5mg + 15 mcg,Comprimido revestido,Embalagem contendo blister de 10 x 10 comprimidos
"NATUR PHARMA, LDA",DESLODINE-10,Desloratadina,10mg,comprimidos revestidos,Blister de 10x10 comprimidos
"NATUR PHARMA, LDA",REPISPRIN PLUS,"Clopidogrel, Bissulfato + Acido acetil salicílico",75mg + 75mg,comprimidos revestidos,3 blister de 10 comprimidos
"NATUR PHARMA, LDA",ACECLORAN,Paracetamol + serratiopeptidase + Aceclofenac,50mg +15mg + 100mg,comprimidos revestidos,Blister de 10x10 comprimidos
"GENERICS & SPECIALITIES, Lda",FOLIAC,Ácido Fólico,5mg,Comprimidos,Embalagem de 30comprimidos e frasco de 1000 comprimidos
"GENERICS & SPECIALITIES, Lda",GLOBINA,Ferro (III) + Ácido fólico,"50mg + 0,5mg",Xarope,Frascos de 200 ml
"MEDIMPORT, LDA",ATACAND,"Candesartan, xilexetil",8mg,Comprimidos,embalagem de7 e de 28 comprimidos
"MEDIMPORT, LDA",HYTACAND,Candesartan cilexetil + Hidroclorotiazida,"16mg + 12,5mg",Comprimidos,embalagem de 28 e de 56 comprimidos
"MEDIMPORT, LDA",ATACAND,"Candesartan, xilexetil",16mg,Comprimidos,embalagem de 56 comprimidos
"MEDIMPORT, LDA",ATACAND,"Candesartan, xilexetil",32mg,Comprimidos,embalagem de 56 comprimidos
"NATUR PHARMA, LDA",ESOFLUX - 20,"Esomeprazol, Magnésio",20mg,Comprimidos revestidos,embalagem de 10 comprimidos
"MEDIMPORT, LDA",ARIMIDEX,Anastrozol,1mg,Comprimidos revestidos,Embalagem de 20 e de 30 Comprimidos
"AFRI FARMÁCIA, LDA",FUROSEMIDE,Furosemida,40mg,Comprimidos,Frasco de 1000 comprimidos
"AFRI FARMÁCIA, LDA",EMTRICITABINA E TENOFOVIR,Tenofovir disopropil fumarato + Emtricitabina,300mg + 200mg,Comprimidos,Frasco de 30 comprimidos
"AFRI FARMÁCIA, LDA",METRONIDAZOL,Metronidazol,500mg/100mL,Injectável,frasco de 100ml
HEALTH SCIENCE FARMACEUTICA LDA,PREDNISOLONE,Prednisolona,5mg,Comprimidos,2 blister de 10 comprimidos
"PHARMANOVA, Lda",PHARMA-Q BUPIVACAINE SPINAL WITH DEXTROSE INJECTION 20mg/4ml,"Bupivacaina, hidrocloreto",20mg/4mL,Solução Injectável,Ampola de 5mL
MAPUTO HEALTH CARE Lda,FUNGBAN,"Terbinafina, Cloridrato",250mg,Comprimidos,1 blister de 9 comprimidos
"AFRI FARMÁCIA, LDA",BUPIVACAINA HIDROCLORIDO E EPINEFRINA INJECTÁVEL,"Bupivacaina, hidroclorido + Epinefrina, bitartrate",5mg/20mL + 0.005mg/20mL,Solução Injectável,frasco de 20mL
"AFRI FARMÁCIA, LDA",PANCURONIUM BROMIDE,Brometo de Pancurónio,2mg,Solução Injectável,ampola de 2mL
"AFRI FARMÁCIA, LDA",METHYLERGONOVINE MALEATO,"Metilergometrina, maleato",0.2mg,Solução Injectável,ampola de 1ml
"AFRI FARMÁCIA, LDA",SUCCINYLCHOLINE CHLORIDE,"Succinilcolina, cloreto",50mg/ml,Solução Injectável,Frasco de 10ml
"AFRI FARMÁCIA, LDA",WOMAPLAT - 150,Carboplatina,150mg/15ml,Solução Injectável,Frasco de 20ml
"AFRI FARMÁCIA, LDA",WOMAPLAT - 450,Carboplatina,450mg/45ml,Solução Injectável,ampola de 50ml
"MEDIMOC, SA",STRESSAN,"Racealfatocoferol, Acetato + Acido ascórbico + ácido fólico + cianocobaçlamina + cloridrato de priridoxina + Mononitrato de tiamina + nicotinamida + pantotenato de cálcio + riboflavina + óxido de cobre + óxido de zinco",45UI + 600mg + 0.50mg + 0.025mg + 10mg + 30mg + 100mg + 25mg + 10mg +3.76mg + 29.75mg,Comprimidos,Embalagem de 30 comprimidos
"AFRI FARMÁCIA, LDA",OXYTOCIN,Oxitocina,5UI/ml,Solução Injectável,ampola de 1ml
"AFRI FARMÁCIA, LDA",THIORIDAZINE HYDROCHLORIDE,"Tioridazina, Hidrocloreto",100mg,Comprimidos,embalagem de 100 comprimidos
"AFRI FARMÁCIA, LDA",AMLODIPINE BASILATO,"Amlodipina, besilato",10mg,Comprimidos,Frasco de 30 comprimidos
"AFRI FARMÁCIA, LDA",AMILORIDE & HYDROCHLOROTHIAZIDA,"Amilorido, cloridrato + Hidroclorotiazida",5mg + 50mg,Comprimidos,"Frasco de 1000 comprimidos, 10x 10 e 3 x10"
"AFRI FARMÁCIA, LDA",CHLORANPHENICOL,Cloranfenicol,250mg,Cápsulas,Frasco de 1000 cápsulas e 10x10
"AFRI FARMÁCIA, LDA",OMEPRAZOLE DELAYEDE RELEASE,Omeprazol,20mg,Cápsulas,"Frasco de 500 cápsulas, 10x10"
HEALTH SCIENCE FARMACEUTICA LDA,DEPOFORT B12,"Hidroxicobalamina, acetato + disódio Hidrogeno fosfato anidrido + álcool  Benzilico + ácido acetico + cloreto de sódio",1mg + 0.191mg + 10mg + 0.000144ml + 7.703mg,Injectável,2 ampolas de 1ml
HEALTH SCIENCE FARMACEUTICA LDA,DEPOVITE B12,"Hidroxicobalamina, acetato",1000mcg,Injectável,3 ampolas de 1ml
HEALTH SCIENCE FARMACEUTICA LDA,HALOTHANE - PHARCO,Halotana,100%,Liquido para inalação,garrafa de 250ml
TATA DE MOÇAMBIQUE,FAMAK - 40,Famotidina,40mg,comprimidos,10 blister de 10 comprimidos
TATA DE MOÇAMBIQUE,TRAMAIN - 100,Tramadol,100mg,cápsulas,10 blister de 10 cápsulas
TATA DE MOÇAMBIQUE,NAPAIN,Acido nalidixico,500mg,comprimidos,10 blister de 10 cápsulas
HEALTH SCIENCE FARMACEUTICA LDA,CEFZIM,Ceftazidima,1g,pó para injecção,frasco de 1g
HEALTH SCIENCE FARMACEUTICA LDA,AZOMYCIN,Azitromicina,200mg/5ml,pó para suspensão oral,frasco de 15ml
HEALTH SCIENCE FARMACEUTICA LDA,CIPROFAR,ciprofloxacina,500mg,Comprimidos revestidos,blister de 10 comprimidos
HEALTH SCIENCE FARMACEUTICA LDA,FARCOLIN SYRUP,"salbutamol, sulfato + Cloreto de Amonia",2.4mg + 100mg,xarope,Frasco de 120ml
"FARMÉDICA, Lda",AMLODIPINA FARMOZ,"Amlodipina, besilato",5mg,Comprimidos,Embalagem de 60 comprimidos
"FARMÉDICA, Lda",AMLODIPINA FARMOZ,"Amlodipina, besilato",10mg,Comprimidos,Embalagem de 60 comprimidos
"FARMÉDICA, Lda",FLUCONAZOL FARMOZ,Fluconazol,150mg,Cápsulas,Embalagem de 2 comprimidos
"FARMÉDICA, Lda",FLUCONAZOL FARMOZ,Fluconazol,200mg,Cápsulas,Embalagem de 14 comprimidos
"GENERICS & SPECIALITIES, Lda",BASALOG,Insulina Glargina (origem no rDNA),100UI/ml,Solução injectavel,Cartucho de 5 X 3ml
"GENERICS & SPECIALITIES, Lda",BASALOG,Insulina Glargina (origem no rDNA),100UI/ml,Solução injectavel,Frascos de 3ml e de 10ml
"GENERICS & SPECIALITIES, LDA",INSUGEN - R (REGULAR),Insulina humana (insulina de origem do ADN humano recombinante),100UI/5mL,Injectável,Cartuchos de 5 x 3mL
"GENERICS & SPECIALITIES, LDA",INSUGEN - N (NPH),Insulina humana (insulina de origem do ADN humano recombinante,100UI/5mL,Injectável,Cartuchos de 5 x 3mL
"GENERICS & SPECIALITIES, LDA",INSUGEN - 30/70 (BIFASICO),Insulina humana (insulina de origem do ADN humano recombinante,100UI/5mL,Injectável,Cartuchos de 5 x 3mL
"MEDIMPORT, LDA",SEROQUEL SR 50,"Quetiapina, Fumarato",50mg,Comprimido de liberacao prolongada,Embalagens  de 10 e de 60 comprimidos
"MEDIMPORT, LDA",SEROQUEL SR 200,"Quetiapina, Fumarato",200mg,Comprimido de liberacao prolongada,Embalagens  de 10 e de 60 comprimidos
"MEDIMPORT, LDA",SEROQUEL SR 300,"Quetiapina, Fumarato",300mg,Comprimido de liberacao prolongada,Embalagens  de 10 e de 60 comprimidos
"MEDIMPORT, LDA",SEROQUEL SR 400,"Quetiapina, Fumarato",400mg,Comprimido de liberacao prolongada,Embalagens  de 60 comprimidos
MEDIMPORT LDA,DIPRIVAN® 1%,Propofol,10mg/ml,emulsão Injectável,Seringa pre cheia de 20 e 50ml
MEDIMPORT LDA,DIPRIVAN® 2%,Propofol,20mg/ml,emulsão Injectável,Seringa pre cheia de 50ml
"AFRI FARMÁCIA, LDA",NITROGLYCERIN,Nitroglicerina,25mg/5ml,Injectável,5 ampola de 5ml
"AFRI FARMÁCIA, LDA",MONAST 4,Montelucaste de Sódio,4mg,Comprimidos mastigaveis,Embalagem de 3 blistersx 10 comprimidos
"AFRI FARMÁCIA, LDA",VERAPAMIL,"Verapamil, hidrocloreto",5mg/2ml,Solução esteril para Injecçao,ampola de 2ml
"AFRI FARMÁCIA, LDA",AMINOPHYLLINE,Aminofilina,24mg/mL,Solução injectavel,10 ampola de 5mL
HEALTH SCIENCE FARMACEUTICA LDA,DEPREBAN,Fluoxetina,20mg,Cápsulas,Embalagem de 10 cápsulas
HEALTH SCIENCE FARMACEUTICA LDA,KETOTI PHARCO,"Ketotifeno, fumarato",1mg,Comprimidos revestido,2 blister de 10 comprimidos
HEALTH SCIENCE FARMACEUTICA LDA,AMLODIPINE TABLETS,"Amlodipina, besilato",10mg,comprimidos,2 blister de 10 comprimidos
HEALTH SCIENCE FARMACEUTICA LDA,NEOSTGMINE METHYL SULPHATE AMPOULES,"Neostigmina, metil sulfato",0.5mg,Injectável,5 ampolas de 1ml
HEALTH SCIENCE FARMACEUTICA LDA,TAMOXIFEN,"tamoxifeno, citrato",20mg,Comprimidos,2 blister de 10 comprimidos
HEALTH SCIENCE FARMACEUTICA LDA,ULSTOP,Omeprazol,20mg,Cápsulas,embalagem de 14 cápsulas
HEALTH SCIENCE FARMACEUTICA LDA,AZROLID TABLETS,"Azitromicina, Di-hidrato",500mg,Comprimidos revestidos,Blister de 3 comprimidos
HEALTH SCIENCE FARMACEUTICA LDA,AMRISTATIN TABLETS,Sinvastatina,20mg,Comprimidos revestidos,Embalagem de 10 comprimidos
"AFRI FARMÁCIA, LDA",RIFAMPICIN + ISONIAZID,Rifampicina + Isoniazida,60mg +30mg,Comprimidos dispersível,3 blister de 28 comprimidos
HEALTH SCIENCE FARMACEUTICA LDA,FARCODOXIN CAPSULES,Doxiciclina,100mg,Cápsulas,Embalagem de 2 blister de 5 cápsulas
HEALTH SCIENCE FARMACEUTICA LDA,FUNGI - FREE DROPS,Nistatina,10.000.000UI,Gotas orais,Frasco de 30ml
"MEDICURA, LDA",LAEOTARIN ORAL GEL,"Miconazol, nitrato",20mg,Gel oral,Bisnaga de 40g
"MEDICURA, LDA",LECOTRIM TABLETS,Sulfametoxazol + Trimetoprim,400mg + 80mg,Comprimidos,Blister de 10 x 10 comprimidos
"MEDICURA, LDA",KOFED MULTI ACTION SYRUP,"Triprolidona, cloridrato + Pseudoefedrina, cloridrato",1.25mg + 30mg,Xarope,Frasco de 100mL
"MEDICURA, LDA",KOFED DMH SYRUP,"Triprolidona, cloridrato + Pseudoefedrina, cloridrato + Dextrometorfano",1.25mg + 30mg + 10mg,Xarope,Frasco de 100mL
"MEDICURA, LDA",KOFED COMPOUND LINCTUS,"Triprolidona, cloridrato + Pseudoefedrina, cloridrato + Codeína",1.25mg + 30mg + 10mg,Xarope,Frasco de 100mL
HEALTH SCIENCE FARMACEUTICA LDA,CEFAXONE,Ceftriaxona,1g,Pó para injecção,Frasco de 1g
"MEDIS FARMACÊUTICA, LDA",VENTOLIN ROTACAPS,"Salbutamol, Sulfato",264mcg,Cápsula com pó para inalação,embalagem de 1 analador
"UNITEC, Lda",ATENOLOL GENERIS,Atenolol,50mg,Comprimidos revestidos,Blister de 60 comprimidos
"MEDIS FARMACÊUTICA, LDA",AMOXICLAV - DENK 500/62.5,Amoxiciclina trihidratada e+ Clavulanato de potassio,500mg + 62.5mg,Comprimido revestido,2 blisters de 8 comprimidos
MAPUTO HEALTH CARE Lda,FAMY - DEPO,"Medroxiprogesterona, acetato",150mg/ml,suspensão injectável,20 frascos de 1ml
MAPUTO HEALTH CARE Lda,ZINNIA,Etinilestradiol + Levonorgestrel,0.03mg + 0.15mg,Comprimidos revestidos,blister de 21 comprimidos
"GENERICS & SPECIALITIES, Lda",MUPIBACT OINTMENT,Mupirocina,2%,Pomada Tópica,bisnaga de 5g e de 15g
"GENERICS & SPECIALITIES, Lda",ETOIN - 100,Fenitoína Sódica,100mg,Comprimidos,Blister de 10 x 10 comprimidos
"GENERICS & SPECIALITIES, Lda",SEPTLON,"Clorhexidina, gluconato + Cetrimida","15% m/v + 7,5%m/v",Solução antiseptica,frasco de 500ml e de 1000ml
"GENERICS & SPECIALITIES, Lda",METH - 25MG,Metotrexato,"2,5mg",Comprimidos,blister de 10 x10 comprimidos
"LUSOFARMA, LDA",STRIATAL,Mesilato de di-hidroergocriptina,20mg,Comprimidos,Embalagem de 20 e de 60 Comprimidos
"NATUR PHARMA, LDA",PROCLOR,Omeprazol,40mg,cápsulas gastro-resistentes,Embalagem de 60 cápsulas
"LIFE PHARMA, Lda",MOXTEC DS 125,"Amoxicilina, Trihidrato",125mg/5ml,Pó para suspensão,Frasco de 100ml
"LIFE PHARMA, Lda",ESZ 250,Eritromicina,250mg,Pó para suspensão,Frasco de 100ml
"LIFE PHARMA, Lda",MOXTEC 500,"Amoxicilina, Trihidrato",500mg,Cápsulas,10 blister de 10 cápsulas e frasco de 1000 cápsulas
"LIFE PHARMA, Lda",DICLOZE GEL,Diclofenac de sódio,10mg,Gel,Bisnaga de 30g
"UNITEC, Lda",INFUMET - 500,"Metformina, Cloridrato",500mg,Comprimidos revestidos,10 blister de 10 comprimidos e frasco de 1000comp
"UNITEC, Lda",DICLOZE 50,Diclofenac de sódio,50mg,Comprimidos revestidos,blister de 10 comprimidos x 5 x 2 e frasco de 1000comp
"UNITEC, Lda",PARAZE SUSP,Paracetamol,125mg/5ml,Xarope,Frasco de 100ml
"UNITEC, Lda",IBUTEC - 400,Ibuprofeno,400mg,Comprimidos,10 blister de 10 comprimidos e frasco de 1000comp
"UNITEC, Lda",IBUTEC - 200,Ibuprofeno,200mg,Comprimidos,10 blister de 10 comprimidos e frasco de 1000comp
"UNITEC, Lda",DICLOZE Inj,Diclofenac de sódio,25mg,Solução injectavel,Ampola de 30ml
"UNITEC, Lda",AMOXICILINA + ÁCIDO CLAVULÂNICO GENERIS,Amoxicilina + Ácido Clavulânico,500mg + 125mg,Comprimidos revestidos,Blister de 16 comprimidos
"UNITEC, Lda",ENALAPRIL + HIDROCLOROTIAZIDA GENERIS,Enalapril + Hidroclorotiazida,20mg + 12.5mg,Comprimidos,Blister de 56 comprimidos
GLOPHARMA,SILDENAFIL GENERIS 25,Sildenafil,25mg,Comprimidos revestidos,Embalagem de 4 comprimidos
GLOPHARMA,SILDENAFIL GENERIS 50,Sildenafil,50mg,Comprimidos revestidos,Embalagem de 4 e de 8 comprimidos
GLOPHARMA,SILDENAFIL GENERIS 100,Sildenafil,100mg,Comprimidos revestidos,Embalagem de 4 comprimidos
MEDIMPORT LDA,SINVASTATINA BLUESAR,Sinvastatina,10mg,Comprimidos revestidos,Embalagem de 20 e de 60 Comprimidos
MEDIMPORT LDA,SINVASTATINA BLUESAR,Sinvastatina,20mg,Comprimidos revestidos,Embalagem de 60 comprimidos
MEDIMPORT LDA,SINVASTATINA BLUESAR,Sinvastatina,40mg,Comprimidos revestidos,Embalagem de 60 comprimidos
MEDIMPORT LDA,DICLOFENAC BLUEPHARMA,Diclofenac sódico,10mg/g,Gel,Bisnaga de 100g
AFRICA LAB LDA,METRONIDAZOLE 250mg,Metronidazol,250mg,Comprimidos revestidos,100 blister de 10 comprimidos
AFRICA LAB LDA,CEVAMOL EFFERVESCENT TABLETS,Vitamina C + Paracetamol,250mg + 400mg,Comprimidos efervescentes,frasco de 12 comprimidos
AFRICA LAB LDA,RIVO,Ácido Acetilsalicílico,500mg,Comprimidos,100 blister de 10 comprimidos
AFRICA LAB LDA,SUTRIM,Sulfametoxazol + Trimetoprim,200mg/5ml + 40mg/5ml,Suspensão Oral,Frasco de 100ml
AFRICA LAB LDA,ENTAZOLE ORAL SUSPENSION,Metronidazol,125mg/5ml,Suspensão Oral,Frasco de 120ml
AFRICA LAB LDA,IBUGESIC,Ibuprofeno,200mg,Comprimidos,3 blister de 10 comprimidos
AFRICA LAB LDA,SUTRIM,Sulfametoxazol + Trimetoprim,400mg + 80mg,Comprimidos,20 blister de 10 comprimidos
"NATUR PHARMA, LDA",FORMOTEROL FARMOZ,"Formoterol, Fumarato",12mcg,Pó para inalação em cápsula dura,Embalagem de 60 cápsulas
"NATUR PHARMA, LDA",REPISPIRIN,Ácido Acetilsalicílico,500mg,Comprimidos,Blister de 10 x 10 comprimidos
GLOPHARMA,REUMOLIDE 30mg/g GEL,Nimesulida,30mg/g,Gel,Bisnaga de 50g
GLOPHARMA,ALPRAZOLAM GENERIS 0.5mg COMPRIMIDOS,Alprazolam,0.5mg,Comprimidos,Embalagem de 60 comprimidos
GLOPHARMA,TRICALMA,Ibuprofeno,200mg,Comprimidos revestidos,Embalagem de 20 comprimidos
GLOPHARMA,AZITROMICINA GENERIS,"Azitromicina, Di-hidrato",500mg,Comprimidos revestidos,Blister de 3 comprimidos
"NATUR PHARMA, LDA",AZITRIX,"Amoxicilina, di-hidratada",200mg/5mg,Suspensão Oral,Frasco de 30ml
"WELLWORTH, LDA",SEROBID INHALER (CFC Free),Salmeterol,25mcg,Aerosol,120 Doses métricas
"UNITEC, Lda",AZIF 500,"Azitromicina, Di-hidrato",500mg,Comprimidos revestidos,10 Blisters de 3 comprimidos e frasco de 1000 comprimidos
"LIFE PHARMA, Lda",MOXTEC DS 250,"Amoxicilina, trihidrato",250mg/5ml,Pó para suspensão,garrafa de 100ml
"UNITEC, Lda",LORATADINA GENERIS,Loratadina,10mg,Comprimidos,embalagem de 20 comprimidos
"GENERICS & SPECIALITIES, Lda",BESTOR 5,Rosuvastatina Cálcica,5mg,Comprimidos,10 blister de 10 comprimidos
"GENERICS & SPECIALITIES, Lda",BESTOR 10,Rosuvastatina Cálcica,10mg,Comprimidos,10 blister de 10 comprimidos
"GENERICS & SPECIALITIES, Lda",BESTOR 20,Rosuvastatina Cálcica,20mg,Comprimidos,10 blister de 10 comprimidos
"LIFE PHARMA, Lda",INFUTRAX,Celftriaxona,1000mg,pó estéril para injecçâo,Frasco de 10mL
"UNITEC, Lda",QFATE,"Quinina, Sulfato",300mg,Comprimidos,10 blister de 10 comprimidos e frasco de 1000comp
PHARMALIFE Lda,OMEPRAZOL TEVA 20mg,Omeprazol,20mg,Cápsulas,Blister de 14 cápsulas e de 56 cápsulas gastrorresistentes
PHARMALIFE Lda,OMEPRAZOL TEVA 40mg,Omeprazol,40mg,Cápsulas,Blister de 56 cápsulas gastrorresistentes
PHARMALIFE Lda,IRBESARTAN TEVA,Irbesartan,75mg,Comprimidos revestidos,Blister de 14 comprimidos e de 28 comprimidos
PHARMALIFE Lda,IRBESARTAN TEVA,Irbesartan,150mg,Comprimidos revestidos,Blister de 14 comprimidos e de 28 comprimidos
PHARMALIFE Lda,IRBESARTAN TEVA,Irbesartan,300mg,Comprimidos revestidos,Blister de 14 comprimidos e de 28 comprimidos
PHARMALIFE Lda,AZITROMICINA Teva,Azitromicina,500mg,comprimidos,Embalagem de 3 comprimidos
PHARMALIFE Lda,AMLODIPINA TEVA,"Amlodipina, besilato",5mg,comprimidos,embalagem de 20 e 56 comprimidos
PHARMALIFE Lda,AMLODIPINA TEVA,"Amlodipina, besilato",10mg,comprimidos,embalagem de 20 e 56 comprimidos
MEDIMPORT LDA,CASODEX® 50mg,Bicalutamida,50mg,Comprimidos revestidos,embalagem de 30 comprimidos
MEDIMPORT LDA,CASODEX® 150mg,Bicalutamida,150mg,Comprimidos revestidos,embalagem de 28 comprimidos
"UNITEC, Lda",INFURAN 150,"Ranitidina, cloridrato",150mg,Comprimidos revestidos,Embalagem de 10 blister de 10 comp e frasco de 500 comprimidos
"LIFE PHARMA, Lda",FENOPEN 500,Fenoxmetilpenicilina,500mg,Comprimidos,Embalagem de 10 blister de 10 comp e frasco de 1000 comprimidos
"LIFE PHARMA, Lda",FENOPEN 250,Fenoxmetilpenicilina,250mg/5ml,Suspensão Oral,Embalagem de 10 blister de 10 comp e frasco de 1000 comprimidos
"LIFE PHARMA, Lda",INFUZE,"Clorfeniramina, maleato",4mg,Comprimidos,Embalagem de 10 blister de 10 comp
"LIFE PHARMA, Lda",INFUGYL SUSPENSION,Metronidazol,200mg/5ml,Suspensão Oral,Frasco de 100ml
"LIFE PHARMA, Lda",URITRIM SUSPENSION,CO- Trimoxazol,200mg + 40mg/5ml,Suspensão Oral,Frasco de 100ml
"LIFE PHARMA, Lda",URITRIM,CO- Trimoxazol,400mg + 80mg,Comprimidos,10 blister de 10 comprimidos e frasco de 1000comp
"UNITEC, Lda",INFUGYL 250,Metronidazol,250mg,Comprimidos revestidos,10 blister de 10 comprimidos e frasco de 1000comp
"UNITEC, Lda",INFUGYL I.V,Metronidazol,500mg/100ml,Solução estéril para injecção,garrafa de 100ml
"LIFE PHARMA, Lda",PRENON 5,Prednisolona,5mg,Comprimidos,blister de 10x5x2 e frasco de 500 comprimidos
GLOPHARMA,PARACETAMOL GENERIS,Paracetamol,1000mg,Comprimidos,Embalagem de 18 comprimidos
"GENERICS & SPECIALITIES, Lda",NETRACORT SKIN OINTMENT,"Hidrocortisona, acetato",1%,Pomada Tópica,bisnaga de 15g
PHARMALIFE Lda,SINVASTATINA TEVA,Sinvastatina,10mg,Comprimidos revestidos,Blister de 20 e de 50 comprimidos
PHARMALIFE Lda,SINVASTATINA TEVA,Sinvastatina,20mg,Comprimidos revestidos,Blister de 60 comprimidos
PHARMALIFE Lda,SINVASTATINA TEVA,Sinvastatina,40mg,Comprimidos revestidos,Blister de 50 e de 60 comprimidos
PHARMALIFE Lda,LOSARTAN TEVA,Losartan Potássico,50mg,Comprimidos revestidos,Blister de 14 e de 56 comprimidos
PHARMALIFE Lda,LOSARTAN TEVA,Losartan Potássico,100mg,Comprimidos revestidos,Blister de 28 e de 56 comprimidos
MEDIMPORT LDA,AMOXICILINA + ACIDO CLAVULANICO BLUEPHARMA,Amoxicilina + Ácido Clavulânico,500mg + 125mg,comprimidos revestidos,blister de 16 unidades
MEDIMPORT LDA,AMOXICILINA + ACIDO CLAVULANICO BLUEPHARMA,Amoxicilina + Ácido Clavulânico,875mg + 125mg,comprimidos revestidos,blister de 16 unidades
AFRICA LAB LDA,ROMAFEN gel,Diclofenac,1 mg,gel,bisnaga de 20 mg
GLOPHARMA,TRAMADOL Generis 50 mg capsulas,"Tramadol, cloridrato",50mg,Cápsulas,Blister
GLOPHARMA,GLUCOSAMINA GENERIS,Glucosamina,1500mg,po par solucao oral,saquetas de 20 e 60 unidades
MISSIONPHARMA MOÇAMBIQUE,GRISEOFLUVINA,Griseofulvina,500 mg,comprimidos,Blister de 10 x 10 comprimidos e frascos de 1000 comprimidos
GLOPHARMA,AMBROXOL Generis 3mg/mL Xarope,"Ambroxol, cloridrato",3mg/mL,Xarope,1 frasco de 200 mL
AFRICA LAB LDA,GLUCOSE 10 % W/V Infusion (Dextrose 10 % W/V Intravenous Infusion),Dextrose Monohidratada,10% m/v,Infusao intravenosa,Frasco LDPE 500 ml
AFRICA LAB LDA,GLUCOSE 5 % W/V intravenous infusion BP (Dextrose 5 % W/V intravenous infusion),Dextrose Monohidratada,5% m/v,Infusao intravenosa,Frasco LDPE de 500 ml
AFRICA LAB LDA,SODIUM chloride 0.9 %,Cloreto de Sódio,0.9% m/v,Solução injectável,balao de polietileno no 500 ml (baixa densidade de polietileno)
AFRICA LAB LDA,IBUFEN Suspension,Ibuprofeno micronizado,1000mg/5 mL,Suspensão  Oral,Frasco de vidro ampar  120 mL
AFRICA LAB LDA,COMPOUND Sodium Lactate (Ringer Lactate),Lactato de sodio + Cloreto de sodio + cloreto de potassio + cloreto de potassio,0.32mg + 0.60mg + 0.04g + 0.027g,solucao para infusao intravenosa,balao de polietileno de baixa densidade de 500 ml
AFRICA LAB LDA,GLIBEN® 5 mg Tablets,Glibenclamida,5mg,comprimidos,embalagem contendo 1000 comprimidos
AFRICA LAB LDA,VITAMIN B complex,"Tiamina, hidrocloreto (Vit B1) + Riboflavina (Vit B2) + Nicotinamida",1.30 mg + 1.10 mg + 16.5 mg,comprimidos revestidos,embalagem contendo 20 blister x 10 comp
"MEDIS FARMACÊUTICA, LDA",LOTEM® SUSPENSION,Ibuprofeno + paracetamol,200mg + 250mg,Suspensâo oral,Frasco de 100ml
"MEDÁFRICA, Lda",NEOROF,Propofol,10mg/mL,Emulsão Injectável,Frasco de 20mL
"MEDÁFRICA, Lda",SAFETELMI H,Telmisartan + Hidroclorotiazida,40mg + 12.5mg,Comprimidos de 2 camadas,3 carteiras de 10 comprimidos
"SHANI, LIMITADA",PERITOL,"Ciproheptadina, hidrocloreto",4mg,comprimidos,25 blister de 10 comprimidos
"SHANI, LIMITADA",MALITHER L 20-120,Arteméter + Lumefantrina,20mg + 120mg,Comprimidos,3 blister de 8 comprimidos
"GENERICS & SPECIALITIES, Lda",OMEP,Omeprazol,20mg,Cápsulas,10 blister de 10 Capsulas
"GENERICS & SPECIALITIES, Lda",DYNAMOX - 500,Amoxicilina,500mg,Cápsulas,10 blister de 10 Capsulas
"MEDÁFRICA, Lda",DICLODOL,Diclofenac sódico,25mg/mL,Solução injectável,2 carteiras de 5 ampolas de 3mL
AFRICA LAB LDA,LORATADINA TABLETS,Loratadina,10mg,Comprimidos,blister de 10 comprimidos
AFRICA LAB LDA,FLAGICURE VAGINAL TABLETS,Metronidazol,500mg,Comprimidos,Blister de 10 comprimidos
LIFE CARE,PARACETAMOL INFOSAÚDE,Paracetamol,500mg,Comprimidos,2 Blister de 10 comprimidos
AFRICA LAB LDA,ACYCLOVIR 5%,Aciclovir,5%,Creme,Bisnaga de 10g
AFRICA LAB LDA,ANALLERGE - 4,"clorfeniramina, maleato",4mg,Comprimidos,25 blister de 20 comprimidos
AFRICA LAB LDA,LORATADINA SUSPENSION,Loratadina,5mg/5mL,Suspensão Oral,Frasco de 60ml
AFRICA LAB LDA,MOXIPEN SUSPENSION 250,Amoxicilina,250mg/5mL,Suspensão Oral,Frasco de 80ml
AFRICA LAB LDA,MOXIPEN SUSPENSION 125,Amoxicilina,125mg/5mL,Suspensão Oral,Frasco de 80ml
"NATUR PHARMA, LDA",AZITROMICINA FARMOZ,Azitromicina,500mg,Comprimidos,Embalagem de 3 comprimidos
"GENERICS & SPECIALITIES, Lda",RAPACAN - 1,Sirolimus,1mg,Comprimidos,Embalagem de 10 comprimidos
"MEDÁFRICA, Lda",EVATOCIN,Oxitocina,5UI/mL,Solução injectável,2 carteiras de 5 ampolas de 1mL
"MEDÁFRICA, Lda",CORT-S,"Hidrocortisona, acetato",100mg,Solução injectável,Frasco de 1mL
"MEDIS FARMACÊUTICA, LDA",TRIFENE DISPERSÍVEL,Ibuprofeno,200mg,Comprimidos dispersível,Embalagem de 10 e de 20 Comprimidos
"MEDIS FARMACÊUTICA, LDA",FLOXEDOL®,Ofloxacina,1.5mg/0.5mL,Gotas auriculares,"Frasco de  10, 20, 30, 60, 120mL"
"FARMACÊUTICA AUSTRAL, LDA",FLOXEDOL®,Ofloxacina,1.5mg/0.5mL,Colírio,"Frasco de  10, 20, 30, 60, 120mL"
"GENERICS & SPECIALITIES, Lda",RENODAPT 500,"Mofetil, micofenolato",500mg,Comprimidos,embalagem de 5x 10 comprimidos
"GENERICS & SPECIALITIES, Lda","TACROGRAF 0,5mg",Tacrolimus,0.5mg,cápsulas,embalagem de 1x 10 cápsulas
"GENERICS & SPECIALITIES, Lda",TACROGRAF 1mg,Tacrolimus,1mg,cápsulas,embalagem de 1x 10 cápsulas
SISMED - Sistemas médicos,AMOXICILINA GENERIS,"Amoxicilina, trihitratado",500mg,Cápsulas,Embalagem de 16 cápsulas
SISMED - Sistemas médicos,FABA-PLUS VITAMIN C 1g,Ácido ascórbico,1000mg,Comprimidos efervescentes,tubo de 10 comprimidos
SISMED - Sistemas médicos,VINSAMIN,"Glucosamina, Cloridrato",250mg,Cápsulas dura,Embalagem de 90 cápsulas
SISMED - Sistemas médicos,LINCOMYCIN 500,"Lincomicina, Cloridrato",500mg,Cápsulas,embalagem de 10x 10 cápsulas
"MEDICURA, LDA",KEMOXYL,"Amoxicilina, trihidrato",500mg,Cápsulas,Blister de 10 x 10 e  frasco de 1000 cápsulas
"MEDICURA, LDA",PROFEN®,Ibuprofeno,400mg,Comprimidos,Blister de 10 x 10 comprimidos e pacotes de 500 comprimidos
"MEDICURA, LDA",PARATAL®,Paracetamol,500mg,Comprimidos,Blister de 10 x 10 comprimidos e pacotes de 1000 comprimidos
"MEDIS FARMACÊUTICA, LDA",CONSIUM - 100,Carmustatina,100mg,Pó para Injectável,Ampola de 1ml
"LIFE PHARMA, Lda",CELDAZ 200,Decarbazina,200mg,Pó liofilizado para injectáveis,Embalagem de 1 frasco
GLOPHARMA,LOPERAMIDA GENERIS,"Loperamida, Cloridrato",2mg,Comprimidos,Embalagem de 20 comprimidos
GLOPHARMA,SUCRALFATO GENERIS,Sucralfato,1g,Suspensão Oral,Embalagem de 60 saquetas
GLOPHARMA,OMEPRAZOL GENERIS,Omeprazol,20mg,Cápsulas Gastro intestinais,Embalagem de 56 cápsulas
GLOPHARMA,TANSULOSINA GENERIS,"Tansulosina, cloridrato",0.4mg,Cápsulas,Embalagem de 30 cápsulas
"WELLWORTH, LDA",QUININE DIHIDROCHLORIDE,Dicloridrato de Quinina,600mg/2ml,injectável,embalagem de 10 ampolas
GLOPHARMA,DORZOLAMIDA GENERIS,"Dorzolamida, hidroclorato",20mg/mL,Colírio,embalagem de 1 unidade
GLOPHARMA,AZITROMICINA GENERIS,Azitromicina,40mg/mL,pó para suspensão oral,frasco de 30ml
GLOPHARMA,ACECLOFENAC GENERIS,Aceclofenac,100mg,Comprimidos,Embalagem de 20 e 60 comprimidos
GLOPHARMA,ENALAPRIL GENERIS,"Enalapril, maleato",5mg,Comprimidos,Embalagem de 60 Comprimidos
"AFRI FARMÁCIA, LDA",RANITIDINE INJECTION,"Ranitidina, cloridrato",50mg/2mL,Solução Injectável,Ampola de 2mL
"MEDÁFRICA, LDA",KETOVATE,Ketoconazol,200mg,Comprimidos,Embalagem de 10 blister de 10 comprimidos
"MEDIS FARMACÊUTICA, LDA",SYNFLORIX,Polissacarideo do serotipo do pneumococos para Serotipos 1 + 4 + 5+ 6B + 7F + 9V +14 +18C + 19F + 23F,1mcg + 3mcg + 1mcg + 1mcg + 1mcg + 1mcg + 1mcg + 3mcg + 3mcg + 1mcg,suspensão injectável,Embalagem com 10 frascos x 1 dose X 0.5ml ; Embalagem com 100 frascos x 2 dose X 0.5ml e Seringa pre cheia X 1 dose X 0.5ml
"LIFE PHARMA, Lda",CYCLOCEL 500,Ciclofosfamida,500mg,Pó para injectáveis,Embalagem de 1 frasco
"LIFE PHARMA, Lda",BLEOCEL 15,"Bleomicina, Sulfato",15UI,Pó liofilizado para injectáveis,Embalagem de 1 frasco de 5ml
"LIFE PHARMA, Lda",CELCARB 150,Carboplatina,150mg/15ml,Injectável,Embalagem de 1 frasco de…
"LIFE PHARMA, LDA",CELPARIN 25000,Heparina sódica,25000UI/5ml,Injectável,Embalagem de 1 frasco de 5ml
"LIFE PHARMA, Lda",METHOCEL 2.5,Metotrexato,2.5mg,Comprimidos,Blister de 10 comprimidos
"MEDÁFRICA, Lda",ROX,Roxitromicina,150mg,Comprimidos Revestidos,Embalagem de 10 blister de 10 comprimidos
HEALTH SCIENCE FARMACEUTICA LDA,VASONORM,"Amlodipina, besilato",10mg,Comprimidos,Embalagem de 10 comprimidos
HEALTH SCIENCE FARMACEUTICA LDA,DECLOPHEN 75mg,Diclofenac,75mg,Solução injectavel,Embalagem de 3 ampolas
HEALTH SCIENCE FARMACEUTICA LDA,VASONORM 5mg,"Amlodipina, besilato",5mg,Comprimidos,Embalagem de 10 comprimidos
HEALTH SCIENCE FARMACEUTICA LDA,CETAMOL SYRUP,Paracetamol,2.4g/ml,Xarope,frasco de 120ml
"AFRI FARMÁCIA, LDA",DOPAMINE HIDROCLORIDE,"Dopamina, hidrocloridrato",40mg,Solução estéril para injecção,Ampolas de 5ml
"AFRI FARMÁCIA, LDA",HYDROCORTISONA SODIUM SUCCINATE,Hidrocortisona,100mg,Solução Injectável,Ampolas de 7.5ml
PHARMALIFE Lda,IBUPROFENO RATIOPHARM,Ibuprofeno,400mg,Comprimidos Revestidos,Blisters de 20 e de 60 comprimidos
PHARMALIFE Lda,IBUPROFENO RATIOPHARM,Ibuprofeno,600mg,Comprimidos Revestidos,Blisters de 20 e de 60 comprimidos
HEALTH SCIENCE FARMACEUTICA LDA,OMEPRAL,Omeprazol,20mg,cápsulas,frasco com 14 comprimidos
HEALTH SCIENCE FARMACEUTICA LDA,V -2 MULTIVITAMINS E MINERALS,Vitamina A + Vitamina D3 + Vitamina E + Vitamina B1 + Vitamina B2 + Vitamina B6 + Vitamina C + Pantotenato de calcio + Inositol + Vitamina B12 + ácido fólico +  Mg Nicotinamida + Biotina,5000IU + 400IU + 30mg +5mg +5mg +0.50mg +75mg +5mg + 40mg 1mcg + 1mg + 0.012mg,cápsulas,Embalagem de 2 blister de 12 cápsulas
SOCIEDADE FARMACÊUTICA JORDANA,BENDAZOLE 100,Mebendazol,100mg,Comprimidos circulares,blister de 6 comprimidos
SOCIEDADE FARMACÊUTICA JORDANA,GLOCOBAN TABLET,"Metformina, hidrocloreto",500mg,Comprimidos revestidos,caixa contendo 80 blisters de 10 comprimidos
SOCIEDADE FARMACÊUTICA JORDANA,FAMODINE 20,Famotidina,20mg,Comprimidos,embalagem de 2 blister com 15 comprimidos
SOCIEDADE FARMACÊUTICA JORDANA,AMOXIPEN 500MG,Amoxicilina,500mg,cápsulas,Embalagem de 20 cápsulas e 10x10
"HEALTH SCIENCE FARMACEUTICA, LDA",ADAMAT,Metildopa,250mg,Cápsulas,Embalagem de 30 e de 1002 cápsulas
HEALTH SCIENCE FARMACEUTICA LDA,FOLIVIT,Ácido Fólico,5mg,Comprimidos,Embalagem de 1000 comprimidos
HEALTH SCIENCE FARMACEUTICA LDA,FARCOLIN RESPIRATOR SOLUTION,"salbutamol, sulfato",121mg/ml,Solução respiratória,Frasco de 20ml
HEALTH SCIENCE FARMACEUTICA LDA,RANTIDOL,"Ranitidina, cloridrato",150mg,Comprimidos,Embalagem de 1000 comprimidos
HEALTH SCIENCE FARMACEUTICA LDA,FARCONCIL 125mg powder for oral Suspension,Amoxicilina,125mg/5ml,Pó para suspensão,Frasco de 80ml
HEALTH SCIENCE FARMACEUTICA LDA,FABRIMOL,Paracetamol,500mg,Comprimidos,2 Blister de 10 comprimidos
HEALTH SCIENCE FARMACEUTICA LDA,HYDIKAL,"Amiloride, cloridrato + Hidroclotiazida",5mg + 50mg,Comprimidos,2 Blister de 10 comprimidos
HEALTH SCIENCE FARMACEUTICA LDA,AMRIZOLE,Metronidazol,500mg/100ml,Solução Injectável,frasco de 100ml
HEALTH SCIENCE FARMACEUTICA LDA,RANI,"Ranitidina, cloridrato",50mg/2ml,Solução Injectável,Embalagem de 5 ampolas de 2ml
HEALTH SCIENCE FARMACEUTICA LDA,DIABEN,Glibenclamida,5mg,Comprimidos,2 Blister de 10 comprimidos
HEALTH SCIENCE FARMACEUTICA LDA,PARACETAMOL SUSPENSION,Paracetamol,180mg/5ml,Suspensão Oral,Frasco de 120ml
HEALTH SCIENCE FARMACEUTICA LDA,BISACODYL,Bisacodil,5mg,Comprimidos revestidos,embalagem de 30 comprimidos
"AFRI FARMÁCIA, LDA",METHYLPREDNISOLONE ACETATE,"Metilprednisolona, acetato",40mg/mL,Solução Injectável,Frasco de 2ml
HEALTH SCIENCE FARMACEUTICA LDA,DECLOPHEN TABLETS,Diclofenac sódico,50mg,Comprimidos Revestidos,2 Blister de 10 comprimidos
HEALTH SCIENCE FARMACEUTICA LDA,AMRI-K AMPOULES,Fitomenadiona (vitamina K),10mg,Injectável,Embalagem com 5 ampolas de 1ml
HEALTH SCIENCE FARMACEUTICA LDA,SALEX,Furosemida,40mg,Comprimidos,Embalagem de 2 blister de 20 comprimidos
HEALTH SCIENCE FARMACEUTICA LDA,PHYRAL,Paracetamol,500mg,Comprimidos,Embalagem de 2 blister de 10 comprimidos
HEALTH SCIENCE FARMACEUTICA LDA,BENDAX,Albendazol,200mg,Comprimidos,Embalagem de 1 blister de 6 comprimidos
HEALTH SCIENCE FARMACEUTICA LDA,FARCOLIN TABLETS,"salbutamol, sulfato",2mg,Comprimidos,Embalagem de 2 blister de 10 comprimidos
HEALTH SCIENCE FARMACEUTICA LDA,FARCONCIL,Amoxicilina,250mg/5ml,Pó para Suspensão Oral,Frasco de 80ml
HEALTH SCIENCE FARMACEUTICA LDA,SPASMOCIN,"Hioscina, brometo",10mg,Comprimidos,Embalagem de 2 blister de 20 comprimidos
HEALTH SCIENCE FARMACEUTICA LDA,FARCONCIL,Amoxicilina,500mg,Comprimidos,Embalagem de 2 blister de 6 comprimidos
HEALTH SCIENCE FARMACEUTICA LDA,PARACETAMOL - EUROPEAN VIAL 1%,Paracetamol,1000mg/100ml,Solução para infusão intravenosa,Frasco de 100ml
HEALTH SCIENCE FARMACEUTICA LDA,NEUROVIT,Vitamina B1 + Vitamina B6 + Vitamina B12,250mg + 100mg + 0.25mg,Comprimidos,Embalagem de 2 blister de 10 comprimidos
"AFRI FARMÁCIA, LDA",SALBUTAMOL,"Salbutamol, sulfato",2mg,Comprimidos,frasco de 1000 comprimidos
"PHARMANOVA, Lda",PHARMA-Q ATROPINE INJECTION/ INSPUITING,"Atropina, sulfato",0.5mg/mL,Solução Injectável,10 ampolas de 1 mL
"PHARMANOVA, Lda",PHARMA-Q ATROPINE INJECTION/ INSPUITING,"Atropina, sulfato",1mg/mL,Solução Injectável,10 ampolas de 1 mL
"PHARMANOVA, Lda",PHARMA-Q ADRENALINA INJECTION 1mg/1ml INSPUITING,Adrenalina,1mg/ml,Solução Injectável,10 ampolas de 1 ml
"PHARMANOVA, Lda",PHARMA-Q BETHAMETASONE INJECTION 4mg/1ml INSPUITING,Betametasona,4mg/ml,Solução Injectável,10 ampolas de 1 ml
"PHARMANOVA, Lda",PHARMA-Q CO-TRIMOXAZOLE INJECTION/INSPUITING,Trimetopim + Sulfametoxazol,80mg + 400mg/ml,Solução Injectável,10 ampolas de 5ml
"PHARMANOVA, Lda",PHARMA-Q METOCLOPRAMIDA INJECTION/INSPUITING,"Metoclopramida, Hidrocloreto",10mg,Solução Injectável,10 ampolas de 2ml
"PHARMANOVA, Lda",PHARMA-Q BUPIVACAINE INJECTION 50mf/10ml INSPUITING,"Bupivacaina, cloridrato",50mg/10mL,Solução Injectável,10 ampolas de 10mL
"PHARMANOVA, Lda",PHARMA-Q DICLOFENAC INJECTION/INSPUITING,"Diclofenac, sódico",75mg/3ml,Solução Injectável,10 ampolas de 3ml
"AFRI FARMÁCIA, LDA",COMPOUND BENZOIC ACID OINTMENT BP,Ácido salicílico + Ácido benzóico,30mg + 60mg,Pomada Tópica,bisnaga de 30g
"LIFE PHARMA, Lda",HYPRO,Propofol,200mg/20ml,emulsão Injectável,frasco de 20ml
"LIFE PHARMA, Lda",5 FULCEL 500,Fluorouracilo,500mg/10ml,liquido injectável,5 ampolas de 10ml
"LIFE PHARMA, Lda",CELPLAT 50,Cisplatina,50mg/50ml,liquido injectável,frascos de 50ml
"ORBIS PHARMA, Lda",SINVASTATINA KERN PHARMA,Sinvastatina,10mg,Comprimidos,Embalagem de 28 comprimidos
"ORBIS PHARMA, Lda",FLUOXETINA KERN PHARMA,Fluoxetina,20mg,comprimidos,Embalagem de 60 Comprimidos
"ORBIS PHARMA, Lda",PARACETAMOL KERN PHARMA,Paracetamol,1g,comprimidos,Embalagem de 20 Comprimidos
"ORBIS PHARMA, Lda",LORAZEPAM KERN PHARMA,Lorazepam,1mg,comprimidos,Embalagem de 25 Comprimidos
SOCIEDADE FARMACÊUTICA JORDANA,PYLOMID 10 TABLETS,"Metoclopramida, cloridrato",10mg,comprimidos,Embalagem de 30 Comprimidos e de 10x10
SOCIEDADE FARMACÊUTICA JORDANA,AZEMOL,Paracetamol,120mg/5ml,Suspensão Oral,Frasco de vidro ambar  60 ml
SOCIEDADE FARMACÊUTICA JORDANA,FAMODINE 40,Famotidina,40mg,Comprimidos,embalagem de 2 blister com 15 comprimidos
SOCIEDADE FARMACÊUTICA JORDANA,ASMANORE 2 TABLETS,"Salbutamol, Sulfato",2mg,Comprimidos,Embalagem de 30 Comprimidos
SOCIEDADE FARMACÊUTICA JORDANA,ASMANORE 4 TABLETS,"Salbutamol, Sulfato",4mg,Comprimidos,Embalagem de 30 Comprimidos
SOCIEDADE FARMACÊUTICA JORDANA,SPASMOZEL,"Escopolamina, butilbrometo",10mg,Comprimidos,3 blister de 10 comprimidos
SOCIEDADE FARMACÊUTICA JORDANA,AMOXIPEN 250MG,Amoxicilina,250mg,cápsulas,Embalagem de 20 cápsulas
TATA DE MOÇAMBIQUE,CLARIE OD,Claritromicina,500mg,Comprimidos revestidos,Embalagem de 2 blister de 7 comprimidos
TATA DE MOÇAMBIQUE,CLARIE 250,Claritromicina,250mg,Comprimidos revestidos,Embalagem de 2 blister de 7 comprimidos e embalagem de 500 comprimidos
"AFRI FARMÁCIA, LDA",ROST 10,Rosuvastatina Cálcica,10mg,Comprimidos revestidos,embalagem de 3 x 10 comprimidos
"AFRI FARMÁCIA, LDA",ROST 20,Rosuvastatina Cálcica,20mg,Comprimidos revestidos,embalagem de 3 x 10 comprimidos
"GENERICS & SPECIALITIES, Lda",PICON,Pimecrolimus,1%m/m,Creme tópico,bisnaga de 10g e de 30g
"GENERICS & SPECIALITIES, Lda",TWAKZ - 0.1,Tacrolimus,0.1% m/m,Pomada Tópica,bisnaga de 10g e de 30g
"GENERICS & SPECIALITIES, Lda",TWAKZ - 0.03,Tacrolimus,0.03% m/m,Pomada Tópica,bisnaga de 10g e de 30g
"AFRI FARMÁCIA, LDA",AMLOSIN - 5,"Amlodipina, besilato",5mg,Comprimidos,blister de 10 x 10
"AFRI FARMÁCIA, LDA",AMLOSIN - 10,"Amlodipina, besilato",10mg,Comprimidos,blister de 10 x 10
"ORBIS PHARMA, Lda",SINVASTATINA KERN PHARMA,Sinvastatina,20mg,Comprimidos,Embalagem de 28 comprimidos
"ORBIS PHARMA, Lda",SINVASTATINA KERN PHARMA,Sinvastatina,40mg,Comprimidos,Embalagem de 28 comprimidos
HEALTH SCIENCE FARMACEUTICA LDA,SALURETIC TABLETS,"Amiloride, cloridrato + Hidroclorotiazida",5mg + 50mg,Comprimidos,3 blister de 10 comprimidos
"MEDIFARMA, LDA",ULCERMIN,Sucralfato,1000mg,Comprimidos,"Blister de 15, 20 e 60 comprimidos"
"MEDIFARMA, LDA",COLCHICINE,Colchicina,1mg,Comprimidos,"Blister de 20, 40 e 60 comprimidos"
"MEDIFARMA, LDA",URISPÁS,"Flavoxato, cloridrato",200mg,Comprimidos revestidos,Blister de 60 comprimidos
"MEDIFARMA, LDA",ULCERMIN,Sucralfato,1000mg/5ml,Suspensão oral,saquetas de 20 e 60 unidades
"MEDIFARMA, LDA",ZANIPRESS,"Enalapril, maleato +Lercanidipina, Cloridrato",10mg + 10mg,Comprimidos revestidos,Embalagem de 56 comprimidos
"MEDIFARMA, LDA",ZANIDIP,"Lercanidipina, Cloridrato",10mg,Comprimidos revestidos,Embalagens de 14 e de 56 comprimidos
"MEDIFARMA, LDA",ZANIDIP,"Lercanidipina, Cloridrato",20mg,Comprimidos revestidos,Embalagens de 28 e de 56 comprimidos
"MEDIS FARMACÊUTICA, LDA",KIVEXA,"Abacavir, Sulfato + Lamivudina",600mg + 300mg,Comprimidos revestidos,Embalagem de 30 comprimidos
"GENERICS & SPECIALITIES, Lda",LABOZINE - 25,Hidralazina,25mg,Comprimidos,frasco de 500 Comprimidos
"LUSOFARMA, LDA",ZECTOEL,Risedronato de sódio,35mg,Comprimidos revestidos,Blister de  4 comprimidos
"LUSOFARMA, LDA",ZIPANTOL,Pantoprazol sódico,20mg,Comprimidos gastrorresistentes,Embalagem de 14 comprimidos
"LUSOFARMA, LDA",PRAVIDEL,Clopidogrel,75mg,Comprimidos revestidos,Blister de 28 comprimidos
"LUSOFARMA, LDA",GASTRIBIEN,Lanzoprazol,30mg,Cápsulas gastro-resistentes,Blister de 56 cápsulas
"LUSOFARMA, LDA",CLARITROMICINA ZOCID,Claritromicina,500mg,Comprimidos revestidos,Blister de 16 comprimidos
"LUSOFARMA, LDA",DIVASTATINA,Atorvastatina Cálcica,10mg,Comprimidos de libertação prolongada,Blister de 56 comprimidos
"LUSOFARMA, LDA",DIVASTATINA,Atorvastatina Cálcica,20mg,Comprimidos de libertação prolongada,Blister de 28 comprimidos
"LUSOFARMA, LDA",DIVASTATINA,Atorvastatina Cálcica,40mg,Comprimidos de libertação prolongada,Blister de 28 comprimidos
"AFRI FARMÁCIA, LDA",DOCEPAR - 120,Docetaxel,120mg/3ml,Injectável,Frasco de 5ml
"AFRI FARMÁCIA, LDA",ETOPAR - 100,Etoposide,100mg/5ml,Injectável,Frasco de 5ml
"AFRI FARMÁCIA, LDA",EPRIPAR - 50,"Epirrubicina, cloreto",50mg,Injectável,Frasco de 30ml
"AFRI FARMÁCIA, LDA",PACLIPAR -260,Paclitaxel,260mg/43.4ml,Injectável,Frasco de 50ml
"AFRI FARMÁCIA, LDA",DOCEPAR - 80,Docetaxel,80mg/2ml,Injectável,Frasco de 5ml
"AFRI FARMÁCIA, LDA",EPRIPAR - 10,"Epirrubicina, cloreto",10mg,Injectável,Frasco de 5ml
"AFRI FARMÁCIA, LDA",PACLIPAR -30,Paclitaxel,30mg/5ml,Injectável,Frasco de 5ml
"AFRI FARMÁCIA, LDA",DOCEPAR - 20,Docetaxel,20mg/0.5ml,Injectável,Frasco de 5ml
"MEDIS FARMACÊUTICA, LDA",SEROXAT®,"Paroxetina, cloridrato",20mg,Comprimidos revestidos,Embalagem de 10 e de 60 comprimidos
"MEDIS FARMACÊUTICA, LDA",LEVO-DENK 250,Levofloxacina,250mg,comprimidos,Embalagem de 1 comprimido
"MEDIS FARMACÊUTICA, LDA",LEVO-DENK 500,Levofloxacina,500mg,comprimidos,Embalagem de 1 comprimido
"MEDIS FARMACÊUTICA, LDA",FLUCONA- DENK 100,Fluconazol,100mg,cápsulas,Embalagem de 1 cápsulas
"MEDIS FARMACÊUTICA, LDA",FLUCONA- DENK 150,Fluconazol,150mg,cápsulas,Embalagem de 1 cápsulas
MEDIMPORT LDA,CLOPIDOGREL BLUEPHARMA,"Clopidogrel, besilato",75mg,Comprimidos,Blister de 28 comprimidos
"FARMÉDICA, Lda",CLARITROMICINA FARMOZ,Claritromicina,500mg,Comprimidos revestidos,Embalagem de 16 comprimidos
"FARMÉDICA, Lda",SINVASTATINA FARMOZ,Sinvastatina,20mg,Comprimidos revestidos,Embalagem de 60 comprimidos
"FARMÉDICA, Lda",LOSARTAM FARMOZ,Losartan Potássico,50mg,Comprimidos revestidos,Embalagem de 60 comprimidos
"FARMÉDICA, Lda",LOSARTAM FARMOZ,Losartan Potássico,100mg,Comprimidos revestidos,Embalagem de 60 comprimidos
"FARMÉDICA, Lda",ACARBOSE FARMOZ,Acarbose,50mg,Comprimidos,Embalagem de 60 comprimidos
"FARMÉDICA, Lda",IRBESARTAN FARMOZ,Irbesartan,150mg,Comprimidos revestidos,Embalagem de 28 comprimidos
"FARMÉDICA, Lda",IRBESARTAN FARMOZ,Irbesartan,300mg,Comprimidos revestidos,Embalagem de 28 comprimidos
HEALTH SCIENCE FARMACEUTICA LDA,SALBOVENT,"Salbutamol, Sulfato",2.4mg,Comprimidos,3 Blister de 10 comprimidos
HEALTH SCIENCE FARMACEUTICA LDA,ULTRAGRISEOFULVIN TABLETS,Griseofulvina,500mg,Comprimidos,2 Blister de 10 comprimidos
HEALTH SCIENCE FARMACEUTICA LDA,CARDIXIN TABLETS,Digoxina,0.25mg,Comprimidos,4 Blister de 10 comprimidos
HEALTH SCIENCE FARMACEUTICA LDA,AMOXICID CAPSULAS,Amoxicilina,500mg,Cápsulas,Frasco de 12 cápsulas
HEALTH SCIENCE FARMACEUTICA LDA,TEGRAL 200 TABLETS,Carbamazepina,200mg,comprimidos,Embalagem de 50 comprimidos
"MEDILINK - Comércio e Representações, Lda",CEZOL - 20,Omeprazol,20mg,cápsulas,10 blister de 10 cápsulas
"LUSOFARMA, LDA",HIPARA,Losartan PotássiCo + Hidroclorotiazida,50mg + 12.5mg,Comprimidos revestidos,Blister de 56 comprimidos
"LUSOFARMA, LDA",HIPARA,Losartan PotássiCo + Hidroclorotiazida,100mg + 25mg,Comprimidos revestidos,Blister de 28 comprimidos
HEALTH SCIENCE FARMACEUTICA LDA,PRISOLINE EYE AND NASAL DROPS,"Nafazolina, Cloridrato + Clorefeniramina, maleato",50mg + 50mg,Solução oftálmica e nasal,Frasco de 15ml
"MEDILINK - Comércio e Representações, Lda",ENALAPRIL LINK,"Enalapril, maleato",20mg,comprimidos,Embalagem de 60 comprimidos
"MEDILINK - Comércio e Representações, Lda",AZITROMICINA LINK,Azitromicina,500mg,comprimidos revestidos,embalagem de 3 comprimidos
"MEDILINK - Comércio e Representações, Lda",FLUCONAZOL LINK 150mg,Fluconazol,150mg,Cápsulas,embalagem de 2 cápsulas
"MEDILINK - Comércio e Representações, Lda",FLUCONAZOL LINK 200mg,Fluconazol,200mg,Cápsulas,Embalagem de 7 cápsulas
"MEDILINK - Comércio e Representações, Lda",LOSARTAN + HIDROCLOROTIAZIDA LINK,Losartan PotássiCo + Hidroclorotiazida,50mg + 12.5mg,Comprimidos,Embalagem de 60 comprimidos
"MEDILINK - Comércio e Representações, Lda",LOSARTAN + HIDROCLOROTIAZIDA LINK,Losartan PotássiCo + Hidroclorotiazida,100mg + 12.5mg,Comprimidos,Embalagem de 60 comprimidos
"MEDILINK - Comércio e Representações, Lda",TERBINAFINA LINK,Terbinafina,250mg,Comprimidos,Embalagem de 28 comprimidos
"MEDILINK - Comércio e Representações, Lda",LEVOFLOXACINA LINK,Levofloxacina,250mg,Comprimidos revestidos,Embalagem de 10 comprimidos
"MEDILINK - Comércio e Representações, Lda",LEVOFLOXACINA LINK,Levofloxacina,500mg,Comprimidos revestidos,Embalagem de 10 comprimidos
"MEDILINK - Comércio e Representações, Lda",AMLODIPINA LINK 5mg,"Amlodipina, besilato",5mg,Comprimidos,Embalagem de 60 comprimidos
"MEDILINK - Comércio e Representações, Lda",AMLODIPINA LINK 10mg,"Amlodipina, besilato",10mg,Comprimidos,Embalagem de 60 comprimidos
MEDIMPORT LDA,PRAXILENE,"Naftidrofurilo, Oxalato ácido",200mg,comprimidos revestidos,Embalagem de 60 comprimidos
"MEDILINK - Comércio e Representações, Lda",DEDOXYN,Doxiciclina,100mg,cápsulas,10 blister de 10 cápsulas
"MEDIFARMA, LDA",TRIMOVAX,virus vivo atenuado do sarampo (estirpe schwarz) + virus vivo atenuado da papeira (estirpe URABE AM 9) + virus vivo atenuado da rubéola (estripe Wistar RA 27/3M),1000TCID50 + 5000TCID50 + 1000TCID50,Pó para suspensão para injecção,Seringa cheia de 0.5ml de diluente
"MEDIFARMA, LDA",PENTAXIM,HIB (Polissacarídeo de Heamophilus inflfenzae tipo b conjugado com proteína tetânica) + DTacP - IPV (toxóide Diftérico purificado + Toxóide  tetánico purificado + toxóide adsorvido purificado do B. pertussis + Hemaglutina filamentosa adsorvida purificada,"10µg + 30UI + 40UI + 25µg + 25µg + 40, 8 e 32 Unidades de antigeno D",Suspensão para injecção,Seringa pre cheia de 0.5ml
"MEDIMPORT, LDA",TETAVAX,Toxóide tetânico purificado,≥40UI,Suspensão para injecção,Ampola de 0.5ml
"MEDIFARMA, LDA",IMOVAX PNEUMO 23,"Polissacarídeo capsular bacteriano purificado dos serotipos de streptococos pneumoniae: 1,2,2,4,5,6B, 8, 9N, 9V, 10A, 11A, 12F, 14, 15B, 17F, 18C, 19A, 19F, 20, 22F, 23F, 33F",25µg/5ml,Solução para injecção,Seringa pre cheia de 0.5ml
"MEDIFARMA, LDA",VAXIGRIP,"virus da Influenza fraccionada inactivado Estirpes para 2011  A/(H3N2),  A/(H1N1, B/",15µg/0.5ml,Suspensão para injecção,Seringa pre cheia de 0.5ml
"DERBY TRADING, LDA",VAXIGRIP,"virus da Influenza fraccionada inactivado Estirpes para temporada anual A/(H3N2),  A/(H1N1, B/",7µg/0.25ml,Suspensão para injecção,Seringa pre cheia de 0.25ml
"MEDIFARMA, LDA",ROUVAX,virus vivo atenuado do sarampo (estirpe schwarz),1000 TCID50,Pó para suspensão injectável,Seringa cheia de 0.5ml de diluente
"MEDIS FARMACÊUTICA, LDA",REQUIB® LP 2mg,Ropinerol,2mg,Comprimido de liberacao prolongada,Embalagem de 28 comprimidos
"MEDIS FARMACÊUTICA, LDA",REQUIB® LP 4mg,Ropinerol,4mg,Comprimido de liberacao prolongada,Embalagem de 84 comprimidos
"MEDIS FARMACÊUTICA, LDA",REQUIB® LP 8mg,Ropinerol,8mg,Comprimido de liberacao prolongada,Embalagem de 84 comprimidos
"MEDIFARMA, LDA",VERORAB,"Virus da raiva inactivado, estirpe wister Rabies PM/w 1381503 - 3M",≥2.5UI/0.5ml,Pó para injectável,frasco de 0.5ml
"MEDIS FARMACÊUTICA, LDA",CLAMOXYL®,Amoxicilina,250mg/5mL,Pó para Suspensão Oral,frasco de 100mL
"AFRI FARMÁCIA, LDA",METAPLATIN 100,Oxaliplatina,100mg,Injectável,Frasco de 50ml
"MEDILINK - Comércio e Representações, Lda",MICOR,"Miconazol, Nitrato",2%,Creme,Bisnaga de 20g
"MEDILINK - Comércio e Representações, Lda",TRIMETHOX,Sulfametoxazol + Trimetoprim,400mg + 80mg,Comprimidos,embalagem de 100 comprimidos
"MEDILINK - Comércio e Representações, Lda",COREMYCIN E SUSPENSÃO,Eritromicina,125mg/5ml,Suspensão Oral,Frasco de 60ml e de 100ml
"AFRI FARMÁCIA, LDA",BLEOPAR - 15,"Bleomicina, Sulfato",15UI,Injectável,Frasco de 5mL
"MICJONATH PHARMACEUTICAL, LDA",VAGID PESSARY,Clotrimazol,100mg,Óvulos vaginais,Embalagem de 6 ovulos vaginais
"MICJONATH PHARMACEUTICAL, LDA",AGYCIN SUSPENSION,"Azitromicina, Di-hidrato",40mg,Pó para suspensão oral,Frasco de 40mL
"MICJONATH PHARMACEUTICAL, LDA",GYNANFORT,Metronidazol + Neomicina + Nistatina,500mg + 65.000UI + 100.000UI,Óvulos vaginais,Embalagem de 10 ovulos vaginais
MEDIMPORT LDA,DENVAR,Cefixima,100mg/5ml,Granulado para Suspensão Oral,frasco de 100ml
MEDIMPORT LDA,DENVAR,Cefixima,400mg,Cápsulas,Embalagem de 10 cápsulas
BAYER SCHERING PHARMA MOÇAMBIQUE,CANESTEN,Clotrimazol,10mg/ml,Solução para pulverização cutânea,frasco de 25ml
BAYER SCHERING PHARMA MOÇAMBIQUE,CANESTEN,Clotrimazol,10mg/g,Pó cutâneo,Frasco de 30g
BAYER SCHERING PHARMA MOÇAMBIQUE,CANESTEN,Clotrimazol,10mg/g,Creme tópico,Frasco de 20g
"AFRI FARMÁCIA, LDA",GEMCITAPAR,"Gemcitabina, hidrocloreto",1g,Injectável,Frasco de 50ml
"MEDIS FARMACÊUTICA, LDA",UMSONO,Estazolam,2mg,Comprimidos,"embalagem de 14, 28 e 140 comprimidos"
"FARMACÊUTICA AUSTRAL, LDA",ENICIL DUO,Latanoprost + Timolol,0.05mg/mL + 5mg/mL,Colírio,"Embalagem de 1, 3 e 6 frascos de 2.5mL"
"GENERICS & SPECIALITIES, Lda",LABUWIK,"Azitromicina, Di-hidrato",500mg,comprimidos revestidos,Frasco de 100 comprimidos
"GENERICS & SPECIALITIES, Lda",IBULAB ORAL SUSPENSION,Ibuprofeno,100mg/5ml,xarope,frasco de 100ml
"GENERICS & SPECIALITIES, Lda",LANTAC- 150,"Ranitidina, cloridrato",150mg,comprimidos revestidos,frasco de 1000 comprimidos
"GENERICS & SPECIALITIES, Lda",TETRALAB- 500,Tetraciclina,500mg,Cápsulas,frasco de 1000 comprimidos
"GENERICS & SPECIALITIES, Lda",SALBUTAMOL INJECTION,"Salbutamol, Sulfato",0.5mg,Solução injectavel,Ampola de 1ml
"MEDILINK - Comércio e Representações, Lda",CAPTOPRIL LINK,Captopril,25mg,Comprimidos,Embalagens de 60 comprimidos
"MEDILINK - Comércio e Representações, Lda",CAPTOPRIL LINK,Captopril,50mg,Comprimidos,Embalagens de 60 comprimidos
"MEDILINK - Comércio e Representações, Lda",CIPROFLOXACINA LINK,Ciprofloxacina,2mg/mL,Solução para perfusão,Frasco de 100mL
PHARMALIFE Lda,AMILORIDE + HIDROCLOROTIAZIDA RATIOPHARM,"Amilorido, cloridrato + Hidroclorotiazida",5mg + 50mg,Comprimidos,Blister de 60 comprimidos
"ORBIS PHARMA, LDA",ORBIS VIT C,Ácido Ascorbico,1000mg,Comprimidos revestidos,embalagem de 5x4 comprimentos
"ORBIS PHARMA, Lda",ANASTRAZOLE - DENK 1,Anastrazole,1mg,Comprimidos revestidos,3 blister de 10 comprimidos
"MEDIS FARMACÊUTICA, LDA",DESLORA - DENK 5,Desloratadina,5mg,Comprimidos revestidos,1 blister de 10 comprimidos
"MEDIS FARMACÊUTICA, LDA",COLOSAR - DENK 100/12.5,Losartan potássico + Hidroclorotiazida,100mg + 12.5mg,Comprimidos revestidos,2 blister de 14 comprimidos revestidos
"MEDIS FARMACÊUTICA, LDA",CLOPI-DENK 75,Clopligel,75mg,Comprimidos revestidos,3 blister de 10 comprimidos
"MEDIMPORT, LDA",ORAL BIVALENT TYPES 1&3 POLIOMYELITIS VACCINE (B-OPV),Poliovirus tipo 1 ( LS - c 2 ab Strain) + poliovirus tipo 3 (Leon 12a1 b Strain),≥ 6.0 log CCID50 +≥ 5.8 log CCID50,Suspensão oral,10 frascos de 20 dose
"SHANI, LIMITADA",COTRIKANT - 960,Sulfametoxazol + Trimetoprim,800mg + 160mg,Comprimidos,10 blister de 10 comprimidos
"SHANI, LIMITADA",METFORMINE HCL EXTENDED RELEASE TABLETS,"Metformina, cloridrato",500mg,Comprimidos,10 blister de 10 comprimidos
"AFRI FARMÁCIA, LDA",TRAMADOL HYDROCHLORIDE TABLETS,"Tramadol, cloridrato",50mg,Comprimidos,10 blister de 10 comprimidos
"AFRI FARMÁCIA, LDA",RIFAMPICIN + ISONIAZID,Rifampicina + Isoniazida,75mg + 50mg,Comprimidos dispersível,Frasco de 100 comprimidos
"MEDIS FARMACÊUTICA, LDA",CALCID-DENK,Carbonato de Cálcio + Calecalciferol,2500mg + 22mcg,Comprimidos efervescentes,Embalagem de 20 comprimidos
"MEDIS FARMACÊUTICA, LDA",PANTO - DENK,Pantoprazol,20mg,Comprimidos gastrorresistentes,2 blister de 14 comprimidos
"MEDIS FARMACÊUTICA, LDA",PANTO - DENK,Pantoprazol,40mg,Comprimidos gastrorresistentes,2 blister de 14 comprimidos
MDS - Medicamento e Diagnóstico na Saúde S.A,PIRIDOXINA LABESFAL,"Piridoxina, Cloridrato",150mg/mL,Solução injectável,100 ampolas de 2ml
"MEDIS FARMACÊUTICA, LDA",LOSAR - DENK 25,Losartan Potássico,25mg,Comprimidos revestidos,2 blister de 14 comprimidos
SIMEGE,NUGEL,Ácido algínico + Hidróxido de alumínio Anidro + Hidróxido de Magnésio + trissilicato de Magnésio + Simeticona,200mg + 250mg + 250mg +250mg +125mg,Comprimidos,3 blister de 10 comprimidos
SIMEGE,NUGEL SUSPENSION,Ácido algínico + Hidróxido de alumínio Anidro + Hidróxido de Magnésio + trissilicato de Magnésio + Simeticona,200mg + 250mg + 250mg +250mg +125mg,suspensão oral,frasco de 100ml e de 200ml
SIMEGE,NUGEL - O,Ácido algínico + Hidróxido de alumínio Anidro + Hidróxido de Magnésio + trissilicato de Magnésio + Simeticona,200mg + 250mg + 250mg +250mg +125mg + 30mg,suspensão oral,frasco de 100ml e de 200ml
"ORBIS PHARMA, LDA",PERTAMOL,Paracetamol,500mg,Comprimidos efervescentes,5 x 4 comprimidos
"ORBIS PHARMA, LDA",NO GRIP,Paracetamol + Cafeina + Fenilefrina + Clorfeniramina,500mg + 30mg + 5mg + 2mg,Comprimidos efervescentes,5 x 4 comprimidos
"ORBIS PHARMA, Lda",PYRAMAX,"Artesunato + Pironaridina, tetrafosfato",60mg + 180mg,Comprimidos revestidos,Embalagem de 90 comprimidos
"ORBIS PHARMA, LDA",PERTAMOL - T,Tramadol + Paracetamol,50mg + 500mg,Comprimidos efervescentes,Embalagem de 5 x 4 comprimidos
PIRÂMIDE PHARMA,ABACAVIR SULFATE/LAMIVUDINE 60mg/30mg,"Abacavir, Sulfato + Lamivudina",60mg + 30mg,Comprimidos revestidos por película,Embalagem em frasco HDPE de 60 comprimidos
"MEDIMOC, SA",ASPIRON 300,Ácido Acetilsalicílico,300mg,Comprimidos,10 blisters de 10 comprimidos
"WELLWORTH, LDA",MONTAIR 5,Montelucaste sódico,5mg,Comprimidos mastigáveis,blister de 10 comprimidos
"ORBIS PHARMA, Lda",DAVIMOX 500,Amoxicilina,500mg,Cápsulas,10 blister de 10 capsulas
"NATUR PHARMA, LDA",ASDOL,Tramadol Hidroclorido,50mg,Comprimidos,10 blister de 10 comprimidos
"NATUR PHARMA, LDA",ASTOLON,Prednisolona,5mg,Comprimidos,10 blister de 10 comprimidos
"NATUR PHARMA, LDA",ASTODIUM,"Loperamida, Cloridrato",2mg,Cápsulas,10 blister de 10 cápsulas
"NATUR PHARMA, LDA",ASMOX- 500,Amoxicilina,500mg,Cápsulas,10 blister de 10 cápsulas
"NATUR PHARMA, LDA",ASDOXIN,Doxiciclina,100mg,Cápsulas,10 blister de 10 cápsulas
MOZ - IN LDA,IBUDEN 200,Ibuprofeno,200mg,comprimidos revestidos,10 blister de 10 comprimidos
"NEOPHARMA, LDA",FLAMIFEN 200,ibuprofeno,200mg,Comprimidos revestidos,10 blister de 10 comprimidos
"NEOPHARMA, LDA",FLAMIFEN 400,ibuprofeno,400mg,Comprimidos revestidos,10 blister de 10 comprimidos
"NEOPHARMA, LDA",FLAMIFEN 600,Ibuprofeno,600mg,Comprimidos revestidos,10 blister de 10 comprimidos
"NEOPHARMA, LDA",FLAMIFEN 800,ibuprofeno,800mg,Comprimidos revestidos,10 blister de 10 comprimidos
"WELLWORTH, LDA",NASEHALER,Furoato de mometasona,50mcg,Spray nasal,Frasco de 140 doses
"ORBIS PHARMA, Lda",IBURISE 200,iBuprofeno,200mg,comprimidos revestidos,10 blister de 10 comprimidos
"ORBIS PHARMA, Lda",IBURISE 600,Ibuprofeno,600mg,comprimidos revestidos,10 blister de 10 comprimidos
"MEDIS FARMACÊUTICA, LDA",CARVEDI-DENK,Carvedilol,6.25mg,Comprimidos,3 blister de 10 comprimidos
"MEDIS FARMACÊUTICA, LDA",CARVEDI-DENK 25,Carvedilol,25mg,Comprimidos,3 blister de 10 comprimidos
"MEDIS FARMACÊUTICA, LDA",COVALSAR-DENK 80/12.5,Valsartan + Hidroclorotiazida,80mg + 12.5mg,comprimidos revestidos,embalagem de 28 comprimidos
"MEDIS FARMACÊUTICA, LDA",COVALSAR-DENK 160/12.5,Valsartan + Hidroclorotiazida,160mg + 12.5mg,comprimidos revestidos,embalagem de 28 comprimidos
"MEDIS FARMACÊUTICA, LDA",COVALSAR-DENK 320/12.5,Valsartan + Hidroclorotiazida,320mg + 12.5mg,comprimidos revestidos,embalagem de 28 comprimidos
"MEDIS FARMACÊUTICA, LDA",SEBIVO,Telbivudine,600mg,comprimidos,2 blister de 14 comprimidos
"MEDIS FARMACÊUTICA, LDA",VALSAR - DENK 80,Valsartan,80mg,Comprimidos revestidos,2 blister de 14 comprimidos
"MEDIS FARMACÊUTICA, LDA",VALSAR - DENK 160,Valsartan,160mg,Comprimidos revestidos,2 blister de 14 comprimidos
"MEDIS FARMACÊUTICA, LDA",VALSAR - DENK 320,Valsartan,320mg,Comprimidos revestidos,2 blister de 14 comprimidos
"MEDIFARMA, LDA",LARIDOX,Sulfadoxina + Pirimetamina,500mg + 25mg,Comprimidos,50 blister de 3 comprimidos
MDS - Medicamento e Diagnóstico na Saúde S.A,OMETON,Omeprazol,40mg/10mL,Pó para solição injectável,frasco para injectavel
"NEOPHARMA, LDA",FLOMET 500,Metformina,500mg,Comprimidos,10 blister de 10 comprimidos
"NEOPHARMA, LDA",FLOMET 850,Metformina,850mg,Comprimidos,10 blister de 10 comprimidos
"NEOPHARMA, LDA",COTRIMAZOLE,Sulfametoxazol + Trimetoprim,200mg + 40mg,Pó para suspensão,Frasco de 100ml
"MEDIMPORT, LDA",SHAN 5,Toxoide Difteria + Toxoide Tetanus + Toxoide Pertussis + Antigeno da Hepatite B + Puro Polissacarideos capsular de Hib conjugado para 20-40mcg de toxoide de tetano,≥ 30UI + ≥ 60UI + ≥ 4U +10mcg,Suspensão para injecção,Frasco de 5ml
MDS - Medicamento e Diagnóstico na Saúde S.A,CEFOXITINA LABESFAL,Cefoxitina,1000mg/10mL,Pó para solução injectavel,50 frascos de 2ml e frascos com solvente
MDS - Medicamento e Diagnóstico na Saúde S.A,CEFOTAXIMA LABESFAL,Cefotaxima,500mg/2ml,Pó e solvente para solução injectavel,50 ampolas de 10ml e frasco com solvente
"ORBIS PHARMA, Lda",PERTAMOL CF,Paracetamol + Cafeina,500mg + 30mg,Comprimidos efervescentes,5 blister de 4 comprimidos
"ORBIS PHARMA, Lda",DIGESTA,Papaina + Alfa Amilase +Simeticona,60mg + 20mg + 25mg,Comprimidos efervescentes,5 blister de 4 comprimidos
"ORBIS PHARMA, Lda",PERVITA,Ácido Ascorbico,500mg,Comprimidos efervescentes,5 blister de 4 comprimidos
MEDIMPORT LDA,GLUCOPHAGE XR 750,"Metformina, cloridrato",750mg,Comprimidos de libertação prolongada,Embalagem de 28 comprimidos e de 30 comprimidos
MDS - Medicamento e Diagnóstico na Saúde S.A,ÁCIDO ASCÓRBICO LABESFAL,Ácido Ascorbico,500mg/5ml,Solução injectável,100 ampolas de 5ml
MDS - Medicamento e Diagnóstico na Saúde S.A,ACICLOVAX,Aciclovir,250mg,Pó para solução para perfusão,5 frascos de 5ml
"MEDIFARMA, LDA",EQUIRAB,Imunoglobulina anti rábica,1000UI/5mL,Solução injectável,1 ampola de 5mL
MDS - Medicamento e Diagnóstico na Saúde S.A,CEFTRIAXONA FRESENIUS,Ceftriaxona,1000mg/10mL,Pó para solução Injectável,Frasco de 10mL
"MEDIS FARMACÊUTICA, LDA",MEDOPHENICOL,Cloranfenicol,250mg,cápsulas,Embalagem de 100 cápsulas; Blister 3x10 capsulas
"NATUR PHARMA, LDA",DICLOAS,Diclofenac,50mg,comprimidos revestidos,10 blister de 10 comprimidos
"NATUR PHARMA, LDA",ASFEN,Ibuprofeno,400mg,comprimidos revestidos,10 blister de 10 comprimidos
"NATUR PHARMA, LDA",ASFEN - FC,Ibuprofeno,200mg,comprimidos revestidos,10 blister de 10 comprimidos
"SHANI, LIMITADA",NYSTATIN ORAL SUSPENSION,Nistatina,100.000UI/ml,Suspensão Oral,Frasco de 30ml
"MEDIS FARMACÊUTICA, LDA",FLIXOTAIDE,"Fluticasona, Propionato",50mcg,Suspensão pressurizada para inalação,Frasco de 120 doses
"MEDIS FARMACÊUTICA, LDA",FLIXOTAIDE,"Fluticasona, Propionato",125mcg,Suspensão pressurizada para inalação,Frasco de 120 doses
"MEDIS FARMACÊUTICA, LDA",FLIXOTAIDE,"Fluticasona, Propionato",250mcg,Suspensão pressurizada para inalação,Frasco de 60 doses
MDS - Medicamento e Diagnóstico na Saúde S.A,VANCOMICINA LABESFAL,"Vancomicina, cloridrato",500mg,Po para solucao para perfusao,1 frasco para injectaveis
MDS - Medicamento e Diagnóstico na Saúde S.A,VANCOMICINA LABESFAL,"Vancomicina, cloridrato",1000mg,Po para solucao para perfusao,1 frasco para injectaveis
MDS - Medicamento e Diagnóstico na Saúde S.A,BLOCULCER,"Ranitidina, cloridrato",50mg/2ml,Solução Injectável,50 Ampolas de 2ml
MEDIMPORT LDA,PARACETAMOL,Paracetamol,500mg,Comprimidos,100 blister de 10 comprimidos
"NEOPHARMA, LDA",AZICLAR 500,Claritromicina,500mg,comprimidos revestidos,10 blister de 10 comprimidos
"NEOPHARMA, LDA",KAMOX CLAV 375,Amoxicilina + Acido Clavulânico,250mg + 125mg,comprimidos revestidos,1 blister de 10 comprimidos
"NEOPHARMA, LDA",KAMOX CLAV 625,Amoxicilina + Acido Clavulânico,500mg + 125mg,comprimidos revestidos,1 blister de 10 comprimidos
"EVEREADY PHARMA, LDA",IZIOXYN,Oxitocina,5UI,Solução Injectável,10 ampolas de 1mL
"ORBIS PHARMA, Lda",BILOCOR CO 2.5/6.25,"Bisoprolol, fumarato + Hidroclorotiazida",2.5mg + 6.25mg,Comprimidos revestidos,Embalagem de 30 comprimidos
"ORBIS PHARMA, Lda",BILOCOR CO 5/6.25,"Bisoprolol, fumarato + Hidroclorotiazida",5mg + 6.25mg,Comprimidos revestidos,Embalagem de 30 comprimidos
"ORBIS PHARMA, Lda",BILOCOR CO 10/6.25,"Bisoprolol, fumarato + Hidroclorotiazida",10mg + 6.25mg,Comprimidos revestidos,Embalagem de 30 comprimidos
MEDIMPORT LDA,PARACETAMOL INFUSÃO,Paracetamol,1g/100ml,Solução Injectável,frasco de 100ml
MEDIMPORT LDA,SULFATO FERROSO + ÁCIDO FOLICO,Sulfato Ferroso + Ácido Fólico,300mg + 1mg,comprimidos,frasco de 500 Comprimidos
MEDIMPORT LDA,SULFATO DE ZINCO,Sulfato de Zinco,20mg,comprimidos,10 blister de 10 comprimidos
MEDIMPORT LDA,METOCLOPRAMIDA,Metoclopramida,10mg,comprimidos,Frascos de 500 comprimidos
MEDIMPORT LDA,ATENOLOL,Atenolol,50mg,comprimidos,Frascos de 500 comprimidos
MEDIMPORT LDA,ATENOLOL,Atenolol,100mg,comprimidos,Frascos de 500 comprimidos
"MEDIS FARMACÊUTICA, LDA",UMBIPRO GEL,Digluconato de Clorohexidina,7.1%p/p,Gel,7 saquetas de 3g
"INOCULATE LIFE, LDA",M - FREE,Artemeter + Lumefantrina,20mg + 120mg,comprimidos,embalagem de 4 x1 x 6
"WELLWORTH, LDA",LEVOFLOX,Levofloxacina,500mg,Comprimidos,10 blister de 10 comprimidos
MDS - Medicamento e Diagnóstico na Saúde S.A,FLUCLOXACILINA LABESFAL,Flucloxacilina,500mg/2ml,Pó para solução injectável,50 ampolas de 10ml + solvente
MDS - Medicamento e Diagnóstico na Saúde S.A,LIDOJECT GEL,"Lidocaína, cloridrato",400mg/20ml,Gel,25 ampolas de 20mL
"MEDIS FARMACÊUTICA, LDA",TAVIN- EM,Tenofovir disopropil fumarato + Emtricitabina,300mg + 200mg,comprimidos revestidos por pelicula,Frasco de 30 comprimidos
"NATUR PHARMA, LDA",ASTRIM - 960,Trimetoprim + Sulfametoxazol,800mg + 160mg,Comprimidos,10 blister de 10 comprimidos
"NATUR PHARMA, LDA",FEMIN - P,Nistatina,1.00000UI,Comprimidos vaginais,bliters de 15 comprimidos
"NATUR PHARMA, LDA",DILCETA,Paracetamol + Diclofenac,500mg + 50mg,Comprimidos,10 blister de 10 comprimidos
"ORBIS PHARMA, Lda",DYNACEF,Cefpodoxima,100mg,Comprimidos,Embalagem de 10 comprimidos
"ORBIS PHARMA, Lda",CANDERISE 4,Candesartam cilextil,4mg,comprimidos,10 blister de 10 comprimidos
"ORBIS PHARMA, Lda",CANDERISE 8,Candesartam cilextil,8mg,comprimidos,10 blister de 10 comprimidos
"ORBIS PHARMA, Lda",CANDERISE 16,Candesartam cilextil,16mg,comprimidos,10 blister de 10 comprimidos
"NATUR PHARMA, LDA",ASTRIM - 480,Trimetoprim + Sulfametoxazol,800mg + 160mg,Comprimidos,10 blister de 10 comprimidos
"MICJONATH PHARMACEUTICAL, LDA",LONART TABLETS,Artemeter + Lumefantrina,20mg + 120mg,Comprimidos,3 blister de 3 comprimidos
"MICJONATH PHARMACEUTICAL, LDA",P- ALAXIN ORAL SUSPENSION,"Dihidroartemisina + Piperaquina, fosfato",80mg + 640mg,Pó para suspensão oral,Frasco de 80mL
MDS - Medicamento e Diagnóstico na Saúde S.A,QUININA LABESFAL,"Quinina, Sulfato",300mg,comprimidos,embalagem de 100 comprimidos
MDS - Medicamento e Diagnóstico na Saúde S.A,QUININA LABESFAL,"Quinina, Sulfato",250mg/ml,Solução injectável,Embalagem de 5 ampolas de 2ml
"NATUR PHARMA, LDA",ASFLOX - 500,Ciprofloxacina,500mg,comprimidos,10 blister de 10 comprimidos
"NATUR PHARMA, LDA",CARBAS,Carbamazepina,200mg,comprimidos,10 blister de 10 comprimidos
"NATUR PHARMA, LDA",FLUCAS - 150 CAPSULES,Fluconazol,150mg,Cápsulas,1 blister de 1 comprimidos
"MEDIMOC, SA",COUFARIN,Varfarina Sódica,5mg,comprimidos,10 blister de 10 comprimidos
"MEDIMOC, SA",CLOZAP,Clozapina,25mg,comprimidos,5 blister de 10 comprimidos
"MEDIMOC, SA",NORZAC,Fluoxetina,20mg,Cápsulas,embalagem de 100 comprimidos
"MEDIMOC, SA",CLOZAP,Clozapina,100mg,comprimidos,5 blister de 10 comprimidos
"NATUR PHARMA, LDA",ASTROGYL - 250,Metronidazol,250mg,comprimidos,10 blister de 10 comprimidos
"NATUR PHARMA, LDA",AZY - 500,AZitromicina,500mg,comprimidos,blister de 3 comprimidos
MDS - Medicamento e Diagnóstico na Saúde S.A,CIANOCOBALAMINA LABESFAL,Cianocobalamina,1mg/1ml,Solução Injectável,10 ampolas de 1ml
"MEDIS FARMACÊUTICA, LDA",DOLOFORTE DENK,"Paracetamol + Tramadol, cloridrato",325mg + 37.5mg,Comprimidos revestidos,2 blister de 10 comprimidos
MEDIMPORT LDA,MISOFAR,Misoprostol,200mcg,Comprimidos,blister de 4 comprimidos
MEDIMPORT LDA,MISOFAR,Misoprostol,25mcg,Comprimidos vaginais,embalagem de 8 comprimidos
"NATUR PHARMA, LDA",DICLOPAC PLUS,Paracetamol + Diclofenac,500mg + 50mg,Comprimidos,10 blister de 10 comprimidos
"NATUR PHARMA, LDA",OSMOLYTE,Cloreto de Sódio + cloreto de potassio + citrato de sódio + glucose anidra,3.5g + 1.5g + 2.9g + 20g,Pó para,3 saquetas de 27.9g
"NATUR PHARMA, LDA",PRENEURON,Pregabalina,150mg,cápsulas,3 blister de 10 comprimidos
"WELLWORTH, LDA",MOXICIP - 400,Moxifloxacina,400mg,Cápsulas,Caixa de 5 comprimidos
"NATUR PHARMA, LDA",Q- BACT - 500,Ciprofloxacina,500mg,Comprimidos,10 blister de 10 comprimidos
"NATUR PHARMA, LDA",NITRATO DE FENTICONAZOL,"Fenticonazol, nitrato",0.02g/g,Creme vaginal,Bisnaga de 40g + 7 aplicadores
"MEDIS FARMACÊUTICA, LDA",DENK AIR 10mg,Montelucaste sodico,10mg,Comprimidos,Embalagem de 14 e de 28 comprimidos
"MEDIS FARMACÊUTICA, LDA",DENK AIR JUNIOR,Montelucaste sodico,4mg,Comprimidos,Embalagem de 14 e de 28 comprimidos
"MEDIS FARMACÊUTICA, LDA",DENK AIR JUNIOR,Montelucaste sodico,5mg,Comprimidos,Embalagem de 14 e de 28 comprimidos
"NATUR PHARMA, LDA",ASOMYCIN - 500,"Eritromicina, estearato",500mg,comprimidos,10 blister de 10 comprimidos
MEDIMPORT LDA,VERTOIN,Fenitoína Sódica,50mg/ml,solução injectável,5 ampolas de 5ml
MEDIMPORT LDA,BUPIVER - H,Bupivacaína,5mg,solução injectável,5 ampolas de 5ml
"WELLWORTH, LDA",ABAMUNE- L BABY,"Abacavir, sulfato + Lamivudina",60mg + 30mg,Comprimidos,Frascos de 60 comprimidos
"WELLWORTH, LDA",LINEZOLID 600MG,Linezolida,600mg,Comprimidos,frasco de 20 compridos e blister de 10 comprimidos
MEDIMPORT LDA,PREZISTA 150MG,Darunavir,150mg,comprimidos,embalagem de 240 comprimidos
MEDIMPORT LDA,PREZISTA 75MG,Darunavir,75mg,comprimidos,embalagem de 480 comprimidos
MEDIMPORT LDA,PREZISTA 600MG,Darunavir,600mg,comprimidos,embalagem de 60 comprimidos
MEDIMPORT LDA,INTELENCE,Etravirina,100mg,comprimidos,embalagem de 120 comprimidos
"WELLWORTH, LDA",DARUNAVIR,"Darunavir, Etonolato",800mg,Comprimidos,Frasco de 30 comprimidos
"FARMA HOLDINGS, SA",MOZAMORP INJ,"Morfina, sulfato",10mg/mL,solução Injectável,10 ampola de 1mL
"FARMA HOLDINGS, SA",MOZAVIT,Riboflavina + Retinol + acetato de tocoferol + Cpolecalciferol + cianocobalamina + cloridrato de piridoxina + cálcio + cloridrato de tiamina + Iodina + manganês + Zinco + cromio + Nicotinamida + Molibdénio + àcido pantoténico,10mg + 2500UI + 7.5UI + 200UI + 2.5mcg + 1mg + 1.25mg + 2.25mg + 50mcg + 0.8mg + 1mg + 8mg + 22.5mg + 8mg + 2.5mg,Xarope,Frasco de 100ml
"AFRI FARMÁCIA, LDA",IBUPAR,Ibuprofeno + Paracetamol,400mg + 325mg,Comprimido,10 blister de 10 cápsulas
"GENERICS & SPECIALITIES, Lda",FLUCAN - 200,Fluconazol,200mg,Cápsulas,blister de 4 comprimidos
"GENERICS & SPECIALITIES, Lda",AZILIN - 500,Azitromicina,500mg,Comprimidos,blister de 3 comprimidos
"GENERICS & SPECIALITIES, Lda",OMLINK - 20,Omeprazol,20mg,Cápsula,10 blister de 10 Cápsulas
TATA DE MOÇAMBIQUE,FANTHER,Lumenfatrina + Artemeter,120mg + 20mg,Comprimidos,4 blister de 6 comprimido
"FARMA HOLDINGS, SA",MOZAGAN 500,Ganciclovir,500mg,Pó para solução injectável,ampola de 10ml
"FARMA HOLDINGS, SA",VIGOBACT 250MG,Flucloxacilina,250mg,Cápsulas,10 blister de 10 cápsulas
MEDIMPORT LDA,AMLODIPINA COMPRIMIDOS 5MG,Amlodipina,5mg,Comprimidos,Embalagem contendo 100 comprimidos
MEDIMPORT LDA,AMLODIPINA COMPRIMIDOS 10MG,Amlodipina,10mg,Comprimidos,Embalagem contendo 100 comprimidos
"FARMA HOLDINGS, SA",VIGTAM 20,"Tamixifeno, citrato",20mg,Comprimidos,3 blister de 10 comprimidos
"FARMA HOLDINGS, SA",MOZAMOX SUSP,Amoxicilina,250mg,Pó para reconstituição oral,Frasco de 100mL
"FARMA HOLDINGS, SA",VIGDIG,Digoxina,0.25mg,Comprimidos,10 blister de 10 comprimidos
"FARMA HOLDINGS, SA",VIGNITRO,Nitroglicerina,0.5mg,Comprimidos sublingual,10 blister de 10 comprimidos
"EUROFARMA MOÇAMBIQUE, LDA",PIEMONTE,Montelucaste de Sódio,4mg,Comprimidos mastigáveis,embalagem de 10 e 30 comprimidos
"EUROFARMA MOÇAMBIQUE, LDA",PIEMONTE,Montelucaste de Sódio,5mg,Comprimidos mastigáveis,embalagem de 10 e 30 comprimidos
"EUROFARMA MOÇAMBIQUE, LDA",VARTZ - H,Valsartam + Hidroclorotiazida,80mg + 12.5mg,Comprimidos revestidos,"embalagem de 15, 30, 60 ou 90 comprimidos"
"EUROFARMA MOÇAMBIQUE, LDA",VARTZ - H,Valsartam + Hidroclorotiazida,160mg + 12.5mg,Comprimidos revestidos,"embalagem de 15, 30, 60 ou 90 comprimidos"
"EUROFARMA MOÇAMBIQUE, LDA",VARTZ - H,Valsartam + Hidroclorotiazida,320mg + 12.5mg,Comprimidos revestidos,"embalagem de 15, 30, 60 ou 90 comprimidos"
"EUROFARMA MOÇAMBIQUE, LDA",VARTZ - H,Valsartam + Hidroclorotiazida,160mg + 25mg,Comprimidos revestidos,"Embalagem de 15, 30, 60 ou 90 comprimidos"
"EUROFARMA MOÇAMBIQUE, LDA",VARTZ - H,Valsartam + Hidroclorotiazida,320mg + 25mg,Comprimidos revestidos,"embalagem de 15, 30, 60 ou 90 comprimidos"
MEDIMPORT LDA,MOKLACIN,Moxifloxacina,400mg,comprimidos revestidos,blister de 1 comprimido
"FARMACÊUTICA AUSTRAL, LDA",BGLAU,Tartarato de Brimonidina,07mg/0.35mL,Colírio,Embalagem 60 bisnagas de 0.35ml
"WELLWORTH, LDA",EFAVIRENZ + LAMIVUDINE + TENOFOVIR DISPROXIL FUMARATE,Efavirenz + Lamivudina + Tenofovir disoproxil fumarato,600mg + 300mg + 300mg,comprimidos revestidos,Frasco de 30 comprimidos
"NATUR PHARMA, LDA",URALIDE H,"Amilorido, cloridrato + Hidroclorotiazida",5mg + 50mg,Comprimidos,10 blister de 10 comprimidos
"WELLWORTH, LDA",LEVOFLOX,Levofloxacina,250mg,Comprimidos revestidos,10 blister de 10 comprimidos
"LUSOFARMA, LDA",LEVOFLOXACINA Krka,Levofloxacina,500mg,Comprimidos revestidos,Blister de 10 comprimidos
"WELLWORTH, LDA",WOOD´S GREAT PEPPERMINT CURE,Levomentol + Óleo de hortelã-pimenta,5mg/5mL + 0.035mL/5mL,Xarope,Frasco de 50mL e de 100mL
"SHANI, LIMITADA",SHARAMIN,"Clorfeniramina, maleato",4mg,Comprimidos,10 blister de 10 comprimidos
MEDIMPORT LDA,TRINOMIA,Acido acetil salicilico + Atorvastatina calcica + Ramipril,100mg + 20mg + 2.5mg,Cápsulas,embalagem de 28 comprimidos
MEDIMPORT LDA,TRINOMIA,Acido acetil salicilico + Atorvastatina calcica + Ramipril,100mg + 20mg + 5mg,Cápsulas,embalagem de 28 comprimidos
MEDIMPORT LDA,TRINOMIA,Acido acetil salicilico + Atorvastatina calcica + Ramipril,100mg + 20mg + 10mg,Cápsulas,embalagem de 28 comprimidos
ARTEMIS PHARMACEUTICALS LDA,ARTETOCIN - 5,Oxitocina,5IU/ml,Solução injectável,10 ampolas de 1ml
ARTEMIS PHARMACEUTICALS LDA,ARTETOCIN - 10,Oxitocina,10IU/ml,Solução injectável,10 ampolas de 1ml
"SHANI, LIMITADA",DEXACORAL-N EYE DROPS,Dexametasona + Neomicina,0.5%w/w + 0.1w/w,Gotas oftálmicas e auriculares,Frasco LDPE de 5mL
MISSIONPHARMA MOÇAMBIQUE,OXITOCINA INJECTAVEL BP,Oxitocina,10IU/ml,Injectável,10 ampolas de 1ml
MDS - Medicamento e Diagnóstico na Saúde S.A,METFORMINA GENERIS,Metformina,1000mg,Comprimidos revestidos,Embalagem de 60 comprimidos
SIMEGE,SIDEGRA 100,Sildenafil,100mg,Comprimidos,1 blister de 4 comprimidos
"MEDIS FARMACÊUTICA, LDA",DUSPATALIN 135,Mebeverina cloridrato,135mg,Comprimidos,2 blister de 25 comprimidos
"MEDIS FARMACÊUTICA, LDA",DUSPATALIN 200,Mebeverina cloridrato,200mg,Comprimidos,3 blister de 10 comprimidos
MDS - Medicamento e Diagnóstico na Saúde S.A,METFORMINA GENERIS,Metformina,850mg,Comprimidos revestidos,Embalagem de 60 comprimidos
MDS - Medicamento e Diagnóstico na Saúde S.A,METFORMINA GENERIS,Metformina,500mg,Comprimidos revestidos,Embalagem de 60 comprimidos
SIMEGE,AFRIMET,Metformina,500mg,Comprimidos,10 blister de 10 comprimidos
SIMEGE,SIDEGRA 50,Sildenafil,50mg,Comprimidos,1 blister de 4 comprimidos
SIMEGE,EXWORM,Albendazol,400mg,comprimidos,1 x1
SIMEGE,AZIDOSE,Azitromicina,500mg,comprimidos,1 blister de 3 comprimidos
"WELLWORTH, LDA",ATAZANAVIR & RITONAVIR 300/100,Atazanavir + Ritonavir,300mg + 100mg,Frasco de 30 comprimidos,Frasco de 30 comprimidos
"AFRI FARMÁCIA, LDA",ISONIAZID AND RIFAMPENTINE,Rifapentina + Isoniazida,300mg + 300mg,Comprmidos revestidos,3 blisters de 12 comprimidos e 3 stripers de 12 Comprimidos
"ACE HEALTH CARE, LDA",HAEMACCEL,Poligelina solução coloidal com electrólitos,3.50%,Solução para infusão,Frasco de 500mL
MOTLEY HEALTHCARE LDA,MAXICUF,Hidrato de terpina + Cloridrato de bromexina + Maleato de clorfeniramina + Xarope de mentol,10mg + 8mg + 2.5mg + 2.5mg)/5ml,Xarope,Frasco de 100ml
MOTLEY HEALTHCARE LDA,HOT & COLD,Paracetamol + Cloridrato de fenilefrina + Maleato de clorfeniramina + Cafeína,500mg + 5mg + 2mg + 30mg,Comprimidos revestidos,Embalagem contendo 1x4 comprimidos
MOTLEY HEALTHCARE LDA,AZIRA 500,Azitromicina,500mg,Comprimidos,Embalagem contendo blisters de 3 comprimidos
MOTLEY HEALTHCARE LDA,MOD'S ANTACID,Hidroxido de Aluminio + Hidroxido de magnésio + Dimeticona + Trissilicato de magnesio,250mg + 250mg + 25mg + 100mg)/5mL,Suspensao oral,Embalagem contendo frasco de 100mL
MOTLEY HEALTHCARE LDA,INDIAGRA 50,Sildenafil,50mg,Comprimidos revestidos,Embalagem contendo 20 blisters de 4 comprimidos
MOTLEY HEALTHCARE LDA,INDIAGRA 100,Sildenafil,100mg,Comprimidos revestidos,Embalagem contendo 20 blisters de 4 comprimidos
"MOTLEY HEALTHCARE, LDA",MANADOL SUSPENSION,Paracetamol,125mg/5mL,Suspensão oral,Frasco de 100mL
MOTLEY HEALTHCARE LDA,CEEFICKS - 100,Cefixima,100mg/5ml,Granulos para suspensao oral,Frasco de 60ml
MOTLEY HEALTHCARE LDA,CEEFICKS - 200,Cefixima,200mg/5ml,Granulos para suspensao oral,Frasco de 100ml
"MOTLEY HEALTHCARE, LDA",MOXMOD-125,Amoxicilina,125mg/5mL,Pó seco para suspensão oral,Frasco de 60mL e 100mL
MOTLEY HEALTHCARE LDA,MOXMOD 250,Amoxicilina,250mg/5mL,Pó para suspensão oral,Frasco de 100mL
MOTLEY HEALTHCARE LDA,CEEFICKS 200,Cefixima,200MG,Comprimidos,Embalagem 1x10 comprimidos
MOTLEY HEALTHCARE LDA,CEEFICKS 400,Cefixima,400MG,Comprimidos,Embalagem 1x10 comprimidos
MOTLEY HEALTHCARE LDA,CEFEUR 1 GM,Ceftriaxona 1g,1g,Po para solucao injectavel,Frascos de 19ml
MOTLEY HEALTHCARE LDA,TAZOPA PLUS 4.5 GM,Piperacilina + Tazobactam,"4mg + 0,5mg",Po para solucao injectavel,Frasco de 30ml
MOTLEY HEALTHCARE LDA,AMPIJET / 1GM,Ampicilina,1g,Po para solucao oral,Ampolas de 10ml
"MOTLEY HEALTHCARE, LDA",CEE TOX 1g,Cefotaxima,1g,Pó para suspensão oral,Frasco com pó de 1 grama
MOTLEY HEALTHCARE LDA,MENAM 1G,Meropenem tri-hidratado 1g,1g,Po para solucao injectavel,Frasco de 20 ml
MOTLEY HEALTHCARE LDA,MP CLOX 500,Ampicilina + Cloxacilina,500mg,Embalagem contendo 10 blisters de 10 capsulas,Embalagem contendo 10 blisters de 10 capsulas
MOTLEY HEALTHCARE LDA,CEFEUR SB,Ceftriaxona + Sulbactam,"1mg + 0,5mg",Solucao injectavel,Frasco de 20ml
"MOTLEY HEALTHCARE, LDA",TRAMOD-100,Cloridrato de tramadol,100mg,Capsulas,Embalagem contendo 10 blisters de 10 capsulas
MEDIMPORT LDA,PREZISTA,Darunavir,400mg,Comprimidos revestidos por pelicula,Embalagem de 60 comprimidos
"SOCIEDADE MOÇAMBICANA DE MEDICAMENTOS, SA",CEFTAZIDIMA INJECTAVEL,Ceftazidima,1g,Injectavel,Embalagem contendo 10 ampolas
"SOCIEDADE MOÇAMBICANA DE MEDICAMENTOS, SA",Ibuprofeno 200mg,Ibuprofeno,200mg,Comprimidos,"Embalagens contendo 2, 10 e 25 blisters de 10 comprimidos; Frasco de 1000 comprimidos"
MISSIONPHARMA MOÇAMBIQUE,Adrenalina Injectável BP 1mg/mL,Adrenalina,1mg/mL,Injectável,5 ampolas de 1mL
"SOCIEDADE MOÇAMBICANA DE MEDICAMENTOS, SA",Ibuprofeno 400mg,Ibuprofeno,400mg,Comprimidos,"Embalagens contendo 2, 10 e 25 blisters de 10 comprimidos; Frasco de 1000 comprimidos"
"SOCIEDADE MOÇAMBICANA DE MEDICAMENTOS, SA",Amoxicilina capsulas,Amoxicilina,500mg,Capsulas,Cartucho contendo 10 blisters de 10 capsulas
"MARIA ELISA PHARMACEUTICALS, LDA",METRONIDAZOL ÓVULOS,Metronidazol,500mg,Óvulos vaginais,Caixa contendo 10 óvulos
"MARIA ELISA PHARMACEUTICALS, LDA",PILOKARPINE,"Pilocarpina, cloridrato",20mg,Colirio,Embalagem contendo 1 frasco conta-gotas de 10mL
"GENERICS & SPECIALITIES, LDA",MULTIGEN-S,Vitamina A (como palmitato) + Nitrato de tiamina + Riboflavina + Vitamina B12  + Vitamina C + Vitamina D3 +  Nicotinamida,"1000UI + 1,5mg + 1.5mg + 2.5mcg + 40mg + 200 UI 10mg",Xarope,Frasco de 100mL
SIMEGE LDA,ALFROPEN,Ibuprofeno,400mg,Comprimidos,Embalagem contendo 10 blisters de 10 comprimidos
SIMEGE LDA,ULSAPRO,Omeprazol,20mg,Capsulas,Embalagem contendo 10 blisters de 10 capsulas
SIMEGE LDA,IMOCURE,Cloridrato de loperamida,2mg,Capsulas,Embalagem contendo 10 blisters de 10 capsulas
SIMEGE LDA,ALCIP 500,Ciprofloxacina,500mg,Comprimidos,Embalagem contendo 10 blisters de 10 comprimidos
"SOCIEDADE MOÇAMBICANA DE MEDICAMENTOS, SA",AMOXICILINA 250MG/5ML,Amoxicilina,250mg/5ml,Suspensao oral,Embalagem contendo frasco de 100ml
"MOTLEY HEALTHCARE, LDA",MOD CAL,Citrato de Calcio +Hidroxido de magnesio + Sulfato de zinco + Vitamina D3,1000 + 100mg + 4mg + 200UI,Comprimidos,Embalagem contendo 10 blisters de 12 comprimidos
MOTLEY HEALTHCARE LDA,MODVIT SYRUP,Vit A palmitato + Vit D3 + Vit B1 + Riboflavina + Fosfato de sodio + Niacinamida + Vit B12 + Vit B6 + Vit C,"3000UI + 500UI + 2mg + 5mg + 1,2mg + 10mg + 2,5mcg + 1mg + 40mg",Xarope,Embalagem contendo frasco de 100ml
MOTLEY HEALTHCARE LDA,FERROZA - 400,Sulfato ferroso + Acido folico,200mg + 400mcg,Comprimidos,Embalagem contendo 10 blisters de 10 comprimidos
"MOTLEY HEALTHCARE, LDA",VENTOMOD,Sulfato de salbutamol,4mg,Comprimido,Embalagem contendo 10 blisterd de 10 comprimidos
"MOTLEY HEALTHCARE, LDA",SPINSTER,Misoprostol,200mcg,Comprimido,Embalagem contendo 2 blisters de 4 comprimidos
"FARMA HOLDINGS, SA",EMTRICITABINE E TENOFOVIR ALAFENAMIDA COMPRIMIDOS 200MG/25MG,Emtricitabina + Tenofovir Alafenamida,200mg + 25mg,Comprimidos revestidos por película,"Frasco HDPE com 30, 90 e 180 comprimidos"
"LUA COMÉRCIO, LDA",DISORAX,Paracetamol + Diclofenac de sódio,500mg + 50mg,Comprimidos,Embalagem contendo 10 blisters de 10 comprimidos
"GENERICS & SPECIALITIES, Lda",METILGEN,Metildopa,250mg,Comprimidos,Embalagem contendo 10 blisters de 10 comprimidos
"GENERICS & SPECIALITIES, Lda",AXACROME,Cloranfenicol,0.5% p/v,Gotas oftálmicas,Frasco LDPE de 10ml
MOTLEY HEALTHCARE LDA,KISSCEE,Ácido ascórbico + Ascorbato de sódio + Citrato de zinco,10mg + 450mg + 5mg,Comprimidos,Embalagem contendo 10 blisters de 10 comprimidos
CIS PHARMA LDA,CIS-CAREMOX,"Amoxicilina, trihidrato",500mg,Capsulas,Embalagem contendo 10 blisters de 10 capsulas
CIS PHARMA LDA,CIS-CLAVSWIFT,Amoxicilina + Clavulanato de potássio,500ng + 125mg,Comprimidos,Embalagem contendo 1 blisters de 10 comprimidos
"GENERICS & SPECIALITIES, LDA",HEPARINA INJECÇÃO BP,"Heparina, sódica",5000UI/5mL,Pó para Injecção,Frasco de 5mL
"GENERICS & SPECIALITIES, LDA",HEPARINA INJECÇÃO BP,"Heparina, sódica",25000UI/5mL,Pó para Injecção,Frasco de 5mL
"GENERICS & SPECIALITIES, Lda",ENOXAPARINA SODICA,Enoxaparina sódica,"20mg/0,2mL",Injectável,"Embalagem contendo seringa pre-cheia de 0,2mL"
"GENERICS & SPECIALITIES, Lda",ENOXAPARINA SODICA,Enoxaparina sódica,"40mg/0,4mL",Injectável,"Embalagem contendo 6 seringa pre-cheias de 0,4mL"
"GENERICS & SPECIALITIES, Lda",ENOXAPARINA SODICA,Enoxaparina sódica,"60mg/0,6mL",Injectável,"Embalagem contendo 6 seringas pre-cheia de 0,6mL"
"GENERICS & SPECIALITIES, Lda",ENOXAPARINA SODICA,Enoxaparina sódica,"80mg/0,8mL",Injectável,"Embalagem contendo6 seringas pre-cheia de 0,8mL"
"SHANI, LIMITADA",AVIRAX,Aciclovir BP,5%w/w,Creme,Tubo laminado de 30g
"AFRI FARMÁCIA, LDA",MOVFOR,Molnupiravir,200mg,Capsula dura,Embalagem contendo 4 Blister alu/alu de 1o capsulas
"FARMA HOLDINGS, SA",STRIPIRAVIR,Molnupiravir,200mg,Cápsula dura,Embalagem contendo 4 blisters de 10 capsulas
"FARMA HOLDINGS, SA",STRIPIRAVIR,Molnupiravir,400mg,Cápsula dura,Embalagem contendo 4 blisters de 10 capsulas
"FARMA HOLDINGS, SA",KIRSTY™,Insulina aspartico,100UI/ml,Solução injectável,"Embalagens contendo 1, 5, 10 canetas pré-cheias ou uma embalagem múltipla contendo 10 (2 embalagens de 5) canetas pré-cheias"
"AFRI FARMÁCIA, LDA",FLUPEN - 500,Flucloxacilina,500mg,Cápsulas,Embalagem contendo 10 blisters de 10 comprimidos
MISSIONPHARMA MOÇAMBIQUE,HICLATO DE DOXICICLINA COMPRIMIDOS USP 100MG,Hiclato de doxiciclina,100mg,Comprimidos,Frasco de 150 comprimidos
"LUA COMÉRCIO, LDA",CEFIMEX-400,"Cefixima, anidra",400mg,Comprimido,1 Blister de 10 comprimidos
MOTLEY HEALTHCARE LDA,MODOXY 100,Doxiciclina,100mg,Cápsulas,10 Blisters de 10 capsulas
MOTLEY HEALTHCARE LDA,MAXFEN,Ibuprofeno + Paracetamol,400mg + 325mg,Comprimidos,10 blisters de 10 comprimidos
"MOTLEY HEALTHCARE, LDA",MODFEN 75,Diclofenac sódico,75mg/3mL,Solução injectável,10 Ampolas de vidro ambar de 3mL
MOTLEY HEALTHCARE LDA,MKACIN 500,Sulfato de amikacina,500mg,Solucao injectavel,Ampola de 2nl
MOTLEY HEALTHCARE LDA,HYSCOPAN,"Hioscina, butilbrometo",20mg,Solução injectável,10 ampolas de 1 mL
MOTLEY HEALTHCARE LDA,MODACE,Aceclofenac + Paracetamol,100mg + 500mg,Comprimidos,20 blisters de 10 comprimidos
MOTLEY HEALTHCARE LDA,PHENNY SYRUP,"Clorfeniramina, maleato",2mg/5mL,Xarope,Frasco de 100mL
"SHANI, LIMITADA",GOODMORN COMPRIMIDOS,Doxilamina succinato + Piridoxina cloridrato,10mg + 10mg,Comprimidos,Blister 3 x 10 comprimidos
"MEDIS FARMACÊUTICA, LDA",PARACETAMOL + DIFENIDRAMINA ALGIK NOITE,Paracetamol + Difenidramina,500mg + 25mg,Comprimido,Embalagem contendo 20 comprimidos
"LUA COMÉRCIO, LDA",COTRIMEX-NC,Cotrimoxazol,250mg/5mL,Suspensao oral,Frasco de vidro de 100ml
MEDIMPORT LDA,ÁCIDO ACETILSALICÍLICO BLUEPHARMA,Ácido acetilsalicílico,100mg,Comprimido revestido por película,Embalagem contendo blisters PVC/PVDC/ALU de 60 comprimidos revestidos
"WELLWORTH, LDA",LUMARTEM 80/480,Artemeter + Lumenfantrina,80mg + 480mg,Comprimidos,Embalagem contendo 1 Blister com 6 comprimidos
MDS - Medicamento e Diagnóstico na Saúde S.A,ATORVASTATINA GENERIS PHAR,Atorvastatina,10mg,Comprimido revestido por película,Embalagem de 56 comprimidos
MDS - Medicamento e Diagnóstico na Saúde S.A,ATORVASTATINA GENERIS PHAR,Atorvastatina,20mg,Comprimido revestido por película,Embalagem de 28 comprimidos
MDS - Medicamento e Diagnóstico na Saúde S.A,ATORVASTATINA GENERIS PHAR,Atorvastatina,40mg,Comprimido revestido por película,Embalagem de 28 comprimidos
"GENERICS & SPECIALITIES, LDA",IPRED,"Prednisolona, acetato",1% w/v,Solução oftálmica,Frasco plástico de 5mL
"GENERICS & SPECIALITIES, LDA",FLUGEN S,"Paracetamol + Fenilefrina, cloridrato + Clorfeniramina, maleato",(125mg + 5mg + 1mg)/5mL,Xarope,Frasco de vidro de 100mL
"AFRI FARMÁCIA, LDA",LEVOCET-M,"Montelucaste de Sódio + Levocetirizina, dicloridrato",10mg+5mg,Comprimidos revestidos por película,Embalagem contendo 2 blisters de 10 comprimidos revestidos
"AFRI FARMÁCIA, LDA",LEVOCET SYRUP,"Levocetirizina, cloridrato",2.5mg/5mL,Xarope,Frasco de 30mL
"AFRI FARMÁCIA, LDA",DAVIR CREAM,Aciclovir,10g,Creme,Tupo de 10g
"AFRI FARMÁCIA, LDA",LORVIC SYRUP,Loratadina,5mg,Xarope,Frasco cor ambar de 60mL
"LUA COMÉRCIO, LDA",PARAMEKS,Paracetamol,120mg/5mL,Xarope,Frasco PET de 100mL
"AFRI FARMÁCIA, LDA",AMYN DT 250,Amoxicilina,250mg,Comprimido dispersível,Blister de 15 comprimidos
"AFRI FARMÁCIA, LDA",AMYN DT 125,Amoxicilina,125mg,Comprimidos para suspensão oral,Blister de 15 comprimidos
"AFRI FARMÁCIA, LDA",DERMAZINE PLUS CREAM,Sulfadiazina de prata + gluconato de clorexedina,15g,Creme,Tubo de aluminio de 15g
"AFRI FARMÁCIA, LDA",MOXACIL CAPSULES,Amoxicilina,500mg,Cápsulas,Embalagem contendo 10 blisters de 10 capsulas
"EVEREADY PHARMA, LDA",HYOSCINE BUTYLBROMIDE INJECTION BP 20mg/mL,"Hioscina, butilbrometo",20mg/mL,Solução para injecção,Embalagem contendo 100 ampolas de 1mL
"EVEREADY PHARMA, LDA",METFORMINA COMPRIMIDOS BP 850mg,Metformina,850mg,Comprimidos,Embalagem contendo 10 blisters de 10 comprimidos
"AFRI FARMÁCIA, LDA",DAWASTIN®,Nistatina,"100,000UI/ml",Suspensão oral,Embalagem contendo frasco de 12ml e 30ml
ORUMELA MOÇAMBIQUE LIMITADA,PARAIBROFELIEZER,Paracetamol + Ácido Acetilsalicílico + Cafeína,200mg + 200mg + 15mg,Comprimidos,Embalagem contendo 10 blisters de 10 comprimidos
ORUMELA MOÇAMBIQUE LIMITADA,PARACETAMOLIEZER,Paracetamol + Ibuprofeno,325 + 400mg,Comprimidos,Caixa contendo 10 blisters de 10 comprimidos
"EUROFARMA MOÇAMBIQUE, LDA",PRYSMA,Eszopicloma,2mg,Comprimidos revestidos,Embalagem contendo blisters Alu/Alu de 20 Comprimidos (2x10)
MISSIONPHARMA MOÇAMBIQUE,CLORETO DE SODIO INFUSAO INTRAVENOSA BP,Cloreto de sodio,"0,9g/ml",Infusão intravenosa,Garrafa de polipropileno de 100mL
"EUROFARMA MOÇAMBIQUE, LDA",PRYSMA,Eszopicloma,3mg,Comprimidos revestidos,Embalagem contendo blisters Alu/Alu de 20 Comprimidos (2x10)
"FARMA HOLDINGS, SA",NEPEXTO 50MG,Etanercepte,50mg/ml,Injectável,Embalagem contendo seringa pré-cheia de 1ml de utilização única
"AFRO REMEDIES, LDA",HYDROMED,Hidrocortisona succinato de sódio,100mg,Injectável,Embalagem contendo 1 ampola de 10mL
"AFRO REMEDIES, LDA",TESOMED,"Testosterona, enatato",250mg,Injectável,Embalagem contendo 1 ampola de vidro de 4mL e ampola de 1mL
"AFRO REMEDIES, LDA",PROMED,Hidroxiprogesterona caproato,500mg,Injectável,Embalagem contendo 1 ampola de 2ml
"GENERICS & SPECIALITIES, LDA",GENSONE 20,Prednisolona USP,20mg,Comprimidos,Embalagem contendo 10 blisters de 10 comprimidos
"FARMA HOLDINGS, SA",Hydrochlorotiazide tablets bp 25,Hidroclorotiazida,25mg,Comprimidos,Frasco HDPE contendo 1000 comprimidos
"FARMA HOLDINGS, SA",AMILORIDE HYDROCHLORIDE TABLETS USP 5mg,"Amilorido, cloridrato",5mg,Comprimidos,Frasco HDPE contendo 1000 comprimidos
"FARMA HOLDINGS, SA",DARUNAVIR/RITONAVIR TABLETS,Etanolato de Darunavir + Ritonavir,400mg + 50mg,Comprimidos revestidos,Frasco HDPE contendo 60 comprimidos
"MARIA ELISA PHARMACEUTICALS, LDA",AZIMOL,"Salbutamol, sulfato",2mg/5ml,Xarope,Garrafa de vidro ambar de 150ml
MEDIFARMA LDA,LUMERAX 80/480,Artemeter + Lumenfantrina,480mg + 80mg,Comprimido revestido,Embalagem 1x6
"GENERICS & SPECIALITIES, LDA",GENCEF-0,Cefixima,400mg,Comprimido revestido por película,Embalagem contendo 1 blister de 10 Comprimidos
"AFRO REMEDIES, LDA",AFROGRA-10,Tadalafil,10mg,Comprimidos,Embalagem contendo 10x1x4
"AFRO REMEDIES, LDA",AFROGRA-20,Tadalafil,20mg,Comprimidos,Embalagem contendo 10x1x5
"AFRO REMEDIES, LDA",AFROCH,"Hidrocortisona, acetato",1%w/w,Creme,Embalagem contendo 15g
MEDIS FARMACEUTICA LDA,ABACAVIR & LAMIVUDINA,"Abacavir, sulfato + Lamivudina",600mg + 300mg,Comprimido,Embalagem contendo frasco de 30 comprimidos
MEDIS FARMACEUTICA LDA,TRIFEDUO,Ibuprofeno + Paracetamol,200mg + 500mg,Comprimido revestido por película,Embalagem contendo blisters de 20 comprimidos
"MEDIS FARMACEUTICA, LDA",ESTASP®,Rosuvastatina + Ácido Acetilsalicílico,5mg + 100mg,Cápsulas,Embalagem contendo Blister de poliamida/ alumíno/PVC (laminado) de 30 Cápsulas
"MEDIS FARMACEUTICA, LDA",ESTASP®,Rosuvastatina + Ácido Acetilsalicílico,10mg + 100mg,Cápsulas,Embalagem contendo Blister de poliamida/ alumíno/PVC (laminado) de 30 Cápsulas
"MEDIS FARMACEUTICA, LDA",ESTASP®,Rosuvastatina + Ácido Acetilsalicílico,20mg + 100mg,Cápsulas,Embalagem contendo Blister de poliamida/ alumíno/PVC (laminado) de 30 Cápsulas
MAPUTO HEALTHCARE Lda,BISOCOR® 5,"Bisoprolol, fumarato",5mg,Comprimidos,Embalagem contendo 3 blisters de 10 comprimdos
MAPUTO HEALTHCARE Lda,OFRAN® INJECTION,"Ondansetron, Cloridrato",8mg/4ml,solucao para injectavel,Embalagem contenso 6 ampola de 5 ml
"WELLWORTH, LDA",AMBOTEN® SYRUP,Cloridrato de Ambroxol,15mg/ml,Xarope,Embalagem contendo frasco de 100ml
AJUDA MEDICAL LIMITADA,ZEROX 200,Azitromecina dihidratada USP,200mg/5mL,Suspensão Oral,Garrafas de HDPE brancas de 15ml em caixa junto com a inserçao
AJUDA MEDICAL LIMITADA,GLUSCOT,"Metformina, cloridrato",500mg,Comprimidos,Embalagem Alu-PVC blisters 10x10
AJUDA MEDICAL LIMITADA,MAGMEN,Trihidrato de Amoxicilina USP + Clavulanato de potassio BP,625mg,Comprimidos,Blister Alu-Alu A embalagem de 10x10 comprimidos
AJUDA MEDICAL LIMITADA,SCOMINE,"Clorferamina, maleato",2mg/5mL,Xarope,100ml  de garrafa pet redonda PET ambar
"WELLWORTH, LDA",DESODIN® TABLET,Desloratadina,5mg,Comprimidos,Embalagem contendo 5 blisters de 10 comprimidos
"WELLWORTH, LDA",ALZOL®-DS CHEWABLE TABLET,Albendazol,400mg,Comprimido mastigável,Embalagem contendo 5 blisters PVDC-ALU  de 10 comprimidos
MEDIS FARMACEUTICA LDA,URINORM,Febuxostato,80mg,Comprimidos,Embalagem contendo 2 blisters de 14 comprimidos
"AFRO REMEDIES, LDA",MICONAFRO,"Miconazol, Nitrato",2%w/w,Creme,Embalagem contenso bisnaga de 15g
"AFRO REMEDIES, LDA",AFRODONE,Iodopovina,0,Pomada,Embalagem contenso bisnaga de 30g
"AFRO REMEDIES, LDA",KITOFRO,Ketoconazol,2%w/w,Creme,Embalagem contenso bisnaga de 30g
"AFRO REMEDIES, LDA",RELEFRO,Diclofenac Sodico,1%w/w,Gel,Embalagem contendo 30g
ENTERPRISE SOLUTIONS LDA,MEROP-ES,Meropenem trihidrato,1g,Pó para solução Injectável,Embalagem contendo 1 frasco de 10
ENTERPRISE SOLUTIONS LDA,AMPICES,Ampicilina,500mg,Injectável,Embalagem contendo 1 frasco de 10
"WELLWORTH, LDA","OCUMOX EYE DROPS 0,5%","Moxifloxacina, cloridrato",0.5% (5mg/ml),Solução oftálmica,Embalagem contendo frasco de 5mL
MDS - Medicamento e Diagnóstico na Saúde S.A,PAROXETINA GENERIS 20mg,Paroxetina,20mg,Comprimido revestido por pelicula,Embalagem contendo 60 comprimido
"ACE HEALTH CARE, LDA",(Kit para H. Pylori),Tinidazol + Claritromicina + Lansoprazol,500mg + 250mg + 30mg,Cápsulas,Embalagem combinada contendo 2 cápsulas
"ACE HEALTH CARE, LDA",SEFIMEX DT 100mg,"Cefixima, anidra",100mg,Comprimidos dispersíveis,Embalagem contendo 10x1x10 comprimidos
"ACE HEALTH CARE, LDA",SEFIMEX DT 200mg,"Cefixima, anidra",200mg,Comprimidos dispersíveis,Embalagem contendo 10x1x10 comprimidos
"ACE HEALTH CARE, LDA",SEFIMEX DT 400mg,"Cefixima, anidra",400mg,Comprimidos dispersíveis,Embalagem contendo 10x1x10 comprimidos
"ACE HEALTH CARE, LDA",RIVATAS,Rivaroxabana,10mg,Comprimidos revestidos por película,Embalagem contendo 2 blisters de 14 comprimidos
"ACE HEALTH CARE, LDA",RIVATAS,Rivaroxabana,15mg,Comprimidos revestidos por película,Embalagem contendo 2 blisters de 14 comprimidos
"ACE HEALTH CARE, LDA",RIVATAS,Rivaroxabana,20mg,Comprimidos revestidos por película,Embalagem contendo 2 blisters de 14 comprimidos
"ACE HEALTH CARE, LDA",ACECLAV 1.2g,Amoxicilina + Ácido Clavulânico,1000mg + 200mg,Pó para injectável,Embalagem contendo frasco de vidro transparente 20ml
"ACE HEALTH CARE, LDA",ACE-CYCLINE,"Tetraciclina, Cloridrato",1%w/w,Pomada Oftálmica,Bisnaga de 5g
"ACE HEALTH CARE, LDA",SEFIMEX DS,Cefixima Anidra,100mg/5mL,Suspensão oral,Embalagem contendo frasco de 100mL
"ACE HEALTH CARE, LDA",ACECLAV 228.5,Amoxicilina + Ácido Clavulânico,(200mg + 28.5mg)/5mL,Pó para suspensão oral,Embalagem contendo 1x12 saquetas
"MEDIFARMA, LDA",FLAGTUBATE,"Suxametónio, cloreto",50mg/mL,Solução injectável,Embalagem contendo frasco de 10mL e ampolas de 2mL
MEDIFARMA LDA,STOPDOR®,Paracetamol,120mg/5mL,Xarope,Embalagem contendo frasco de 100mL
"FARMACEUTICA AUSTRAL, LDA",STOPDOR®,Paracetamol,500mg,Comprimido,Embalagem contendo de 20 comprimidos
"NEOPHARMA, LDA",RIFAPENTINE AND ISONIAZID TABLETS 300mg/300mg,Rifapentina + Isoniazida,300mg + 300mg,Comprimido revestido por película,"Embalagem contendo 10x10, 3x12, 1X10, 1X12 e 2x14"
"NEOPHARMA, LDA",RIFAPENTINE TABLETS 300mg,Rifapentina,300mg,Comprimido revestido por película,"Embalagem contendo 10x10, 3x12, 2x14, 12x10 comprimidos"
"ACE HEALTH CARE, LDA",ACECLAV 457,Amoxicilina + Ácido Clavulânico,400mg + 57mg,Pó para suspensão oral,Embalagem contendo 12 saquetas
"ACE HEALTH CARE, LDA",ACECLAV 625,Amoxicilina + Ácido clavulanico,500mg + 125mg,Pó para suspensão oral,Embalagem contendo 12 saquetas
"GENERICS & SPECIALITIES, LDA",ADRIB,"Doxorrubicina, hidrocloreto",10mg,Pó liofilizado para Injecção,1x50 frascos
"WELLWORTH, LDA",TERBEX CREAM,Cloridrato de terbinafina,10mg,Creme,Tubo de 5g
"FARMA HOLDINGS, SA",FEMOM SUSPENSION,Ascorbato ferroso + Acido folico,30mg + 550mg,Suspensao oral,Frasco PET de cor ambar de 100ml e 150ml
"FARMA HOLDINGS, SA",NOFIVA,Paracetamol,120mg/5mL,Solucao oral,Frasco de cor ambar de 100mL
"FARMA HOLDINGS, SA",DROCORT 1% CREAM,Acetato de hidrocortisona,1%p/p,Creme,Tubo de alumínio de 15g
"FARMA HOLDINGS, SA",AGIFEN,Ibuprofeno,100mg/5mL,Suspensão oral,Frasco PET ambar de 100mL
"GENERICS & SPECIALITIES, Lda",NEOMAG - D,Neomicina + Dexametasona,"0.55W/V + 0,1%W/V",Solucao oftalmica,Frasco de 10ml
"GENERICS & SPECIALITIES, Lda",GENFULVIN,Griseofulvina,500mg,Comprimidos,Embalagem contendo 10 blisters de 10 comprimidos
"WELLWORTH, LDA",DOLUTEGRAVIR + EMTRICITABINE AND TENOFOVIR ALAFENAMIDE TABLETS 50MG/200MG/25MG,"Dolutegravir + Emtricitabine  + Tenofovir, alafenamide",50mg + 200mg + 25mg,Comprimidos,Frasco HDPE de 30  comprimidos
"ORBIS PHARMA, LDA",FEBURISE 40,Febuxostato,40mg,Comprimido revestido por película,Embalagem contendo blisters de 3x10 Comprimidos
"ORBIS PHARMA, LDA",FEBURISE 80,Febuxostato,80mg,Comprimido revestido por película,Embalagem contendo blisters de 3x10 Comprimidos
"FARMA HOLDINGS, SA",BETACYCLIC OINTMENT,Dipropionato de betametasona + Acido salicilico,"0,5mg + 30mg",Pomada,Tubo dobravel de aluminio de 15g
"AFRI FARMÁCIA, LDA",DAWASOLONA SOLUCAO ORAL,Prednisolona fosfato de sodio,5mL,Solucao oral,Garrafa de 60mL
"AFRI FARMÁCIA, LDA",JUNIOR ZINC TABLETS,Monohidrato de sulfato de zinco,20mg,Comprimido revestido,Embalagem contendo 10 blisters de 10 comprimidos
"AFRI FARMÁCIA, LDA",TRASTUREL® 150,Trastuzumab,150mg,Pó liofilizado estéril,Frasco de dose única de 10mL
DKT MOZAMBIQUE,"INTIMO PROGEST 0,03MG COMPRIMIDOS",Levonorgestrel,"0,03mg",Comprimidos,Embalagem de 3x28 comprimidos
"FARMA HOLDINGS, SA",CARBAMAZEPINE TABLETS BP 200MG,Carbamazepina,200mg,Comprimidos,"Embalagem contendo 10 blisters PVC/Alumínio de 10 comprimidos, Frasco HDPE de 500 e 1000 comprimidos"
"MINDU MÉDICA, LDA",CEFEPIME,Cefepima,1g,Pó para Injecção,1 Frasco de 10mL + 2 ampolas de 5mL com água para injecção
"MINDU MÉDICA, LDA",CEFZIM,Ceftazidima,1g,Pó para Injecção,2 Frasco de 10mL + 2 ampolas de 5mL com água para injecção
"AFRI FARMÁCIA, LDA",TRASTUREL® 440,Trastuzumab,440mg,Pó estéril liofilizado,Embalagem contendo frasco de 20mL
"ORBIS PHARMA, Lda",VELVEXONE®  1G IV,Ceftriaxona,1000mg/10ml,Po e solvente para solucao injectavel,Embalagem contendo 1 frasco de po e 1 uma ampola de solvente
"NEOPHARMA, LDA",ISONIAZID TABLETS BP,Isoniazida,300mg,Comprimidos,Embalagem contendo 24 Blisters de 28 comprimidos  embalagem de 100 comprimidos
MDS - Medicamento e Diagnóstico na Saúde S.A,TRAMADOL + PARACETAMOL AUROVITAS,Tramadol + Paracetamol,"37,5mg + 325mg",Comprimido revestido por pelicula,Embalagem em blisters contendo 20 comprimidos
"HEDERA, LDA",UNI VIR®,Aciclovir,250mg,Pó liófilizado para solução injectável,Embalagem contendo 5 ampolas
"HEDERA, LDA",VODOL®,Nitrato de miconazol,20mg/g,Creme,Bisnaga de alumínio de 28g
MISSIONPHARMA MOÇAMBIQUE,CIPROFLOXACINA COMPRIMIDOS USP,"Ciprofloxacina, hidrocloreto",250mg,Comprimidos,Frasco de 100 comprimidos
"AFRI FARMÁCIA, LDA",SAIS DE REHIDRATAÇÃO ORAL,Sais de Rehidratação Oral,"27,9g",Po para solucao oral,Embalagem contendo 25 saquetas
"AFRI FARMÁCIA, LDA",SAIS DE REHIDRATAÇÃO ORAL,Sais de Rehidratação Oral,"20,5g",Po para solucao oral,Embalagem contendo 25 saquetas
"AFRI FARMÁCIA, LDA",DOXICICLINA,Doxiciclina,100mg,Cápsulas,Embalagem contendo 10 blisters de 10 comprimidos
"AFRI FARMÁCIA, LDA",CIPROFLOXACINA COMPRIMIDOS USP 250MG,Ciprofloxacina,250mg,Comprimidos revestidos por pelicula,Embalagem contendo frasco HDPE de 100 comprimidos
"AFRI FARMÁCIA, LDA",CO-TRIMOXAZOLE TABLETS BP 480MG,Sulfametoxazol + Trimetoprim,400mg + 80mg,Comprimido,Frasco de 1000 comprimidos
"AFRI FARMÁCIA, LDA",PENICILINA PROCAÍNA PARA INJEÇÃO 3.000.000 IU (3G),Penicilina Procaina para injectavel,3000000 UI,Pó para injecção,Frasco de 20ml
"AFRI FARMÁCIA, LDA",ALUMINIUM HYDROXIDE CHEWABLE BP 500MG,Hidróxido de alumínio,500mg,Comprimidos mastigáveis,Frasco HDPE de 100 comprimidos
"AFRI FARMÁCIA, LDA",AZITHROMYCIN TABLETS USP 500MG,Azitromicina,500mg,Comprimidos,Embalagem contendo 10 blisters de 10 comprimidos
"AFRI FARMÁCIA, LDA",AMINOPHYLINE TABLETS BP 100MG,Aminofilina,100mg,Comprimidos,Embalagem contendo 10 blisters de 10 comprimidos
"AFRI FARMÁCIA, LDA",CLOTRIMAZOL COMPRIMIDOS VAGINAL USP 500mg,Clotrimazol,500mg,Comprimidos vaginais,Embalagem contendo 5 blisters de 5 comprimidos com aplicadores
"GENERICS & SPECIALITIES, Lda",ADREA 500,Hidroxiureia 500mg,500mg,Cápsulas,Embalagem contendo 10 blisters de 10 capsulas
"MEDIS FARMACEUTICA, LDA",DOLUTEGRAVIR SÓDICO COMPRIMIDOS 50mg,Dolutegravir sódico,50mg,Comprimidos revestidos por película,Frasco de 30 Comprimidos
"GENERICS & SPECIALITIES, LDA",ASTHAGEN,"Salbutamol, sulfato",100mcg,Aerossol,Embalagem contendo frasco de 200 doses
"LUA REALFARMA, LDA",ZISROCIN,Azitromicina,100mg/5mL,Pó para Suspensão Oral,Frasco de 30ml
"LUA REALFARMA, LDA",ZISROCIN,Azitromicina,500mg,Cápsulas,Embalagem contendo blister de 3 Cápsulas de gelatina
"LUA REALFARMA, LDA",HELI-CURE,Claritromicina + Omeprazol + Tinidazol,250mg + 20mg + 500mg,Comprimidos,Embalagem contendo 14 comprimidos
"LUA REALFARMA, LDA",ARTHINEUR,Diclofenac sódico + Vitamina B1 + Vitamina B6 + Vitamina B12,"50mg + 50mg + 50mg + 0,25mg",Cápsulas,Embalagem contendo  blister de 3 Cápsulas
"GENERICS & SPECIALITIES, Lda",DEXAGEN,"Dexametasona, fosfato de sodio USP",4mg/mL,Injectável,Embalagem contendo 10 Ampolas de vidro de 2 ml
"AFRI FARMÁCIA, LDA",ADRENALINA INJECTÁVEL BP,Adrenalina,1mg/mL (1:1000 ),Injectável,Embalagem contendo 5 Ampolas de vidro ambar tipo I de 1mL
"AFRI FARMÁCIA, LDA",CLOTRIMAZOL CREME BP 1% W/W,Clotrimazol,1%w/w,Creme,Tubo laminado de 30 g
"AFRI FARMÁCIA, LDA",METRONIDAZOL BP 250,Metronidazol BP,250mg,Comprimido,Frasco HDPE de 25 capsulas
"AFRI FARMÁCIA, LDA",PRAZIQUANTEL TABLETS,Praziquantel USP,600mg,Comprimidos,Frasco de 30 comprimidos
"AFRI FARMÁCIA, LDA",IBUPROFENO,Ibuprofeno,400mg,Comprimido,Frasco HDPE de 100 comprimidos
"AFRI FARMÁCIA, LDA",CLORFENIRAMINA BP,Clorfeniramina,4mg,Comprimidos,Frasco HDPE 500 comprimidos
"AFRI FARMÁCIA, LDA",BENZOATO DE BENZILO LOÇÃO BP 25%,Benzoato de benzilo,25%w/v,Loção,frasco de 100ml
"FARMA HOLDINGS, SA",ABACAVIR TABLETS,"Abacavir, sulfato",300mg,Comprimidos,Frasco PEAD contendo 60 comprimdos
"WELLWORTH, LDA",ALLYGEST TABLETS,Alilestrenol,5mg,Comprimidos,Embalagem contendo 3x10 comprimidos
"GENERICS & SPECIALITIES, Lda",GENCORT,"Hidrocortisona, succinato de sódio",100mg,Injectável,Embalagem contendo
"GENERICS & SPECIALITIES, LDA",GENPARIN INJECTION,"Heparina, sódica",25000UI/5mL,Injectável,Embalagem contendo 5 ampolas de 5mL
"GENERICS & SPECIALITIES, LDA",GENCEF - S,Cefixima,100mg/5mL,Suspensão oral,Embalagem contendo frasco de vidro de 50mL
HEALTHSCIENCE FARMACEUTICA LDA,OMPAC,Omeprazol,20mg,Cápsulas,Embalagem contendo 10 blisters Alu Alu de 10 cápsulas
HEALTHSCIENCE FARMACEUTICA LDA,APTIPON,"Ciproheptadina, cloridrato",4mg,Comprimidos,Embalagem contendo 10 blisters de 10 comprimidos
"AFRO REMEDIES, LDA",GENFRO,"Gentamicina, sulfato USP",40mg/ml,Injectável,Ampola 25 x 2ml
"AFRO REMEDIES, LDA",DEXAMFRO,"Dexametasona,  fosfato sódico",4mg/mL,Injectável,25 Ampolas de 2mL
ENTERPRISE SOLUTIONS LDA,IBUPRES,Ibuprofeno,400mg,Comprimidos,Embalagem contendo 10 blisters de 10 comprimidos
ENTERPRISE SOLUTIONS LDA,CEFEP-ES,"Cefepima, cloridrato Usp",1g,Injectável,Embalagem contendo uma 10 ampolas
"FARMA HOLDINGS, SA",ATENOLOL TABLETS BP 100mg,Atenolol,100mg,Comprimidos revestidos,"Blister 10x10 comprimidos, Frasco HDPE contendo 500 e 1000 comprimidos"
"FARMA HOLDINGS, SA",CHEWABLE ALUMINIUM HYDROXIDE TABLETS BP 500 MG,Hidróxido de alumínio,500mg,Comprimidos mastigáveis,Blister de 3 comprimidos; Frasco HDPE contendo 500 e 1000 comprimidos
"FARMA HOLDINGS, SA",PYRIDOXINE TABLETS BP 50MG,"Piridoxina, cloridrato",50mg,Comprimidos,Embalagem contendo 10 Blisters de 10 comprimidos; Frasco HDPE contendo 500 e 1000 comprimidos
"FARMA HOLDINGS, SA",HYOSCINE BUTYLBROMIDE TABLETS BP 10mg,"Hioscina, butilbrometo",10mg,Comprimidos revestidos,Embalagem contendo 10 Blisters de 10 comprimidos; Frasco HDPE contendo 500 e 1000 comprimidos
"FARMA HOLDINGS, SA",CHLORANPHENIRAMINE TABLETS BP,"Clorfeniramina, maleato",4mg,Comprimidos revestidos,Embalagem contendo 10 Blisters de 10 comprimidos; Frasco HDPE contendo 500 e 1000 comprimidos
"FARMA HOLDINGS, SA",MULTIVITAMIN TABLETS,Vitamina B1 + Vitamina B2 + Vitamina B3 + Vitamina B6 + Vitamina B5 + Vitamina A + Vitamina D3,"0,5mg + 0,1mg + 5.0mg + 0,1mg + 1,0mg + 200UI + 200UI",Comprimidos,Embalagem contendo 10 Blisters de 10 comprimidos; Frasco HDPE contendo 500 e 1000 comprimidos
MEDIFARMA LDA,COTRIMOL 800/160,Sulfametoxazol + Trimetoprim,800mg + 160mg,Comprimdos não revestidos,"Embalagens contendo 10x10 frascos de 100, 500 e 100 Comprimidos"
"AFRI FARMÁCIA, LDA",ZEVID-D EYE DROP,Ofloxacina + Dexametasona fosfato Sódico,"0,3% W/v + 0,1% W/v",Gotas oftálmicas/auriculares,Frasco de 10ml
"AFRI FARMÁCIA, LDA",ZEVID EYE DROP,Ofloxacina,"0,3% w/v",Solução oftálmica,Frasco de 10ml
"AFRO REMEDIES, LDA",NURVOMED FORTE,Metilcobalamina + Cloridrato de Piridoxina + Niacinamida + Acido Folico,"1500mg + 100mg + 100mg + 1,5mg",Injectavel,10 ampolas de 2ml
"AFRO REMEDIES, LDA",DICOFRO,Diclofenac Sódico,75mg/3ml,Injectável,5 ampolas de 3ml
"FARMA HOLDINGS, SA",MEBENDAZOLE TABLETS 100mg,Mebendazol,100mg,Comprimidos mastigáveis,Embalagem contendo 10 blisters de 10 comprimidos
"GENERICS & SPECIALITIES, LDA",KETOGEN CREME,Cetoconazol,2% p/p,Creme,Embalagem contendo bisnaga de 10g
"GENERICS & SPECIALITIES, LDA",RIVFOL-5,Acido Folico,5mg,Comprimido,Embalagem contendo 10 blisters de 10 comprimidos
"GENERICS & SPECIALITIES, LDA",AXAPARA,Paracetamol,1%p/v,Infusão intravenosa,Embalagem contendo 100ml
"GENERICS & SPECIALITIES, LDA",GENMOX 500,"Amoxicilina, Tri-hidratada",500mg,Cápsulas,Embalagem contendo 10 blisters de 10 cápsulas
"GENERICS & SPECIALITIES, LDA",AXACIP,Ciprofloxacina,200mg/100mL,Injectável,Frasco LDPE de 100mL
MDS - Medicamento e Diagnóstico na Saúde S.A,RAMIPRIL GENERIS®,Ramipril,"1,25mg",Cápsulas,Blisters de 56 Cápsulas
MDS - Medicamento e Diagnóstico na Saúde S.A,RAMIPRIL GENERIS®,Ramipril,"2,5mg",Cápsulas,Blisters de 56 Cápsulas
MDS - Medicamento e Diagnóstico na Saúde S.A,RAMIPRIL GENERIS®,Ramipril,5mg,Cápsulas,Blisters de 56 Cápsulas
MDS - Medicamento e Diagnóstico na Saúde S.A,RAMIPRIL GENERIS®,Ramipril,10mg,Cápsulas,Blisters de 56 Cápsulas
"MEDIS FARMACÊUTICA, LDA",AQUZON-SP,"Amodiaquina, hidrocloreto + Sulfadoxina + Pirimetamina",153mg + 500mg + 25mg,Comprimidos dispersíveis,Embalagem contendo 50 blisters (3 Comprimidos dispersíveis de amodiaquina + 1 Comprimido dispersível de Sulfadoxina + Pirimetamina)
"MEDIS FARMACÊUTICA, LDA",AQUZON-SP KID,"Amodiaquina, hidrocloreto + Sulfadoxina + Pirimetamina","76,5mg + 250mg + 12,5mg",Comprimidos dispersíveis,Embalagem contendo 50 blisters (3 Comprimidos dispersíveis de amodiaquina + 1 Comprimido dispersível de Sulfadoxina + Pirimetamina)
"AFRI FARMÁCIA, LDA",IMMUNOREL,Imunoglobulina Humana,2.5g,Solução para infusão,50 e 100mL
"AFRI FARMÁCIA, LDA",IMMUNOREL,Imunoglobulina Humana,5g/100mL (5%),Solução para infusão,50 e 100mL
"AFRI FARMÁCIA, LDA",LOSAN 50,Losartan Potássico,50mg,Comprimidos,Embalagem contendo 10 blisters ALU/PVC de 10 Comprimidos
"AFRI FARMÁCIA, LDA",VOMNIL,Domperidona,10mg,Comprimidos,Embalagem contendo blisters Alu/ PVC de 10 x 10 Comprimidos
"AFRI FARMÁCIA, LDA",RIFAPENTINE TABLETS 300mg,Rifapentina,300mg,Comprimido revestido por película,Embalagem contendo 3 blisters de 12 Comprimidos
"AFRI FARMÁCIA, LDA",MILTEFOSINA CAPSULAS 50mg,Miltefosina,50mg,Cápsulas,Embalagem contendo 4 blisters de 14 Cápsulas
"GENERICS & SPECIALITIES, LDA",VANCOGEN,"Vancomicina, cloridrato",250mg,Injectável,Embalagem contendo 1 x 10 frascos
"GENERICS & SPECIALITIES, LDA",DOPASCOT,"Dopamina, cloridrato",40mg/mL,Injectável,Embalagem contendo 1 ampola de 5mL
"GENERICS & SPECIALITIES, LDA",LUPRODEX 3.75 (DEPOT),"Leuprorrelina, Acetato","3,75mg",Pó liofilizado para solução Injectável,Embalagem contendo 1 ampola de 2mL
"GENERICS & SPECIALITIES, LDA",LIDOGEN-I,"Lidocaina, cloridrato",20mg/mL,Injectável,Embalagem contendo 1 frasco multidose de 20mL
"GENERICS & SPECIALITIES, LDA",CEDOR-S,Paracetamol,120mg/5mL,Suspensão oral,Embalagem contendo 1 frasco de 100mL
"GENERICS & SPECIALITIES, LDA",GENCOL I,"Cloranfenicol, Succinato Sódico",1g,Pó para Injecção,Embalagem contendo 1 frasco de 20ml
"GENERICS & SPECIALITIES, LDA",LIDOGEN,"Lidocaina, cloridrato",2% p/p,Gel,Embalagem contendo 1 bisnaga de 30g
"ACE HEALTH CARE, LDA",TACLIS® 60,Ticagrelor,60mg,Comprimidos,Embalagem contendo 3 x 10 comprimidos
"ACE HEALTH CARE, LDA",TACLIS® 90,Ticagrelor,90mg,Comprimidos,Embalagem contendo 3 x 10 comprimidos
"LUSOFARMA, LDA",SUPERBIOTIC 625,Amoxicilina + Clavulanato de Potássio,500mg + 125mg,Comprimidos revestidos,Embalagem contendo 2 blisters x 8 comprimidos
"LUSOFARMA, LDA",SUPERBIOTIC 400,Amoxicilina + Clavulanato de Potássio,400mg + 57mg,Pó para Suspensão Oral,Embalagem contendo 1 frasco de 100mL
"LUSOFARMA, LDA",SUPERBIOTIC 250,Amoxicilina + Clavulanato de Potássio,"250mg + 62,5mg",Pó para Suspensão Oral,Embalagem contendo 1 frasco de 100mL
"LUSOFARMA, LDA",SUPERBIOTIC 125,Amoxicilina + Clavulanato de Potássio,"125mg + 31,25mg",Suspensão oral,Embalagem contendo 1 frasco de 100mL
"LUSOFARMA, LDA",SUPERBIOTIC 1000,Amoxicilina + Clavulanato de Potássio,875mg + 125mg,Comprimidos revestidos,Embalagem contendo 2 blisters x 8 comprimidos
"GENERICS & SPECIALITIES, LDA",VANCOGEN,"Vancomicina, cloridrato",500mg,Injectável,Embalagem contendo 1 x 10 frascos
"GENERICS & SPECIALITIES, LDA",VANCOGEN,"Vancomicina, cloridrato",1000mg,Injectável,Embalagem contendo 1 x 10 frascos
"GENERA, LDA",SINVASTATINA GERMED,Sinvastatina,20mg,Comprimidos revestidos por Película,Embalagem contendo 60 comprimidos
"FARMACÊUTICA AUSTRAL, LDA","CARVEDI-DENK 6,25",Carvedilol,"6,25mg",Comprimidos,Embalagem contendo 10 comprimidos
"FARMACÊUTICA AUSTRAL, LDA",CARVEDI-DENK 25,Carvedilol,25mg,Comprimidos,Embalagem contendo 10 comprimidos
"EUROFARMA MOÇAMBIQUE, LDA",LEVETIRACETAM,Levetiracetam,500mg,Comprimidos revestidos,"Embalagem contendo 15, 30, 60 e 90 comprimidos"
"EUROFARMA MOÇAMBIQUE, LDA",LEVETIRACETAM,Levetiracetam,1000mg,Comprimidos revestidos,"Embalagem contendo 15, 30, 60 e 90 comprimidos"
"EUROFARMA MOÇAMBIQUE, LDA",DICLORIDRATO DE TRIMETAZIDINA,Dicloridrato de Trimetazidina,35mg,Comprimidos revestidos de libertação Prolongada,"Embalagem contendo 8, 10,  15, 20,  30, 50, 60 ou 100 comprimidos"
"EUROFARMA MOÇAMBIQUE, LDA",VASCOR MR,Dicloridrato de Trimetazidina,35mg,Comprimidos revestidos de libertação Prolongada,"Embalagem contendo blister de 8, 10,  15, 20,  30, 50, 60 ou 100 comprimidos"
"FARMACEUTICA AUSTRAL, LDA",DICLODOR ®,Diclofenac sódico,10mg/g,Gel,Embalagem contendo bisnaga de 100g
"MEDIFARMA, LDA",QUICK®,"Sildenafil, citrato",100mg,Gel oral,Embalagem contendo 3 saquetas de 5g
"MARIA ELISA PHARMACEUTICALS, LDA",NEOBAC,"Neomicina, sulfato + Bacitracina",5mg + 500IU,Pomada,Embalagem contendo bisnaga de 30g
"MARIA ELISA PHARMACEUTICALS, LDA",TIMOLOL,"Timolol, maleato",5mg/mL (0.5%),Colírio,Frasco plástico de 5mL
"MARIA ELISA PHARMACEUTICALS, LDA",PROCETZ,"Cetirizina, cloridrato",10mg,Comprimido revestido por película,Embalagem contendo blisters de folhas de Alumínio/PVC de 2x10 Comprimidos revestidos por película
"MARIA ELISA PHARMACEUTICALS, LDA",GLUKOZE,"Glicose, anidra",5% (5g/100mL),Solução para infusão,Garrafa plástica de 500mL
"MARIA ELISA PHARMACEUTICALS, LDA",CLODERM 1%,Clotrimazol,"0,01g/1g (1%)",Creme,Tubo de alumínio de 30g
"MARIA ELISA PHARMACEUTICALS, LDA",CLEANEYES,"Tetraciclina, cloridrato",10mg/1g (1%),Pomada oftálmica,Bisnaga de 5g
MEDIMPORT LDA,VILDAGLIPTINA BLUEPHARMA,Vildagliptina,50mg,Comprimidos revestidos por película,Embalagem contendo blisters de 56 Comprimidos revestidos por película
MEDIMPORT LDA,METFORMINA + VILDAGLIPTINA BLUEPHARMA,"Metformina, hidrocloreto + Vildagliptina",850mg+50mg,Comprimidos revestidos por película,Embalagem contendo blisters de 60 Comprimidos revestidos por película
MEDIMPORT LDA,METFORMINA + VILDAGLIPTINA BLUEPHARMA,"Metformina, hidrocloreto + Vildagliptina",1000mg+50mg,Comprimidos revestidos por película,Embalagem contendo blisters de 60 Comprimidos revestidos por película
MEDIMPORT LDA,EPLERENONA BLUEPHARMA,Eplerenona,25mg,Comprimidos revestidos por película,Embalagem contendo blisters de 30 Comprimidos revestidos por película
MEDIMPORT LDA,EPLERENONA BLUEPHARMA,Eplerenona,50mg,Comprimidos revestidos por película,Embalagem contendo blisters de 30 Comprimidos revestidos por película
"WELLWORTH, LDA",ETORIX®90,Etoricoxibe,90mg,Comprimidos revestidos por película,Embalagem contendo blisters ALU-PVC de 30 Comprimidos revestidos por película (3X10)
"WELLWORTH, LDA",ETORIX®60,Etoricoxibe,60mg,Comprimidos revestidos por película,Embalagem contendo blisters ALU-PVC de 40 Comprimidos revestidos por película (4X10)
"WELLWORTH, LDA",ETORIX®120,Etoricoxibe,120mg,Comprimidos revestidos por película,Embalagem contendo blisters ALU-PVC de 20 Comprimidos revestidos por película (2X10)
"WELLWORTH, LDA",CARDOBIS® 5,"Bisoprolol, fumarato",5mg,Comprimidos revestidos por película,Embalagem contendo blisters ALU-PVC de 30 Comprimidos revestidos por película (3x10)
"FARMACÊUTICA AUSTRAL, LDA",CLOPI-DENK 75,Clopidogrel,75mg,Comprimidos revestidos por película,Embalagem contendo blisters ALU-PVC de 30 Comprimidos revestidos por película (3x10)
"EUROFARMA MOÇAMBIQUE, LDA",VÓRIC,"Trometamol, cetorolaco",10mg,Comprimidos revestidos por película,"Embalagem contendo 4, 5, 10, 20 e 30 Comprimidos revestidos por película"
"EUROFARMA MOÇAMBIQUE, LDA",TROMETAMOL CETOROLACO,"Trometamol, cetorolaco",10mg,Comprimido sublingual,"Embalagem contendo 4, 5, 10, 20 e 30 Comprimidos revestidos por película"
"EUROFARMA MOÇAMBIQUE, LDA",ANTARA®,Levetiracetam,500mg,Comprimidos revestidos por película,"Embalagem contendo 15, 30, 60 ou 90 Comprimidos revestidos por película"
"EUROFARMA MOÇAMBIQUE, LDA",ANTARA®,Levetiracetam,1000mg,Comprimidos revestidos por película,"Embalagem contendo 15, 30, 60 ou 90 Comprimidos revestidos por película"
"BPHARMA, LDA",AVISTOR 10,"Atorvastatina, cálcica trihidratada",10mg,Comprimidos,Embalagem de 3x10 Comprimidos
"BPHARMA, LDA",AVISTOR 20,"Atorvastatina, cálcica trihidratada",20mg,Comprimidos,Embalagem de 3x10 Comprimidos
TRUCARE UNIPESSOAL LIMITADA,NIFDIPIN,Nifedipina,5mg,Comprimidos revestidos por película,Embalagem contendo blisters ALU-ALU de 60 Comprimidos revestidos por película (6x10)
TRUCARE UNIPESSOAL LIMITADA,CANDICYL,Clotrimazol,2% w/w,Creme vaginal,Bisnaga de Alumínio de 30g
"MEDIS FARMACÊUTICA, LDA",DAPAGLIN 5,Dapagliflozina,5mg,Comprimidos revestidos por película,Embalagem contendo 3 blisters ALU-ALU de 10 Comprimidos revestidos por película
"MEDIS FARMACÊUTICA, LDA",DAPAGLIN 10,Dapagliflozina,10mg,Comprimidos revestidos por película,Embalagem contendo 3 blisters ALU-ALU de 10 Comprimidos revestidos por película
"MEDIS FARMACÊUTICA, LDA",DAVIRIL® 50,"Sildenafil, citrato",50mg,Comprimido orodispersível,Embalagem contendo 1 blister ALU-ALU de 4 Comprimidos orodispersíveis
"MEDIS FARMACÊUTICA, LDA",DAVIRIL® 100,"Sildenafil, citrato",100mg,Comprimido orodispersível,Embalagem contendo 1 blister ALU-ALU de 4 Comprimidos orodispersíveis
DKT MOZAMBIQUE,PHEM-28,Levonorgestrel + Etinilestradiol & Fumarato ferroso,"0,15mg + 0,03mg & 75mg",Comprimidos,Embalagem contendo 3 blisters PVC/PVDC-ALU de 28 Comprimidos (21 Comprimidos activos + 7 comprimidos de fumarato ferroso)
"GENERICS & SPECIALITIES, LDA",FLUFEN-25,"Flufenazina, decanoato",25mg/mL,Injecção líquida,Embalagem contendo blisters de 10x1 ampolas
"GENERICS & SPECIALITIES, LDA",METAGEN-S,Metoclopramida,5mg/5mL,Xarope,Frasco de 50mL
"GENERICS & SPECIALITIES, LDA",LOXOGEN,Fluoxetina,20mg,Cápsulas,Embalagem contendo blisters de 10x10 Cápsulas
"MARIA ELISA PHARMACEUTICALS, LDA",ASEBACT,"Dexametasona, fosfato dissódico + Neomicina, sulfato",1.5mg + 5 mg,Creme,Tubo de alumínio de 15g
"MARIA ELISA PHARMACEUTICALS, LDA",LIDOKAINE,"Lidocaína, cloridrato",20mg,Injectável,Embalagem contendo 10 ampolas de vidro de 2mL
"MARIA ELISA PHARMACEUTICALS, LDA",PROAMLO,"Amlodipina, besilato",5mg,Comprimidos,Embalagem contendo blisters de PVC/Alumínio de 3x10 Comprimidos
"MARIA ELISA PHARMACEUTICALS, LDA",TRAMADOL,"Tramadol, cloridrato",50mg,Cápsulas,Embalagem contendo blisters de PVC/Alumínio de 2x10 Cápsulas
"MARIA ELISA PHARMACEUTICALS, LDA",KLORAMFENIKOL,Cloranfenicol,5mg/mL (0.5%),Colírio,Frasco de 10mL
TRUCARE UNIPESSOAL LIMITADA,DAVIBROM ENFANTS,"Bromexina, cloridrato",0.8mg/mL,Xarope,Frasco de vidro âmbar de 100mL
TRUCARE UNIPESSOAL LIMITADA,DAVIBROM ADULTOS,"Bromexina, cloridrato",1.6mg/mL,Xarope,Frasco de vidro âmbar de 100mL
TRUCARE UNIPESSOAL LIMITADA,DAVICEF 500,Cefalexina,500mg,Cápsulas,Embalagem contendo blisters PVC transparente de 10x10 Cápsulas
TRUCARE UNIPESSOAL LIMITADA,DAVICILLIN®,Ampicilina,500mg,Cápsulas,Embalagem contendo 12 blisters em PVC transparente de 10 Cápsulas
TRUCARE UNIPESSOAL LIMITADA,FOLEMIA®,Ácido fólico,5mg,Comprimidos,"Embalagem contendo blisters ALU-PVC de 15 Comprimidos, sendo 2 blisters em embalagem individual como encarte"
"AFRI FARMÁCIA, LDA",BEDAQUILINE TABLET 100mg,Bedaquilina,100mg,Comprimidos,"Frasco de 188 Comprimidos, 12x6 Comprimidos, 10x10 Comprimidos e blister de 7x28 Comprimidos"
"BPHARMA, LDA",SANIOMEZ,Omeprazol,20mg,Cápsulas,Embalagem contendo blisters de 10x10 Cápsulas
"FARMACÊUTICA AUSTRAL, LDA",NIFEDI-DENK 10 RETARD,Nifedipina,10mg,Comprimido de Libertação Prolongada,Embalagem de 100 comprimidos
"FARMACÊUTICA AUSTRAL, LDA",CAPTOPRIL DENK 25,Captopril,25mg,Comprimidos revestidos por película,Embalagem de 20 e 100 comprimidos revestidos por película
"FARMACÊUTICA AUSTRAL, LDA",IMPETINE,Mupirocina,20mg/g,Gel,Bisnaga de 10 e 20g
"FARMACÊUTICA AUSTRAL, LDA",PERMETRINA LMP,Permetrina,50mg/g,Gel,Bisnaga de alumínio e tampa de rosca de 30 e 60g
"FARMA HOLDINGS, SA",SYNTOCINON,"Oxitocina, monoacetato",10UI,Solução concentrada para perfusão/ Solução Injectável,Caixa contendo 100 ampolas (10x10) de 1mL
"FARMA HOLDINGS, SA",CONTRASAFE,"Medroxiprogesterona, acetato",150mg/mL,Suspensão para injecção,"Embalagem contendo 1, 25 e 100 frascos de 2mL"
"FARMA HOLDINGS, SA",SYNTOCINON,"Oxitocina, monoacetato",5UI,Solução concentrada para perfusão/ Solução Injectável,Caixa contendo 100 ampolas (10x10) de 1mL
"EUROFARMA MOÇAMBIQUE, LDA",ANTARA,Levetiracetam,100mg/mL,Solução oral,Frasco de 150mL
"EUROFARMA MOÇAMBIQUE, LDA",TURNO XR,"Zolpidem, hemitartarato","6,25mg",Comprimidos revestidos de libertação Prolongada,"Embalagens contendo 10, 14, 20, 30 e 60 Comprimidos"
"EUROFARMA MOÇAMBIQUE, LDA",TURNO XR,"Zolpidem, hemitartarato","12,5mg",Comprimidos revestidos de libertação Prolongada,"Embalagens contendo 10, 14, 20, 30 e 60 Comprimidos"
"EUROFARMA MOÇAMBIQUE, LDA",HEMITARTARATO DE ZOLPIDEM,"Zolpidem, hemitartarato","6,25mg",Comprimidos revestidos de libertação Prolongada,"Embalagens contendo 10, 14, 20, 30 e 60 Comprimidos"
"EUROFARMA MOÇAMBIQUE, LDA",HEMITARTARATO DE ZOLPIDEM,"Zolpidem, hemitartarato","12,5mg",Comprimidos revestidos de libertação Prolongada,"Embalagens contendo 10, 14, 20, 30 e 60 Comprimidos"
"FARMA HOLDINGS, SA",INFARMA SOROS COMPOSTO INFUSÃO INTRAVENOSA DE LACTATO DE SÓDIO BP,"Lactato de Sódio + Cloreto de Sódio + Cloreto de Potássio + Cloreto de Cálcio, dihidratado",(0.320g + 0.6g + 0.040g + 0.027g)/ 100mL,Solução para infusão intravenosa,Embalagem contendo frasco LDPE de 500mL e 1000mL
"FARMA HOLDINGS, SA",INFARMA SOROS CLORETO DE SÓDIO BP (0.9% W/V) - INFUSÃO INTRAVENOSA,Cloreto de Sódio,0.9g/100mL (0.9%),Solução para infusão intravenosa,Embalagem contendo frasco LDPE de 500mL e 1000mL
"FARMA HOLDINGS, SA",INFARMA SOROS GLICOSE INFUSÃO INTRAVENOSA BP (5% W/V),Glicose,5g/100mL (5%),Solução para infusão intravenosa,Embalagem contendo frasco LDPE de 500mL e 1000mL
"MOZ PHARMA, LDA",SUPOFEN,Paracetamol,125mg,Supositórios,Embalagem contendo 12 supositórios
"MOZ PHARMA, LDA",SUPOFEN,Paracetamol,10mg/mL,Solução para perfusão,Embalagem contendo 50 frascos de 100mL
"MOZ PHARMA, LDA",METAMIZOL BASI,"Metamizol, sódico",500mg/mL,Solução Injectável,Embalagem contendo 50 ampolas de 2mL
"MOZ PHARMA, LDA",HIDROXOCOBALAMINA BASI,Hidroxocobalamina,1mg/mL,Solução Injectável,Embalagem contendo 10 ampolas de 1mL
"MOZ PHARMA, LDA",PETIDINA BASI,"Petidina, cloridrato",100mg/2mL,Solução injectável,Embalagem contendo 10 ampolas de 2mL
"TMI - HEALTHCARE, LDA",ZOLMITRIPTANO CICLUM 2.5mg,Zolmitriptano,2.5mg,Comprimidos,Embalagem contendo blister Alu-Alu de 3 e 6 comprimidos
"TMI - HEALTHCARE, LDA",ZOLMITRIPTANO CICLUM 5mg,Zolmitriptano,5mg,Comprimidos,Embalagem contendo blister Alu-Alu de 6 comprimidos
"TMI - HEALTHCARE, LDA",ZOLMITRIPTANO CICLUM ORODISPERSÍVEL 2.5mg,Zolmitriptano,2.5mg,Comprimidos orodispersíveis,Embalagem contendo blister Alu-Alu de 2 e 6 comprimidos orodispersíveis
"TMI - HEALTHCARE, LDA",ZOLMITRIPTANO CICLUM ORODISPERSÍVEL 5mg,Zolmitriptano,5mg,Comprimidos orodispersíveis,Embalagem contendo blister Alu-Alu de 6 comprimidos orodispersíveis
"Orbis Pharma, Lda",MOLIRIN®,Amoxicilina Trihidrata Eq. Amoxicilina (micronizada),250mg/5mL,Pó para Suspensão oral,1 frasco HDPE de 100mL
"Orbis Pharma, Lda",MOLIRIN®,Amoxicilina Trihidrato Eq. Amoxicilina anidra (compactada),500mg,Cápsulas,Blister ALU/PVC de 16 cápsulas
"Orbis Pharma, Lda",GYLDAZOL®,Metronidazol,250mg,Comprimidos revestidos por película,Blister ALU/PVC de 20 Comprimidos
"AFRO REMEDIES, LDA",SILVAFRO,Sulfadiazina de Prata,1% w/w,Creme,Tubo de 30g
"AFRO REMEDIES, LDA",AFROBET-S,Betametasona + Ácido Salicílico,"0,1% w/w+3% w/w",Pomada,Tubo de 20g
"AFRO REMEDIES, LDA",BENZOFRO-S,Ácido Benzóico (Micronizado) + Ácido Salicílico (Micronizado),6 3 % w/w+3 % w/w,Pomada,Tubo de 30g
"AFRO REMEDIES, LDA",AFROTOB-D,Tobramicina + Dexametasona,"0,3% w/w+0,10% w/w",Colírio,Frasco de 10mL embalado numa caixa juntamente com folheto informativo
"AFRO REMEDIES, LDA",AFROBET,Betametasona Dipropionato,"0,05% w/w",Creme USP,Tubo laminado de 30g
"FARMA HOLDINGS, SA",SALBUTAMOL TABLETS BP 2mg,Salbutamol,2mg,Comprimidos,Embalagem contendo blisters de 10x10 Comprimidos
HEALTHSCIENCE FARMACEUTICA LDA,ALBENOX-400,Albendazol,400mg,Comprimidos,Embalagem contendo 1 blister ALU/PVC de 1 Comprimido
HEALTHSCIENCE FARMACEUTICA LDA,ALBENOX,Albendazol,400mg/10ml,Suspensão Oral,Embalagem contendo frasco plástico de cor âmbar e selado com tampas ROPP de cor vermelha
"GENERICS & SPECIALITIES, LDA",PEN-G 500,Fenoximetilpenicilina,500mg,Comprimidos,Embalagem contendo blister de 10x10 Comprimidos
"GENERICS & SPECIALITIES, LDA",GENCIN-I,"Gentamicina, Sulfato",80mg/2mL,Injectável,Ampola de Vidro de 1x2ml
"GENERICS & SPECIALITIES, LDA",DICLOGEN-I,Diclofenac Sódico,75mg/3mL,Injectável,Emalagem contendo uma ampola de 3ml ou 10 ampolasx 200 caixas
"GENERICS & SPECIALITIES, LDA",CEFTAGEN,Ceftazidima,1g,Pó para solução injectável/ Perfusão IV/IM,Embalagem contendo 50 frascos de vidro Tipo II de 10ml
"GENERICS & SPECIALITIES, LDA",GENMOX-S 250,"Amoxicilina, Tri-hidratada",250mg/5mL,Pó para suspensão oral (Xarope seco),"Frasco plástico de HDPE de 100mL, embalado em uma caixa com folheto e copo medidor"
DKT MOZAMBIQUE,AVIBELA®,Levonorgestrel,52mg,Dispositivo Intrauterino,1 por bolsa de Tereftalato de Polietileno
"TMI - HEALTHCARE, LDA",CLIDAN B,Clindamicina + Peróxido de Benzoílo,1%+5%,Gel dérmico,Bisnaga de 30g
"TMI - HEALTHCARE, LDA",BUTOCORT HFA,"Sulfato de Salbutamol + Beclometasona, Dipropionato",120mcg+50mcg,Aerosol para inalação,"Recipiente com 60 doses contendo 3,5g/3ml e 14,5g/12.5ml 250 doses"
"MEDIMESH SOCIEDADE UNIPESSOAL, LDA",AZITROMED-500,Azitromicina,500mg,Comprimido,Blister de Alu-PVC 1x3
MEDIS FARMACEUTICA LDA,FLUCITOCINA COMPRIMIDOS 500mg,Flucitosina,500mg,Comprimido,Frasco de 100 Comprimidos
MEDIS FARMACEUTICA LDA,MONTEMAC 5,Montelucaste Sódico,5mg,Comprimido mastigável,Blister 1x10 & Blister 3x10 Comprimidos mastigáveis embalados numa caixa juntamente como folheto informativo
MEDIS FARMACEUTICA LDA,MONTEMAC 10,Montelucaste Sódico,10mg,Comprimido revestido por película,Blister 1x10 & Blister 3x10 Comprimidos revestidos embalados numa caixa juntamente como folheto informativo
"MEDIMESH SOCIEDADE UNIPESSOAL, LDA",CLORFEMED,Clorfeniramina,4mg,Comprimidos,Blister de Alumínio/PVC 10x10 Comprimidos
"JD PHARMA, LDA",PARACETAMOL,Paracetamol,500mg,Comprimidos,"Blisters de PVC/ALU em caixas de cartão com 20, 60 Comprimidos"
"MARIA ELISA PHARMACEUTICALS, LDA",KIDAMOL,Paracetamol,120mg/5mL,Xarope,Frasco de 120ml
"WELLWORTH, LDA",IRBES 150® TABLETS,Irbesartan,150mg,Comprimidos,Blister de Alu-PVdC 3x10 Comprimidos
"WELLWORTH, LDA",REOMEN® 50,Cloridrato de Clomifeno,50mg,Comprimidos,Blister de Alu-PvdC 4x5 Comprimidos
"WELLWORTH, LDA",ABACAVIR/ DOLUTEGRAVIR/ LAMIVUDINE TABLETS FOR ORAL SUSPENSION,Abacavir+Dolutegravir+Lamivudina,60mg+5mg+30mg,Comprimido dispersível,Frascos de 30 e 90 Comprimidos
"WELLWORTH, LDA",DANAMET® 200,Danazol,200mg,Cápsulas,Blister de 3x10 Comprimidos
"MEDIMESH SOCIEDADE UNIPESSOAL, LDA",DICLOMEGT-50,Diclofenac Sódico,50mg,Comprimidos,Blister de Alu/PVC 10x10 Comprimidos
"MEDIMESH SOCIEDADE UNIPESSOAL, LDA",CIPROFLAXAMED,"Ciprofloxacina, hidrocloreto",500mg,Comprimidos,Blister de Alumínio de 10x10 Comprimidos
"MEDIMESH SOCIEDADE UNIPESSOAL, LDA",AMLODIP-10,"Amlodipina, besilato",10mg,Comprimidos,Blister de Alumínio de 3x10 Comprimidos
"MEDIMOC, SA",MEDIAGRA,"Sildenafil, citrato",50mg,Comprimido revestido por película,Blister de 1x4 Comprimidos
"MEDIMOC, SA",MEDIAGRA-PLUS,"Sildenafil, citrato",100mg,Comprimido revestido por película,Blister de Alu/PVC 1x4 Comprimidos
"MEDIS FARMACÊUTICA, LDA",THYROX 50,Levotiroxina Sódica Anidra,50mcg,Comprimidos,"Embalagem de blister de Alu/Alu de 1x10, 3x10 e 10x10"
"MEDIS FARMACÊUTICA, LDA",THYROX 100,Levotiroxina Sódica Anidra,100mcg,Comprimidos,"Embalagem de blister de Alu/Alu de 1x10, 3x10 e 10x11"
"AFRO REMEDIES, LDA",AFROGENT,Gentamicina sulfato,"0,3% w/w",Colírio,Frasco de 10ml
CROWN PHARMACEUTICAL,STAYLONG,"Sildenafil, citrato",100mg,Comprimido revestido por película,Blister de 1x4 Comprimidos
CROWN PHARMACEUTICAL,MOZCEF 1G,Ceftriaxona,1000mg,Pó para solução Injectável ou para perfusão,Frasco 1x10
"TMI - HEALTHCARE, LDA",FLUTICORT,"Fluticasona, propionato",50mg,Spray nasal,6ml/60 doses
"ACE HEALTH CARE, LDA",ÁGUA ESTERILIZADA PARA INJECÇÃO BP,ÁGUA ESTERILIZADA PARA INJECÇÃO,N/A,Injectável,Caixa com 50 frascos de 10mL
"AFRI FARMÁCIA, LDA",FENOXMETILPENICILINA TABLETS 500mg BP,Fenoximetilpenicilina,500mg,Comprimidos,Frasco HDPE de 500 comprimidos
"AFRI FARMÁCIA, LDA",ÁGUA ESTERILIZADA PARA INJECTÁVEL BP,ÁGUA ESTERILIZADA PARA INJECTÁVEL,10mL,Injectável,Caixa com 25x10 ampolas de 10mL
"AFRI FARMÁCIA, LDA",WAYPRACOOL-ORAL REHYDRATION SALTS,Glucose anidra+Cloreto de Sódio+Citrato de Sódio+Cloreto de Potássio,"20g+3,50g+2,90g+1,5g",Pó para Solução Oral,Pacote de 25 saquetas em polybag
"AFRI FARMÁCIA, LDA",ELECTRORUSH ORS POWDER-20.5 GM,Glucose anidra+Cloreto de Sódio+Citrato de Sódio+Cloreto de Potássio,"13,5g+2,6g+2,9g+1,5g",Pó para Solução Oral,Pacote de 25 saquetas em polybag
"ACE HEALTH CARE, LDA",LACTATO DE RINGER,Lactato de sodio + Cloreto de sódio + Cloreto de Potassio + cloresto de Cálcio,032g + 0.60g + 40mg + 27mg,Solução injectável,frasco de 500mL e 1000mL
"ACE HEALTH CARE, LDA",CLORETO DE SÓDIO,Cloreto de Sódio,0.9g (0.9% w/v),Solução injectável,Frasco de 500mL e 1000mL
TRUCARE UNIPESSOAL LIMITADA,COMBIBROL®,Foruato de Diloxanida + Metronidazol,(250mg + 200mg)/10mL,Suspensão oral,Frasco de 100mL
TRUCARE UNIPESSOAL LIMITADA,COMBIBROL®,Foruato de Diloxanida + Metronidazol,500mg + 400mg,Comprimidos revestidos por película,Embalagem contendo 6 blisters de 10 comprimidos
TRUCARE UNIPESSOAL LIMITADA,ACTIGRIP PLUS,"Paracetamol + Ácido Ascórbico + Cafeína + Fenilefrina, hidrocloreto + Clorfeniramina",325mg + 50mg + 30mg + 10mg + 40mg,Comprimidos efervescentes,25 blister de 4 comprimidos
MOZ IN,PARACETAMOL INFUSÃO INTRAVENOSA,Paracetamol,1000mg/100ml,Solução injectavel,Frasco de 100ml
MOZ IN,INFUTRAX,Ceftriaxona,1000mg,Pó para injectável,Embalagem contendo 1 frasco de 1g
MOZ IN,INFUGYL,Metronidazol,500mg/100mL,Solução para infusão intravenosa,frasco de 100mL
"MOZ IN, LDA",UNEZ-20®,Omeprazol,20mg,Cápsulas de gelatina dura gastro-resistente,Embalagens contendo 5x2x10 cápsulas
MOZ IN,MOZDERMTM,Dipropionato de Betametasona,0.0005 (0.05% w/w),Creme,Bisnaga de 30g
MOZ IN,RAPIDOR TM,Salicitado de Metilo + Mentol + Oleo de terebintina + Óleo de Eucalipto + Canfora,15mg + 10 mg + 2mg + 3mg,Creme,Bisnaga de 30g
"FARMA HOLDINGS, SA",SPIRONOLACTONE TABLETS BP 25 mg,Espironolactona,25mg,Comprimido revestido por película,Frasco HDPE contendo 1000 Comprimidos
ENTERPRISE SOLUTIONS LDA,AZITHROMYCIN,Azitromicina,500mg,Comprimidos,Blister 1x3 Comprimidos
ENTERPRISE SOLUTIONS LDA,METOCLOPRAMIDE INJECTION BP 5mg/mL,Metoclopramida,5mg/mL,Injectável,1x10 ampolas de 2mL
ENTERPRISE SOLUTIONS LDA,ARTICAVOL,Diclofenac,75mg/3mL,Injectável,1x3/3mL
ENTERPRISE SOLUTIONS LDA,TRIPT-ES,Amitriptilina,10mg,Comprimidos,10X10 Comprimidos
ENTERPRISE SOLUTIONS LDA,RANITIDINA INJEÇÃO BP 50mg/2mL,Ranitidina,50mg/2mL,Injectável,Ampolas de 10x2mL
"AFRI FARMÁCIA, LDA","PARACETAMOL COMPRIMIDOS BP, 500MG",Paracetamol,500mg,Comprimidos,frasco de 1000 comprimidos
"AFRI FARMÁCIA, LDA",CIACLAR 250,Claritromicina,250mg,Comprimidos,Blister de 10x10 Comprimidos
"AFRI FARMÁCIA, LDA",CIACLAR 500,Claritromicina,500mg,Comprimidos,Blister de 10x10 Comprimidos
"AFRI FARMÁCIA, LDA",Peniclina Benzatinica Injectavel 2400000 UI,Peniclina Benzatinica,2400000 UI,Pó para injectavel,10 frascos  de 20mL
"ACE HEALTH CARE, LDA",INFUSAO INTRAVENOSA DE MANITOL BP (20%W/V),Manitol,20g/100ml,Solução para infusão,Frasco de 100ml
"ACE HEALTH CARE, LDA",INJECCAO DE FLUCONAZOL BP,Fluconazol,0.2g/100mL,Solução para infusão,Frasco de 100mL
"ACE HEALTH CARE, LDA","GLICOSE BP 5% W/V, SOLUCAO PARA INFUSAO INTRAVENOSA",Glicose,5g,Solução para infusão,Frasco de 500mL e de 1000mL
"TMI - HEALTHCARE, LDA",MICOSEP DEO,Clotrimazol,1g/100g,aerossol,Fasco de 50g/91ml e frasco de110g/200ml
"ACE HEALTH CARE, LDA",ACE- ALIVIADOR®,Diclofenac Dietilamina + Salicilato de Metilo + óleo de Linhaça virgem + Mentol,1.16% +w/w + 10% w/w + 3% w/w + 5%w/w,Spray,Frasco de 71.5mL
TRUCARE UNIPESSOAL LIMITADA,NIFDIPIN,Nifedipina,20mg,Comprimidos revestidos por película,embalagem de 60 comprimidos
TRUCARE UNIPESSOAL LIMITADA,NIFDIPIN,Nifedipina,10mg,Comprimidos revestidos por película,embalagem de 60 comprimidos
"ACE HEALTH CARE, LDA",Ciprofloxacina Injecção BP,Ciprofloxacina,200mg/100mL,Solução para infusão,100 Frascos de 100mL
"GENERICS & SPECIALITIES, LDA",GENDOL-I,Paracetamol,300mg/2mL,Solução Injectável,Embalagem contendo 10 ampolas de 2mL
"GENERICS & SPECIALITIES, LDA",METROGEN-P,Metronidazol,200mg/5mL,Suspensão oral,Frasco de 100mL
"GENERICS & SPECIALITIES, LDA",CARGEN,Carbamazepina,200mg,Comprimidos,10 blisters de 10 comprimidos
"GENERICS & SPECIALITIES, LDA",CLAVUGEN - S 250,Amoxicilina + Clavulato de Potássio,(250mg + 62.50mg)/ 5mL,Pó para Suspensão Oral,Frasco de 100mL
"GENERICS & SPECIALITIES, LDA",HISTAGEN P,Clorfeniramina,2mg/5mL,suspensão oral,Frasco de 100mL
"MINDU MÉDICA, LDA",LEVO-R,Levofloxacina,500mg/100mL,Solução para infusão,Frasco de 100mL
"MINDU MÉDICA, LDA",PARA-R,Paracetamol,1000mg/100mL,Solução para infusão,Frasco de 100mL
"ACE HEALTH CARE, LDA",PHENIREX-S,Clorfeniramina,2mg/5mL,Solução oral,Frasco de 100mL
"AFRI FARMÁCIA, LDA",CYCLOSERINE CAPSULAS 125MG,Cicloserina,125mg,Cápsulas,10 blister de 10 comprimidos
"FARMA HOLDINGS, SA",SII TD-VAC - Diphtheria na Tetanus Vaccine Adsorbed for Adults and Adolescents,Toxóide Diftérico  + Toxóide do Tétano (Vacina),5Lf (>2UI) + 5Lf (>40UI),Suspensão  para Injecção,6x 50 Frascos de 2.5mL de 5 doses
"FARMA HOLDINGS, SA","SII MR-VAC MEASLES AND RUBEOLLA VACCINE LIVE, ATTENUATED (FREEZE DRIED)",Vírus de Sarampo + Vírus de Rubéola (Vacina),1000 CCID50 + 1000 CCID50,Injecção liofilizada,"Caixa de 6x50 frascos de 10 doses de 0, 5mL s/c"
"GENERICS & SPECIALITIES, LDA",CLAVUGEN S 125,Amoxicilina + Clavulato de Potássio,(125mg + 31.25mg)/5mL,Pó para Suspensão Oral,Frasco de 100mL
"GENERICS & SPECIALITIES, LDA",CLOGEN,Clotrimazol,0.01,Creme,Bisnaga de 30g
"GENERICS & SPECIALITIES, LDA",RANIGEN,Ranitidina,50mg/2mL,Solução Injectável,10 bandejas de 10 ampolas
"GENERICS & SPECIALITIES, LDA",CLAVUGEN A,Amoxicilina + Clavulato de Potássio,500mg + 125mg,Comprimidos,Blister de 2x7 Comprimidos
"GENERICS & SPECIALITIES, LDA",KETOGEN 200mg,Cetoconazol,200mg,Comprimidos,1 Blister de 10 Comprimidos
"AFRI FARMÁCIA, LDA",C-OMEX 20,Omeprazol,20mg,Cápsulas de gelatina dura de libertação retardada,Blister de ALU-ALU de 10x10 Cápsulas
"FARMA HOLDINGS, SA","ROTASIIL-LIQUID Rotavirus Vaccine, Live attenuated, (Oral) (Liquid), 1 dose","Rotavirus bovino-humano vivo atenuado recombinante G1, G2, G3, G4 e G9 (Vacina)",≥ 10 5.6 FFU de cada sorotipo,Líquida,Embalagem de uma ampola de plástico de dose única de 2ml em 10 tiras de 5 ampolas plásticas
"FARMA HOLDINGS, SA",HEPATITIS-B VACCINE (rDNA) (PAEDIATRIC) (GENE VAC-B),Antígeno de superfície purificado da Hepatite B (produzido em levedura Hansenula Polymorpha) (Vacina),10mcg,Suspensão para Injecção,Embalagem contendo 50 Frascos de 5mL contendo 10 doses (1 dose = 0.5mL)
"FARMA HOLDINGS, SA","PENTAVAC MD DIPHTERIA, TETANUS, PERTUSSIS, HEPATITIS-B AND HAEMOPHILUS INFLUENZAE TYPE B CONJUGATE VACCINE ADSORBED","Toxóide Diftérico + Toxóide do Tétano + Vacina pertussis + Proteína da Hepatite B, Conjugado Hib (Vacina)",45 Lf + 8Lf + 32 IOU + 25µg + 20 µg,Suspensão para injecção,Frascos de 5mL contendo 10 doses
"FARMA HOLDINGS, SA",INFARMA-BCG,"Vacina BCG viva, atenuada (estirpe Bacilo Calmete Guerin) (Suspensão bacteriana)",Entre 2x105 e 8x105 U.F.C. /0.1mL,Pó para Injectável,"Embalagem contendo 50 frascos de 1mL (0,05mL -20 doses/ 0,1 mL - 10 doses)  junto com diluente"
"FARMA HOLDINGS, SA",RABIES VACCINE INACTIVATED (FREEZE-DRIED),"Antígeno da raiva purificado (vírus da raiva Pitmanmoore Cepa 3218-VERO adoptado e cultivado em células Vero, inactivado pelo uso de  ß propiolactona) (Vacina)",Não inferior a  2.5 UI/ml,Injecção liofilizada,Frasco de 5ml (1ml-1 dose)
"FARMA HOLDINGS, SA",PNEUMOCOCCAL POLYSACCHARIDE CONJUGATE VACCINE (ADSORBED) (10-VALENT) 5 DOSE,"Sacarídeo para cada sorotipo 1, 5, 9V, 14, 19A, 19F, 23F,  7F, 6A + Sacarídeo para sorotipo 6B + conjugado com uma proteína carreadora CRM 197 (Vacina)",2mcg + 4 mcg + 19 a 48 mcg,Suspensão para injecção,Embalagem contendo 6 caixas de 50 Frascos de 2.5ml de 5 doses
"MEDIS FARMACÊUTICA, LDA",LAURODERME® LÍQUIDO CUTÂNEO 100MG/ML + 5.26MG/ML LÍQUIDO CUTÂNEO,Óxido de Zinco + Ácido Salicílico,100mg/mL + 5.26mg/mL,Líquido cutâneo,Frasco de 150mL
"ACE HEALTH CARE, LDA",MEROTRIX 500,Meropenem,500mg,Pó para injectável,Frasco de vidro transparente USP tipo III de 20ml com frasco FFS de 10ml de água esterilizada para injecções
"ACE HEALTH CARE, LDA",MEROTRIX 1000,Meropenem,1000mg,Pó para injectável,Frasco de vidro transparente USP tipo III de 20ml com frasco FFS de 10ml de água esterilizada para injecções
"FARMACEUTICA AUSTRAL, LDA",STOMACINE®,Omeprazol,40mg,Pó para solução injectável,Frasco para injectáveis de 10ml + ampola de 10ml de água esterilizada para injectáveis
"NATUR PHARMA, LDA",PANTO - DENK,Pantoprazol,20mg,Comprimido gastrorresistente,2 blisters de 14 comprimidos
"NATUR PHARMA, LDA",PANTO - DENK,Pantoprazol,40mg,Comprimido gastrorresistente,2 blisters de 14 comprimidos
TRUCARE UNIPESSOAL LIMITADA,PARAMEG,Paracetamol,500mg,Comprimido não revestido,Blister Alu-PVC de 10x10 Comprimidos
"BRANDEL HEALTH, LDA",PYRAMAX GRANULADO PARA SUSPENSÃO ORAL,Pironaridina Tetrafosfato + Artesunato,60mg+20mg,Grânulos para suspensão oral,Embalagem com 90 saquetas
"BRANDEL HEALTH, LDA",PYRAMAX COMPRIMIDOS,Pironaridina Tetrafosfato + Artesunato,180mg+60mg,Comprimidos,Blisters de alumínio/PVC/Alumínio-Opa contendo 10 blisters de 9 comprimidos
"GENERICS & SPECIALITIES, LDA",ANTI-D®,Trinbelimabe Anti-D Imunoglobulina Recombinante,300mcg/1mL,Solução Injectável,Ampola de 1mL
"GENERICS & SPECIALITIES, LDA","VACINA CONTRA POLIOMIELITE (VERO CELL), INACTIVO, ESTIRPES SABIN","Vírus de Pólio Inactivada, Cepas Sabin, Tipo I + Vírus de Pólio Inactivada, Cepas Sabin, Tipo II + Vírus de Pólio Inactivada, Cepas Sabin, Tipo III",15 DU/dose + 45 DU/dose + 45 DU/dose,Injectável,"Frasco de 0.5ml, dose única"
ORUMELA MOÇAMBIQUE LIMITADA,CELECOXIB ZETA 200mg,Celecoxibe,200mg,Cápsulas,Blisters de PVC-ALU contendo 30 Cápsulas
ORUMELA MOÇAMBIQUE LIMITADA,VALACICLOVIR ZETA,"Valaciclovir, cloridrato",500mg,Comprimidos revestidos por película,Blisters de PVC/PVdC/PVC-ALU de 24 Comprimidos
"FARMA HOLDINGS, SA",DOLUTEGRAVIR TABLETS 50MG,Dolutegravir,50mg,Comprimidos revestidos por película,Frasco HDPE contendo 30 e 90 Comprimidos
"FARMA HOLDINGS, SA",ENVUTEG,Dolutegravir sódico + Lamivudina + Tenofovir Alafenamida Fumarato,50mg + 300mg + 25mg,Comprimidos revestidos por película,"Frasco HDPE (Com dessecante) de 30, 90 e 180 Comprimidos"
"MOZ PHARMA, LDA",NIMESULIDA BASI,Nimesulida,100mg,Comprimidos,Embalagem contendo Blister de PVC opaco/ Alumínio de 20 Comprimidos
"MOZ PHARMA, LDA",PROMETAZINA BASI,"Prometazina, cloridrato",50mg/2ml,Solução Injectável,Embalagem contendo 50 ampolas transparentes de 2ml
TRUCARE UNIPESSOAL LIMITADA,AGNOFIX,Paracetamol + Diclofenac sódico + Cafeína,500mg + 50mg + 30mg,Comprimido efervescente,4 comprimidos embalados numa tira
"AFRI FARMÁCIA, LDA",EFAVIRENZ 600mg,Efavirenz,600mg,Comprimidos,Frasco de 30 Comprimidos
"SHANI, LIMITADA",HYDROWIN CREME,Hidrocortisona,1% p/p,Creme,Tubo laminado de 30g
"SHANI, LIMITADA",KETOPOL CREME,Cetoconazol,2% p/p,Creme,Tubo laminado de 30g
"SHANI, LIMITADA",FUNGOAL CREME,Clotrimazol,1% w/w,Creme,Tubo laminado de 30g
"SHANI, LIMITADA",FEVICID CREME,"Clobetasol, propionato + Clotrimazol",0.05% w/w + 1% w/w,Creme,Tubo laminado de 30g
"SHANI, LIMITADA",BEPROKREM CREME,"Betametasona, dipropionato",0.05% w/w,Creme,Tubo laminado de 30g
"SHANI, LIMITADA",DICLOKREMTM GEL,Diclofenac dietilamina,1% w/w,Gel,Tubo laminado de 30g
"LUA COMÉRCIO, LDA",CESAPRAZ 20,Omeprazol,20mg,Cápsula Gastro-resistente,Blister Alu 2x10
MDS - Medicamento e Diagnóstico na Saúde S.A,CETIRIZINA RINOCALM® 10mg,"Cetirizina, Dicloridrato",10mg,Comprimido revestido por película,Blister de 20 Comprimidos
MDS - Medicamento e Diagnóstico na Saúde S.A,GALANTAMINA GENERIS,Galantamina,20mg,Comprimidos revestidos por película,Blister de 28 Cápsulas
MDS - Medicamento e Diagnóstico na Saúde S.A,GALANTAMINA GENERIS,Galantamina,16mg,Cápsula de libertação prolongada,Blister de 28 Cápsulas
MDS - Medicamento e Diagnóstico na Saúde S.A,GALANTAMINA GENERIS,Galantamina,24mg,Cápsula de libertação prolongada,Blister de 28 Cápsulas
MDS - Medicamento e Diagnóstico na Saúde S.A,GABAPENTINA GENERIS®,Gabapentina,100mg,Cápsula,Embalagem contendo Blister de 60 Cápsulas
MDS - Medicamento e Diagnóstico na Saúde S.A,GABAPENTINA GENERIS®,Gabapentina,300mg,Cápsula,Embalagem contendo Blister de 60 Cápsulas
MDS - Medicamento e Diagnóstico na Saúde S.A,GABAPENTINA GENERIS®,Gabapentina,400mg,Cápsula,Embalagem contendo Blister de 60 Cápsulas
MDS - Medicamento e Diagnóstico na Saúde S.A,CEFUROXIMA GENERIS,Cefuroxima,250mg,Comprimido revestido por película,Blister de 16 Cápsulas
MDS - Medicamento e Diagnóstico na Saúde S.A,CEFUROXIMA GENERIS,Cefuroxima,500mg,Comprimido revestido por película,Blister de 16 Cápsulas
"BPHARMA, LDA",AMCAN 10,Amlodipina,10mg,Comprimidos,3x10 Comprimidos
"BPHARMA, LDA",AMCAN 5,Amlodipina,5mg,Comprimidos,3x10 Comprimidos
"MEDIS FARMACÊUTICA, LDA",ALTENSIL 5MG + 8MG,Amlodipina Besilato + Candesartan Cilexetil,5mg + 8mg,Cápsula,Blister PA/Alu/PVC-Alu de 28 Cápsulas
"MEDIS FARMACÊUTICA, LDA",ALTENSIL 10MG + 16MG,Amlodipina Besilato + Candesartan Cilexetil,10mg + 16mg,Cápsula,Blister PA/Alu/PVC-Alu de 28 Cápsulas
"MEDIS FARMACÊUTICA, LDA",MEPRANIL 5MG + 5MG,"Ramipril + Amlodipina, Besilato",5mg + 5mg,Cápsula,Blister PA/Alu/PVC-Alu de 28 Cápsulas
"MEDIS FARMACÊUTICA, LDA",MEPRANIL 10MG + 10MG,"Ramipril + Amlodipina, Besilato",10mg + 10mg,Cápsula,Blister PA/Alu/PVC-Alu de 28 Cápsulas
ORUMELA MOÇAMBIQUE LIMITADA,FENAC-GEL,"Diclofenac, dietilamónio","11,6mg/g",Gel,Bisnaga de 100g
"SHANI, LIMITADA",DICLOKREM STRONG GEL,Diclofenac dietilamina + óleo de linhança + salicilato de metilo + mentol + Capsaicina,"1% + 3% + 10% + 5% + 0,025%",Gel,Tubo de 30g
"AFRO REMEDIES, LDA","AFROPLEX (VITAMIN B1, B6 e B12) COMPRIMIDOS",Vitamina B1 + Vitamina B6 + Vitamina B12,"50mg + 50mg + 50mg + 0,25mg",Comprimido revestido de açúcar,10 Blisters PVC/Alu de 10 Comprimidos
"AFRO REMEDIES, LDA",AFROCOM-B (VITAMIN B-COMPLEX CAPSULES),"Tiamina, monohidrato (Vit B1) + Riboflavina (Vit. B2) + Nicotinamida (Niacinamida) + Cloridrato de Piridoxina (Vit. B6) + Ácido Fólico + Cianocobalamina (Vit. B12) + Cálcio D-Pantotenato + Biotina + Ácido ascórbico (revestido)","10mg + 10mg + 50mg + 3mg + 1.5mg + 0,15mg + 50mg + 0,1mg + 75mg",Cápsulas,10 Blisters PVC/Alu de 10 Cápsulas
"AFRO REMEDIES, LDA",AFRODOM-R,"Rabeprazol, sódico",20mg,Cápsulas,10 Blisters PVC/Alu de 10 Cápsulas
"ORBIS PHARMA, LDA",ALERGRIP ®,Paracetamol + Clorfeniramina + Dextrometorfano,500mg + 2mg + 10mg,Cápsulas,Embalagem contendo blister PVC/Alu de 20 cápsulas
"Orbis Pharma, Lda",TOVYSIC®,Tobramicina,"3mg/ml (0,3%)","Colírio, Solução",Frasco HDPE de 5mL
"ORBIS PHARMA, LDA",TIZITEN® 25mg,Hidroclorotiazida,25mg,Comprimidos,Blister de Alu/PVC de 60 comprimidos
"ORBIS PHARMA, LDA",ZASVENIL® 20mg,Lisinopril,20mg,Comprimidos,Blister de Alu/PVC de 60 comprimidos
"Orbis Pharma, Lda",DOLINAC ®,Diclofenac,"1mg/mL (0,1%)","Colírio, Solução",Frasco HDPE de 5mL
"Orbis Pharma, Lda",NERILON ®,Cianocobalamina (Vit B12) + Piridoxina (Vit. B6) + Tiamina (Vit. B1),0.2mg + 200mg + 100mg,Comprimidos,Blister de Alu/PVC de 60 comprimidos
"MEDIS FARMACÊUTICA, LDA",APRETUDE,Cabotegravir,600mg/3mL,Suspensão Injectável de Libertação prolongada,Frasco para injectáveis de 3mL
"MEDIS FARMACÊUTICA, LDA",APRETUDE,"Cabotegravir, sódico",300mg,Comprimidos revestidos por película,Frasco PEAD de 30 Comprimidos
"MEDIS FARMACÊUTICA, LDA",MOSQUIRIX,"Antígeno RTS,S [antígeno de Plasmodium falciparum e hepatite B (recombinante)] vacina contra malária e hepatite B","25 µg/0,5mL",Pó e suspensão para suspensão injectável,Embalagem de 50 frascos para injectáveis de pó para 2 doses e 50 frascos para injectáveis de suspensão para 2 doses (1mL)
TRUCARE UNIPESSOAL LIMITADA,DAVIBROM,Bromexina,4mg/5mL,Xarope,Frasco de vidro âmbar de 100mL
TRUCARE UNIPESSOAL LIMITADA,DAVIGESIC®,Ibuprofeno,100mg/5mL,Suspensão Oral,Frasco de vidro âmbar de 100mL
"ACE HEALTH CARE, LDA",RIVELTOX 10,Rivaroxabano,10mg,Comprimidos,Blister Alu-PVDC de 2x14 Comprimidos
"ACE HEALTH CARE, LDA",RIVELTOX 15,Rivaroxabano,15mg,Comprimidos,Blister Alu-PVDC de 2x14 Comprimidos
"ACE HEALTH CARE, LDA",RIVELTOX 20,Rivaroxabano,20mg,Comprimidos,Blister Alu-PVDC de 2x14 Comprimidos
"AFRI FARMÁCIA, LDA",STALPARA,Paracetamol,500mg,Comprimido,Frasco HDPE de 1000 Comprimidos
"AFRI FARMÁCIA, LDA",RELIGRAST®,Filgrastim,"300µg/0,5mL",Solução Injectável,"Seringa pré-preenchida com 0,5ml de solução com agulha"
"AFRI FARMÁCIA, LDA",ACUTOCIN,Oxitocina,10 UI/mL,Solução Injectável,5 x 10 x 1mL
"AFRI FARMÁCIA, LDA",SUCROSTAR - IRON SUCROSE INJECTION USP,Hidróxido férrico em complexo com Sacarose,20mg/mL,Injectável,Embalagem contendo 5 Ampolas de 5mL
"AFRI FARMÁCIA, LDA",ACUPARA®,Paracetamol,10mg/mL,Solução para infusão intravenosa,"Frasco de 50mL e 100mL em embalagem de 1, 10 ou 12 frascos para injectáveis"
"FARMACEUTICA AUSTRAL, LDA",DICLODOR®,Diclofenac sódico,75mg/3mL,Injectável,Embalagem de 50 ampolas
MISSIONPHARMA MOÇAMBIQUE,CEFTRIAXONA INJECTÁVEL USP 1G,Ceftriaxona,1g,Injectável,Embalagem contendo 10 frascos
MISSIONPHARMA MOÇAMBIQUE,CEFTRIAXONA SÓDICA BP INJECTÁVEL 1G,Ceftriaxona,1g,Injectável,Embalagem contendo 10 frascos
MISSIONPHARMA MOÇAMBIQUE,CLORIDRATO DE DOXORRUBICINA PARA INJECÇÃO BP 50mg (LIOFILIZADO),"Doxorrubicina, cloridrato",50mg,Injectável,1 frasco
"MDS - Medicamentos e Diagnósticos na Saúde, SA",PERJETA® 420mg,Pertuzumab,420mg/14mL (30mg/mL),Concentrado para solução para perfusão,Embalagem contendo 1 frasco para injectáveis de 14ml
"MEDIS FARMACÊUTICA, LDA",ARINATE® 60,Artesunato,60mg,"Pó, solvente e diluente para solução injectável",Embalagem contendo 10 ampolas
"BPHARMA, LDA",ZIBACT 500,Azitromicina,500mg,Comprimidos Revestidos,Embalagem contendo 1x3 Comprimidos
"AFRO REMEDIES, LDA",AFROPAN-10,"Hioscina, butilbrometo",10mg,Comprimidos revestidos por película,Embalgem contendo blisters PVC/Alu de 10 x 10 comprimidos revestidos
"SHANI, LIMITADA",GREENSOL,"Clobetasol, propionato","0,05 % w/w",Creme,Embalgem contendo um tubo laminado de 30g
"SHANI, LIMITADA",POWERHEAT,Salicilato de metila + Mentol + Oléo de Turpentina + Oléo de Eucalipto + Canfora,"(15,0 + 10 + 2 + 2 + 3) % w/w",Creme,Embalgem contendo um tubo laminado de 30g
"SHANI, LIMITADA",CLEARBACT,"Betametasona, dipropionato + Neomicina, sulfato + Clotrimazol","(0,05 + 0,5 + 1,0) % w/w",Creme,Embalgem contendo um tubo laminado de 30g
"SHANI, LIMITADA",DEFACTO,"Cetoconazol + Clobetasol + Neomicina, sulfato","1mg + 0,025mg + 5000UI",Creme,Embalgem contendo um tubo laminado de 30g
"SHANI, LIMITADA",PYL-X POMADA,"Hidrocortisona, acetato + Lidocaína + Óxido de Zinco + Alantoína","(0,25 + 3,0 + 5 + 0,5) % w/w",Pomada,Embalgem contendo um tubo laminado de 30g
"LUA COMÉRCIO, LDA",INFUSÃO INTRAVENOSA DE GLICOSE BP 5% p/v,"Glicose, anidra",5% p/v (5g/1000ml),Solução intravenosa,Embalagem contendo um frasco de 500ml & 1000ml
"LUA COMÉRCIO, LDA",INFUSÃO INTRAVENOSA DE LACTATO DE SÓDIO COMPOSTO BP,Solução de lactato de sódio,"60% (0,320g/1000ml)",Solução intravenosa,Embalagem contendo um frasco de 500ml & 1000ml
"WELLWORTH, LDA",PREAED-150mg CAPSULE,Pregabalina,150mg,Cápsulas,Embalagem contendo 1 blister ALU/PVC de 10 Cápsulas
"WELLWORTH, LDA",SWIDOL,Paracetamol,1g/100mL,Infusão intravenosa,Embalagem contendo frasco de 100mL
"WELLWORTH, LDA",DOLIUM SUSPENSÃO ORAL,Domperidona,5mg/mL,Suspensão oral,Embalagem contendo frasco de 120mL
"WELLWORTH, LDA",ROPLEX-F®,Ferro Polimaltose + Ácido Fólico,294.1mg + 0.35mg,Comprimidos Matigáveis,Embalagem contendo blisters de  3x10 Comprimidos
"WELLWORTH, LDA",TAMSWIS,"Tamsulosina, hidrocloreto",0.4 mg,Cápsulas,Embalagem contendo blisters de 3x10 Cápsulas
MEDIMPORT LDA,THROMBOVARIX®,Diosmina Micronizada,1000mg,Comprimidos revestidos por película,"Embalagem contendo 30, 60, 90, 120 ou 180 comprimidos revestidos por película"
"SAGA PHARMA, LDA",PARASAGA-S,Paracetamol,120mg/5mL,Suspensão oral,Embalagem contendo frasco de 100mL
"TMI - HEALTHCARE, LDA",SUAVICORT,"Mometasona, Furoato",50mcg,Spray nasal,Embalagem contendo frasco de 60 doses e 150 doses
"FARMACÊUTICA AUSTRAL, LDA",LOSAR-DENK 25,"Losartan, Potássico",25mg,Comprimidos revestidos por pelicula,Embalagem contendo 28 Comprimidos
"FARMACÊUTICA AUSTRAL, LDA",COLOSAR-DENK 100/12.5,Losartan + Hidroclorotiazida,"100mg + 12,5mg",Comprimidos revestidos por película,Embalagem contendo 28 Comprimidos
"FARMACÊUTICA AUSTRAL, LDA",TORAS-DENK 5,Torasemida,5mg,Comprimidos,Embalagem contendo 30 Comprimidos
"NATUR PHARMA, LDA",VILDA-DENK 50mg,Vildagliptina,50mg,Comprimidos,Embalagem contendo 28 Comprimidos
"NATUR PHARMA, LDA",IBU-DENK 600mg,Ibuprofeno,600mg,Comprimidos revestidos por película,Embalagem contendo 100 e 10 Comprimidos
"FARMACÊUTICA AUSTRAL, LDA",TORAS-DENK 10,Torasemida,10mg,Comprimidos,Embalagem contendo 30 Comprimidos
"SHANI, LIMITADA",CYCLOVEER,Aciclovir,"5,00% w/w",Creme,Embalagem contendo bisnaga de 15g
"SHANI, LIMITADA",TOPCLIN GEL,"Clindamicina, fosfato","1,00% w/w",Gel,Embalagem contendo tubo de 25g
"SHANI, LIMITADA",BENZOWHIT,Ácido Benzóico + Ácido Salicílico,6% w/w + 3% w/w,Pomada,Embalagem contendo tubo de 30g
"SHANI, LIMITADA",ROUND GUARD CREME,"Miconazol, nitrato",2% w/w,Creme,Embalagem contendo tubo de 15g
"EUROFARMA MOÇAMBIQUE, LDA",NAIRE,Bilastina,20mg,Comprimidos,"Embalagem contendo 4, 8, 10, 15, 20 ou 30 Comprimidos"
"EUROFARMA MOÇAMBIQUE, LDA",ANTARA IV,Levetiracetam,100mg/mL,Solução injectável,"Embalagem contendo 1, 5 ou 10 frascos-ampola de 5ml"
"EUROFARMA MOÇAMBIQUE, LDA",CIPROFLOXACINO,Ciprofloxacina,"2mg/ml (0,2%)",Solução para infusão intravenosa,"Embalagem contendo 1, 14, 32 ou 60 bolsas plásticas com 100ml ou 200ml"
"EUROFARMA MOÇAMBIQUE, LDA",LEVETIRACETAM,Levetiracetam,100mg/mL,Solução oral,Embalagem contendo 1 frasco de 150ml + 1 seringa doseadora
"EUROFARMA MOÇAMBIQUE, LDA",PARECOXIBE SÓDICO,Parecoxibe,40mg,Pó liofilizado para solução Injectável,"Embalagem contendo 1, 5, 10 e 30 frascos-ampola"
MDS - Medicamentos e Diagnósticos na Saúde,LAMOTRIGINA GENERIS®,Lamotrigina,25mg,Comprimidos,Embalagem contendo 56 Comprimidos
MDS - Medicamentos e Diagnósticos na Saúde,LAMOTRIGINA GENERIS®,Lamotrigina,50mg,Comprimidos,Embalagem contendo 56 Comprimidos
MDS - Medicamentos e Diagnósticos na Saúde,LAMOTRIGINA GENERIS®,Lamotrigina,100mg,Comprimidos,Embalagem contendo 56 Comprimidos
MDS - Medicamentos e Diagnósticos na Saúde,LAMOTRIGINA GENERIS®,Lamotrigina,200mg,Comprimidos,Embalagem contendo 56 Comprimidos
"TMI - HEALTHCARE, LDA",IVERMECTINA,Ivermectina,6mg,Comprimidos,Embalagem contendo blister de 2 e 4 comprimidos
"HEDERA, LDA",ACICLOVIR,Aciclovir,400mg,Comprimidos,Embalagem contendo 30 comprimidos
"MOZ PHARMA, LDA",PELITRIX 10mg/g,Bifonazol,10mg/g,Creme,Embalagem contendo 1 bisnaga de 15g
"MOZ PHARMA, LDA",DAGESIL 75mg/3mL,Diclofenac,75mg/3mL,Solução Injectável ou para perfusão,Embalagem contendo 50 ampolas de 3ml
"FARMA HOLDINGS, SA",CYVAC,Antígeno de Malária R21 [antígeno de Plasmodium falciparum (recombinante)]  Vacina contra Malária,5 mcg/ 0.5mL,Solução para injecção,"50 frascos de 2mL (0,5 mL - 1 dose por frasco) e 50 frascos de 2 doses (1mL = 2 doses por frasco) Solução límpida, incolor a levemente turva"
TRUCARE UNIPESSOAL LIMITADA,DAVICILLIN®,Ampicilina,250mg,Cápsulas,Embalagem contendo 10 blisters em PVC transparente de 10 Cápsulas
TRUCARE UNIPESSOAL LIMITADA,VOXAPARIN-40,Enoxaparina sódica,"40mg/0,4mL",Injectável,Seringa pré-cheia de vidro USP tipo I de 1ml com agulha acoplada com flange redonda
"MOZ PHARMA, LDA",NORADRENALINA BASI,Noradrenalina,1mg,Solucao injectavel,10 ampolas de 5 e 10ml
"MOZPHARMA, LDA",AMOXICILINA + ACIDO CLAVULANICO RIVOX,Amoxicilina + Acido clavulanico,250mg/5mL + 62.5mg/5mL,Pó para suspensão oral,Frasco de vidro ambar de 100mL
"EUROFARMA MOCAMBIQUE, LDA",BLESTO,"Bleomicina, sulfato",15UI/mL,Pó liofilizado para solução injectável,Embalagem de 1 Frasco-ampola
"MEDIFARMA, LDA",LARIDOX DT,Sulfadoxina + pirimetamina,250mg + 12.5mg,Comprimidos dispersíveis,Embalagem contendo 50 blisters de 3 comprimidos e 100 blisters de 3 comprimidos
"MEDIFARMA, LDA",LARIDOX AQ DT,Amodiaquina + Sulfadoxina + pirimetamita + amodiaquina,76.5+250/12.5MG,Comprimidos dispersiveis,Blister plastico PVC transparente sobre papel de aluminio
"MEDIFARMA, LDA",LARIDOX AQ DT - FORTE,Amodiaquina + Sulfadoxina + pirimetamina,150 + 500/25MG,Comprimidos dispersiveis,Blister plastico PVC transparente sobre papel de aluminio
"MEDIFARMA, LDA",LARIDOX DT FORTE,Sulfadoxina + pirimetamina,500mg + 25mg,Comprimidos dispersíveis,Embalagem contendo 50 blisters de 3 comprimidos e 100 blisters de 3 comprimidos
"MEDIS FARMACÊUTICA, LDA",SIROPIL,Dolutegravir + Lamivudina + Tenofovir,50mg + 300mg +300mg,Comprimido revestido por película,"Frasco HDPE DE 30, 90 e 180 comprimidos"
"MDS - Medicamentos e Diagnósticos na Saúde, SA",ONDANSETROM AUROVITAS,Ondansetrom,8mg,Comprimido revestido por pelicula,blister de 30 unidades
"MDS - Medicamentos e Diagnósticos na Saúde, SA",BISOPROLOL AUROBINDO,Bisoprolol,2.5mg,Comprimido revestido por pelicula,blister de 60 unidades
"MDS - Medicamentos e Diagnósticos na Saúde, SA",SERTRALINA GENERIS,Sertralina,100mg,Comprimidos vestidos por pelicula,Blister de 56 unidades
"MDS - Medicamentos e Diagnósticos na Saúde, SA",SERTRALINA GENERIS,Sertralina,50mg,Comprimidos vestidos por pelicula,Blister de 56 unidades
"MDS - Medicamentos e Diagnósticos na Saúde, SA",TRAMADOL AUROVITAS,Tramadol,150mg,Comprimidos de libertacao prolongada,Embalagem com blister de 20 comprimidos
"EUROFARMA MOCAMBIQUE, LDA",TURNO SL,Hemitartarato de Zolpidem,5mg,Comprimido sublingual,Embalagem contendo 1 frasco de 30 comprimidos
"MDS - Medicamentos e Diagnósticos na Saúde, SA",BISOPROLOL AUROBINDO,Bisoprolol,5mg,Comprimido revestido por pelicula,blister de 60 unidades
"MOZPHARMA, LDA",AMOXICILINA + ACIDO CLAVULANICO RIVOX,Amoxicilina + Acido clavulanico,400mg/5mL + 57mg/5mL,Pó para suspensão oral,Frasco de vidro ambar de 70mL
"MOZ PHARMA, LDA",CIPROFLOXACINA BASI,Ciprofloxacina,2mg/mL,Solução para perfusão,Frasco de polipropileno de 100mL
"MOZ PHARMA, LDA",CERAZETTE,Desogestrel,"0,075mg",Comprimidos revestidos por pelicula,Embalagem de 84 unidades (3 blisters de 28 unidades cada)
"EUROFARMA MOCAMBIQUE, LDA",MEROPENEM,Meropenem tri-hidratado,500mg,Pó estéril para solução injectável,Embalagem contendo 25 frascos ampola de vidro transparente
"EUROFARMA MOCAMBIQUE, LDA",RIVAXA,Rivaroxabano,10mg,Comprimido revestido,"Embalagem contendo 5, 10 e 30 comprimidos revestidos"
"EUROFARMA MOCAMBIQUE, LDA",RIVAXA,Rivaroxabano,15mg,Comprimido revestido,"Embalagem contendo 5, 10 e 30 comprimidos revestidos"
"EUROFARMA MOCAMBIQUE, LDA",RIVAXA,Rivaroxabano,20mg,Comprimido revestido,Embalagem contendo 5 e 30 comprimidos revestidos
"EUROFARMA MOCAMBIQUE, LDA",MEROPENEM,Meropenem tri-hidratado,1g,Pó estéril para solução injectável,Embalagem contendo 25 frascos ampola de vidro transparente
"MOZ PHARMA, LDA",FLUCONAZOL BASI,Fluconazol,2 mg/mL,Solução para perfusão,Embalagem contendo Fracos de vidro tipo I transparente neutro 50 frascos de 50mL
"MOZ PHARMA, LDA",SULTRIMIX,Sulfametoxazol + Trimetoprim,80 mg/ml + 16mg/ml,Solução para perfusão,Embalagem contendo 10 Ampolas de vidro tipo I de 5 ml
"MOZ PHARMA, LDA",ECTODINE SOLUÇÃO CUTÂNEA,Iodopovidona,100mg/mL,Solução cutânea,Embalagem contendo frasco 125 mL e 500 mL
"MOZ PHARMA, LDA",ATROPINA BASI,"Atropina, sulfato","0,5  mg/mL",Solução injetável,Embalagem contendo 50 Ampolas de vidro tipo I de 1 mL
"MOZ PHARMA, LDA",ATROPINA BASI,"Atropina, sulfato",1mg/mL,Solução injetável,Embalagem contendo 50 Ampola de vidro tipo I de 1 mL
"GENERICS & SPECIALITIES, LDA",ACTAGEN,Acetazolamida,250mg,Comprimidos,Embalagem contendo 10x10 comprimidos
"GENERICS & SPECIALITIES, LDA",PEN G 125,Fenoximetilpenicilina,125mg/5mL,Pó para suspensão oral,Embalagem contendo frasco de 100mL
"GENERICS & SPECIALITIES, LDA",THIOGEN,"Tioridazina, cloridrato",10mg,Comprimidos,Embalagem contendo 10x10 comprimidos
"GENERICS & SPECIALITIES, LDA",CEFAGEN,Cefotaxima,500mg,Injectável,Embalagem contendo 1 frasco de pó seco + 5mL de água para injectáveis
"GENERICS & SPECIALITIES, LDA",NALGEN-S,Ácido Nalidíxico,300mg/5mL,Suspensão oral,Frasco de 100mL
"FARMA HOLDINGS, SA",INFARMA SOROS MANITOL INFUSÃO INTRAVENOSA BP (20% W/V),Manitol,20g/100mL,Solução intravenosa,Frascos plásticos de cabeça Euro de 100mL e 500mL
"FARMA HOLDINGS, SA",INFARMA SOROS PARACETAMOL INFUSÃO INTRAVENOSA BP 10mg/mL,Paracetamol,10mg/mL,Solução para infusão,Frasco plástico de 1000mL e saco não PVC de 100mL
"FARMA HOLDINGS, SA",INFARMA SOROS CIPROFLOXACINA INFUSÃO BP (200mg/100 mL),Ciprofloxacina,200mg/100mL,Solução para infusão,Frasco plástico de 100mL
"FARMA HOLDINGS, SA",MEBENDAZOLE CHEWABLE TABLETS 100mg,Mebendazol,100mg,Comprimidos mastigáveis,Embalagem contendo 10 blisters ALU/PVC de 10 Comprimidos
MDS - Medicamentos e Diagnósticos na Saúde,ATORVASTATINA GENERIS® PHAR,"Atorvastatina, cálcica trihidratada",10mg,Comprimido revestido por película,Embalagem contendo blister de 14 e 56 Comprimidos revestidos por película
MDS - Medicamentos e Diagnósticos na Saúde,ATORVASTATINA GENERIS® PHAR,"Atorvastatina, cálcica trihidratada",20mg,Comprimido revestido por película,Embalagem contendo blister de 28 comprimidos revestidos
MDS - Medicamentos e Diagnósticos na Saúde,ATORVASTATINA GENERIS® PHAR,"Atorvastatina, cálcica trihidratada",40mg,Comprimido revestido por película,Embalagem contendo blister de 28 comprimidos revestidos
MDS - Medicamentos e Diagnósticos na Saúde,ATORVASTATINA GENERIS® PHAR,"Atorvastatina, cálcica trihidratada",80mg,Comprimido revestido por película,Embalagem contendo blister de 28 comprimidos revestidos
"AFRO REMEDIES, LDA",AFROCIN 500,"Eritromicina, estearato",500mg,Comprimido revestido por película,Embalagem contendo 10x10 comprimidos
"SHANI, LIMITADA",GELUSAR,Hidróxido de Alumínio + Hidróxido de Magnésio,405mg + 100mg,Suspensão oral,Frasco de 200mL
"BPHARMA, LDA",TEVICAR 200 SR,Carbamazepina,200mg,Comprimidos,Embalagem de 3x10 Comprimidos
"BPHARMA, LDA",TEVICAR 200,Carbamazepina,200mg,Comprimidos,Embalagem de 10x10 Comprimidos
TRUCARE UNIPESSOAL LIMITADA,MICOGICO,"Miconazol, nitrato",2% p/p (2mg/g),Creme,Bisnaga de 30g
TRUCARE UNIPESSOAL LIMITADA,GENTOBAC,"Gentamicina, sulfato","0,1% p/p (1mg/g)",Creme,Bisnaga de 30g
"MEDIFARMA, LDA",LARINATE-120,Artesunato,120mg,Pó para Injecção,"Embalagem contendo frasco de 15mL com pó, ampola de 2mL de bicarbonato de sódio, ampola de 10mL de cloreto de sódio"
"MEDIS FARMACÊUTICA, LDA",DECADRON®0.5mg,Dexametasona,"0,5mg",Comprimidos,Embalagem contendo blister PVC/Alumínio de 20 e 60 Comprimidos
"MEDIS FARMACÊUTICA, LDA",METFORMINA + VILDAGLIPTINA AZEVEDOS 850mg + 50mg,Metformina + Vildagliptina,850mg + 50mg,Comprimidos revestidos por película,Embalagem contendo blister ALU/ OPA-ALU-PVC de 60 comprimidos
"MEDIS FARMACÊUTICA, LDA",METFORMINA + VILDAGLIPTINA AZEVEDOS 1000mg + 50mg,Metformina + Vildagliptina,1000mg + 50mg,Comprimidos revestidos por película,Embalagem contendo blister ALU/ OPA-ALU-PVC de 60 comprimidos
"MOZ PHARMA, LDA",DIAZEPAM BASI,Diazepam,5mg/mL,Solução Injectável,Embalagem contendo 5 ampolas de 2mL e 50 ampolas de 2mL
"MOZ PHARMA, LDA",ADRENALINA BASI,Adrenalina,1mg/mL,Solução Injectável,Embalagem contendo 50 ampolas de 1mL
TRUCARE UNIPESSOAL LIMITADA,COCECORT,"Hidrocortisona, acetato",1% p/p,Creme,Embalagem de 15g e 30g
"MINDU MÉDICA, LDA",CEFTIL-1,"Ceftriaxona, sódica",1000mg/mL,Pó para Injecção,Frasco de 10mL
"TMI - HEALTHCARE, LDA",ALGY FLANDERIL,Ibuprofeno,600mg,Comprimidos,Embalagem contendo blister de 20 comprimidos
"TMI - HEALTHCARE, LDA",AMLODIL®,Amlodipina,5mg,Comprimidos,Embalagem contendo blister de 30 comprimidos
"TMI - HEALTHCARE, LDA",AMLODIL®,Amlodipina,10mg,Comprimidos,Embalagem contendo blister de 30 comprimidos
"TMI - HEALTHCARE, LDA",FLUCONID®,Fluconazol,150mg,Cápsula,Embalagem contendo blister de 2 cápsulas
"TMI - HEALTHCARE, LDA",ATENOLOL,Atenolol,25mg,Comprimidos,Embalagem contendo blister de 30 comprimidos
"TMI - HEALTHCARE, LDA",ATENOLOL,Atenolol,50mg,Comprimidos,Embalagem contendo blister de 30 comprimidos
"TMI - HEALTHCARE, LDA",SULFAMETOXAZOL + TRIMETOPRIMA,Sulfametoxazol + Trimetoprim,400mg + 80mg,Comprimidos,Embalagem contendo blister de 20 comprimidos
"ACE HEALTH CARE, LDA",STG 25,Sitagliptina,25mg,Comprimidos,Embalagem contendo blister Alu-Triplex de 14 comprimidos
"ACE HEALTH CARE, LDA",STG 50,Sitagliptina,50mg,Comprimidos,Embalagem contendo blister Alu-Triplex de 14 comprimidos
"ACE HEALTH CARE, LDA",STG 100,Sitagliptina,100mg,Comprimidos,Embalagem contendo blister Alu-Triplex de 14 comprimidos
PREVENTIVE hEALTHCARE MOCAMBIQUE,GENCEBOK 10MG/ML,"Cafeína, citrato",10mg/mL,Solução  Injectável,
"MARIA ELISA PHARMACEUTICALS, LDA",GENTAMYCYNA,Sulfato de gentamicina,80mg/2mL,Solução  Injectável,10 ampolas de 2mL
TRUCARE UNIPESSOAL LIMITADA,GRISEOFULVIN CREAM,Griseofulvina,1% p/p,Creme,Bisnaga de 25g
"AFRI FARMÁCIA, LDA",PARACETAMOL COMPRIMIDO DISPERSÍVEL BP 250mg,Paracetamol,250mg,Comprimidos dispersíveis,Embalagem contendo 50 tiras Alu-Alu de 10 Comprimidos dispersíveis
"ACE HEALTH CARE, LDA",XYHIST- M KID,Montelucaste sodico + Cloridrato de Levocetirizina,4mg + 2.5mg,Comprimidos dispersíveis,embalagem de 1 x 10 comprimidos
"ACE HEALTH CARE, LDA",MOLARZ 5,Montelucaste Sodico,5mg,Comprimidos mastigáveis não revestidos,embalagem contendo 10 caixinhas de 1 blister de 10 comprimidos
"ACE HEALTH CARE, LDA",XYHIST,Dicloridrato de Levocetirizina,5mg,Comprimidos revestidos por película,embalagem contendo 10 caixinhas de 1 blister de 10 comprimidos
"ACE HEALTH CARE, LDA",MOLARZ 10,Montelucaste Sodico,10mg,Comprimidos revestidos por película,embalagem contendo 10 caixinhas de 1 blister de 10 comprimidos
"ACE HEALTH CARE, LDA",XYHIST- M,"Montelucaste sódico +  Levocetirizina, cloridrato",10mg + 5mg,Comprimidos revestidos por película,embalagem contendo 10 caixinhas de 1 blister de 10 comprimidos
"NATUR PHARMA, LDA",PREGABA- DENK 75MG,Pregabalina,75mg,Cápsulas,Eembalagem de 28 cápsulas
"NATUR PHARMA, LDA",PREGABA- DENK 150MG,Pregabalina,150mg,Cápsulas,Eembalagem de 28 cápsulas
"NATUR PHARMA, LDA",ETIMIB-DENK 10mg,Ezetimiba,10mg,Comprimidos,Embalagem contendo 30 comprimidos
"ACE HEALTH CARE, LDA",MOLARZ 4,Montelucaste Sodico,4mg,Comprimidos mastigáveis não revestidos,Embalagem de 10x 10 comprimidos
"SHANI, LIMITADA",NOVA POWER PLUS,"Ciproheptadina, cloridrato (Anidro) + Vitamina A (acetato) + Vitamina D3 + Tiamina, cloridrato + Riboflavina + Cianocobalamina + Pantotenato de Cálcio + Niacinamida + L-lisina, cloridrato + Lactato de Cálcio + Ácido Ascórbico",4mg + 1500UI + 300UI + 2mg + 2mg + 5mcg + 5mg + 10mg + 50mg + 100mg + 20mg,Comprimidos,Embalagem contendo blisters de 3x10 Comprimidos
"SHANI, LIMITADA",FUZI-SK,Ácido fusídico,2%,Creme,Tubo de 30g
"SHANI, LIMITADA",NEOMYCIN SULFATE,"Neomicina, sulfato",0.5% w/w,Creme,Tubo de 30g
"SHANI, LIMITADA",PARA®- RÁPIDO,Paracetamol,120mg/5mL,Solução Oral,Frasco de 100mL
TRUCARE UNIPESSOAL LIMITADA,DAVIXOL®,"Ambroxol, hidrocloreto",30mg/5mL,Suspensão,Frasco de 125mL
"MEDIS FARMACÊUTICA, LDA",VITODÊ®,Calcifediol,0.266mg/1.5mL,Solução oral,Embalagem contendo 10 ampolas
"MEDIS FARMACÊUTICA, LDA",VITODÊ®,Calcifediol,0.266mg,Cápsula mole,Embalagem blisters PVC/PVDC-AL de 5 Cápsulas
"MARIA ELISA PHARMACEUTICALS, LDA",METFORMINA,"Metformina, cloridrato",1000mg,Comprimidos revestidos por película,Embalagem contendo blisters de 30 comprimidos
"MARIA ELISA PHARMACEUTICALS, LDA",MONOPAN,"Isossorbido, monohitrato",40mg,Comprimidos,Embalagem contendo blisters de 30 comprimidos
"FARMA HOLDINGS, SA",KAVIDEZA DISTAB,ABACAVIR + DOLUTEGRAVIR + LAMIVUDINA,60mg + 5mg + 30mg,Comprimidos dispersíveis,Frasco HDPE contendo 90 e 180 comprimidos
"SHANI, LIMITADA",POWERGESIC,"Diclofenac, sódico + Paracetamol",50mg + 500mg,Comprimidos,Embalagem contendo blisters 10 x 10 comprimidos
"SHANI, LIMITADA",CLOTRIMAZOL CREME USP 1% W/W,Clotrimazol,1% w/w,Creme,Tubo de 30g
"SHANI, LIMITADA",APETISHA,"Ciproheptadina, cloridrato",2mg/5mL,Xarope,Frasco de 100mL
"WELLWORTH, LDA",ABACAVIR+DOLUTEGRAVIR+LAMIVUDINA,Abacavir+Dolutegravir+Lamivudina,60mg+5mg+30mg,Comprimidos,Embalagem contendo frascos de 30 e 90 comprimidos
"NATUR PHARMA, LDA",ASU-DENK FIXED DOSE,Artesunato + Sulfametoxipirazina + Pirimetamina,200mg + 500mg + 25mg,Comprimidos,Embalagem contendo  blisters Alu/Alu de 3 comprimidos
"SHANI, LIMITADA",IBUSHA-400,Ibuprofeno,400mg,Comprimido revestido,Embalagem contendo blisters de 10x10 comprimidos
"AFRO REMEDIES, LDA",AFGELEN SUSPENSÃO,Hidróxido de alumínio + Hidróxido de Magnésio + Simeticona,(250mg + 250mg + 50mg)/5mL,Suspensão Oral,Frasco de 200mL
"AFRO REMEDIES, LDA",PREDNERO-MP INJECTION,Metilprednisolona succinato de sódio,40mg,Pó para Injecção,Frasco de 10mL
MEDIMPORT LDA,IB-U-RON® GEL MENTOL ROLL-ON,Ibuprofeno,50mg/g,Gel,Frasco com 30g ou 60g de gel
"ORBIS PHARMA, LDA",IVOLAN 5mg,"Ivabradine, oxalato",5mg,Comprimidos revestidos por película,Embalagem contendo blisters de folhas de Alumínio/PVC de 56 Comprimidos revestidos por película
"MOZ PHARMA, LDA",ROXAZIN®,Rosuvastatina,5mg,Comprimidos revestidos por película,Embalagem contendo blister de 56 Comprimidos revestidos por película
"MOZ PHARMA, LDA",ROXAZIN®,Rosuvastatina,10mg,Comprimidos revestidos por película,Embalagem contendo blister de 56 Comprimidos revestidos por película
"MOZ PHARMA, LDA",ROXAZIN®,Rosuvastatina,20mg,Comprimidos revestidos por película,Embalagem contendo blister de 28 Comprimidos revestidos por película
"AFRI FARMÁCIA, LDA",RELIFERON®,Interferon Alfa-2b recombinante,3.000.000 UI,Solução Injectável,"Frasco de 0.5mL, dose única"
"NEOPHARMA, LDA",BEDAQUILINE TABLETS 100mg,Bedaquilina,100mg,Comprimidos,"Frasco de 24 e 188 comprimidos, Blisters Alu-Alu de 8x12, 4x14, 11x12 comprimidos, tiras de alumínio de 10x10 e 4x14 comprimidos, blisters PVC/PVDC de 10x10 e 4x14 comprimidos"
"TECCARE, LDA",IBUMAS,Ibuprofeno,100mg/5mL,Suspensão Oral,Frasco de 100mL
"MARIA ELISA PHARMACEUTICALS, LDA",SINUS P,"Oximetazolina, cloridrato",0.25mg/mL,Spray nasal solução,Frasco de 10mL
"MARIA ELISA PHARMACEUTICALS, LDA",FUROSEMID,Furosemida,20mg/2mL,Solução para injecção,Embalagem contendo 10 ampolas de 2mL
"MARIA ELISA PHARMACEUTICALS, LDA",NAFAZOLINE,"Nafazolina, nitrato",0.1% (1mg/mL),Spray nasal solução,Frasco de 10mL
"MARIA ELISA PHARMACEUTICALS, LDA",SINUS A,"Oximetazolina, cloridrato",0.5mg/mL,Spray nasal solução,Frasco de 10mL
"MARIA ELISA PHARMACEUTICALS, LDA",FLUGO,"Paracetamol + Pseudoefedrina, cloridrato + Clorfeniramina, maleato",251mg + 61.2mg + 2.54mg,Comprimidos revestidos por película,Embalagem de 10 comprimidos revestidos por película
"MDS - Medicamentos e Diagnósticos na Saúde, SA","TANSULOSINA GENERIS®0,4mg",Tansulosina,0.4mg,Comprimidos de libertação prolongada,Embalagem contendo blister de 30 comprimidos
"MDS - Medicamentos e Diagnósticos na Saúde, SA",AMOXICILINA GENERIS® 500mg,Amoxicilina,500mg,Comprimidos revestidos por película,Embalagem contendo blister de PVC/PE/PVDC-ALU de 16 Comprimidos
"MDS - Medicamentos e Diagnósticos na Saúde, SA",AMOXICILINA GENERIS® 1000mg,Amoxicilina,1000mg,Comprimidos revestidos por película,Embalagem contendo blister de PVC/PE/PVDC-ALU de 16 Comprimidos
"MOZPHARMA, LDA",FLUBUST 200,Acetilcisteína,200mg,Comprimidos efervescentes,Tubo contendo 10 comprimidos efervescentes
"MOZPHARMA, LDA",FLUBUST 600,Acetilcisteína,600mg,Comprimidos efervescentes,Tubo contendo 10 comprimidos efervescentes
"MOZ PHARMA, LDA",CORVITE ORS,"Sais de rehidratação oral (Cloreto de sódio + Cloreto de potássio + Citrato de sódio + Glicose, anidra)","2,6mg + 1,5mg + 2,9mg + 13,5mg",Pó para solução oral,"Embalagem contendo 10, 30 ou 100 saquetas"
"EUROFARMA MOÇAMBIQUE, LDA",FIPRIMA®,Filgastrim,30UI/mL,Solução Injectável,"Embalagem contendo 1, 5 e 10 Frascos-Ampola de 1mL"
"WELLWORTH, LDA",SKISOM 40 CAPSULES,Esomeprazol magnésio tri-hidratado,40mg,Cápsulas,Embalagem com 2 blisters de 7 cápsulas (2x7)
"WELLWORTH, LDA",DOLBY TABLETS,Piroxicam,20mg,Comprimidos,Embalagem com 2 blisters de 10 cápsulas (2x10)
"CICOTI FARMACÊUTICA, LDA",DOLUTEGRAVIR,"Dolutegravir, sódico",50mg,Comprimidos,Embalagem contendo frasco HDPE de 30 comprimidos
"GENERICS & SPECIALITIES, LDA",BENZOL 5%,Peróxido de Benzoílo,0.05,Loção tópica,Bisnaga de 30mL
"GENERICS & SPECIALITIES, LDA",PROGEN SG 200,Progesterona,200mg,Cápsula de gelatina mole,Embalagem contendo blister transparente PVC-Alu de 3x10 cápsulas
"GENERICS & SPECIALITIES, LDA",GXACIN,"Gentamicina, sulfato",0.3 % p/v,Colírio,Frasco LDPE de 10mL
"GENERICS & SPECIALITIES, LDA",ICIP,Ciprofloxacina,0.3% p/v,Solução oftálmica/ Auricular,Frasco LDPE de 5mL
"ORBIS PHARMA, LDA",GESTANOR,Levonorgestrel,1.5mg,Comprimido,Blister de 1 comprimidos
"MARIA ELISA PHARMACEUTICALS, LDA",METFORMINA,"Metformina, cloridrato",850mg,Comprimidos revestidos por pelicula,Embalagem contendo 60 comprimidos
"MARIA ELISA PHARMACEUTICALS, LDA",MEZYL,Benzoato de Metronidazol,125mg/5mL,Suspensao oral,Embalagem contendo frasco de 120mL
"MARIA ELISA PHARMACEUTICALS, LDA",TRAMADOL,Cloridrato de Tramadol,100mg/2mL,Suspensão injectável,Embalagem contendo 10 ampolas
"MDS - Medicamentos e Diagnósticos na Saúde, SA",CETIRIZINA GENERIS,"Cetirizina, dicloridrato",#REF!,Solução oral,frasco de 150ml
"GENERA, LDA",RIVAROXABANO GERMED,Rivaroxabano,15mg,Comprimidos revestidos por película,Embalagem contendo 42 comprimidos
"GENERA, LDA",RIVAROXABANO GERMED,Rivaroxabano,20mg,Comprimidos revestidos por película,Embalagem contendo 28 comprimidos
"MOZ PHARMA, LDA",SULFATO DE MAGNESIO BASI,Sulfato de magnesio,500 mg/ml,Solucao injectvel ou para perfusao,Embalagem contendo 10 ampolas de 10 ml
"MOZ PHARMA, LDA",SULFATO DE MAGNESIO BASI,Sulfato de magnesio,200mg/ml,Solucao injectvel ou para perfusao,Embalagem contendo 10 ampolas de 10 ml
"MOZ PHARMA, LDA",LAXOLEN,Citrato de sodio + Laurilacetato de sodio,450/5 + 45/5 mg/ml,Solucao rectal,"Embalagem contendo 1, 4,6 e 12 bisnagas de 5 ml"
"MOZ PHARMA, LDA",LAXOLEN,Citrato de sodio + Laurilacetato de sodio,270/3 + 27/3 mg/ml,Solucao rectal,"Embalagem contendo 1, 4,6 e 12 bisnagas de 3 ml"
"MOZ PHARMA, LDA",ALPRAZOLAM BASI,Alprazolam,0.25mg,Comprimidos,"Embalagem contendo Blister com 20, 40 e 60 comprimidos"
"MOZ PHARMA, LDA",DIMIDON,Ibuprofeno,600mg,Comprimidos,Embalagem contendo Blister com 20 comprimidos
"MOZ PHARMA, LDA",ALPRAZOLAM BASI,Alprazolam,1mg,Comprimidos,"Embalagem contendo Blister com 20, 40 e 60 comprimidos"
"MOZ PHARMA, LDA",ALPRAZOLAM BASI,Alprazolam,0.5mg,Comprimidos,"Embalagem contendo Blister com 20, 40 e 60 comprimidos"
"MDS - Medicamentos e Diagnósticos na Saúde, SA",VABYSMO,Faricimab,120mg/mL,Solução injectável,Frasco para injectaveis - 1 unidade de 0.24mL
"MARIA ELISA PHARMACEUTICALS, LDA",PROVILDA,Vildagliptina,50mg,Comprimidos,Caixas cartonadas com 30 comprimidos
"MARIA ELISA PHARMACEUTICALS, LDA",FUSIDIN,Ácido fusídico,20mg/g,Pomada,Caixa com um tubo de 30g
"MARIA ELISA PHARMACEUTICALS, LDA",BRONAX,"Bromexina, cloridrato",4mg/5mL,Xarope,Caixa com frasco de vidro de 100mL
"MARIA ELISA PHARMACEUTICALS, LDA",SODERM LOTIO,"Betametasona, valerato",1mg/g,Emulsão,Caixa com um frasco plástico conta-gotas de 20 mL
"GENERICS & SPECIALITIES, LDA",BUPICAINE HEAVY,Bupivacaina cloridrato + dextrose,5+80mg,Solução incolor,Ampola de 4mL
"SHANI, LIMITADA",BETASHA - N,Betametasona dipropionato & Neomicina Sulfato,0.025%w/w + 0.5%w/w,Pomada,Tubo de 30g
"SHANI, LIMITADA",SHIBUDAL,Ibuprofeno + Paracetamol + Cafeina,200mg + 325mg + 40mg,Capsulas,Caixa com blister 10*2*10
"SHANI, LIMITADA",CLOVISHA,Aciclovir,1%w/w,Creme,Tubo de 15g
"HEDERA, LDA",GLIMEPIRIDA,Glimepirida,2mg,Comprimidos,Embalagem contendo blister de 30 comprimidos
"HEDERA, LDA",GLIMEPIRIDA,Glimepirida,4mg,Comprimidos,Embalagem contendo blister de 30 comprimidos
"MDS - Medicamentos e Diagnósticos na Saúde, SA",CEFIXIMA GENERIS,Cefixima,400mg,Comprimido revestido por pelicula,Blister com 8 comprimidos
"MDS - Medicamentos e Diagnósticos na Saúde, SA",CLARITROMICINA GENERIS,Claritromicina,500mg,Comprimido revestido por pelicula,Blister com 16 comprimidos
"MDS - Medicamentos e Diagnósticos na Saúde, SA",RUPATADINA GENERIS,Rupatadina,10mg,Comprimidos,Embalagem contendo 20 Comprimidos
"MDS - Medicamentos e Diagnósticos na Saúde, SA",RISPERIDONA GENERIS®,Risperidona,3mg,Comprimido revestido por película,Embalagem de 60 comprimidos
"MDS - Medicamentos e Diagnósticos na Saúde, SA",IRBESARTAN GENERIS,Irbesartan,150mg,Comprimidos revestidos por pelicula,
"MDS - Medicamentos e Diagnósticos na Saúde, SA",IRBESARTAN GENERIS,Irbesartan,300mg,Comprimidos revestidos por pelicula,
"MDS - Medicamentos e Diagnósticos na Saúde, SA",ACICLOVIR GENERIS,Aciclovir,200mg,Comprimidos,Embalagem contendo blister de 25 comprimidos
"MDS - Medicamentos e Diagnósticos na Saúde, SA",ACICLOVIR GENERIS,Aciclovir,800mg,Comprimidos,Embalagem contendo blister de 25 comprimidos
"MDS - Medicamentos e Diagnósticos na Saúde, SA",ÁCIDO ACETILSALICÍLICO AUROVITAS,Ácido acetilsalicílico,100mg,Comprimidos gastroresistentes,Embalagem contendo blister PVC-ALU de 30 comprimidos
"NEOPHARMA, LDA",RIFAMPICIN 150mg + ISONIAZID 75mg + PYRAZINAMIDE 400mg + ETHAMBUTOL HYDROCHLORIDE TABLETS USP,"Rifampicina + Isoniazida + Pirazinamida +  Etambutol, cloridrato",150mg + 75mg + 400mg + 275mg,Comprimido revestido por película,"Frasco HDPE contendo 15x6, 24x28, 24x14 Comprimidos"
"NEOPHARMA, LDA","RIFAMPICIN, ISONIAZID AND  + PYRAZINAMIDE",Rifampicina + Isoniazida + Pirazinamida,75mg + 50mg + 150mg,Comprimidos dispersíveis,"Embalagem contendo 1 tira de Alumínio de 6 comprimidos, 10 blisters Alu-Alu  de 6 Comprimidos; 3 tiras de Alumínio de 28 comprimidos"
"NEOPHARMA, LDA","DOLUTEGRAVIR, EMTRICITABINE AND TENOFOVIR ALAFENAMIDE TABLETS","Dolutegravir + Emtricitabina + Tenofovir, alfamide",50mg + 200mg + 25mg,Comprimidos revestidos por película,"Embalagem contendo frasco de 30, 60 e 90 comprimidos"
"MEDIMPORT, LDA",FYSUBAC,Ácido Fusídico,20mg,Creme,Bisnaga
"MEDIMPORT, LDA",BETA-HISTINA BLUEPHARMA,Beta-histina,16mg,Comprimidos,Embalagens de 16mg e embalagens de 24mg
"MEDIMPORT, LDA",BETA-HISTINA BLUEPHARMA,Beta-histina,24mg,Comprimidos,Embalagens de 16mg e embalagens de 24mg
"MEDIS FARMACÊUTICA, LDA",TADALAFIL AZEVEDOS,Tadalafil,5mg,Comprimidos revestidos por pelicula,Embalagem contendo blisters de 28 comprimidos
"MOZ PHARMA, LDA",AMOXICILINA + ÁCIDO CLAVULÂNICO BASI,Amoxicilina + Ácido Clavulânico,1000mg + 200mg,Pó para solução injectável ou para perfusão,Embalagem contendo 10 frascos de 20mL
"MOZ PHARMA, LDA",GENTAMICINA BASI,Gentamicina,40mg/mL,Solução injectável,Embalagem contendo 10 e 50 ampolas de 2mL
"MOZ PHARMA, LDA",NEURIUM,"Tiamina, cloridrato + Piridoxina, cloridrato + Cianocobalamina","(33,3mg + 33,3mg + 0,33mg)/ mL",Solução injectável,Embalagem contendo 6 ampolas de 3mL
"TMI HEALTHCARE, LDA",FOSFATO SÓDICO DE PREDNISOLONA,Fosfato sódico de prednisolona,3mg/mL,Solução Oral,Frasco de 60mL
"TMI HEALTHCARE, LDA",SULFAMETOXAZOL + TRIMETOPRIMA,Sulfametoxazol + Trimetoprim,40mg/mL + 8mg/mL,Suspensão Oral,Frasco de 100mL
"AFRI FARMÁCIA, LDA",SOBISIS,Bicarbonato de sódio,500mg,Comprimidos,Embalagem contendo 10 blisters de 10 comprimidos
"AFRI FARMÁCIA, LDA",SOBISIS FORTE,Bicarbonato de sódio,1000mg,Comprimidos,Embalagem contendo 10 blisters de 10 comprimidos
"MDS - Medicamentos e Diagnósticos na Saúde, SA",PHESGO,Pertuzumab + Trastuzumab,600mg/mL + 600mg/mL,Solução injectável,Frasco de 1 unidade
"TMI HEALTHCARE, LDA",DIPIRONA MONOIDRATADA,Dipirona monohidratada,1g,Comprimidos,Embalagem contendo blister PVC de 10 comprimidos
"TMI HEALTHCARE, LDA",RENAPRIL,"Enalapril, maleato",10mg,Comprimidos,Embalagem contendo blisters ALU-ALU de 30 comprimidos
"TMI HEALTHCARE, LDA",RENAPRIL,"Enalapril, maleato",20mg,Comprimidos,Embalagem contendo blisters ALU-ALU de 30 comprimidos
"MDS - Medicamentos e Diagnósticos na Saúde, SA",PHESGO,Pertuzumab + Trastuzumab,1200mg/mL + 600mg/mL,Solução injectável,Frasco de 1 unidade
"TMI HEALTHCARE, LDA",VERTIZAN®,"Flunarizina, dicloridrato",10mg,Comprimidos,Embalagem contendo 2 blisters de 25 comprimidos
"EUROFARMA MOCAMBIQUE, LDA",LIND,"Lisdexanfetamina, dimesilato",30mg,Cápsulas,Embalagem contendo blister de 30 Cápsulas
"EUROFARMA MOCAMBIQUE, LDA",LIND,"Lisdexanfetamina, dimesilato",50mg,Cápsulas,Embalagem contendo blister de 30 Cápsulas
"EUROFARMA MOCAMBIQUE, LDA",LIND,"Lisdexanfetamina, dimesilato",70mg,Cápsulas,Embalagem contendo blister de 30 Cápsulas
"EUROFARMA MOCAMBIQUE, LDA",DORE,Etodolaco,500mg,Comprimido revestido,"Embalagem com 4, 5, 7, 14 e 28 Comprimidos revestidos"
"ACE HEALTH CARE, LDA",ACERIDE,"Amilorido, cloridrato",5mg,Comprimidos,10 blister de 10 comprimidos
"MOTLEY HEALTHCARE, LDA",MOD'S NYSTATIN,Nistatina,100 000 UI/mL,Suspensão oral,Frasco de 30mL
"GENERICS & SPECIALITIES, LDA",NYSTAGEN S,Nistatina,100.000UI/mL,Suspensão oral,Embalagem contendo frasco de 30mL
"SHANI, LIMITADA",DERMACOL,"Betametasona, dipropionato + Gentamicina + Tolnaftato + Iodoclorohidroxiquinolona","0,643%w/w + 1.0% w/w + 10.0% w/w + 10 % w/w",Creme,Embalagem contendo bisnaga de 30g
"SHANI, LIMITADA",NORFIX,"Econazol, nitrato + Triancinolona, acetonida + Gentamicina","10% w/w + 1,0% w/w + 1,0% w/w",Creme,Embalagem contendo tubo de 30g
"GENERICS & SPECIALITIES, LDA",SPASGEN I,"Hioscina, butilbrometo",20mg/mL,Solução Injectável,10x10x1 mL
"AFRO REMEDIES, LDA",NALIDFRO 500,Ácido Nalidíxico,500mg,Comprimidos,Embalagem contendo 10 blisters de 10 comprimidos
"WELLWORTH, LDA",ADAM 20,Prednisolona,20mg,Comprimidos,Embalagem contendo 5x10 comprimidos
"BPHARMA, LDA",TEVICAR 200 SR,Carbamazepina,200mg,Comprimidos,Embalagem de 3x10 Comprimidos
"BPHARMA, LDA",TEVICAR 200,Carbamazepina,200mg,Comprimidos,Embalagem de 10x10 Comprimidos
"SHANI, LIMITADA",SHANIGLY,Metronidazol,125mg/5mL,Suspensão Oral,Frasco de 100mL
"GENERICS & SPECIALITIES, LDA",LACTULOSE SOLUÇÃO USP,Lactulose,10g/15mL,Solução,Frasco de 200mL
"SHANI, LIMITADA",CANDEX®SUSPENSÃO,Nistatina,100.000 UI/mL,Suspensão Oral,Frasco de 12mL
"SHANI, LIMITADA",PARA- RÁPIDO,Paracetamol,500mg,Comprimidos,Embalagem contendo blisters de 10x10 comprimidos
"MARIA ELISA PHARMACEUTICALS, LDA",TRAXAL,Ácido tranexámico,50mg/mL,Solução injectável,Embalagem contendo 10 ampolas  de 5mL
"SHANI, LIMITADA",DICLOSHA,Diclofenac sódico,50mg,Comprimidos,Embalagem contendo 10 blisters de 10 comprimidos
"SHANI, LIMITADA",COTRISHA®,Sulfametoxazol + Trimetropim,240mg/5mL (200mg/5mL + 40mg/5mL),Suspensão oral,Frasco de 10mL embalado em uma caixa
"SHANI, LIMITADA",SALBUMOL PLUS SYRUP,"Salbutamol, sulfato + Bromexina, cloridrato + Guaifenasina +  Levomentol",2mg/5mL + 4mg/5mL + 100mg/5mL + 1mg/5mL,Xarope,Frasco de 100 mL
"SHANI, LIMITADA",METCOR SYRUP,Metoclopramida,5mg/5mg,Xarope,Frasco de 100 mL
"GENERICS & SPECIALITIES, LDA",XILONE PEDIÁTRICO,"Xilometazolina, cloridrato",0.05% p/v,Solução nasal,Frasco plástico de 10mL
"GENERICS & SPECIALITIES, LDA",ABLADO,Abacavir + Dolutegravir + Lamivudina,600mg + 50mg + 300mg,Comprimidos,Frasco Plastico de 30 e 90 comprimidos
"SHANI, LIMITADA",BROX-SHA,"Bromexina, cloridrato",4mg/5mL,Xarope,Frasco de 100mL
"AFRO REMEDIES, LDA",AFOM 40,Omeprazol sódico,40mg,Pó liofilizado para solução para injectável,Embalagem contendo ampola de 10mL
"AFRO REMEDIES, LDA",KANAFRO,"Canamicina, sulfato",20g,Pó para solução injectável,Embalagem contendo ampola de 20mL
"MOZ PHARMA, LDA",IMPLANON NXT®,Etonogestrel,68mg,Implante para via subcutânea,Embalagem com uma saqueta
TATA DE MOÇAMBIQUE,STREY DS-250,"Eritromicina, Estearato",250mg/5ml,Pó para Suspensão Oral,Frasco de vidro âmbar de 100ml
"GENERICS & SPECIALITIES, Lda",ERYPRO SAFE - 10000,Eritropoetina Humana Recombinante alfa,10000 UI,soluçâo injectável,seringa de 1ml
"MEDIS FARMACÊUTICA, LDA",OMNACORTIL 20,prednisolona,20mg,comprimido dispersivel,cada embalagem contem 100 comprimidos (10 blisters x 10 comprimidos) e um folheto informativo
"MEDIS FARMACÊUTICA, LDA",ESCITALOPRAM AZEVEDOS,Escitalopram,10mg,Comprimidos revestidos,Blisters 10x6 comprimidos
"MEDIS FARMACÊUTICA, LDA",ESCITALOPRAM AZEVEDOS,Escitalopram,20mg,Comprimidos revestidos,Blisters 10x6 comprimidos
"MEDIS FARMACÊUTICA, LDA",MENTOCAINA SPRAY,Flurbiprofeno,"17,16mg/mL",Solução para pulverização bucal,frasco HDPE de 15mL
"MEDIS FARMACÊUTICA, LDA",SEVCAR 400,Sevelamero carbonico,400mg,Comprimido,Embalagem contendo 5 blisters de 10 comprimidos
"MEDIS FARMACÊUTICA, LDA",SEVCAR 800,Sevelamero carbonico,800mg,Comprimido,Embalagem contendo 5 blisters de 10 comprimidos
"GS GRUPO SURO, LDA",LEUPRODICE,"Leuprolida, acetato",3.75mg,Injectável,Frasco-ampola de 2mL
"ACE HEALTH CARE, LDA",ACERIDE,"Amilorido, cloridrato",5mg,Comprimidos,10 blister de 10 comprimidos
"ACE HEALTH CARE, LDA",PARACETAMOL SOLUÇÃO PARA INFUSÃO INTRAVENOSA,Paracetamol,1g,Solução injectável,Frasco de 100mL
"AFRI FARMÁCIA, LDA",KOMETRO 200,Metronidazol,200mg,Comprimidos,Embalagem contendo 10 blisters de 10 comprimidos
"AFRI FARMÁCIA, LDA",ATOP,Atovaquone + Cloridrato de Proguanil,250mg + 100mg,Comprimidos,Embalagem contendo 10 blisters de 10 comprimidos
"AFRI FARMÁCIA, LDA",KOZAC,Fluoxetina,20mg,Capsulas,Embalagem contendo 10 blisters de 10 comprimidos
"AFRI FARMÁCIA, LDA",DECAVIT SYRUP,Citrato de Amonio Ferrico + Sulfato de Zinco + Cloridrato de Piridoxina + Acido Folico + Cianocobalamina (Vitamina B12),200mg + 2.33mg + 0.5mg + 1.5mg + 50mg,Xarope,Embalagem contendo 200mL
"AFRI FARMÁCIA, LDA",MEBENDAZOL COMPRIMIDOS USP 500mg,Mebendazol,500mg,Comprimidos,Embalagem de 100 comprimidos
"AFRI FARMÁCIA, LDA",BECLOMETASONE AQUEOUS NASAL SPRAY BP 50mcg,"Beclometasona, dipropionato",50mcg,Spray nasal,Embalagem contendo frasco de 15mL de 200 doses
"AFRI FARMÁCIA, LDA",G-COSPE,Sulfadoxina + pirimetamina,250mg + 12.5mg,Comprimidos dispersíveis,1 blister de x3 comprimidos 10 blister de x3 comprimidos 50 blister de x3 comprimidos 100 blister de x3 comprimidos 100 embalados num frasco HDPE 1000 embalados num frasco HDPE
"AFRI FARMÁCIA, LDA",G-COSPE,Sulfadoxina + pirimetamina,500mg + 25mg,Comprimidos dispersíveis,1 blister de x3 comprimidos 10 blister de x3 comprimidos 50 blister de x3 comprimidos 100 blister de x3 comprimidos 100 embalados num frasco HDPE 1000 embalados num frasco HDPE
"AFRI FARMÁCIA, LDA",ARGESUN®,Artesunato,60mg,Injectável,Frasco de 5mL
"AFRI FARMÁCIA, LDA",CIRALERG,Clorfeniramina,2mg/5mL,Solução oral,Caixa  contendo uma garafa PET ambar de 100mL
"AFRI FARMÁCIA, LDA",KOFLYN RASPBERRY SYRUP,"Clorfeniramina, maleato + Cloreto de amónio + Citrato de Sódio + Mentol","2,20 + 110 + 40 + 1,1/ 5mL",Xarope,Frascco de 100mL
"AFRI FARMÁCIA, LDA",ANMOL,Paracetamol,120mg/5mL,Suspensão oral,Garafa plástica de 100mL
"AFRI FARMÁCIA, LDA",PREGABALINA 75mg Cápsulas,Pregabalina,75mg,Cápsula,Embalagem contendo blister de 56x1 Cápsulas
"AFRO REMEDIES, LDA",CLOTAFRO,Clotrimazol,1%w/w,Creme,Embalagem contendo 30g
"AFRO REMEDIES, LDA",AFROMETHA,Dexametasona fosfato Sódico,"0,1% w/w",Colírio,Frasco de 10mL
"AFRO REMEDIES, LDA",AFROVODA,Carboximetilcelulose de sódio,"0,5% w/w",Colírio,Frasco de 10mL
"AFRO REMEDIES, LDA",AFROTIM®,Timolol,"0,5% p/v",Solução oftálmica,Embalagem contendo 1 frasco de 10mL
"AFRO REMEDIES, LDA",AFROXICA-20,Piroxicam,20mg,Cápsulas,Embalagem contendo blisters PVC/Alu de 10x10 Cápsulas
"AFRO REMEDIES, LDA",AFROSAL 4,Salbutamol,4mg,Comprimidos,Embalagem contendo 10 blisters de 10 comprimidos
"AFRO REMEDIES, LDA",AFNICOL 250,Cloranfenicol,250mg,Comprimido revestido por película,Embalagem contendo blister de 10x10 Comprimidos
"ARTEMIS PHARMACEUTICAL, LDA",ARTE-NYSTATIN-V,Nistatina,100000UI,Comprimido vaginal,Caixa com tira de aluminio de 1x14 comprimidos
"ARTEMIS PHARMACEUTICAL, LDA",ARTE-CORTISONA,Acetato de Hidrocortizona,1%,Creme,Caixa com tubo laminado de 15g
"BPHARMA, LDA",CIPRAL 500,Ciprofloxacina,500mg,Comprimido revestido por película,Caixa de 10x10 Comprimidos revestidos
"CICOTI FARMACÊUTICA, LDA",DOLUTEGRAVIR + LAMIVUDINA +  TENOFOVIR DISOPROXIL  FUMARATO,Dolutegravir + Lamivudina + Tenofovir,50mg + 300mg + 300mg,Comprimido,Embalados em um frasco HDPE de 30 comprimidos
"EUROFARMA MOCAMBIQUE, LDA",VILAXY,"Valaciclovir, cloridrato",500mg,Comprimidos revestidos,"Embalagem de 6, 10 e 42 comprimidos revestidos"
"EUROFARMA MOCAMBIQUE, LDA",TERZA®,Cefdinir,125mg/5mL,Pó para suspensão oral,Embalagem contendo frasco de 100mL
"EUROFARMA MOCAMBIQUE, LDA",TERZA®,Cefdinir,250mg/5mL,Pó para suspensão oral,Embalagem contendo frasco de 100mL
"EUROFARMA MOCAMBIQUE, LDA",MINILAX®,Laurilsulfato de sódio + Sorbitol,"7,70mg/g + 714,285mg/g",Solução rectal,"Embalagem contendo 5, 7, 10, 25 bisnagas de 6,5g"
"EUROFARMA MOCAMBIQUE, LDA",MINILAX®PEDIÁTRICO,Laurilsulfato de sódio + Sorbitol,"7,70mg/g + 714,285mg/g",Solução rectal,"Embalagem contendo 5, 7, 10, 25 bisnagas de 6,5g"
"EUROFARMA MOCAMBIQUE, LDA",DOMPERIX®,Domperidona,1mg/mL,Suspensão oral,Embalagem contendo 1 frasco de 100mL + 1 seringa doseadora
"EUROFARMA MOÇAMBIQUE, LDA",PAXIBE,Parecoxibe sódico,40mg,Pó liofilizado para solução Injectável,"Embalagem contendo 1, 5, 10 e 30 frascos-ampola"
FARMA HOLDINGS SA,METRONIDAZOLE,Metronidazol,250mg,Comprimido,Embalagem contendo frasco HDPE de 1000 comprimidos
FARMA HOLDINGS SA,PYRIDOXINE,"Piridoxina, cloridrato",50mg,Comprimido nao revestido,Embalagem contendo frasco de 1000 comprimidos
FARMA HOLDINGS SA,KAVIDEZA,Abacavir + Dolutegravir + Lamivudina,600mg + 50mg  + 300 mg,Comprimido revestido por película,Embalagem contendo frasco com 30 Comprimidos
"FARMA HOLDINGS, SA",AZITHROMYCIN TABLETS USP 500MG,Azitromicina,500mg,Comprimidos revestidos por película,Blister de 3 comprimidos; Frasco HDPE contendo 500 e 1000 comprimidos
"FARMA HOLDINGS, SA",EMARDEBA,"Bedaquilina, fumarato",100mg,Comprimidos,"Embalagem contendo blister de 10x10 Comprimidos e embalagem de 4x6 Comprimidos, frasco de 188 comprimidos"
"FARMA HOLDINGS, SA",SITAZUCA MH,Sitagliptina fosfato +  Metformina cloridrato,50mg + 1000mg,Comprimidos revestidos por película,Embalagem contendo 3 blisters de 10 comprimidos
"FARMA HOLDINGS, SA",SITAZUCA MH,Sitagliptina fosfato +  Metformina cloridrato,50mg + 500mg,Comprimidos revestidos por película,Embalagem contendo 3 blisters de 10 comprimidos
"FARMA HOLDINGS, SA",SITAZUCA MH,Sitagliptina fosfato +  Metformina cloridrato,50mg + 850mg,Comprimidos revestidos por película,Embalagem contendo 3 blisters de 10 comprimidos
"FARMA HOLDINGS, SA",DEMTIBI,Delamanida,50mg,Comprimidos revestidos por película,Embalagem contendo 6 blisters de alumínio (ALU-ALU) de 8 comprimidos
"FARMACEUTICA AUSTRAL, LDA",STOMACINE®,Omeprazol,20mg,Cápsula,Blister Alu-Alu de 60 Cápsulas
"FARMACEUTICA AUSTRAL, LDA",FLOXQI®,Ciprofloxacina,500mg,Comprimido não revestido,Blister de ALU-ALU de 16 comprimidos
"FARMACÊUTICA AUSTRAL, LDA",VITA C QI®,Vitamina C (Ácido Ascórbico),100mg,Solução Oral (Xarope),Embalagem contendo 1 frasco de 100mL
"FARMANATURAL, SA",HEBERPROT-P®,Factor de crescimento epidérmico recombinante Humano (hrEGF),75mcg,Injectável intralesional,Ampola de vidro 1*6 frascos
"GENERICS & SPECIALITIES, LDA",FLUCOGEN-S,Fluconazol,50mg/5mL,Suspensão oral,Frasco de 60mL
"GENERICS & SPECIALITIES, LDA",AXTRIAXONE,"Ceftriaxona, sódica",1000mg,Pó para Injecção,Embalagem contendo 1 frasco de vidro transparente com 1000mg de pó
"GENERICS & SPECIALITIES, LDA",MEDZOL 3,Midazolam,5mg/mL,Solução Injectável,Embalagem contendo 5 ampolas de 3mL
"GENERICS & SPECIALITIES, LDA",DOBATAF-EM,Emtricitabina + Tenofovir alafenamida,200mg + 25mg,Comprimidos,Apresentado em Francos plasticos de 30 e 90 comprimidos
GS GRUPO SURO LDA,PROGYNANCE,Caproato de Hidroxiprogesterona,500mg,Injectável,Caixa contendo 3 ampolas de vidro de 2mL
"LUA COMÉRCIO, LDA",PENIMOX 500,Fenoximetilpenicilina,500mg,Comprimidos,Blister de Alu/PVC 10x10 Comprimidos
"MARHABA, LDA",VEREGRA,"Sildenafil, citrato",100mg,Comprimidos,Embalagem contendo blister ALU/PVC 1X4
"MARHABA, LDA",TESTOSUN,Enantato de Testosterona,250mg/mL,Injectável,Embalagem com ampolas de vidro transparente de 1mlx5
"MARHABA, LDA",OMESUN,Omeprazol sodico,40mg,Pó cristalino,Frasco de vidro de cor ambar
"MARHABA, LDA",PREDNISUN,Acetato de Prednisolona,1% w/v,Suspensão,Frasco conta-gotas de 5ml embalado em uma caixa monocartonada
"MARHABA, LDA",CIPROSUN,Ciprofloxacina,0.3%w/v,Colirio,Frasco de 5mL
"MARHABA, LDA",CIPROTAS,Ciprofloxacina,500mg,Comprimidos,Embalagem com blister ALU/ALU 1X10 Comprimidos
"MARIA ELISA PHARMACEUTICALS, LDA",BABY CREAM,Vitamina A + Colecalciferol + Vitamina E + Óxido de Zinco,(4000 UI + 2000 UI + 2mg + 50mg)/g,Creme,Frasco de 50mL
"MARIA ELISA PHARMACEUTICALS, LDA",PROCOR,"Bisoprolol, fumarato",5mg,Comprimidos revestidos por pelicula,Caixa de 30 comprimidos revestidos por película
"MARIA ELISA PHARMACEUTICALS, LDA",PROCOR,"Bisoprolol, fumarato",10mg,Comprimidos revestidos por pelicula,Caixa de 30 comprimidos revestidos por película
"MARIA ELISA PHARMACEUTICALS, LDA",PROVILDA PLUS,"Vidagliptina, cloridrato + Metformina",50mg + 500mg,Comprimidos revestidos por película,Caixa cartonada com 30 comprimidos apresentados em Blisters de 10 comprimidos
"MARIA ELISA PHARMACEUTICALS, LDA",PROVILDA PLUS,"Vidagliptina, cloridrato + Metformina",50mg + 850mg,Comprimidos revestidos por película,Caixa cartonada com 30 comprimidos apresentados em Blisters de 10 comprimidos
"MARIA ELISA PHARMACEUTICALS, LDA",CUTASON,Prednisona,5mg,Comprimidos,Caixa com 20 e 30 Comprimidos em blisters de 10comprimidos
"MARIA ELISA PHARMACEUTICALS, LDA",FLEXAL,"Fluoxetina, cloridrato",20mg,Cápsulas,Caixa cartonada com 10 cápsulas
"MARIA ELISA PHARMACEUTICALS, LDA",FASDOL,Ibuprofeno,600mg,Comprimidos revestidos por pelicula,Embalagem contendo blister de 10 e 20 comprimidos
"MARIA ELISA PHARMACEUTICALS, LDA",FASDOL,Ibuprofeno,400mg,Comprimidos revestidos por pelicula,Embalagem contendo blister de 10 e 20 comprimidos
"MARIA ELISA PHARMACEUTICALS, LDA",TETRACIKLINE,Cloridrato de Tetraciclina,30mg/g,Pomada,Caixa com tubo de 15g
"MARIA ELISA PHARMACEUTICALS, LDA",KARISON,Propionato de Clobetasol,0.5mg,Creme,Caixa com tubo de 30g
"MARIA ELISA PHARMACEUTICALS, LDA",KIDAMOL,Paracetamol,250mg,Supositorios,Embalagem contendo blisters de 10 Supositórios
"MARIA ELISA PHARMACEUTICALS, LDA",PROSTACURE,"Tansulosina, cloridrato","0,4mg",Cápsulas duras de liberação prolongada,Embalagem contendo blisters de 20 e 30 Cápsulas
"MARIA ELISA PHARMACEUTICALS, LDA",VITAMINA B1,Cloridrato de tiamina,50mg/mL,Solução injectável,Caixa de papelao x 10 ampolas
"MARIA ELISA PHARMACEUTICALS, LDA",VITAMINA B6,Cloridrato de piridoxina,100mg/2mL,Solução injectável,Caixa de papelao x 10 ampolas
"MDS, SA",CARBAMAZEPINA GENERIS®,Carbamazepina,200mg,Comprimidos,Embalagem de 60 comprimidos
"MDS, SA",CARBAMAZEPINA GENERIS®,Carbamazepina,400mg,Comprimidos,Embalagem de 60 comprimidos
"MEDIFARMA, LDA",EMCAR-200,Carbamazepina,200mg,Comprimidos,Embalagem contendo 10 blisters de 10 comprimidos
"MEDIMESH SOCIEDADE UNIPESSOAL, LDA",FORCE-D,"Sildenafil, citrato",100mg,Comprimidos,Blister de ALU-PVC de 1x4 Comprimidos
"MEDIMESH SOCIEDADE UNIPESSOAL, LDA",METRODOSS-50,Metronidazol,500mg,Comprimidos,1 Blister de Alu-PVC de 10  comprimidos
"MEDISERV PHARMA SU, LDA",NETAGRA 50,Sildenafil,50mg,Comprimidos,Embalagem contendo blister de 10x1x4 comprimidos
"MEDISERV PHARMA SU, LDA",NETAFEN 400,Ibuprofeno,400mg,Comprimido revestido,Embalagem contendo blister de 10x10 comprimidos
"MEDISERV PHARMA SU, LDA",D-FENACO,Diclofenac + Paracetamol,50mg + 500mg,Comprimidos,Embalagem contendo blister ALU/PVC de 10x10 comprimidos
MOTLEY HEALTHCARE LDA,AMPICAPS - 500,Ampicilina,500mg,Capsulas,Embalagem 10x10 capsulas
MOTLEY HEALTHCARE LDA,COLD CURE,"Nimesulida + Ambroxol, cloridrato + Cloridrato de Cetirizina + Cloridrato de fenilefrina",100mg + 60mg + 10mg + 5mg,Comprimidos,Embalagem contendo blister de 10 comprimidos
"MOZ PHARMA, LDA",SUPOFEN ER,Paracetamol,1000mg,Comprimidos de libertação prolongada,Ebalagem contendo blister de ALU  ̶  PVC de 10 comprimidos
"MOZ PHARMA, LDA",NOXAJEX 40,Enoxaparina sódica,40mg/0.4mL (100mg/mL),Solução injectável,Seringa pre enchida de 1mL
"MOZ PHARMA, LDA",NOXAJEX 60,Enoxaparina sódica,60mg/0.6mL (100mg/mL),Solução injectável,Seringa pre enchida de 1mL
"MOZ PHARMA, LDA",NOXAJEX 80,Enoxaparina sódica,80mg/mL (100mg/mL),Solução injectável,Seringa pre enchida de 1mL
OMNI HEALTHCARE LIMITADA,IBUWIK,Ibuprofeno,200mg/5mL,Suspensão,Frasco de 100mL
OMNI HEALTHCARE LIMITADA,WIKCOLD,"Paracetamol + Cafeína + Fenilefrina, cloridrato + Clorfeniramina, maleato",500mg + 30mg + 5mg + 2mg,Comprimidos,Embalado em uma caixa com blister 1x4 comprimidos
OMNI HEALTHCARE LIMITADA,PARAWIK,Paracetamol,120mg/5mL,Xarope,Frasco de 100mL
OMNI HEALTHCARE LIMITADA,VITA FLEX,Vitamina A + Vitamina D3 + Vitamina B1 + VitaminaB2 + Vitamina C + Nicotinamida,1600mg + 100mg + 1mg + 1mg + 25mg + 15mg,Xarope,Frasco de 120mL
"OMNI HEALTHCARE, LDA",LOPERAMIDE HYDROCLORIDE CAPSULES,Loperamida,2mg,Cápsulas,Embalagem contendo 10 blisters de 10 comprimosdos
"OMNI HEALTHCARE, LDA",SULFATO FERROSO 200mg,Sulfato ferroso,200mg,Comprimidos,Embalagem contendo blister de 10x10 comprimidos
"OMNI HEALTHCARE, LDA",BUTAWIK,"Salbutamol, sulfato",2mg,Solução oral,Frasco de 100mL
OMNI HEATHCARE,SILAGEL,"Sildenafil, citrato",100mg/5g,Gel oral,Embalagem contendo 7 sabores de 5g
ORBIS PHARMA LDA,ZALBEND,Albendazol,400mg,Comprimidos,Blister PVC/Alu
"PLANET PHARMACEUTICAL, LDA",AGYCIN,Azitromicina,40mg/mL,Pó para suspensão,Embalagem contendo 1 frasco HDPE
"PLANET PHARMACEUTICAL, LDA",VAGID® 100,Clotrimazol,100mg,Óvulo,Embalagem contendo 07 ovulos em um blister de PVC
"SHAHOMBE, SA",AMINOFILINA INJECTÁVEL,Aminofilina,250mg/10mL,Injectável,10 ampolas de 10mL
SHALINA HEALTHCARE MOCAMBIQUE LDA,AMIDOL SYRUP,Paracetamol,120mg/5mL,Xarope,Embalagem contendo frasco de 100mL
"SHANI, LIMITADA",HEMOMIN + (MULTIVITAMINAS & FERRO) XAROPE,"Citrato Férrico de Amónio + Cianocobalamina + Piridoxina, cloridrato + Ácido Fólico + Sulfato de Zinco","200mg + 15mcg + 0,5mg + 1,5mg + 2,33mg",Xarope,Frasco de 100mL
"SHANI, LIMITADA",ZOLMET,Metronidazol,200mg,Suspensão oral,Frasco de 100mL
"SHANI, LIMITADA",ASMARIL EXPECTORANT,"Guaifenesina + Bromexina, cloridrato + Levomentol + Terbutalina, sulfato",(50mg + 2mg + 0.5mg + 1.25mg)/ 5mL,Xarope,Frasco de 100mL
"SHANI, LIMITADA",DICLOFENAC GEL BP 1% W/W,Diclofenac sódico,1%w/w,Gel,Embalagem conteno 1 bisnaga
"SHANI, LIMITADA",METROSHA,Metronidazol,125mg/5mL,Suspensão oral,Embalagem contendo 1 frasco de 100mL
"SHANI, LIMITADA",KETOSHA CREME,Cetoconazol,1% w/w,Creme,Tubo laminado de 30g
"SHANI, LIMITADA",CIPROSHA,Ciprofloxacina,500mg,Comprimido revestido,Embalagem contendo blisters de 10x10 comprimidos
"SHANI, LIMITADA",BETASHA-S,Betametasona dipropionato + Acido Salicilico,0.05w/w + 3%w/w,Pomada,Tubo de 30g
"SHANI, LIMITADA",GRISEOSHA,Griseofluvina,500mg,Pomada,Tubo de 30g
"SHANI, LIMITADA",KETOSHA,Cetoconazol,200mg,Comprimidos,Embalagem com Blister de 10x10 Comprimidos
"SHANI, LIMITADA",ERECTA 100,"Sildenafil, citrato",100mg,Comprimido,embalados em uma caixa com blister 1x4
"SHANI, LIMITADA",FRUSHA,Furosemida,40mg,Comprimidos,Embalados em uma caixa comblister de 10x10 comprimidos
"SHANI, LIMITADA",ERECTA 50,"Sildenafil, citrato",50mg,Comprimido,Embalados em uma caixa com blister de 1x4 comprimidos
"SHANI, LIMITADA",MYCOCID MOUTH WASH,Clotrimazol,1%w/w,Colutório,Embalado em uma caixa com um frasco de vidro de 30mL
"SHANI, LIMITADA",GLUCOSHA,"Metformina, cloridrato",500mg,Comprimido,Embalado em uma caixa com blister de 10*10 comprimidos
"SHANI, LIMITADA",XL-90 COUGH,"Guaifenesina + Dextrometorfano + Clorfeniramina, maleato",100mg + 10mg + 2mg,Xarope,Frasco de 100mL
"SHANI, LIMITADA",NALISHA,Acido Nalidixico,300mg/5mL,Suspensão oral,Frasco de 100mL
"SHANI, LIMITADA",BUSCOSHA,"Hioscina, butilbrometo",10mg,Comprimidos,Embalagem contendo 10 blisters de 10 comprimidos
"SHANI, LIMITADA",TRIOSHA,"Tiamina (Vitamina B1) + Piridoxina, hidrocloreto (Vitamina B6) + Cianocobalamina (Vitamina B12)",50mg + 50mg + 250mcg,Comprimidos,Embalagem contendo 2 blisters de 50 comprimidos
"TMI - HEALTHCARE, LDA",GABAPENTINA CICLUM,Gabapentina,100mg,Cápsulas,Embalagem contendo blisters ALU-PVC de 60 Cápsulas
"TMI HEALTHCARE, LDA",BUTACID®,Fenilbutazona cálcica,200mg,Comprimidos revestidos,Embalagem contendo blisters ALU-ALU de 20 comprimidos revestidos
"TMI HEALTHCARE, LDA",ACICLOVIR,Aciclovir,50mg/g,Creme,Bisnaga de 10g
"WELLWORTH, LDA",DOLIUM,Domperidona,10mg,Comprimidos,Embalagem contendo Alu/PVC de 5x10 Comprimidos
"WELLWORTH, LDA",CIPROFLOXACIN OPHTHALMIC  SOLUTION,"Ciprofloxacina, cloridrato",0.30%,Solução oftálmica,Frasco branco LDPE de 5mL
ENTERPRISE SOLUTIONS LDA,"ALPRAZ-ES 0,5MG",Alprazolam,"0,5mg",Comprimidos,Embalagem contendo 10 blisters de 10 comprimidos
"ENTERPRISE SOLUTIONS, LDA",ALPRAZ-ES 1MG,Alprazolam,1mg,Comprimidos,Embalagem contendo 10 blisters de 10 comprimidos
"MEDIMESH SOCIEDADE UNIPESSOAL, LDA",IBUFENO-400,Ibuprofeno,400mg,Comprimido,Blister de Alu-PVC 10x10
"LUA COMÉRCIO, LDA",LUACLAV-312.5mg,Amoxicilina+Clavulanato de Potássio,250mg+62.50mg,Suspensão,Frasco de 100mL
"EVEREADY PHARMA, LDA",SUNSEVFLU,Sevoflurano,250mL,Líquido para Inalação,Embalagem contendo frasco de vidro âmbar de 250mL
"AFRI FARMÁCIA, LDA","ABACAVIR, DOLUTEGRAVIR E LAMIVUDINA",Abacavir + Dolutegravir + Lamivudina,60mg + 5mg + 30mg,Comprimido dispersível,"Frasco de 30, 90 e 180 comprimidos"
GS GRUPO SURO LDA,CLOMIFEX,Citrato de clomifeno,50mg,Comprimidos revestidos por pelicula,Caixa contendo blister de aluminio 1x10 comprimidos
"GENERICS & SPECIALITIES, LDA",GENPRIL - 10,Enalapril,10mg,Comprimidos,Embalagem de 3x10 comprimidos
"MARIA ELISA PHARMACEUTICALS, LDA",APROLIP,Atorvastatina cálcica,20mg,Comprimido revestido por película,Embalagem com 30 comprimidos (3 blisters de 10 comprimidos)
"GENERICS & SPECIALITIES, LDA",EVATOCIN,Oxitocina,10UI/mL,Injetável,Embalagem contendo  Ampola de vidro tipo I de 1 mL
"GENERICS & SPECIALITIES, LDA",EVATOCIN,Oxitocina,10UI/mL,Injetável,Embalagem contendo  Ampola de vidro tipo I de 1 mL
"GENERICS & SPECIALITIES, LDA",CABOO 15ml,Carboplatina,10mg/mL,Solução injectavel,Embalagem contendo frasco de 15ml
"GENERICS & SPECIALITIES, LDA",CABOO 45ml,Carboplatina,10mg/mL,Solução injectavel,Embalagem contendo frasco de 45ml
"FARMACÊUTICA AUSTRAL, LDA",TRAMADOL ORIGINPHARMA,Tramadol,100mg/2mL,Solução injectável,5 ampolas de 2ml
"ACE HEALTH CARE, LDA",APILTOX 2.5,Apixabano,2.5mg,Comprimidos,Embalagem contendo blister Alu-PVDC 2X14 Comprimidos
"ACE HEALTH CARE, LDA",APILTOX 5,Apixabano,5mg,Comprimidos,Embalagem contendo blister Alu-PVDC 2X14 Comprimidos
"MARIA ELISA PHARMACEUTICALS, LDA",LISIDIGAL,Lisinopril,20mg,Comprimidos,Caixa de papelao x 30 comprimidos
"ACE HEALTHCARE, LDA",EMPALIZ® 10,Empagliflozina,10mg,Comprimidos,Embalagem com blister de 2x10 comprimidos
"ACE HEALTHCARE, LDA",EMPALIZ ®25,Empagliflozina,25mg,Comprimidos,Embalagem com blister de 2x10 comprimidos
"MOZ PHARMA, LDA",CORVITE GRIPE SYRUP,"Dextrometorfano, hidrobromido + Clorfeniramina, maleato + Fenilefrina, cloridrato",10mg + 2mg + 5mg,Xarope,Frasco de 60mL
"MOZ PHARMA, LDA",CORVITE GRIPE TABLETS,"Paracetamol + Fenilefrina, cloridrato + Cafeína (anidra) + Clorfeniramina, maleato",500mg + 5mg + 30mg + 2mg,Comprimidos,Embalagem com tiras ALU ALU de 1x4 Comprimidos
"MARIA ELISA PHARMACEUTICALS, LDA",LISIDIGAL HCT,Lisinopril + Hidroclorotiazida,"10mg + 12,5mg",Comprimidos,Embalagem de 30 comprimidos
"GENERICS & SPECIALITIES, LDA",GENCAPRIL,Captopril,25mg,Comprimidos,Embalagem de 10x10 comprimidos
"GENERICS & SPECIALITIES, LDA",PANTOGEN,Pantoprazol,40mg,Pó liofilizado para infusão intravenosa,Embalagem de 1x1
"AFRO REMEDIES, LDA",BANZCAB,Benzoato de benzilo,25% w/v,Loção,Frasco de 100mL
TRUCARE UNIPESSOAL LIMITADA,LISINOCARD 5mg,Lisinopril,5mg,Comprimidos,Embalagem contendo blister de ALU-PVC de 6x10 comprimidos
"MARIA ELISA PHARMACEUTICALS, LDA",TEMAGIN PARACETAMOL PLUS,Paracetamol + Cafeína,350mg + 50mg,Comprimidos,Embalagem contendo blister PVC/PVDC de 20 comprimidos
"AFRI FARMÁCIA, LDA",UDIHEP FORTE TABLETS,Ácido ursodesoxicólico,300mg,Comprimidos,Embalagem contendo blister ALU-PVC de 5x10 comprimidos
"AFRI FARMÁCIA, LDA",UDIHEP TABLETS,Ácido ursodesoxicólico,150mg,Comprimidos,Embalagem contendo blister ALU-PVC de 5x10 comprimidos
"MARHABA, LDA",NYSTAVAN,Nistatina,100.000 UI/mL,Suspensão oral,Frasco de 30mL
"MARHABA, LDA",CEFEBA 1g,Cefepima,1g,Pó para injecção,Embalagem com frasco de 20mL + Água para preparações injectáveis 10mL
"OMNI HEALTHCARE, LDA",HISTAWIK,"Clorfeniramina, maleato",2mg,Xarope,Frasco de 100mL
"GENERICS & SPECIALITIES, LDA",TROYSETRON,Ondansetron,2mg/mL,Solução injctável,Frascos de 5x2 e 5x4mL
"MEDISERV PHARMA SU, LDA",OMNETA,Omeprazol,20mg,Cápsula de libertação retardada,Embalagem de 10x10 cápsulas
"NATUR PHARMA, LDA",ANGIPRESS® LP 30mg,Nifedipina,30mg,Comprimidos de libertação prolongada,Caixa de 30 comprimidos
"NATUR PHARMA, LDA",ANGIPRESS® LP 60mg,Nifedipina,60mg,Comprimidos de libertação prolongada,Caixa de 30 comprimidos
"WELLWORTH, LDA",ESORAL,Esomeprazol,20mg,Comprimido revestido,Embalagem de 3x2 Comprimidos
"GENERICS & SPECIALITIES, LDA",ORALGEN,Sais de rehidratação oral (Glicose (anidra) + Cloreto de sódio + Citrato de sódio + Cloreto de potássio,"13,5g/L + 2,6g/L + 2,9g/L + 1,5g/L",Pó seco,Embalagem de 25 saquetas de 21.5g
"ACE HEALTHCARE, LDA",DIAGLIZ®-M 5/850,"Dapagliflozina + Metformina, cloridrato",5mg + 850mg,Comprimido revestido por película,Embalagem de 4x7 Comprimidos
"ACE HEALTHCARE, LDA",DIAGLIZ®-M 5/1000,"Dapagliflozina + Metformina, cloridrato",5mg + 1000mg,Comprimido revestido por película,Embalagem de 4x7 Comprimidos
"PLANET PHARMACEUTICAL, LDA",GYNANFORT®,"Metronidazol + Neomicina, sulfato + Nistatina","500mg + 95, 588mg + 22,725mg",Óvulos vaginais,Embalagem contendo blister PVC-PE de 10 óvulos
"MEDIS FARMACÊUTICA, LDA",AERO-OM® ANTIDIARREICO RAPID,"Loperamida, cloridrato",2mg,Liofilizado oral,Embalagens contendo blisters PVC/Poliamida/ALU/PVC com película destacável de papel/PET/Folha de alumínio com 12 liofilizados orais
GS GRUPO SURO LDA,PROGYNANCE,Progesterona,200mg,Cápsulas de gelatina mole,Caixa contendo 2 blister de 8 cápsulas de gelatina mole
GS GRUPO SURO LDA,PROGYNANCE,Progesterona,400mg,Cápsulas de gelatina mole,Caixa contendo 2 blister de 8 cápsulas de gelatina mole
FARMACÊUTICA AUSTRAL,BGLAU DUO,"Brimonidina, tartarato + Timolol",2mg/mL + 5mg/mL,"Colírio, solução",Embalagem com 1 ou 3 frascos conta-gotas 5mL
"CICOTI FARMACÊUTICA, LDA",LAMIVUDINA/ ZIDOVUDINA TABLETS USP 150mg/300mg,Lamivudina e Zidovudina,150mg+300mg,Comprimidos,frasco contendo 60 comprimidos
"MEDIMPORT, LDA",DULOXETINA BLUEPHARMA,Duloxetina,30mg,Cápsulas gastrorresistentes,Embalagem de 30mg contem 28 cápsulas gastrorresistentes
"MEDIMPORT, LDA",INDAPAMIDA BLUEPHARMA,Indapamida,1.5mg,Comprimido de libertação prolongada,Embalagem de 28 comprimidos
"MEDIMPORT, LDA",PREGABALINA BLUEPHARMA,Pregabalina,25mg,Cápsula,Pregabalina 25 mg - Blister com 56 cápsulas
"EUROFARMA MOCAMBIQUE, LDA",RISS,Risperidona,3mg,Comprimidos revestidos,Embalagem contendo 30 comprimidos revestidos
"EUROFARMA MOCAMBIQUE, LDA",RISS,Risperidona,2mg,Comprimidos revestidos,Embalagem contendo 10  e 30 comprimidos revestidos
"EUROFARMA MOCAMBIQUE, LDA",RISS,Risperidona,1mg,Comprimidos revestidos,Embalagem contendo 10  e 30 comprimidos revestidos
"EUROFARMA MOCAMBIQUE, LDA",TRIAXIN IV,Ceftriaxona dissódica hemieptaidratada,1g,Pó para solução injectável,"Embalagem contendo 1,5,25,50 frasco-amplola de pó para solução injectável  e 50 frascos ampola s de pó  para soluç]ao injectavel+ 50 ampolas diluentes com 3,5ml"
"MEDIMPORT, LDA",ENALAPRIL +HIDROCLOROTIAZIDA BLUEPHARMA,Enalapril+Hidroclorotiazida,20mg+12.5mg,Comprimido,Embalagem de 20mg +12.5mg contendo 28 comprimidos Embalagem de 20mh+12.5 contendo 60 comprimidos Embalageem de 20 mg +12.5mg contendo 500 comprimidos
"MEDIMPORT, LDA",LEVOFLOXACINA BLUEPHARMA,Levofloxacina,500mg,Comprimidos revestidos,"Embalagem de 500mg contendo 7, 10 comprimidos"
MDS-MEDICAMENTOS E DIAGNÓSTICOS NA SAÚDE,OXITOCINA GENERIS,Oxitocina,10 U.I./1mL,Solução injectável,Embalagem contendo 10 de 1mL
"MEDIMPORT, LDA",PREGABALINA BLUEPHARMA,Pregabalina,50mg,Cápsula,Blister com 56 cápsulas
"MEDIMPORT, LDA",PREGABALINA BLUEPHARMA,Pregabalina,75mg,Cápsula,Blister com 56 cápsulas
"MEDIMPORT, LDA",PREGABALINA BLUEPHARMA,Pregabalina,100mg,Cápsula,Blister com 84 cápsulas
"MEDIMPORT, LDA",PREGABALINA BLUEPHARMA,Pregabalina,150mg,Cápsula,Blister com 56 cápsulas
"MEDIMPORT, LDA",DULOXETINA BLUEPHARMA,Duloxetina,60mg,Cápsulas gastrorresistentes,Embalagem de 28 cápsulas gastrorresistentes
GILEAD SCIENCES IRELAND UC,LENACAPAVIR GILEAD 464mg SOLUTION FOR INJECTION,Lenacapavir sódico,463.5mg/1.5mL,Solução injectável para via subcutânea,Embalagem contendo 2 frascos para injectáveis unidose + 2 agulhas de extração + 2 seringas + 2 agulhas para injecção
GILEAD SCIENCES IRELAND UC,LENACAPAVIR GILEAD 300mg FILM-COATED TABLET,Lenacapavir sódico,300mg,Comprimidos revestidos por película,Embalagem contendo 4 Comprimidos
"EUROFARMA MOCAMBIQUE, LDA",DAPAGLIFLOZINA,Dapagliflozina,10mg,Comprimidos revestidos,"Emabalgem contendo 7, 14 e 30 comprimidos revestidos"
"MEDIS FARMACÊUTICA, LDA",CARBOCISTEÍNA ADULTO,Carbocisteína,50mg/mL,Xarope,Embalagem contendo 1 frasco de 100mL + copo-medida
